documento_id,fecha,titulo,izquierda,derecha,forma_unida,forma_con_guion,accion,motivo,frecuencia_unida,frecuencia_con_guion,contexto
ff1a5923-81ec-4c98-8fc7-597652317f9f,2014-11-16,Una Iglesia consagrada al Dios viviente.,la,vamiento,lavamiento,la-vamiento,unir,forma_unida_atestiguada,15,0,"esia, y se entregó a sí mismo por ella, para santificarla, habiéndola purificado en el la- vamiento del agua por la palabra, a fin de presentársela a sí mismo, una iglesia glo- riosa, que"
ff1a5923-81ec-4c98-8fc7-597652317f9f,2014-11-16,Una Iglesia consagrada al Dios viviente.,glo,riosa,gloriosa,glo-riosa,unir,forma_unida_atestiguada,1653,0,"el la- vamiento del agua por la palabra, a fin de presentársela a sí mismo, una iglesia glo- riosa, que no tuviese mancha ni arruga ni cosa se- mejante, sino que fuese santa y sin mancha.”"
ff1a5923-81ec-4c98-8fc7-597652317f9f,2014-11-16,Una Iglesia consagrada al Dios viviente.,se,mejante,semejante,se-mejante,unir,forma_unida_atestiguada,1493,0,"presentársela a sí mismo, una iglesia glo- riosa, que no tuviese mancha ni arruga ni cosa se- mejante, sino que fuese santa y sin mancha.” Esa es una Iglesia consagrada al Dios viviente, l"
ff1a5923-81ec-4c98-8fc7-597652317f9f,2014-11-16,Una Iglesia consagrada al Dios viviente.,capí,tulo,capítulo,capí-tulo,unir,forma_unida_atestiguada,69422,0,"m Soto Santiago los creyentes en Cristo. Esta Iglesia está tipificada aquí en Cantares, capí- tulo 4, verso 7, donde dice: “Toda tú eres hermosa, amiga mía, Y en ti no hay mancha.” L"
ff1a5923-81ec-4c98-8fc7-597652317f9f,2014-11-16,Una Iglesia consagrada al Dios viviente.,santifi,cada,santificada,santifi-cada,unir,forma_unida_atestiguada,22,0,"s hermosa, amiga mía, Y en ti no hay mancha.” La Iglesia del Señor Jesucristo ha sido santifi- cada por la Palabra, lavada por la Sangre de Cris- to. Y así como cuando hay una mancha en una"
ff1a5923-81ec-4c98-8fc7-597652317f9f,2014-11-16,Una Iglesia consagrada al Dios viviente.,Cris,to,Cristo,Cris-to,conservar,forma_con_guion_atestiguada,278186,1,"glesia del Señor Jesucristo ha sido santifi- cada por la Palabra, lavada por la Sangre de Cris- to. Y así como cuando hay una mancha en una ropa, una camisa blanca (digamos), y se coloca"
ff1a5923-81ec-4c98-8fc7-597652317f9f,2014-11-16,Una Iglesia consagrada al Dios viviente.,pe,cado,pecado,pe-cado,unir,forma_unida_atestiguada,26574,0,"Cristo y el vino la Sangre de Cristo—, da testimonio que Cristo nos ha limpiado de todo pe- cado. Y en el lavatorio de pies, da testimonio que nos mantiene limpios en todo momento que f"
ff1a5923-81ec-4c98-8fc7-597652317f9f,2014-11-16,Una Iglesia consagrada al Dios viviente.,por,que,porque,por-que,unir,forma_unida_atestiguada,137979,0,"s delante de Dios y lo confesamos a Cristo. Por Su Sangre Cristo nos mantiene limpios, por- que Él está como Sumo Sacerdote en el Cielo, ha- ciendo intercesión con Su Sangre por todos l"
ff1a5923-81ec-4c98-8fc7-597652317f9f,2014-11-16,Una Iglesia consagrada al Dios viviente.,ha,ciendo,haciendo,ha-ciendo,unir,forma_unida_atestiguada,11470,0,"Su Sangre Cristo nos mantiene limpios, por- que Él está como Sumo Sacerdote en el Cielo, ha- ciendo intercesión con Su Sangre por todos lo que lo reciben como Salvador. Y también por los q"
ff1a5923-81ec-4c98-8fc7-597652317f9f,2014-11-16,Una Iglesia consagrada al Dios viviente.,pe,cado,pecado,pe-cado,unir,forma_unida_atestiguada,26574,0,"Una Iglesia consagrada al Dios viviente a Cristo, Cristo con Su Sangre los limpia de todo pe- cado, y así los mantiene limpios. Por eso cuando Cristo fue a lavar los pies de Pe- dro, Ped"
ff1a5923-81ec-4c98-8fc7-597652317f9f,2014-11-16,Una Iglesia consagrada al Dios viviente.,Pe,dro,Pedro,Pe-dro,unir,forma_unida_atestiguada,11360,0,"odo pe- cado, y así los mantiene limpios. Por eso cuando Cristo fue a lavar los pies de Pe- dro, Pedro le dice: “Jamás me lavarás los pies a mí.” Cristo le dice: “Si no te lavare, no t"
ff1a5923-81ec-4c98-8fc7-597652317f9f,2014-11-16,Una Iglesia consagrada al Dios viviente.,con,migo,conmigo,con-migo,unir,forma_unida_atestiguada,4540,0,"ce: “Jamás me lavarás los pies a mí.” Cristo le dice: “Si no te lavare, no tendrás parte con- migo.” Pedro le dice: “Entonces la cabeza también, todo.” Cristo le dice: “Los que están limp"
ff1a5923-81ec-4c98-8fc7-597652317f9f,2014-11-16,Una Iglesia consagrada al Dios viviente.,sola,mente,solamente,sola-mente,unir,forma_unida_atestiguada,18450,0,"edro le dice: “Entonces la cabeza también, todo.” Cristo le dice: “Los que están limpios sola- mente necesitan lavar sus pies.” [San Juan 13:1-16] En nuestro caminar terrenal, nuestra tra"
ff1a5923-81ec-4c98-8fc7-597652317f9f,2014-11-16,Una Iglesia consagrada al Dios viviente.,lim,pios,limpios,lim-pios,unir,forma_unida_atestiguada,997,0,"stro caminar terrenal, nuestra trayectoria terrenal, necesitamos que Cristo nos mantenga lim- pios con Su Sangre preciosa. La Iglesia del Señor Jesucristo es el pueblo del Nuevo Pacto;"
ff1a5923-81ec-4c98-8fc7-597652317f9f,2014-11-16,Una Iglesia consagrada al Dios viviente.,Mon,te,Monte,Mon-te,unir,forma_unida_atestiguada,11574,0,; Israel es el pueblo de Dios: la Iglesia del Dios del Pacto Antiguo dado por Dios en el Mon- te Sinaí. Encontramos que Israel es tipo y figura de la Iglesia del Señor Jesucristo que
ff1a5923-81ec-4c98-8fc7-597652317f9f,2014-11-16,Una Iglesia consagrada al Dios viviente.,He,breos,Hebreos,He-breos,conservar,forma_con_guion_atestiguada,10106,1,"36, y luego Pablo hablándonos nos dice: “Este es el Nuevo Pacto;” [Hebreos 8:6:13] y en He- breos, capítulo 13, versos 20 al 21, nos dice: “por la sangre del pacto eterno.” ¿Cuál es la S"
ff1a5923-81ec-4c98-8fc7-597652317f9f,2014-11-16,Una Iglesia consagrada al Dios viviente.,hi,jas,hijas,hi-jas,unir,forma_unida_atestiguada,9602,0,"ue produjera los frutos del Reino; y ha estado produciendo los frutos del Reino: hijos e hi- jas de Dios nacidos de nuevo por medio de recibir a Cristo, ser bautizados en agua en Su Nom"
ff1a5923-81ec-4c98-8fc7-597652317f9f,2014-11-16,Una Iglesia consagrada al Dios viviente.,te,nía,tenía,te-nía,unir,forma_unida_atestiguada,23486,0,"po moriría, antes de llegar a mil años. Y en el sentido espiritual, vean ustedes, Adán te- nía vida, vida eterna, podía continuar viviendo si no pecaba; lo único, que no estaba adopta"
ff1a5923-81ec-4c98-8fc7-597652317f9f,2014-11-16,Una Iglesia consagrada al Dios viviente.,actualmen,te,actualmente,actualmen-te,unir,forma_unida_atestiguada,645,0,"GINA 8 de 33] ===== 8 Dr. William Soto Santiago pasajera, que casi nadie pasa de 100 años actualmen- te. Antes, en los tiempos de Adán, de Set y de los de- más hombres de aquellos tiempos, ha"
ff1a5923-81ec-4c98-8fc7-597652317f9f,2014-11-16,Una Iglesia consagrada al Dios viviente.,de,más,demás,de-más,unir,forma_unida_atestiguada,9606,0,"si nadie pasa de 100 años actualmen- te. Antes, en los tiempos de Adán, de Set y de los de- más hombres de aquellos tiempos, hasta Noé, vivían más de 500 años; y a algunas personas les"
ff1a5923-81ec-4c98-8fc7-597652317f9f,2014-11-16,Una Iglesia consagrada al Dios viviente.,per,sona,persona,per-sona,unir,forma_unida_atestiguada,50049,0,"00 años, no está mal, pero lo mismo son 500 años o 15 o 20 años. Lo importante es que la per- sona haga contacto con la vida eterna, que es Cristo, recibiéndolo como Salvador; y ahí obtie"
ff1a5923-81ec-4c98-8fc7-597652317f9f,2014-11-16,Una Iglesia consagrada al Dios viviente.,obliga,ción,obligación,obliga-ción,unir,forma_unida_atestiguada,45,0,"nte, le dio libre albedrío. Al tener libre albedrío, el ser humano tenía el derecho y la obliga- ción de elegir entre el bien y el mal: entre mantener- se obedeciendo lo que Dios le dijo, obe"
ff1a5923-81ec-4c98-8fc7-597652317f9f,2014-11-16,Una Iglesia consagrada al Dios viviente.,mantener,se,mantenerse,mantener-se,unir,forma_unida_atestiguada,115,0,"el ser humano tenía el derecho y la obliga- ción de elegir entre el bien y el mal: entre mantener- se obedeciendo lo que Dios le dijo, obedeciendo Su ===== [PAGINA 9 de 33] ===== 9 Una Iglesi"
ff1a5923-81ec-4c98-8fc7-597652317f9f,2014-11-16,Una Iglesia consagrada al Dios viviente.,ven,drá,vendrá,ven-drá,unir,forma_unida_atestiguada,11477,0,"n Espíritu y son Vida” [San Juan 6:63] y “el que oye mi Palabra, tiene vida eterna; y no ven- drá a condenación, mas ha pasado de muerte a Vida,” dice Cristo [San Juan 5:24]. Pero el que"
ff1a5923-81ec-4c98-8fc7-597652317f9f,2014-11-16,Una Iglesia consagrada al Dios viviente.,Pala,bra,Palabra,Pala-bra,conservar,forma_con_guion_atestiguada,66810,11,"so es que en Deuteronomio Dios recomienda al ser humano (en el capítulo 8) que guarde Su Pala- bra; y también nos habla en otros lugares, como en Jeremías. Deuteronomio también nos dice q"
ff1a5923-81ec-4c98-8fc7-597652317f9f,2014-11-16,Una Iglesia consagrada al Dios viviente.,to,das,todas,to-das,unir,forma_unida_atestiguada,44182,0,"da, que es Cristo. Creyendo en Cristo con toda nuestra alma, con toda nuestra mente, con to- das nuestras fuerzas: estamos comiendo, por la fe, a Cristo. Recuerden, algunas personas c"
ff1a5923-81ec-4c98-8fc7-597652317f9f,2014-11-16,Una Iglesia consagrada al Dios viviente.,tam,bién,también,tam-bién,conservar,forma_con_guion_atestiguada,120070,1,"da Palabra que sale de la boca de Dios.” (San Mateo, capítulo 4, y San Lucas, capítulo 4 tam- bién). La Escritura nos habla algunas veces en térmi- nos literales y otras veces en término"
ff1a5923-81ec-4c98-8fc7-597652317f9f,2014-11-16,Una Iglesia consagrada al Dios viviente.,térmi,nos,términos,térmi-nos,unir,forma_unida_atestiguada,926,0,"capítulo 4, y San Lucas, capítulo 4 tam- bién). La Escritura nos habla algunas veces en térmi- nos literales y otras veces en términos espirituales o términos simbólicos. Por ejemplo, cua"
ff1a5923-81ec-4c98-8fc7-597652317f9f,2014-11-16,Una Iglesia consagrada al Dios viviente.,bus,cando,buscando,bus-cando,unir,forma_unida_atestiguada,2537,0,"simbólicos. Por ejemplo, cuando nos habla del Cordero de Dios una persona no puede estar bus- cando un corderito; ya el tipo y figura estuvo cuando Moisés ordenó al pueblo que cada padre d"
ff1a5923-81ec-4c98-8fc7-597652317f9f,2014-11-16,Una Iglesia consagrada al Dios viviente.,asa,ran,asaran,asa-ran,unir,forma_unida_atestiguada,10,0,"o de un año, lo tuviera desde el día 10 hasta el día 14, y el día 14 lo sacrificara y lo asa- ran, lo colocaran dentro de la casa, del hogar, para comerlo durante la noche; y la sangre c"
ff1a5923-81ec-4c98-8fc7-597652317f9f,2014-11-16,Una Iglesia consagrada al Dios viviente.,es,taban,estaban,es-taban,unir,forma_unida_atestiguada,16733,0,"los postes de la puerta del hogar, como señal para la protección de los primogénitos que es- taban en esa casa. [Éxodo 12:1-14] No había otra forma de los primogénitos evitar la ===== [P"
ff1a5923-81ec-4c98-8fc7-597652317f9f,2014-11-16,Una Iglesia consagrada al Dios viviente.,Trom,peta,Trompeta,Trom-peta,unir,forma_unida_atestiguada,22778,0,"Por eso para el Día Postrero está prometido que Dios enviará Sus Ángeles con Gran Voz de Trom- peta, y juntarán a Sus escogidos; y cuando vamos más adelante al libro del Apocalipsis... Eso"
ff1a5923-81ec-4c98-8fc7-597652317f9f,2014-11-16,Una Iglesia consagrada al Dios viviente.,escogi,dos,escogidos,escogi-dos,unir,union_legitima_certificada_piloto,24653,0,"l Hombre enviará Sus Ángeles con Gran Voz de Trompeta, y juntarán a Sus escogidos.” Esos escogi- dos son los ciento cuarenta y cuatro mil hebreos que escucharán la Gran Voz de Trompeta, lo"
ff1a5923-81ec-4c98-8fc7-597652317f9f,2014-11-16,Una Iglesia consagrada al Dios viviente.,Expia,ción,Expiación,Expia-ción,unir,forma_unida_atestiguada,8822,0,"de 33] ===== 12 Dr. William Soto Santiago la “Fiesta de las Trompetas”, la “Fiesta de la Expia- ción” (para Israel reconocer la expiación, reconocer que ya se efectuó la expiación en la Cru"
ff1a5923-81ec-4c98-8fc7-597652317f9f,2014-11-16,Una Iglesia consagrada al Dios viviente.,Calva,rio,Calvario,Calva-rio,unir,forma_unida_atestiguada,11724,0,"a Israel reconocer la expiación, reconocer que ya se efectuó la expiación en la Cruz del Calva- rio; y recibir esa expiación, creer), y la “Fiesta de las Cabañas,” que corresponde al Reino"
ff1a5923-81ec-4c98-8fc7-597652317f9f,2014-11-16,Una Iglesia consagrada al Dios viviente.,Mi,lenio,Milenio,Mi-lenio,unir,forma_unida_atestiguada,11047,0,"a expiación, creer), y la “Fiesta de las Cabañas,” que corresponde al Reino Milenial, al Mi- lenio. Esas son las tres fiestas que corresponden para el tiempo final, para Cristo cumplirlas"
ff1a5923-81ec-4c98-8fc7-597652317f9f,2014-11-16,Una Iglesia consagrada al Dios viviente.,cual,quier,cualquier,cual-quier,unir,forma_unida_atestiguada,6317,0,"po final, para Cristo cumplirlas en Su Venida. Recuerden que no podemos estar esperando cual- quier cosa. Ya está establecido lo que Cristo en Su Venida llevará a cabo. Israel está esper"
ff1a5923-81ec-4c98-8fc7-597652317f9f,2014-11-16,Una Iglesia consagrada al Dios viviente.,re,unidos,reunidos,re-unidos,unir,forma_unida_atestiguada,1061,0,"la Venida del Mesías para Israel, ¿qué?, la Venida de Elías. Por eso cuando hemos estado re- unidos con rabinos, en actividades públicas, congre- sos interreligiosos, algunos rabinos han di"
ff1a5923-81ec-4c98-8fc7-597652317f9f,2014-11-16,Una Iglesia consagrada al Dios viviente.,congre,sos,congresos,congre-sos,unir,forma_unida_atestiguada,7,0,"da de Elías. Por eso cuando hemos estado re- unidos con rabinos, en actividades públicas, congre- sos interreligiosos, algunos rabinos han dicho: “Elías viene primero, y no será el Elías aqu"
ff1a5923-81ec-4c98-8fc7-597652317f9f,2014-11-16,Una Iglesia consagrada al Dios viviente.,Tis,bita,Tisbita,Tis-bita,unir,forma_unida_atestiguada,457,0,"giosos, algunos rabinos han dicho: “Elías viene primero, y no será el Elías aquel (Elías Tis- bita). Será un hombre del tiempo en que se cumpla la venida de Elías. Y él vendrá..., y él ve"
ff1a5923-81ec-4c98-8fc7-597652317f9f,2014-11-16,Una Iglesia consagrada al Dios viviente.,pro,clamando,proclamando,pro-clamando,unir,forma_unida_atestiguada,721,0,"rá un hombre del tiempo en que se cumpla la venida de Elías. Y él vendrá..., y él vendrá pro- clamando la paz imperecedera.” Eso es lo que dice Israel y espera Israel. Y si leen los libros"
ff1a5923-81ec-4c98-8fc7-597652317f9f,2014-11-16,Una Iglesia consagrada al Dios viviente.,Ve,nida,Venida,Ve-nida,unir,forma_unida_atestiguada,57700,0,"es lo que dice Israel y espera Israel. Y si leen los libros hebreos con relación a la Ve- nida del Mesías y a la venida de Elías: esperan a un hombre del tiempo final, del Día Postrer"
ff1a5923-81ec-4c98-8fc7-597652317f9f,2014-11-16,Una Iglesia consagrada al Dios viviente.,ven,ga,venga,ven-ga,unir,forma_unida_atestiguada,6143,0,"mpo final, del Día Postrero, antes que venga el día terrible de Jehová. O sea, antes que ven- ga la gran tribulación, que consta de tres años y me- ===== [PAGINA 13 de 33] ===== 13 Una I"
ff1a5923-81ec-4c98-8fc7-597652317f9f,2014-11-16,Una Iglesia consagrada al Dios viviente.,prime,ros,primeros,prime-ros,unir,forma_unida_atestiguada,1434,0,"responde a la segunda parte de la semana setenta de la profecía de Daniel, porque ya los prime- ros tres años y medio de la semana número setenta los cumplió Cristo en Su ministerio terren"
ff1a5923-81ec-4c98-8fc7-597652317f9f,2014-11-16,Una Iglesia consagrada al Dios viviente.,Moi,sés,Moisés,Moi-sés,unir,forma_unida_atestiguada,39316,0,"as; pero no Moisés literal ni Elías literal, sino que los hebreos esperan un hombre como Moi- sés y un hombre como Elías. Esos son los dos olivos de Zacarías, capítulo 4, versos 10 al 14"
ff1a5923-81ec-4c98-8fc7-597652317f9f,2014-11-16,Una Iglesia consagrada al Dios viviente.,traba,jo,trabajo,traba-jo,unir,forma_unida_atestiguada,4141,0,"ir el pueblo hebreo a Cristo (no ha podido el cristianismo, hasta el momento) porque ese traba- jo le corresponde a los Dos Olivos. Y eso concuerda con Apocalipsis, capítulo 14, verso 1 e"
ff1a5923-81ec-4c98-8fc7-597652317f9f,2014-11-16,Una Iglesia consagrada al Dios viviente.,transfor,mación,transformación,transfor-mación,unir,forma_unida_atestiguada,10337,0,"asta el día de la redención).” [Efesios 4:30] O sea, la redención del cuerpo, que es la transfor- mación de los que estén vivos creyentes en Cristo, ===== [PAGINA 14 de 33] ===== 14 Dr. William"
ff1a5923-81ec-4c98-8fc7-597652317f9f,2014-11-16,Una Iglesia consagrada al Dios viviente.,pa,labras,palabras,pa-labras,unir,forma_unida_atestiguada,11988,0,"del Señor; y los muertos que resucitarán en cuerpos glorificados, conforme a las mismas pa- labras de Cristo en San Juan, capítulo 6, verso 39 al 40, que nos dice de la siguiente manera…"
ff1a5923-81ec-4c98-8fc7-597652317f9f,2014-11-16,Una Iglesia consagrada al Dios viviente.,so,bre,sobre,so-bre,conservar,forma_con_guion_atestiguada,55713,1,ecibía como único y suficiente Salvador. Pedro dice que Dios derramaría de Su Espíritu so- bre toda carne en los días postreros; y también San Pablo... Eso está en el capítulo 2 del l
ff1a5923-81ec-4c98-8fc7-597652317f9f,2014-11-16,Una Iglesia consagrada al Dios viviente.,He,chos,Hechos,He-chos,unir,forma_unida_atestiguada,3807,0,"en los días postreros; y también San Pablo... Eso está en el capítulo 2 del libro de los He- chos, San Pedro hablando lleno del Espíritu Santo; y San Pablo hablando en su carta a los Heb"
ff1a5923-81ec-4c98-8fc7-597652317f9f,2014-11-16,Una Iglesia consagrada al Dios viviente.,Je,sucristo,Jesucristo,Je-sucristo,conservar,forma_con_guion_atestiguada,146878,1,"do por el Hijo? En estos postreros días).” Ya en los días de Jesús estaba hablando por Je- sucristo, el Hijo de Dios. Ya eran los días postreros, porque ya en el tiempo del ministerio de J"
ff1a5923-81ec-4c98-8fc7-597652317f9f,2014-11-16,Una Iglesia consagrada al Dios viviente.,de,lante,delante,de-lante,unir,forma_unida_atestiguada,20007,0,"n el tiempo del ministerio de Jesús había ya comenzando el primero de los días postreros de- lante de Dios, que para los seres humanos son nada menos que el quinto milenio, sexto milenio"
ff1a5923-81ec-4c98-8fc7-597652317f9f,2014-11-16,Una Iglesia consagrada al Dios viviente.,sépti,mo,séptimo,sépti-mo,unir,forma_unida_atestiguada,23416,0,"e Dios, que para los seres humanos son nada menos que el quinto milenio, sexto milenio y sépti- mo milenio. Ya esos tres días habían comenzado con el primero de ellos, que es el quinto mi"
ff1a5923-81ec-4c98-8fc7-597652317f9f,2014-11-16,Una Iglesia consagrada al Dios viviente.,gre,goriano,gregoriano,gre-goriano,unir,forma_unida_atestiguada,522,0,"ellos, que es el quinto milenio; después vino el sexto milenio; y conforme al calendario gre- goriano ya estamos en el séptimo milenio de Adán hacia acá. Esos son los días postreros delant"
ff1a5923-81ec-4c98-8fc7-597652317f9f,2014-11-16,Una Iglesia consagrada al Dios viviente.,arre,batamiento,arrebatamiento,arre-batamiento,unir,forma_unida_atestiguada,559,0,"urrección de los muertos en Cristo, y la transformación de los que vivimos, y el rapto o arre- batamiento de todos los creyentes cuando estemos todos transformados, glorificados. La Iglesia de"
ff1a5923-81ec-4c98-8fc7-597652317f9f,2014-11-16,Una Iglesia consagrada al Dios viviente.,tiem,po,tiempo,tiem-po,unir,forma_unida_atestiguada,128152,0,"o, porque no le había sido revelado día ni hora; y estuvo bien, porque no importa en qué tiem- po la persona esté viviendo: está llamado a estar es- perando la Venida del Señor. ¿Y cómo"
ff1a5923-81ec-4c98-8fc7-597652317f9f,2014-11-16,Una Iglesia consagrada al Dios viviente.,es,perando,esperando,es-perando,conservar,forma_con_guion_atestiguada,9317,1,"vo bien, porque no importa en qué tiem- po la persona esté viviendo: está llamado a estar es- perando la Venida del Señor. ¿Y cómo debe estar esperándolo? Preparado delante de Dios, sin ma"
ff1a5923-81ec-4c98-8fc7-597652317f9f,2014-11-16,Una Iglesia consagrada al Dios viviente.,Pri,mera,Primera,Pri-mera,unir,forma_unida_atestiguada,24458,0,"sia consagrada al Dios viviente, que está compuesta por piedras vivas, dice San Pedro en Pri- mera de Pedro, capítulo 2, versos 4 al 10: “Vosotros como piedras vivas, sed edificados una C"
ff1a5923-81ec-4c98-8fc7-597652317f9f,2014-11-16,Una Iglesia consagrada al Dios viviente.,Se,ñor,Señor,Se-ñor,conservar,forma_con_guion_atestiguada,142871,1,"ro, capítulo 2, versos 4 al 10: “Vosotros como piedras vivas, sed edificados una Casa al Se- ñor.” Con piedras vivas es que Dios por medio de Su Espíritu está edificando una Casa para"
ff1a5923-81ec-4c98-8fc7-597652317f9f,2014-11-16,Una Iglesia consagrada al Dios viviente.,edifi,có,edificó,edifi-có,unir,forma_unida_atestiguada,226,0,"está edificando una Casa para Dios. Ya la que edificó Moisés, ya pasó su tiempo; la que edifi- có Salomón, aquella fue destruida; hubo reedifica- ciones, pero en la actualidad ya lo que h"
ff1a5923-81ec-4c98-8fc7-597652317f9f,2014-11-16,Una Iglesia consagrada al Dios viviente.,reedifica,ciones,reedificaciones,reedifica-ciones,conservar,sin_evidencia_lexica_suficiente,0,0,"edificó Moisés, ya pasó su tiempo; la que edifi- có Salomón, aquella fue destruida; hubo reedifica- ciones, pero en la actualidad ya lo que hay allí es un templo musulmán, y difícil para quitarlo"
ff1a5923-81ec-4c98-8fc7-597652317f9f,2014-11-16,Una Iglesia consagrada al Dios viviente.,pasa,mos,pasamos,pasa-mos,unir,forma_unida_atestiguada,846,0,"o del Mesías es lo que anhela el corazón, el alma de todo cristiano; pero mientras tanto pasa- mos por las etapas difíciles de la vida, que nos hacen agarrarnos más del Señor. Recuerden"
ff1a5923-81ec-4c98-8fc7-597652317f9f,2014-11-16,Una Iglesia consagrada al Dios viviente.,victo,ria,victoria,victo-ria,unir,forma_unida_atestiguada,4672,0,"ha tenido una victoria; y entonces va la persona (el creyente en Cristo) de victoria en victo- ria, de gloria en gloria; cada día amando más al Se- ñor. Esa es la Iglesia consagrada al Dio"
ff1a5923-81ec-4c98-8fc7-597652317f9f,2014-11-16,Una Iglesia consagrada al Dios viviente.,Se,ñor,Señor,Se-ñor,conservar,forma_con_guion_atestiguada,142871,1,"reyente en Cristo) de victoria en victo- ria, de gloria en gloria; cada día amando más al Se- ñor. Esa es la Iglesia consagrada al Dios viviente. El que los creyentes en Cristo mueran n"
ff1a5923-81ec-4c98-8fc7-597652317f9f,2014-11-16,Una Iglesia consagrada al Dios viviente.,nin,gún,ningún,nin-gún,unir,forma_unida_atestiguada,4161,0,"es la Iglesia consagrada al Dios viviente. El que los creyentes en Cristo mueran no es nin- gún problema ni para el creyente ni para Dios. Re- cuerden, Cristo dijo [San Juan 5:24]: “El"
ff1a5923-81ec-4c98-8fc7-597652317f9f,2014-11-16,Una Iglesia consagrada al Dios viviente.,Re,cuerden,Recuerden,Re-cuerden,unir,forma_unida_atestiguada,7804,0,"los creyentes en Cristo mueran no es nin- gún problema ni para el creyente ni para Dios. Re- cuerden, Cristo dijo [San Juan 5:24]: “El que oye mi palabra, y cree al que me envió, tiene vida"
ff1a5923-81ec-4c98-8fc7-597652317f9f,2014-11-16,Una Iglesia consagrada al Dios viviente.,tie,nen,tienen,tie-nen,unir,forma_unida_atestiguada,16087,0,"lo que ha estado muriendo es el cuerpo físico; pero los creyentes en Cristo están vivos, tie- nen vida eterna, y lo que les falta solamente a los que murieron es la resurrección en cuerp"
ff1a5923-81ec-4c98-8fc7-597652317f9f,2014-11-16,Una Iglesia consagrada al Dios viviente.,Je,sucristo,Jesucristo,Je-sucristo,conservar,forma_con_guion_atestiguada,146878,1,"stá tan joven como cuando subió al Cielo. O sea, que no estamos esperando un ancianito, Je- sucristo un ancianito; Él está tan joven como cuando subió al Cielo. Si usted fuera a donde Él es"
ff1a5923-81ec-4c98-8fc7-597652317f9f,2014-11-16,Una Iglesia consagrada al Dios viviente.,di,gamos,digamos,di-gamos,unir,forma_unida_atestiguada,918,0,"Si usted fuera a donde Él está, no va a ver un ancianito allá, va a ver un hombre joven, di- gamos de 18 a 21 años, que es la flor de la juventud. Aun los discípulos, cuando resucitó ni l"
ff1a5923-81ec-4c98-8fc7-597652317f9f,2014-11-16,Una Iglesia consagrada al Dios viviente.,bauti,zados,bautizados,bauti-zados,unir,forma_unida_atestiguada,10314,0,"erna recibiendo a Cristo como Salvador al escuchar la predicación de Su Evangelio, y ser bauti- zados conforme al mandato de Cristo, que dijo: “El que creyere y fuere bautizado, será salvo;"
ff1a5923-81ec-4c98-8fc7-597652317f9f,2014-11-16,Una Iglesia consagrada al Dios viviente.,jus,ticia,justicia,jus-ticia,unir,forma_unida_atestiguada,5597,0,"Dios. Recuerden que “la fe viene por el oír la Palabra”, y “con el corazón se cree para jus- ticia, pero con la boca se confiesa para salvación.” [Romanos 10:17, 10:10] El mismo Cristo"
ff1a5923-81ec-4c98-8fc7-597652317f9f,2014-11-16,Una Iglesia consagrada al Dios viviente.,ca,pítulo,capítulo,ca-pítulo,unir,forma_unida_atestiguada,69422,0,"a para salvación.” [Romanos 10:17, 10:10] El mismo Cristo en San Mateo, por ahí por el ca- pítulo 10, por el verso 30 al 33… Algunas veces hay personas que piensan que después que tengan"
ff1a5923-81ec-4c98-8fc7-597652317f9f,2014-11-16,Una Iglesia consagrada al Dios viviente.,algu,na,alguna,algu-na,unir,forma_unida_atestiguada,5209,0,"10, por el verso 30 al 33… Algunas veces hay personas que piensan que después que tengan algu- na religión —la que sea— está bien, porque piensan que todos los caminos llevan a Dios, per"
ff1a5923-81ec-4c98-8fc7-597652317f9f,2014-11-16,Una Iglesia consagrada al Dios viviente.,hom,bres,hombres,hom-bres,conservar,forma_con_guion_atestiguada,7560,3,"elante de mi Padre que está en los cielos. Y a cualquiera que me niegue delante de los hom- bres, yo también le negaré delante de mi Padre que está en los cielos.” Recordemos que Cris"
ff1a5923-81ec-4c98-8fc7-597652317f9f,2014-11-16,Una Iglesia consagrada al Dios viviente.,eter,na,eterna,eter-na,unir,forma_unida_atestiguada,50471,0,"e Cristo dijo: “Mis ovejas oyen mi voz, y me siguen, y yo las conozco, y yo les doy vida eter- na; y no perecerán jamás. Mi Padre que me las dio ===== [PAGINA 21 de 33] ===== 21 Una Igles"
ff1a5923-81ec-4c98-8fc7-597652317f9f,2014-11-16,Una Iglesia consagrada al Dios viviente.,ver,dades,verdades,ver-dades,unir,forma_unida_atestiguada,79,0,"s caminos llevan a Dios, solamente Cristo. “Yo soy el camino, la verdad (no hay muchas ver- dades, hay una sola, y es Cristo) y la vida (la vida eterna).” Y muchas personas piensan: “Com"
ff1a5923-81ec-4c98-8fc7-597652317f9f,2014-11-16,Una Iglesia consagrada al Dios viviente.,hom,bres,hombres,hom-bres,conservar,forma_con_guion_atestiguada,7560,3,"letra; es Dios en forma de letra, es la Palabra Divina dada por el Espíritu a través de hom- bres de Dios que han sido enviados a este planeta Tierra. La Biblia es el libro de Dios; po"
ff1a5923-81ec-4c98-8fc7-597652317f9f,2014-11-16,Una Iglesia consagrada al Dios viviente.,suce,diendo,sucediendo,suce-diendo,unir,forma_unida_atestiguada,2114,0,"aneta Tierra. La Biblia nos muestra lo que sucedió en el pasado, nos muestra lo que está suce- diendo en el presente, y nos muestra lo que sucederá en el futuro; y el futuro eterno será vivi"
ff1a5923-81ec-4c98-8fc7-597652317f9f,2014-11-16,Una Iglesia consagrada al Dios viviente.,Tie,rra,Tierra,Tie-rra,unir,forma_unida_atestiguada,82345,0,"tan importante el planeta Tierra, y por eso es que Dios colocó al ser humano aquí en la Tie- rra, y por eso es que Cristo vino a esta Tierra, en el cual estaba Dios visitando a la raza"
ff1a5923-81ec-4c98-8fc7-597652317f9f,2014-11-16,Una Iglesia consagrada al Dios viviente.,Escritu,ras,Escrituras,Escritu-ras,unir,forma_unida_atestiguada,3777,0,"Piedra Angular de la raza humana, es Cristo. Por lo tanto, tenemos que escudriñar las Escritu- ras, porque Cristo dijo: “En ellas os parece que tenéis la vida eterna; y ellas son las que"
ff1a5923-81ec-4c98-8fc7-597652317f9f,2014-11-16,Una Iglesia consagrada al Dios viviente.,Pala,bra,Palabra,Pala-bra,conservar,forma_con_guion_atestiguada,66810,11,"realidad, lo traerá a vida, a cumplimiento, como Él ha prometido; porque Él vela por Su Pala- bra, ¿para qué? Para ponerla por obra, para cumplir- la. [Jeremías 1:12] Por lo tanto, lo q"
ff1a5923-81ec-4c98-8fc7-597652317f9f,2014-11-16,Una Iglesia consagrada al Dios viviente.,cumplir,la,cumplirla,cumplir-la,unir,forma_unida_atestiguada,98,0,"Él ha prometido; porque Él vela por Su Pala- bra, ¿para qué? Para ponerla por obra, para cumplir- la. [Jeremías 1:12] Por lo tanto, lo que esperamos es lo que Él ha prometido. No podemos"
ff1a5923-81ec-4c98-8fc7-597652317f9f,2014-11-16,Una Iglesia consagrada al Dios viviente.,pro,pia,propia,pro-pia,unir,forma_unida_atestiguada,2385,0,"lo tanto, lo que esperamos es lo que Él ha prometido. No podemos esperar a nuestra forma pro- pia de esperar cosas, tenemos que esperar lo que está ===== [PAGINA 23 de 33] ===== 23 Una Ig"
ff1a5923-81ec-4c98-8fc7-597652317f9f,2014-11-16,Una Iglesia consagrada al Dios viviente.,se,ría,sería,se-ría,unir,forma_unida_atestiguada,10904,0,"na mujer. Y luego da más luz a través del profeta Isaías y otros profetas, y muestra que se- ría a través del pueblo hebreo que vendría, y mues- tra también que sería a través de la trib"
ff1a5923-81ec-4c98-8fc7-597652317f9f,2014-11-16,Una Iglesia consagrada al Dios viviente.,mues,tra,muestra,mues-tra,unir,forma_unida_atestiguada,4192,0,"Isaías y otros profetas, y muestra que se- ría a través del pueblo hebreo que vendría, y mues- tra también que sería a través de la tribu de Judá, y muestra que nacería en Belén de Judea."
ff1a5923-81ec-4c98-8fc7-597652317f9f,2014-11-16,Una Iglesia consagrada al Dios viviente.,na,cería,nacería,na-cería,unir,forma_unida_atestiguada,595,0,"eron a Belén de Judea cuando les dieron a conocer dónde decía la Escritura (Miqueas) que na- cería el Mesías. Cuando Dios promete algo, lo hace en forma sen- cilla; y cuando promete algo"
ff1a5923-81ec-4c98-8fc7-597652317f9f,2014-11-16,Una Iglesia consagrada al Dios viviente.,sen,cilla,sencilla,sen-cilla,unir,forma_unida_atestiguada,1361,0,"Escritura (Miqueas) que na- cería el Mesías. Cuando Dios promete algo, lo hace en forma sen- cilla; y cuando promete algo más grande, lo hace en forma más sencilla todavía. Dios decía a"
ff1a5923-81ec-4c98-8fc7-597652317f9f,2014-11-16,Una Iglesia consagrada al Dios viviente.,es,poso,esposo,es-poso,unir,forma_unida_atestiguada,2048,0,"decía a través de Jeremías hablándole al pueblo hebreo: “Yo soy vuestro marido, vuestro es- poso,” y le había dado carta de divorcio en el ca- pítulo 3, por el verso 8, por la infidelida"
ff1a5923-81ec-4c98-8fc7-597652317f9f,2014-11-16,Una Iglesia consagrada al Dios viviente.,ca,pítulo,capítulo,ca-pítulo,unir,forma_unida_atestiguada,69422,0,"ebreo: “Yo soy vuestro marido, vuestro es- poso,” y le había dado carta de divorcio en el ca- pítulo 3, por el verso 8, por la infidelidad, al Israel contaminarse con los ídolos; pero tambi"
ff1a5923-81ec-4c98-8fc7-597652317f9f,2014-11-16,Una Iglesia consagrada al Dios viviente.,despo,saré,desposaré,despo-saré,unir,forma_unida_atestiguada,8,0,"pítulo 2 de Oseas, verso 19 en adelante, dice: “Y te desposaré conmigo para siempre; te despo- saré conmigo en justicia, juicio, benignidad y mise- ricordia. Y te desposaré conmigo en fid"
ff1a5923-81ec-4c98-8fc7-597652317f9f,2014-11-16,Una Iglesia consagrada al Dios viviente.,mise,ricordia,misericordia,mise-ricordia,unir,forma_unida_atestiguada,4831,0,"desposaré conmigo para siempre; te despo- saré conmigo en justicia, juicio, benignidad y mise- ricordia. Y te desposaré conmigo en fidelidad, y conocerás a Jehová.” O sea, que viene una fi"
ff1a5923-81ec-4c98-8fc7-597652317f9f,2014-11-16,Una Iglesia consagrada al Dios viviente.,reconoz,can,reconozcan,reconoz-can,unir,forma_unida_atestiguada,54,0,"ael. Y ahora, en Oseas, capítulo 5, verso 15: “Andaré y volveré a mi lugar, hasta que reconoz- can su pecado y busquen mi rostro. En su angustia me buscarán.” Luego en el capítulo 6, ve"
ff1a5923-81ec-4c98-8fc7-597652317f9f,2014-11-16,Una Iglesia consagrada al Dios viviente.,Je,hová,Jehová,Je-hová,conservar,forma_con_guion_atestiguada,28836,1,"nos resucitará, y viviremos delante de él. Y conoceremos, y proseguiremos en conocer a Je- hová; como el alba está dispuesta su salida, y vendrá a nosotros como la lluvia, como la lluv"
ff1a5923-81ec-4c98-8fc7-597652317f9f,2014-11-16,Una Iglesia consagrada al Dios viviente.,ben,dición,bendición,ben-dición,unir,forma_unida_atestiguada,26865,0,"l pueblo hebreo. La lluvia tardía tiene que ver con la cosecha. Israel está esperando su ben- dición, pero la Iglesia del Señor Jesucristo primero tiene que recibir la suya. Cristo vino e"
ff1a5923-81ec-4c98-8fc7-597652317f9f,2014-11-16,Una Iglesia consagrada al Dios viviente.,espe,rando,esperando,espe-rando,unir,forma_unida_atestiguada,9317,0,"a esperando, y le pasó por alto Su Primera Venida; y para el Día Postrero ¿quién lo está espe- rando? El pueblo del Nuevo Pacto, que es la Iglesia del Señor Jesucristo. Y ¿para qué lo est"
ff1a5923-81ec-4c98-8fc7-597652317f9f,2014-11-16,Una Iglesia consagrada al Dios viviente.,adop,ción,adopción,adop-ción,unir,forma_unida_atestiguada,4538,0,"stamos gimiendo, estamos clamando por la manifestación gloriosa de los hijos de Dios, la adop- ción, la redención de nuestro cuerpo. Es que la promesa es que a todos los miembros de esta"
ff1a5923-81ec-4c98-8fc7-597652317f9f,2014-11-16,Una Iglesia consagrada al Dios viviente.,Je,sucristo,Jesucristo,Je-sucristo,conservar,forma_con_guion_atestiguada,146878,1,"nuestra ciudadanía está en los cielos, de donde también esperamos al Salvador, al Señor Je- sucristo; el cual transformará el cuerpo de la humillación nuestra, para que sea semejante al c"
ff1a5923-81ec-4c98-8fc7-597652317f9f,2014-11-16,Una Iglesia consagrada al Dios viviente.,glo,ria,gloria,glo-ria,unir,forma_unida_atestiguada,11447,0,"transformará el cuerpo de la humillación nuestra, para que sea semejante al cuerpo de la glo- ria suya, por el poder con el cual puede también su- jetar a sí mismo todas las cosas.” Ahí"
ff1a5923-81ec-4c98-8fc7-597652317f9f,2014-11-16,Una Iglesia consagrada al Dios viviente.,su,jetar,sujetar,su-jetar,unir,forma_unida_atestiguada,463,0,"a que sea semejante al cuerpo de la glo- ria suya, por el poder con el cual puede también su- jetar a sí mismo todas las cosas.” Ahí tenemos la promesa de una transformación para los cre"
ff1a5923-81ec-4c98-8fc7-597652317f9f,2014-11-16,Una Iglesia consagrada al Dios viviente.,espe,rando,esperando,espe-rando,unir,forma_unida_atestiguada,9317,0,"á en su tierra esperando la Venida del Mesías, y la Iglesia del Señor Jesucristo lo está espe- rando también. En Apocalipsis, capítulo 10, el Ángel Fuerte que desciende del Cielo es Crist"
ff1a5923-81ec-4c98-8fc7-597652317f9f,2014-11-16,Una Iglesia consagrada al Dios viviente.,abier,to,abierto,abier-to,unir,forma_unida_atestiguada,5664,0,"ocalipsis, capítulo 10, el Ángel Fuerte que desciende del Cielo es Cristo con el Librito abier- to en Su mano, el cual tomó de la diestra del Padre que estaba sentado en el Trono; y ese L"
ff1a5923-81ec-4c98-8fc7-597652317f9f,2014-11-16,Una Iglesia consagrada al Dios viviente.,eter,namente,eternamente,eter-namente,unir,forma_unida_atestiguada,10667,0,o son los genes del pensamiento Divino. Cristo sin Su Iglesia no existirá; Él existirá eter- namente con Su Iglesia. Cristo es el segundo Adán y Su Iglesia es la segunda Eva. Así como Adá
ff1a5923-81ec-4c98-8fc7-597652317f9f,2014-11-16,Una Iglesia consagrada al Dios viviente.,va,mos,vamos,va-mos,unir,forma_unida_atestiguada,27901,0,saber más claramente lo importante de las promesas que Él hizo para Su Iglesia; entonces va- mos a entender todas las cosas. “LA IGLESIA CONSAGRADA AL DIOS VI- VIENTE.” Toda persona
ff1a5923-81ec-4c98-8fc7-597652317f9f,2014-11-16,Una Iglesia consagrada al Dios viviente.,VI,VIENTE,VIVIENTE,VI-VIENTE,unir,forma_unida_atestiguada,3400,0,"Su Iglesia; entonces va- mos a entender todas las cosas. “LA IGLESIA CONSAGRADA AL DIOS VI- VIENTE.” Toda persona que quiera tener vida eterna, recibir a Cristo como Salvador al escucha"
ff1a5923-81ec-4c98-8fc7-597652317f9f,2014-11-16,Una Iglesia consagrada al Dios viviente.,oi,rán,oirán,oi-rán,unir,forma_unida_atestiguada,901,0,": “También tengo otras ovejas que no son de este redil; las cuales también debo traer, y oi- rán mi voz; y habrá un rebaño, y un pastor” (capítulo 10 de San Juan). El Rebaño es la Igl"
ff1a5923-81ec-4c98-8fc7-597652317f9f,2014-11-16,Una Iglesia consagrada al Dios viviente.,To,dos,Todos,To-dos,unir,forma_unida_atestiguada,83518,0,"es la Iglesia del Señor Jesucristo, el Buen Pastor es Cristo, y las ovejas ¿quiénes son? To- dos los creyentes en Cristo. Si oyes hoy Su voz, no endurezcas tu corazón. La fe de Cristo"
ff1a5923-81ec-4c98-8fc7-597652317f9f,2014-11-16,Una Iglesia consagrada al Dios viviente.,fren,te,frente,fren-te,unir,forma_unida_atestiguada,5088,0,"sar al frente y estaremos orando por usted. Vamos a dar unos minutos mientras pasan al fren- te, para orar por las personas que estarán recibiendo a Cristo como Salvador. En los demá"
ff1a5923-81ec-4c98-8fc7-597652317f9f,2014-11-16,Una Iglesia consagrada al Dios viviente.,Cie,los,Cielos,Cie-los,unir,forma_unida_atestiguada,11848,0,"me confesare delante de los hombres, yo le confesaré delante de mi Padre que está en los Cie- los.” [San Mateo 10:32] Recibir a Cristo como Salvador es un asunto de vida eterna. Se pre"
ff1a5923-81ec-4c98-8fc7-597652317f9f,2014-11-16,Una Iglesia consagrada al Dios viviente.,tene,mos,tenemos,tene-mos,conservar,forma_con_guion_atestiguada,26700,1,"te que hay, y la otorga solamente Jesucristo. Todos queremos vivir eternamente y todos tene- mos la oportunidad de obtener la vida eterna por me- dio de Cristo nuestro Salvador; por eso"
ff1a5923-81ec-4c98-8fc7-597652317f9f,2014-11-16,Una Iglesia consagrada al Dios viviente.,me,dio,medio,me-dio,unir,forma_unida_atestiguada,59407,0,queremos vivir eternamente y todos tene- mos la oportunidad de obtener la vida eterna por me- dio de Cristo nuestro Salvador; por eso se le da la oportunidad a todas las personas de reci
ff1a5923-81ec-4c98-8fc7-597652317f9f,2014-11-16,Una Iglesia consagrada al Dios viviente.,Salva,dor,Salvador,Salva-dor,unir,forma_unida_atestiguada,45332,0,"ola es la que le coloca en la vida eterna, y es recibir a Cristo como único y suficiente Salva- dor. No hay otra decisión que le coloque a usted en la vida eterna. Cuando nos miramos en"
ff1a5923-81ec-4c98-8fc7-597652317f9f,2014-11-16,Una Iglesia consagrada al Dios viviente.,de,cimos,decimos,de-cimos,unir,forma_unida_atestiguada,2222,0,"n que le coloque a usted en la vida eterna. Cuando nos miramos en el espejo, de seguro de- cimos: “Yo quisiera vivir eternamente, y sobre todo, ===== [PAGINA 30 de 33] ===== 30 Dr. Willi"
ff1a5923-81ec-4c98-8fc7-597652317f9f,2014-11-16,Una Iglesia consagrada al Dios viviente.,va,mos,vamos,va-mos,unir,forma_unida_atestiguada,27901,0,"de 18 a 21 años de edad.” Así es como Cristo está en Su cuerpo glorificado, y así es que va- mos a estar también nosotros; porque Cristo lo ha prometido, y por consiguiente Él lo cumpli"
ff1a5923-81ec-4c98-8fc7-597652317f9f,2014-11-16,Una Iglesia consagrada al Dios viviente.,per,sonas,personas,per-sonas,unir,forma_unida_atestiguada,36227,0,"tido, y por consiguiente Él lo cumplirá. Vamos a estar puestos en pie para orar por las per- sonas que han venido a los Pies de Cristo en esta ocasión. Todavía vienen más personas de ca"
ff1a5923-81ec-4c98-8fc7-597652317f9f,2014-11-16,Una Iglesia consagrada al Dios viviente.,presi,dente,presidente,presi-dente,unir,forma_unida_atestiguada,557,0,"ona recibe la noticia de que es invitado para ser del grupo de personas que recibirán al presi- dente de su nación en su casa, estaría feliz, ¡un privi- legio grande! y ¿qué de recibir al Rey"
ff1a5923-81ec-4c98-8fc7-597652317f9f,2014-11-16,Una Iglesia consagrada al Dios viviente.,privi,legio,privilegio,privi-legio,unir,forma_unida_atestiguada,5537,0,"upo de personas que recibirán al presi- dente de su nación en su casa, estaría feliz, ¡un privi- legio grande! y ¿qué de recibir al Rey de los Cielos y de la Tierra en la casa terrenal, en el"
ff1a5923-81ec-4c98-8fc7-597652317f9f,2014-11-16,Una Iglesia consagrada al Dios viviente.,cuer,po,cuerpo,cuer-po,unir,forma_unida_atestiguada,88486,0,"s que así como a través de la sangre se mueve la vida que está en la sangre, por todo el cuer- po; cuando la persona recibe a Cristo en el corazón: se mueve en toda la vida de la persona"
ff1a5923-81ec-4c98-8fc7-597652317f9f,2014-11-16,Una Iglesia consagrada al Dios viviente.,perso,na,persona,perso-na,unir,forma_unida_atestiguada,50049,0,"n Su Sangre, y lo mantiene con vida eterna. El corazón es tipo y figura del alma de la perso- na, porque en el corazón está el lugar de morada del alma de la persona, y por consiguiente"
ff1a5923-81ec-4c98-8fc7-597652317f9f,2014-11-16,Una Iglesia consagrada al Dios viviente.,Jesu,cristo,Jesucristo,Jesu-cristo,conservar,forma_con_guion_atestiguada,146878,19,"ra lo cual levantemos nuestras manos al Cielo: Padre celestial, en el Nombre del Señor Jesu- cristo vengo a Ti con todas estas personas que te están recibiendo como Salvador. Recíbelos en"
ff1a5923-81ec-4c98-8fc7-597652317f9f,2014-11-16,Una Iglesia consagrada al Dios viviente.,Jesu,cristo,Jesucristo,Jesu-cristo,conservar,forma_con_guion_atestiguada,146878,19,"stán recibiendo como Salvador. Recíbelos en Tu Reino. Te lo ruego en el Nombre del Señor Jesu- cristo, oh, Padre celestial. Amén. Y ahora repitan conmigo esta oración, los que han venido a"
ff1a5923-81ec-4c98-8fc7-597652317f9f,2014-11-16,Una Iglesia consagrada al Dios viviente.,Pri,mera,Primera,Pri-mera,unir,forma_unida_atestiguada,24458,0,"n de Tu Evangelio y nació Tu fe en mi corazón. Creo en Ti con toda mi alma, creo en Tu Pri- mera Venida y creo en Tu Nombre como el único Nombre bajo el Cielo, dado a los hombres, en qu"
ff1a5923-81ec-4c98-8fc7-597652317f9f,2014-11-16,Una Iglesia consagrada al Dios viviente.,Sal,vador,Salvador,Sal-vador,unir,forma_unida_atestiguada,45332,0,"Sacrificio de Expiación por nuestros pecados. Reconozco que soy pecador y necesito un Sal- vador. Doy testimonio público de mi fe en Ti y de Tu fe en mí, y te recibo como mi único y suf"
ff1a5923-81ec-4c98-8fc7-597652317f9f,2014-11-16,Una Iglesia consagrada al Dios viviente.,Es,píritu,Espíritu,Es-píritu,unir,forma_unida_atestiguada,85803,0,"ruego perdones mis pecados y con Tu Sangre me limpies de todo pecado, y me bautices con Es- píritu Santo y Fuego, y produzcas en mí el nuevo nacimiento. Quiero nacer en Tu Reino, quiero"
ff1a5923-81ec-4c98-8fc7-597652317f9f,2014-11-16,Una Iglesia consagrada al Dios viviente.,eter,namente,eternamente,eter-namente,unir,forma_unida_atestiguada,10667,0,"y Fuego, y produzcas en mí el nuevo nacimiento. Quiero nacer en Tu Reino, quiero vivir eter- namente Contigo en Tu Reino. Te lo ruego, en Tu Nombre Eterno y glorioso, Señor Jesucristo. Amén"
ff1a5923-81ec-4c98-8fc7-597652317f9f,2014-11-16,Una Iglesia consagrada al Dios viviente.,bendi,ciones,bendiciones,bendi-ciones,unir,forma_unida_atestiguada,14283,0,"isto les continúe bendiciendo a todos, y continúen pasando una tarde feliz, llena de las bendi- ciones de Cristo nuestro Salvador. Dejo con ustedes el ministro, reverendo Guiller- mo Rodrígu"
ff1a5923-81ec-4c98-8fc7-597652317f9f,2014-11-16,Una Iglesia consagrada al Dios viviente.,Guiller,mo,Guillermo,Guiller-mo,unir,forma_unida_atestiguada,40,0,"e las bendi- ciones de Cristo nuestro Salvador. Dejo con ustedes el ministro, reverendo Guiller- mo Rodríguez. Y en cada país dejo al ministro co- rrespondiente, para que les indique cómo h"
ff1a5923-81ec-4c98-8fc7-597652317f9f,2014-11-16,Una Iglesia consagrada al Dios viviente.,co,rrespondiente,correspondiente,co-rrespondiente,unir,forma_unida_atestiguada,10957,0,"con ustedes el ministro, reverendo Guiller- mo Rodríguez. Y en cada país dejo al ministro co- rrespondiente, para que les indique cómo hacer para ser bautizados en agua en el Nombre del Señor. Y"
28c0e7a7-cdd3-4473-8c1f-db75a56c002c,2010-03-26,Tiempo de estar en el lugar seguro.,herma,nos,hermanos,herma-nos,unir,forma_unida_atestiguada,10363,0,".D. Viernes, 26 de marzo de 2010 Valencia, Venezuela M uy buenas noches, amables amigos y herma- nos presentes; es para mí un privilegio grande estar con ustedes en esta ocasión, para compa"
28c0e7a7-cdd3-4473-8c1f-db75a56c002c,2010-03-26,Tiempo de estar en el lugar seguro.,Escri,tura,Escritura,Escri-tura,unir,forma_unida_atestiguada,12529,0,"bra de Dios y Su Programa correspondiente a este tiempo final, para lo cual leeremos una Escri- tura muy importante. Aprecio y agradezco mucho el respaldo que le están dando al proyecto d"
28c0e7a7-cdd3-4473-8c1f-db75a56c002c,2010-03-26,Tiempo de estar en el lugar seguro.,cono,cido,conocido,cono-cido,unir,forma_unida_atestiguada,2194,0,"ía más y más en Su Obra en este tiempo final. Para esta ocasión leeremos un pasaje muy cono- cido, en donde Jesús estuvo hablando las siguientes palabras, en San Lucas, capítulo 6, verso"
28c0e7a7-cdd3-4473-8c1f-db75a56c002c,2010-03-26,Tiempo de estar en el lugar seguro.,hom,bre,hombre,hom-bre,conservar,forma_con_guion_atestiguada,51081,17,"mover, porque estaba fundada sobre la roca. Mas el que oyó y no hizo, semejante es al hom- bre que edificó su casa sobre tierra, sin fundamento; contra la cual el río dio con ímpetu,"
28c0e7a7-cdd3-4473-8c1f-db75a56c002c,2010-03-26,Tiempo de estar en el lugar seguro.,SE,GURO,SEGURO,SE-GURO,unir,forma_unida_atestiguada,2470,0,"tu, y luego cayó, y fue grande la ruina de aquella casa.” “TIEMPO DE ESTAR EN EL LUGAR SE- GURO.” ===== [PAGINA 5 de 26] ===== 5 Tiempo de estar en el lugar seguro Que Dios bendiga nu"
28c0e7a7-cdd3-4473-8c1f-db75a56c002c,2010-03-26,Tiempo de estar en el lugar seguro.,Pala,bra,Palabra,Pala-bra,conservar,forma_con_guion_atestiguada,66810,11,e 26] ===== 5 Tiempo de estar en el lugar seguro Que Dios bendiga nuestras almas con Su Pala- bra y nos permita entenderla. En esta parábola el Señor Jesucristo nos muestra que es imp
28c0e7a7-cdd3-4473-8c1f-db75a56c002c,2010-03-26,Tiempo de estar en el lugar seguro.,Cuan,do,Cuando,Cuan-do,conservar,forma_con_guion_atestiguada,102236,1,"sta parábola el Señor Jesucristo nos muestra que es importante estar en un lugar seguro. Cuan- do hay tiempos de tempestad como el tiempo de las tormentas o de tormenta, también de terre"
28c0e7a7-cdd3-4473-8c1f-db75a56c002c,2010-03-26,Tiempo de estar en el lugar seguro.,fa,milia,familia,fa-milia,conservar,forma_con_guion_atestiguada,9167,1,"as o de tormenta, también de terremotos y maremotos, es importante que cada persona y su fa- milia estén en un lugar seguro. Y si así es en lo físi- co, cuánto más en lo espiritual, ya que"
28c0e7a7-cdd3-4473-8c1f-db75a56c002c,2010-03-26,Tiempo de estar en el lugar seguro.,físi,co,físico,físi-co,unir,forma_unida_atestiguada,11046,0,"es importante que cada persona y su fa- milia estén en un lugar seguro. Y si así es en lo físi- co, cuánto más en lo espiritual, ya que en el mundo espiritual se decide a qué reino usted"
28c0e7a7-cdd3-4473-8c1f-db75a56c002c,2010-03-26,Tiempo de estar en el lugar seguro.,Tie,rra,Tierra,Tie-rra,unir,forma_unida_atestiguada,82345,0,"reino que usted ha elegido será el lugar que usted irá luego que termine su vida en esta Tie- rra. Y ahora, todos queremos ir al Paraíso cuando ter- minen nuestros días en la Tierra y v"
28c0e7a7-cdd3-4473-8c1f-db75a56c002c,2010-03-26,Tiempo de estar en el lugar seguro.,ter,minen,terminen,ter-minen,unir,forma_unida_atestiguada,215,0,"uego que termine su vida en esta Tie- rra. Y ahora, todos queremos ir al Paraíso cuando ter- minen nuestros días en la Tierra y vivir eternamente en el Reino de Dios, para lo cual se requ"
28c0e7a7-cdd3-4473-8c1f-db75a56c002c,2010-03-26,Tiempo de estar en el lugar seguro.,delan,te,delante,delan-te,unir,forma_unida_atestiguada,20007,0,"s dijo: Te ruego que me muestres tu gloria. Y le respondió: Yo haré pasar todo mi bien delan- te de tu rostro, y proclamaré el nombre de Jehová delante de ti; y tendré misericordia del"
28c0e7a7-cdd3-4473-8c1f-db75a56c002c,2010-03-26,Tiempo de estar en el lugar seguro.,hen,didura,hendidura,hen-didura,unir,forma_unida_atestiguada,101,0,"r junto a mí, y tú estarás sobre la peña; y cuando pase mi gloria, yo te pondré en una hen- didura de la peña, y te cubriré con mi mano hasta que haya pasado. Después apartaré mi mano,"
28c0e7a7-cdd3-4473-8c1f-db75a56c002c,2010-03-26,Tiempo de estar en el lugar seguro.,ta,blas,tablas,ta-blas,unir,forma_unida_atestiguada,817,0,"=== 7 Tiempo de estar en el lugar seguro piedra como las primeras, y escribiré sobre esas ta- blas las palabras que estaban en las tablas primeras que quebraste. Prepárate, pues, para m"
28c0e7a7-cdd3-4473-8c1f-db75a56c002c,2010-03-26,Tiempo de estar en el lugar seguro.,cum,bre,cumbre,cum-bre,unir,forma_unida_atestiguada,237,0,"te, pues, para mañana, y sube de mañana al monte de Sinaí, y preséntate ante mí sobre la cum- bre del monte. Y no suba hombre contigo, ni parezca alguno en todo el monte; ni ovejas ni"
28c0e7a7-cdd3-4473-8c1f-db75a56c002c,2010-03-26,Tiempo de estar en el lugar seguro.,pri,meras,primeras,pri-meras,unir,forma_unida_atestiguada,375,0,"vejas ni bueyes pazcan delante del monte. Y Moisés alisó dos tablas de piedra como las pri- meras; y se levantó de mañana y subió al monte Si- naí, como le mandó Jehová, y llevó en su man"
28c0e7a7-cdd3-4473-8c1f-db75a56c002c,2010-03-26,Tiempo de estar en el lugar seguro.,Si,naí,Sinaí,Si-naí,unir,forma_unida_atestiguada,2228,0,"s alisó dos tablas de piedra como las pri- meras; y se levantó de mañana y subió al monte Si- naí, como le mandó Jehová, y llevó en su mano las dos tablas de piedra. Y Jehová descendió"
28c0e7a7-cdd3-4473-8c1f-db75a56c002c,2010-03-26,Tiempo de estar en el lugar seguro.,hi,jos,hijos,hi-jos,unir,forma_unida_atestiguada,40571,0,"r inocente al malvado; que visita la iniquidad de los padres sobre los hijos y sobre los hi- jos de los hijos, hasta la tercera y cuarta generación. ===== [PAGINA 8 de 26] ===== 8 Willia"
28c0e7a7-cdd3-4473-8c1f-db75a56c002c,2010-03-26,Tiempo de estar en el lugar seguro.,por,que,porque,por-que,unir,forma_unida_atestiguada,137979,0,"i ahora, Señor, he hallado gracia en tus ojos, vaya ahora el Señor en medio de nosotros; por- que es un pueblo de dura cerviz; y perdona nuestra iniquidad y nuestro pecado, y tómanos por"
28c0e7a7-cdd3-4473-8c1f-db75a56c002c,2010-03-26,Tiempo de estar en el lugar seguro.,here,dad,heredad,here-dad,unir,forma_unida_atestiguada,794,0,"un pueblo de dura cerviz; y perdona nuestra iniquidad y nuestro pecado, y tómanos por tu here- dad. Y él contestó: He aquí, yo hago pacto delante de todo tu pueblo; haré maravillas que"
28c0e7a7-cdd3-4473-8c1f-db75a56c002c,2010-03-26,Tiempo de estar en el lugar seguro.,he,chas,hechas,he-chas,unir,forma_unida_atestiguada,2068,0,"testó: He aquí, yo hago pacto delante de todo tu pueblo; haré maravillas que no han sido he- chas en toda la tierra, ni en nación alguna, y verá todo el pueblo en medio del cual estás tú"
28c0e7a7-cdd3-4473-8c1f-db75a56c002c,2010-03-26,Tiempo de estar en el lugar seguro.,delan,te,delante,delan-te,unir,forma_unida_atestiguada,20007,0,"rque será cosa tremenda la que yo haré contigo.” Aquí podemos ver que cuando pasó Dios delan- te de Moisés, Dios había colocado a Moisés en una hendidura de la roca. Y ahora, ¿qué qui"
28c0e7a7-cdd3-4473-8c1f-db75a56c002c,2010-03-26,Tiempo de estar en el lugar seguro.,creyen,tes,creyentes,creyen-tes,unir,forma_unida_atestiguada,19215,0,"n Su primera Venida para darle el agua de la Vida eterna, el Espíritu Santo, a todos los creyen- tes en Él. Recuerden que Él dijo en San Juan, capítu- lo 7, versos 37 al 39. “Si alguno tie"
28c0e7a7-cdd3-4473-8c1f-db75a56c002c,2010-03-26,Tiempo de estar en el lugar seguro.,capítu,lo,capítulo,capítu-lo,unir,forma_unida_atestiguada,69422,0,"rna, el Espíritu Santo, a todos los creyen- tes en Él. Recuerden que Él dijo en San Juan, capítu- lo 7, versos 37 al 39. “Si alguno tiene sed, venga a mí y beba.” El que viene a Cristo,"
28c0e7a7-cdd3-4473-8c1f-db75a56c002c,2010-03-26,Tiempo de estar en el lugar seguro.,Es,píritu,Espíritu,Es-píritu,unir,forma_unida_atestiguada,85803,0,"o del Espíritu que habían de recibir los que creyesen en Él; pues aún no había venido el Es- píritu Santo, porque Jesús no había sido aún glorifi- cado.” [San Juan 7:38-39] Ahora, podemos"
28c0e7a7-cdd3-4473-8c1f-db75a56c002c,2010-03-26,Tiempo de estar en el lugar seguro.,glorifi,cado,glorificado,glorifi-cado,unir,forma_unida_atestiguada,15136,0,"yesen en Él; pues aún no había venido el Es- píritu Santo, porque Jesús no había sido aún glorifi- cado.” [San Juan 7:38-39] Ahora, podemos ver que Cristo es la Roca. Cuan- do Cristo está hab"
28c0e7a7-cdd3-4473-8c1f-db75a56c002c,2010-03-26,Tiempo de estar en el lugar seguro.,Cuan,do,Cuando,Cuan-do,conservar,forma_con_guion_atestiguada,102236,1,"a sido aún glorifi- cado.” [San Juan 7:38-39] Ahora, podemos ver que Cristo es la Roca. Cuan- do Cristo está hablando con un grupo de judíos que no creían en Él, en San Mateo, capítulo"
28c0e7a7-cdd3-4473-8c1f-db75a56c002c,2010-03-26,Tiempo de estar en el lugar seguro.,quita,do,quitado,quita-do,unir,forma_unida_atestiguada,1569,0,", Y es cosa maravillosa a nuestros ojos? Por tanto os digo, que el reino de Dios será quita- do de vosotros, y será dado a gente que produzca los frutos de él. Y el que cayere sobre"
28c0e7a7-cdd3-4473-8c1f-db75a56c002c,2010-03-26,Tiempo de estar en el lugar seguro.,quebranta,do,quebrantado,quebranta-do,unir,forma_unida_atestiguada,111,0,"erá dado a gente que produzca los frutos de él. Y el que cayere sobre esta piedra será quebranta- do; y sobre quien ella cayere, le desmenuzará.” Y ahora, esta Piedra de la cual habla aquí"
28c0e7a7-cdd3-4473-8c1f-db75a56c002c,2010-03-26,Tiempo de estar en el lugar seguro.,Es,critura,Escritura,Es-critura,unir,forma_unida_atestiguada,12529,0,"sobre quien ella cayere, le desmenuzará.” Y ahora, esta Piedra de la cual habla aquí la Es- critura, la Piedra Angular o Piedra del Ángulo, es Cristo, es el Mesías. Y el que caiga sobre es"
28c0e7a7-cdd3-4473-8c1f-db75a56c002c,2010-03-26,Tiempo de estar en el lugar seguro.,Ve,nida,Venida,Ve-nida,unir,forma_unida_atestiguada,57700,0,"hablara y la roca daría agua para el pueblo. Aquella roca segunda representa la segunda Ve- nida de Cristo, y no era para ser herida por Moisés con la vara; porque la segunda Venida de"
28c0e7a7-cdd3-4473-8c1f-db75a56c002c,2010-03-26,Tiempo de estar en el lugar seguro.,corres,pondiente,correspondiente,corres-pondiente,unir,forma_unida_atestiguada,10957,0,"le dará agua al pueblo. Cuando Moisés hirió aquella roca segunda rompió el tipo y figura corres- pondiente a la segunda Venida de Cristo, y por eso se enojó Dios contra Moisés, y se enojará Dios"
28c0e7a7-cdd3-4473-8c1f-db75a56c002c,2010-03-26,Tiempo de estar en el lugar seguro.,prome,tida,prometida,prome-tida,unir,forma_unida_atestiguada,8583,0,"onsecuencias que tuvo Moisés, no entrará a la Tierra prometida, y no entrará a la Tierra prome- tida del glorioso Reino del Mesías; serán culpables igualmente como aquellos que rechazaron l"
28c0e7a7-cdd3-4473-8c1f-db75a56c002c,2010-03-26,Tiempo de estar en el lugar seguro.,hom,bre,hombre,hom-bre,conservar,forma_con_guion_atestiguada,51081,17,"e 26] ===== 12 William Soto Santiago, Ph.D. conforme a Su Palabra, Él lo comparará con un hom- bre sabio, con un hombre prudente que edificó su casa, que ahondó, cavó y ahondó, y edificó"
28c0e7a7-cdd3-4473-8c1f-db75a56c002c,2010-03-26,Tiempo de estar en el lugar seguro.,Rei,no,Reino,Rei-no,unir,forma_unida_atestiguada,103860,0,"ca, que es Cristo, para que también estén seguros sabiendo que vivirán eternamente en el Rei- no de Dios. Ahora, para el tiempo final tenemos la promesa de la Venida del Hijo del Homb"
28c0e7a7-cdd3-4473-8c1f-db75a56c002c,2010-03-26,Tiempo de estar en el lugar seguro.,genti,les,gentiles,genti-les,unir,forma_unida_atestiguada,14369,0,"s piernas de hierro, los pies de hierro y de barro cocido que representa el reino de los genti- les y sus diferentes etapas por las cuales él pasaría. La cabeza de oro, el imperio babilóni"
28c0e7a7-cdd3-4473-8c1f-db75a56c002c,2010-03-26,Tiempo de estar en el lugar seguro.,Nabu,codonosor,Nabucodonosor,Nabu-codonosor,unir,forma_unida_atestiguada,1350,0,"diferentes etapas por las cuales él pasaría. La cabeza de oro, el imperio babilónico con Nabu- codonosor como rey; el pecho y los brazos de plata ===== [PAGINA 13 de 26] ===== 13 Tiempo de estar"
28c0e7a7-cdd3-4473-8c1f-db75a56c002c,2010-03-26,Tiempo de estar en el lugar seguro.,mus,los,muslos,mus-los,unir,forma_unida_atestiguada,321,0,"===== 13 Tiempo de estar en el lugar seguro como el imperio Medo-Persa, el vientre y los mus- los de bronce como el imperio griego; las piernas de hierro, el imperio romano; y los pies d"
28c0e7a7-cdd3-4473-8c1f-db75a56c002c,2010-03-26,Tiempo de estar en el lugar seguro.,ro,mano,romano,ro-mano,unir,forma_unida_atestiguada,1424,0,"cido que es lo que ha quedado del imperio romano: Los pies de hierro, eso es del imperio ro- mano y están cubiertos de barro cocido. Esa es la sucesión del imperio romano: los pies de hi"
28c0e7a7-cdd3-4473-8c1f-db75a56c002c,2010-03-26,Tiempo de estar en el lugar seguro.,Rei,no,Reino,Rei-no,unir,forma_unida_atestiguada,103860,0,"ro cocido; o sea, que el imperio de los gentiles comienza de arriba hacia abajo, pero el Rei- no del Mesías comienza de abajo hacia arriba y va subiendo de edad en edad, en las diferent"
28c0e7a7-cdd3-4473-8c1f-db75a56c002c,2010-03-26,Tiempo de estar en el lugar seguro.,fun,damento,fundamento,fun-damento,unir,forma_unida_atestiguada,1516,0,"rque al Padre le ha placido daros el Reino.” La Iglesia del Señor Jesucristo tiene como fun- damento a Jesucristo, eso es lo que dice el apóstol Pablo cuando escribe en su carta a los Corin"
28c0e7a7-cdd3-4473-8c1f-db75a56c002c,2010-03-26,Tiempo de estar en el lugar seguro.,Se,ñor,Señor,Se-ñor,conservar,forma_con_guion_atestiguada,142871,1,"26] ===== 14 William Soto Santiago, Ph.D. Jesucristo es el fundamento de la Iglesia del Se- ñor Jesucristo; está fundada sobre la Roca, está fun- dada sobre un lugar seguro, y cada crey"
28c0e7a7-cdd3-4473-8c1f-db75a56c002c,2010-03-26,Tiempo de estar en el lugar seguro.,fun,dada,fundada,fun-dada,unir,forma_unida_atestiguada,304,0,"o es el fundamento de la Iglesia del Se- ñor Jesucristo; está fundada sobre la Roca, está fun- dada sobre un lugar seguro, y cada creyente en Cristo como individuo está fundado sobre la Ro"
28c0e7a7-cdd3-4473-8c1f-db75a56c002c,2010-03-26,Tiempo de estar en el lugar seguro.,Cuer,po,Cuerpo,Cuer-po,unir,forma_unida_atestiguada,88486,0,"sobre la Roca, y está en un lugar seguro. Ahora, la Iglesia del Señor Jesucristo como Cuer- po Místico de creyentes ha estado pasando por di- ferentes etapas, y cada creyente en Cristo"
28c0e7a7-cdd3-4473-8c1f-db75a56c002c,2010-03-26,Tiempo de estar en el lugar seguro.,di,ferentes,diferentes,di-ferentes,unir,forma_unida_atestiguada,12623,0,"la Iglesia del Señor Jesucristo como Cuer- po Místico de creyentes ha estado pasando por di- ferentes etapas, y cada creyente en Cristo tiene que estar en la etapa que corresponde al Cuerpo"
28c0e7a7-cdd3-4473-8c1f-db75a56c002c,2010-03-26,Tiempo de estar en el lugar seguro.,fi,nal,final,fi-nal,unir,forma_unida_atestiguada,47340,0,"ugar seguro cada etapa de la Iglesia, la cual está fundada sobre la Roca, en este tiempo fi- nal el lugar seguro en el Cuerpo Místico de Cristo es la Edad de la Piedra Angular. Es la Ed"
28c0e7a7-cdd3-4473-8c1f-db75a56c002c,2010-03-26,Tiempo de estar en el lugar seguro.,Veni,da,Venida,Veni-da,unir,forma_unida_atestiguada,57700,0,"e la Piedra Angular. Es la Edad Mesiánica también, y por consiguiente es la Edad para la Veni- da de la Piedra Angular, la Venida del Señor en el Día Postrero. Es a Su Iglesia que Él en"
28c0e7a7-cdd3-4473-8c1f-db75a56c002c,2010-03-26,Tiempo de estar en el lugar seguro.,SE,GURO,SEGURO,SE-GURO,unir,forma_unida_atestiguada,2470,0,"emos seguros en este tiempo final, en el Día Postrero. “ES TIEMPO DE ESTAR EN EL LUGAR SE- GURO.” En Cristo, la Roca, en la etapa de la Iglesia que corresponde a nuestro tiempo. Cris"
28c0e7a7-cdd3-4473-8c1f-db75a56c002c,2010-03-26,Tiempo de estar en el lugar seguro.,so,bre,sobre,so-bre,conservar,forma_con_guion_atestiguada,55713,1,"ios pasar y ver la manifestación del Hijo del Hombre en medio de Su Iglesia, y así estar so- bre la Roca que es Cristo en el Día Postrero. En San Lucas también Cristo, dice capítulo 21,"
28c0e7a7-cdd3-4473-8c1f-db75a56c002c,2010-03-26,Tiempo de estar en el lugar seguro.,vues,tros,vuestros,vues-tros,unir,forma_unida_atestiguada,4714,0,"isto, dice capítulo 21, versos 34 al adelante. “Mirad también por vosotros mismos, que vues- tros corazones no se carguen de glotonería y embria- guez y de los afanes de esta vida, y veng"
28c0e7a7-cdd3-4473-8c1f-db75a56c002c,2010-03-26,Tiempo de estar en el lugar seguro.,embria,guez,embriaguez,embria-guez,unir,forma_unida_atestiguada,75,0,"Mirad también por vosotros mismos, que vues- tros corazones no se carguen de glotonería y embria- guez y de los afanes de esta vida, y venga de repente sobre vosotros aquel día. Porque com"
28c0e7a7-cdd3-4473-8c1f-db75a56c002c,2010-03-26,Tiempo de estar en el lugar seguro.,te,nidos,tenidos,te-nidos,unir,forma_unida_atestiguada,222,0,"habitan sobre la faz de toda la tierra. Velad, pues, en todo tiempo orando que seáis te- nidos por dignos de escapar de todas estas cosas que ===== [PAGINA 16 de 26] ===== 16 William S"
28c0e7a7-cdd3-4473-8c1f-db75a56c002c,2010-03-26,Tiempo de estar en el lugar seguro.,Hom,bre,Hombre,Hom-bre,conservar,forma_con_guion_atestiguada,51081,17,"26] ===== 16 William Soto Santiago, Ph.D. vendrán, y de estar en pie delante del Hijo del Hom- bre.” Y ahora, para este tiempo final tenemos que estar sobre la Roca que es Cristo en el"
28c0e7a7-cdd3-4473-8c1f-db75a56c002c,2010-03-26,Tiempo de estar en el lugar seguro.,en,contramos,encontramos,en-contramos,unir,forma_unida_atestiguada,24357,0,"que han de venir sobre la raza humana. Hijo del Hombre es título de profeta; por eso en- contramos que a Jeremías, a Ezequiel y a otros profe- tas Dios les llamó Hijo del Hombre; porque es"
28c0e7a7-cdd3-4473-8c1f-db75a56c002c,2010-03-26,Tiempo de estar en el lugar seguro.,profe,tas,profetas,profe-tas,unir,forma_unida_atestiguada,17442,0,"l Hombre es título de profeta; por eso en- contramos que a Jeremías, a Ezequiel y a otros profe- tas Dios les llamó Hijo del Hombre; porque eso nos habla de la manifestación de Cristo el Án"
28c0e7a7-cdd3-4473-8c1f-db75a56c002c,2010-03-26,Tiempo de estar en el lugar seguro.,Pac,to,Pacto,Pac-to,unir,forma_unida_atestiguada,36086,0,"s llamó Hijo del Hombre; porque eso nos habla de la manifestación de Cristo el Ángel del Pac- to a través de carne humana. Por eso cuando estuvo Jesucristo en la Tierra, Él mismo se lla"
28c0e7a7-cdd3-4473-8c1f-db75a56c002c,2010-03-26,Tiempo de estar en el lugar seguro.,Ve,nida,Venida,Ve-nida,unir,forma_unida_atestiguada,57700,0,"la primera Venida del Señor, la primera Venida de Cristo, y así será también la segunda Ve- nida de Cristo, pues Cristo dijo que como fue en los días de Noé y como fue en los días de Lo"
28c0e7a7-cdd3-4473-8c1f-db75a56c002c,2010-03-26,Tiempo de estar en el lugar seguro.,correspondien,te,correspondiente,correspondien-te,unir,forma_unida_atestiguada,10957,0,"Hijo del Hombre los que estarán fundados sobre la Roca, los cuales estarán en la etapa correspondien- te al Día Postrero que es la etapa de la Edad de la Piedra Angular, en la Iglesia del Señor"
28c0e7a7-cdd3-4473-8c1f-db75a56c002c,2010-03-26,Tiempo de estar en el lugar seguro.,Se,ñor,Señor,Se-ñor,conservar,forma_con_guion_atestiguada,142871,1,"vos, los ministerios de Moisés y Elías. Bajo ese ministerio se completará la Iglesia del Se- ñor Jesucristo y también serán llamados ciento cua- renta y cuatro mil hebreos, doce mil de c"
28c0e7a7-cdd3-4473-8c1f-db75a56c002c,2010-03-26,Tiempo de estar en el lugar seguro.,cua,renta,cuarenta,cua-renta,unir,forma_unida_atestiguada,4720,0,"inisterio se completará la Iglesia del Se- ñor Jesucristo y también serán llamados ciento cua- renta y cuatro mil hebreos, doce mil de cada tribu. Por lo tanto, para este tiempo en el cual"
28c0e7a7-cdd3-4473-8c1f-db75a56c002c,2010-03-26,Tiempo de estar en el lugar seguro.,creyen,tes,creyentes,creyen-tes,unir,forma_unida_atestiguada,19215,0,"o vivir es tiempo de estar en el lugar seguro. En el lugar seguro como Cuerpo Místico de creyen- tes, es la Iglesia del Señor Jesucristo; el lugar seguro como Edad, es la Edad de la Piedra"
28c0e7a7-cdd3-4473-8c1f-db75a56c002c,2010-03-26,Tiempo de estar en el lugar seguro.,en,trelace,entrelace,en-trelace,unir,forma_unida_atestiguada,1135,0,", la Edad vigente delante de Dios en este tiempo final, también tenemos que conocer este en- trelace dispensacional donde se entrelaza la dispen- sación del Reino con la Dispensación de la G"
28c0e7a7-cdd3-4473-8c1f-db75a56c002c,2010-03-26,Tiempo de estar en el lugar seguro.,dispen,sación,dispensación,dispen-sación,unir,union_legitima_certificada_piloto,28784,1,"final, también tenemos que conocer este en- trelace dispensacional donde se entrelaza la dispen- sación del Reino con la Dispensación de la Gracia, y tenemos que conocer qué es la gran Voz de"
28c0e7a7-cdd3-4473-8c1f-db75a56c002c,2010-03-26,Tiempo de estar en el lugar seguro.,Trompe,ta,Trompeta,Trompe-ta,unir,forma_unida_atestiguada,22778,0,"del Reino con la Dispensación de la Gracia, y tenemos que conocer qué es la gran Voz de Trompe- ta o Trompeta final, no estar pensando que será una trompeta literal sino que es la Voz de"
28c0e7a7-cdd3-4473-8c1f-db75a56c002c,2010-03-26,Tiempo de estar en el lugar seguro.,SE,GURO,SEGURO,SE-GURO,unir,forma_unida_atestiguada,2470,0,"este tiempo final, el mensaje del Evangelio del Reino. “ES TIEMPO DE ESTAR EN EL LUGAR SE- GURO.” Es ahí en el lugar seguro donde los muertos en Cristo van a resucitar en cuerpos gl"
28c0e7a7-cdd3-4473-8c1f-db75a56c002c,2010-03-26,Tiempo de estar en el lugar seguro.,mo,mentos,momentos,mo-mentos,unir,forma_unida_atestiguada,5902,0,"o tanto, si alguno todavía no ha recibido a Cristo como Salvador, puede hacerlo en estos mo- mentos y estaremos orando por usted para que Cristo le reciba en Su Reino, le perdone y con Su"
28c0e7a7-cdd3-4473-8c1f-db75a56c002c,2010-03-26,Tiempo de estar en el lugar seguro.,tiem,po,tiempo,tiem-po,unir,forma_unida_atestiguada,128152,0,"es de Cristo, los que todavía no lo han hecho, para que estén en el lugar seguro en este tiem- po final, estén en Cristo, la Roca para tener segura la Vida eterna con Cristo en Su Reino"
28c0e7a7-cdd3-4473-8c1f-db75a56c002c,2010-03-26,Tiempo de estar en el lugar seguro.,perso,nas,personas,perso-nas,unir,forma_unida_atestiguada,36227,0,"del Señor Jesucristo, y cuando se complete ya no habrá oportunidad de salvación para las perso- nas; pero todavía la puerta de la misericordia, de la ===== [PAGINA 20 de 26] ===== 20 Willia"
28c0e7a7-cdd3-4473-8c1f-db75a56c002c,2010-03-26,Tiempo de estar en el lugar seguro.,opor,tunidad,oportunidad,opor-tunidad,unir,forma_unida_atestiguada,5352,0,"6] ===== 20 William Soto Santiago, Ph.D. salvación, está abierta; y por consiguiente, hay opor- tunidad de obtener el perdón de pecados recibiendo a Cristo Salvador para entrar al lugar seguro"
28c0e7a7-cdd3-4473-8c1f-db75a56c002c,2010-03-26,Tiempo de estar en el lugar seguro.,consi,guiente,consiguiente,consi-guiente,unir,forma_unida_atestiguada,17142,0,"r para entrar al lugar seguro, entrar a Cristo, la Roca, estar sobre la Roca y estar por consi- guiente en el lugar seguro que es Cristo nuestro Sal- vador. Dios tiene mucho pueblo en esta he"
28c0e7a7-cdd3-4473-8c1f-db75a56c002c,2010-03-26,Tiempo de estar en el lugar seguro.,Sal,vador,Salvador,Sal-vador,unir,forma_unida_atestiguada,45332,0,", estar sobre la Roca y estar por consi- guiente en el lugar seguro que es Cristo nuestro Sal- vador. Dios tiene mucho pueblo en esta hermosa na- ción, Venezuela, y los está llamando para"
28c0e7a7-cdd3-4473-8c1f-db75a56c002c,2010-03-26,Tiempo de estar en el lugar seguro.,na,ción,nación,na-ción,unir,forma_unida_atestiguada,7270,0,"lugar seguro que es Cristo nuestro Sal- vador. Dios tiene mucho pueblo en esta hermosa na- ción, Venezuela, y los está llamando para colocar- los en Cristo que es el lugar seguro para t"
28c0e7a7-cdd3-4473-8c1f-db75a56c002c,2010-03-26,Tiempo de estar en el lugar seguro.,colocar,los,colocarlos,colocar-los,unir,forma_unida_atestiguada,318,0,". Dios tiene mucho pueblo en esta hermosa na- ción, Venezuela, y los está llamando para colocar- los en Cristo que es el lugar seguro para todos los seres humanos. Cristo es la Roca, Cristo"
28c0e7a7-cdd3-4473-8c1f-db75a56c002c,2010-03-26,Tiempo de estar en el lugar seguro.,di,mensión,dimensión,di-mensión,conservar,forma_con_guion_atestiguada,16772,5,"ndo terminen sus días en esta Tierra y termine su vida física puedan ir al Paraíso, a la di- mensión donde están todos los creyentes en Cristo que han muerto físicamente, pues todos queremo"
28c0e7a7-cdd3-4473-8c1f-db75a56c002c,2010-03-26,Tiempo de estar en el lugar seguro.,per,sonas,personas,per-sonas,unir,forma_unida_atestiguada,36227,0,"e es Cristo, la Roca, nuestro Salvador. Vamos a estar puestos en pie para orar por las per- sonas que han venido a los Pies de Cristo. En las demás naciones también pueden continuar vini"
28c0e7a7-cdd3-4473-8c1f-db75a56c002c,2010-03-26,Tiempo de estar en el lugar seguro.,eter,namente,eternamente,eter-namente,unir,forma_unida_atestiguada,10667,0,"ue Cristo le coloque en el lugar seguro, pues todos queremos estar seguros que viviremos eter- namente. Todos queremos estar seguros que cuan- do nuestro cuerpo físico muera, en alma y espírit"
28c0e7a7-cdd3-4473-8c1f-db75a56c002c,2010-03-26,Tiempo de estar en el lugar seguro.,cuan,do,cuando,cuan-do,conservar,forma_con_guion_atestiguada,102236,1,"odos queremos estar seguros que viviremos eter- namente. Todos queremos estar seguros que cuan- do nuestro cuerpo físico muera, en alma y espíritu vayamos al Cielo, al Paraíso; todos quer"
28c0e7a7-cdd3-4473-8c1f-db75a56c002c,2010-03-26,Tiempo de estar en el lugar seguro.,corres,pondiente,correspondiente,corres-pondiente,unir,forma_unida_atestiguada,10957,0,"la Vida eterna para lo cual tenemos que estar en el lugar seguro, en Cristo en la etapa corres- pondiente a nuestro tiempo, en la Iglesia del Señor Jesucristo. Con nuestras manos levantadas al"
28c0e7a7-cdd3-4473-8c1f-db75a56c002c,2010-03-26,Tiempo de estar en el lugar seguro.,Nom,bre,Nombre,Nom-bre,conservar,forma_con_guion_atestiguada,63746,5,"lio y nació Tu fe en mi corazón. Señor creo en Ti, creo en Tu primera Venida, creo en Tu Nom- bre como el único Nombre bajo el Cielo en el cual podemos ser salvos, y creo, creo en Tu mue"
28c0e7a7-cdd3-4473-8c1f-db75a56c002c,2010-03-26,Tiempo de estar en el lugar seguro.,Sal,vador,Salvador,Sal-vador,unir,forma_unida_atestiguada,45332,0,acrificio de Expiación por nuestros pecados. Y reconozco que soy pecador y necesito un Sal- vador; doy testimonio público de mi fe en Tí y Te re- cibo como mi único y suficiente Salvador.
28c0e7a7-cdd3-4473-8c1f-db75a56c002c,2010-03-26,Tiempo de estar en el lugar seguro.,re,cibo,recibo,re-cibo,unir,forma_unida_atestiguada,1451,0,ozco que soy pecador y necesito un Sal- vador; doy testimonio público de mi fe en Tí y Te re- cibo como mi único y suficiente Salvador. Te ruego ===== [PAGINA 23 de 26] ===== 23 Tiempo de
28c0e7a7-cdd3-4473-8c1f-db75a56c002c,2010-03-26,Tiempo de estar en el lugar seguro.,nacimien,to,nacimiento,nacimien-to,unir,forma_unida_atestiguada,15894,0,"y Fuego luego que yo sea bautizado en agua en Tu Nombre, y sea producido en mí el nuevo nacimien- to. Señor, me rindo a Tí en alma, espíritu y cuerpo, sálvame Señor, Te lo ruego en Tu Nombr"
28c0e7a7-cdd3-4473-8c1f-db75a56c002c,2010-03-26,Tiempo de estar en el lugar seguro.,Cris,to,Cristo,Cris-to,conservar,forma_con_guion_atestiguada,278186,1,"eterno y glorioso, Señor Jesucristo. Amén. Y con nuestras manos levantadas al Cielo, a Cris- to, todos decimos: ¡La Sangre del Señor Jesucristo me limpió de todo pecado! ¡La Sangre del"
28c0e7a7-cdd3-4473-8c1f-db75a56c002c,2010-03-26,Tiempo de estar en el lugar seguro.,recibi,do,recibido,recibi-do,unir,forma_unida_atestiguada,14423,0,"les ha recibido en Su Reino, ha perdonado todos vuestros pecados, porque ustedes le han recibi- do como vuestro único y suficiente Salvador. Ustedes me dirán: “Quiero ser bautizado en ag"
28c0e7a7-cdd3-4473-8c1f-db75a56c002c,2010-03-26,Tiempo de estar en el lugar seguro.,por,que,porque,por-que,unir,forma_unida_atestiguada,137979,0,"es me dirán: “Quiero ser bautizado en agua en el Nombre del Señor lo más pronto posible, por- que Él dijo: ‘El que creyere y fuere bautizado, será salvo, mas el que no creyere será conde"
28c0e7a7-cdd3-4473-8c1f-db75a56c002c,2010-03-26,Tiempo de estar en el lugar seguro.,bau,tizado,bautizado,bau-tizado,unir,forma_unida_atestiguada,10524,0,"6] ===== 24 William Soto Santiago, Ph.D. recibí como mi Salvador, por lo tanto quiero ser bau- tizado en agua en Su Nombre. ¿Cuándo me pueden bautizar?” Es la pregunta desde lo profundo de v"
28c0e7a7-cdd3-4473-8c1f-db75a56c002c,2010-03-26,Tiempo de estar en el lugar seguro.,vues,tro,vuestro,vues-tro,unir,forma_unida_atestiguada,4308,0,"o en agua en Su Nombre. ¿Cuándo me pueden bautizar?” Es la pregunta desde lo profundo de vues- tro corazón. Por cuanto ustedes han creído en Cristo de todo corazón, bien pueden ser bautiz"
28c0e7a7-cdd3-4473-8c1f-db75a56c002c,2010-03-26,Tiempo de estar en el lugar seguro.,naci,miento,nacimiento,naci-miento,conservar,forma_con_guion_atestiguada,15894,1,mbre. Y que Cristo les bautice con Espíritu Santo y Fuego y produzca en ustedes el nuevo naci- miento. El bautismo en agua es un mandamiento del Se- ñor Jesucristo. El mismo Jesucristo fue
28c0e7a7-cdd3-4473-8c1f-db75a56c002c,2010-03-26,Tiempo de estar en el lugar seguro.,Se,ñor,Señor,Se-ñor,conservar,forma_con_guion_atestiguada,142871,1,y produzca en ustedes el nuevo naci- miento. El bautismo en agua es un mandamiento del Se- ñor Jesucristo. El mismo Jesucristo fue bautizado por Juan el Bautista. Cuando Él fue donde
28c0e7a7-cdd3-4473-8c1f-db75a56c002c,2010-03-26,Tiempo de estar en el lugar seguro.,bauti,zó,bautizó,bauti-zó,unir,forma_unida_atestiguada,999,0,"te bautice?” Y Jesús le dice a Juan: “Nos conviene cumplir toda justicia,” y entonces lo bauti- zó. Si Cristo para cumplir toda justicia le convenía ser bautizado en agua por Juan el Baut"
28c0e7a7-cdd3-4473-8c1f-db75a56c002c,2010-03-26,Tiempo de estar en el lugar seguro.,tipológicamen,te,tipológicamente,tipológicamen-te,unir,forma_unida_atestiguada,754,0,"muere al mundo. Y cuando es sumergido en las aguas bautismales en el Nombre del Señor, tipológicamen- te está siendo sepultado. Y cuando es levantado de las aguas bautismales, está resucitando"
28c0e7a7-cdd3-4473-8c1f-db75a56c002c,2010-03-26,Tiempo de estar en el lugar seguro.,Muer,te,Muerte,Muer-te,unir,forma_unida_atestiguada,17867,0,"el bautismo en agua nos identificamos con Cristo en Su muerte, sepultura y resurrección. Muer- te, sepultura y resurrección, es ahí la identificación que se realiza en el bautismo en agu"
28c0e7a7-cdd3-4473-8c1f-db75a56c002c,2010-03-26,Tiempo de estar en el lugar seguro.,na,cimiento,nacimiento,na-cimiento,unir,forma_unida_atestiguada,15894,0,ados. Y que Cristo les bautice con Espíritu Santo y Fuego y produzca en ustedes el nuevo na- cimiento; y nos continuaremos viendo por toda la eternidad en el Reino glorioso de nuestro amado
28c0e7a7-cdd3-4473-8c1f-db75a56c002c,2010-03-26,Tiempo de estar en el lugar seguro.,Salva,dor,Salvador,Salva-dor,unir,forma_unida_atestiguada,45332,0,"o y produciendo en nosotros el nuevo nacimiento. Que las bendiciones de Cristo nuestro Salva- dor sean sobre todos ustedes, y nos continuaremos viendo por toda la eternidad en el glorios"
28c0e7a7-cdd3-4473-8c1f-db75a56c002c,2010-03-26,Tiempo de estar en el lugar seguro.,nues,tro,nuestro,nues-tro,unir,forma_unida_atestiguada,60979,0,"igan a sus familiares también para que se coloquen en el lugar seguro, que es Jesucristo nues- tro Salvador y puedan vivir eternamente con Cristo en Su Reino. Que Dios les bendiga y les"
28c0e7a7-cdd3-4473-8c1f-db75a56c002c,2010-03-26,Tiempo de estar en el lugar seguro.,SE,GURO,SEGURO,SE-GURO,unir,forma_unida_atestiguada,2470,0,eliz llena de las bendiciones de Cristo nuestro Salvador. “TIEMPO DE ESTAR EN EL LUGAR SE- GURO.”
c74a65d7-1634-4c08-844b-71d8c290016e,1998-04-23,Perseverando hasta la Victoria Final.,tes,timonio,testimonio,tes-timonio,unir,forma_unida_atestiguada,16255,0,"mí un privilegio muy grande estar con ustedes aquí en Chihuahua, Chihuahua, para darles tes- timonio de estas bendiciones prometidas por Cristo para cada uno de ustedes y para mí también."
c74a65d7-1634-4c08-844b-71d8c290016e,1998-04-23,Perseverando hasta la Victoria Final.,Apo,calipsis,Apocalipsis,Apo-calipsis,conservar,forma_con_guion_atestiguada,23750,1,"ansfiguración en el capítulo 17 de San Mateo; y en Apocalipsis, capítulo 1; y también en Apo- calipsis, capítulo 10: el Ángel Fuerte que desciende del Cielo viene con Su rostro resplandeciend"
c74a65d7-1634-4c08-844b-71d8c290016e,1998-04-23,Perseverando hasta la Victoria Final.,llaman,do,llamando,llaman-do,unir,forma_unida_atestiguada,5467,0,"o este misterio del Séptimo Sello y de la Séptima Trompeta, esa Trompeta Final sonando y llaman- do y juntando a todos los escogidos de Dios. Y los que estamos vivos continuaremos PERSEVE"
c74a65d7-1634-4c08-844b-71d8c290016e,1998-04-23,Perseverando hasta la Victoria Final.,PERSEVE,RANDO,PERSEVERANDO,PERSEVE-RANDO,unir,forma_unida_atestiguada,447,0,"man- do y juntando a todos los escogidos de Dios. Y los que estamos vivos continuaremos PERSEVE- RANDO HASTA LA VICTORIA FINAL, en donde los muertos en Cristo resucitarán en cuerpos eternos y"
c74a65d7-1634-4c08-844b-71d8c290016e,1998-04-23,Perseverando hasta la Victoria Final.,incorrup,ción,incorrupción,incorrup-ción,unir,forma_unida_atestiguada,769,0,"n, y esto mortal se vista de inmortalidad. Y cuando esto corruptible se haya vestido de incorrup- ción, y esto mortal se haya vestido de inmortalidad, en- tonces se cumplirá la palabra que est"
c74a65d7-1634-4c08-844b-71d8c290016e,1998-04-23,Perseverando hasta la Victoria Final.,en,tonces,entonces,en-tonces,unir,forma_unida_atestiguada,61252,0,"uptible se haya vestido de incorrup- ción, y esto mortal se haya vestido de inmortalidad, en- tonces se cumplirá la palabra que está escrita: Sorbida es la muerte en victoria”. Ahí tenemo"
c74a65d7-1634-4c08-844b-71d8c290016e,1998-04-23,Perseverando hasta la Victoria Final.,inmortali,dad,inmortalidad,inmortali-dad,unir,forma_unida_atestiguada,1174,0,"crita: Sorbida es la muerte en victoria”. Ahí tenemos la victoria final: obteniendo la inmortali- dad, al obtener un nuevo cuerpo inmortal e incorruptible, PERSEVERANDO HASTA LA VICTORIA FIN"
c74a65d7-1634-4c08-844b-71d8c290016e,1998-04-23,Perseverando hasta la Victoria Final.,Espí,ritu,Espíritu,Espí-ritu,unir,forma_unida_atestiguada,85803,0,"os será dado lo que habéis de hablar. Porque no sois vosotros los que habláis, sino el Espí- ritu de vuestro Padre que habla en vosotros. El hermano entregará a la muerte al hermano, y"
c74a65d7-1634-4c08-844b-71d8c290016e,1998-04-23,Perseverando hasta la Victoria Final.,ben,diga,bendiga,ben-diga,unir,forma_unida_atestiguada,9927,0,", antes que venga el Hijo del Hombre”. Que Dios bendiga Su Palabra en nuestras almas y ben- diga nuestras almas con Su Palabra y nos permita enten- derla. Nuestro tema es: “PERSEVERAND"
c74a65d7-1634-4c08-844b-71d8c290016e,1998-04-23,Perseverando hasta la Victoria Final.,enten,derla,entenderla,enten-derla,unir,forma_unida_atestiguada,2347,0,"diga Su Palabra en nuestras almas y ben- diga nuestras almas con Su Palabra y nos permita enten- derla. Nuestro tema es: “PERSEVERANDO HASTA LA VICTORIA FINAL”. Conforme a las Escrituras,"
c74a65d7-1634-4c08-844b-71d8c290016e,1998-04-23,Perseverando hasta la Victoria Final.,perse,verar,perseverar,perse-verar,unir,forma_unida_atestiguada,130,0,"s a imagen y semejanza de nuestro amado Señor Jesucristo; pero Cristo señala que debemos perse- verar hasta el fin, hasta que obtengamos esa victoria. Si el cuerpo físico muere, no hay ning"
c74a65d7-1634-4c08-844b-71d8c290016e,1998-04-23,Perseverando hasta la Victoria Final.,nacimien,to,nacimiento,nacimien-to,unir,forma_unida_atestiguada,15894,0,"Obra de Redención en la Cruz del Calvario. Y para recibir salvación y obtener el nuevo nacimien- to, se requiere que la persona escuche el Evangelio de la Gracia, que revela el misterio de"
c74a65d7-1634-4c08-844b-71d8c290016e,1998-04-23,Perseverando hasta la Victoria Final.,rapta,dos,raptados,rapta-dos,unir,forma_unida_atestiguada,1907,0,"z del Calvario quitando nuestros pecados. Y para en el Día Postrero ser transformados y rapta- dos (para obtener la redención del cuerpo, que es nuestra transformación), se requiere que l"
c74a65d7-1634-4c08-844b-71d8c290016e,1998-04-23,Perseverando hasta la Victoria Final.,es,cuchemos,escuchemos,es-cuchemos,unir,forma_unida_atestiguada,181,0,"ención del cuerpo, que es nuestra transformación), se requiere que los que estamos vivos es- cuchemos la Trompeta Final, esa Gran Voz de Trompeta del Evangelio del Reino, que gira alrededor"
c74a65d7-1634-4c08-844b-71d8c290016e,1998-04-23,Perseverando hasta la Victoria Final.,juntar,nos,juntarnos,juntar-nos,unir,forma_unida_atestiguada,4,0,"uerpo eterno, resucitarlos en un cuerpo eterno, y a nosotros los que vivimos llamarnos y juntar- nos y transformarnos en este tiempo final; y así darnos un cuerpo eterno, como Él lo ha prom"
c74a65d7-1634-4c08-844b-71d8c290016e,1998-04-23,Perseverando hasta la Victoria Final.,es,tarán,estarán,es-tarán,unir,forma_unida_atestiguada,9853,0,"en Cristo resucitar y nosotros los que vivimos ser transformados, los escogidos de Dios es- tarán viendo la Segunda Venida de Cristo y estarán escu- chando la Voz de Cristo, esa Gran Voz"
c74a65d7-1634-4c08-844b-71d8c290016e,1998-04-23,Perseverando hasta la Victoria Final.,escu,chando,escuchando,escu-chando,unir,forma_unida_atestiguada,5556,0,"ansformados, los escogidos de Dios es- tarán viendo la Segunda Venida de Cristo y estarán escu- chando la Voz de Cristo, esa Gran Voz de Trompeta, esa Trompeta Final, que es la Segunda Venida"
c74a65d7-1634-4c08-844b-71d8c290016e,1998-04-23,Perseverando hasta la Victoria Final.,re,vele,revele,re-vele,unir,forma_unida_atestiguada,976,0,"4] ===== Dr. William Soto Santiago 44 “Porque no hará nada el Señor Jehová, sin que antes re- vele Sus secretos a Sus siervos Sus profetas”, dice Amós, capítulo 3, verso 7. Si Él va a h"
c74a65d7-1634-4c08-844b-71d8c290016e,1998-04-23,Perseverando hasta la Victoria Final.,Jesu,cristo,Jesucristo,Jesu-cristo,conservar,forma_con_guion_atestiguada,146878,19,"o, que son ambas cosas la Venida del Señor) sea revelada, dada a conocer a la Iglesia de Jesu- cristo; y así todos tengamos la fe de rapto, que es la fe, la revelación, de la Segunda Venida"
c74a65d7-1634-4c08-844b-71d8c290016e,1998-04-23,Perseverando hasta la Victoria Final.,comu,nican,comunican,comu-nican,unir,forma_unida_atestiguada,14,0,"en Cristo, que será en cuerpos eternos. Ahora, en ese cuerpo teofánico las personas se comu- nican la una con la otra, las unas con las otras, hablan, y ni se cansan de estar allí en el P"
c74a65d7-1634-4c08-844b-71d8c290016e,1998-04-23,Perseverando hasta la Victoria Final.,eter,no,eterno,eter-no,unir,forma_unida_atestiguada,24890,0,"s, nosotros vamos a ser transformados y vamos a tener también un nuevo cuerpo, un cuerpo eter- no; y así hemos de obtener la victoria final. Vean cómo San Pablo nos habla de esta victor"
c74a65d7-1634-4c08-844b-71d8c290016e,1998-04-23,Perseverando hasta la Victoria Final.,resucita,rá,resucitará,resucita-rá,unir,forma_unida_atestiguada,2840,0,"uerpo mortal que tenemos es corruptible y temporal; se siembra en ese cuerpo, pero luego resucita- rá en incorrupción, o sea, resucitará en un cuerpo eterno, un cuerpo glorificado, un nuevo"
c74a65d7-1634-4c08-844b-71d8c290016e,1998-04-23,Perseverando hasta la Victoria Final.,in,mortal,inmortal,in-mortal,unir,forma_unida_atestiguada,3721,0,"y mamá; pero luego recibiremos el cuerpo espiritual, el cuerpo incorruptible, el cuerpo in- mortal, el cual Cristo nos dará; porque ese es el cuerpo que les dará a todos los creyentes en"
c74a65d7-1634-4c08-844b-71d8c290016e,1998-04-23,Perseverando hasta la Victoria Final.,mile,nio,milenio,mile-nio,conservar,forma_con_guion_atestiguada,11047,1,"o. Él es la cabeza de esa nueva raza. Y ahora, es en el Día Postrero (que es el séptimo mile- nio) en el cual y para el cual Cristo ha prometido que va a resucitar a los muertos que han"
c74a65d7-1634-4c08-844b-71d8c290016e,1998-04-23,Perseverando hasta la Victoria Final.,cre,yente,creyente,cre-yente,unir,forma_unida_atestiguada,3830,0,"o le resucitaré en el día postrero”. ¿Cuándo dice Jesucristo que lo va a resucitar, al cre- yente en Él, al que ha creído en Él? En el Día Postrero. Perseverando hasta la victoria final 4"
c74a65d7-1634-4c08-844b-71d8c290016e,1998-04-23,Perseverando hasta la Victoria Final.,esta,rán,estarán,esta-rán,unir,forma_unida_atestiguada,9853,0,"o del Hombre, viene con Moisés y Elías. Y dondequiera que esté el Hijo del Hombre, ahí esta- rán Moisés y Elías; dondequiera que esté el Sol de Justi- cia, ahí estarán Sus alas, que trae"
c74a65d7-1634-4c08-844b-71d8c290016e,1998-04-23,Perseverando hasta la Victoria Final.,Justi,cia,Justicia,Justi-cia,unir,forma_unida_atestiguada,5597,0,"que esté el Hijo del Hombre, ahí esta- rán Moisés y Elías; dondequiera que esté el Sol de Justi- cia, ahí estarán Sus alas, que traerán salvación, que son Moisés y Elías, los Dos Olivos, qu"
c74a65d7-1634-4c08-844b-71d8c290016e,1998-04-23,Perseverando hasta la Victoria Final.,esco,gidos,escogidos,esco-gidos,unir,forma_unida_atestiguada,24653,0,", los Dos Olivos, que vienen con la Gran Voz de Trompeta llamando y juntando a todos los esco- gidos de Dios con el Mensaje de la Gran Voz de Trom- peta del Evangelio del Reino, revelando el"
c74a65d7-1634-4c08-844b-71d8c290016e,1998-04-23,Perseverando hasta la Victoria Final.,Trom,peta,Trompeta,Trom-peta,unir,forma_unida_atestiguada,22778,0,"peta llamando y juntando a todos los esco- gidos de Dios con el Mensaje de la Gran Voz de Trom- peta del Evangelio del Reino, revelando el misterio del Séptimo Sello, el misterio de la Veni"
c74a65d7-1634-4c08-844b-71d8c290016e,1998-04-23,Perseverando hasta la Victoria Final.,reve,lado,revelado,reve-lado,unir,forma_unida_atestiguada,5378,0,anto en el Día Postrero a la Edad de la Piedra Angular y Dispensación del Reino velado y reve- lado en Su Ángel Mensajero y hablándonos por medio de Su Ángel Mensajero todas estas cosas qu
c74a65d7-1634-4c08-844b-71d8c290016e,1998-04-23,Perseverando hasta la Victoria Final.,Testa,mento,Testamento,Testa-mento,unir,forma_unida_atestiguada,12385,0,"e escuchada en cada edad por medio de cada ángel mensajero de cada edad, y en el Antiguo Testa- mento por medio de los profetas de Dios. Dios, dice San Pablo que habló por medio de Sus pro-"
c74a65d7-1634-4c08-844b-71d8c290016e,1998-04-23,Perseverando hasta la Victoria Final.,pro,fetas,profetas,pro-fetas,unir,forma_unida_atestiguada,17442,0,"ento por medio de los profetas de Dios. Dios, dice San Pablo que habló por medio de Sus pro- fetas al pueblo hebreo, y luego habló por medio de Su Hijo; porque siempre, cuando Dios le hab"
c74a65d7-1634-4c08-844b-71d8c290016e,1998-04-23,Perseverando hasta la Victoria Final.,hu,mana,humana,hu-mana,unir,forma_unida_atestiguada,20462,0,"breo, y luego habló por medio de Su Hijo; porque siempre, cuando Dios le habla a la raza hu- mana, lo hace por medio de un hombre, de un profeta; ===== [PAGINA 7 de 24] ===== Dr. William"
c74a65d7-1634-4c08-844b-71d8c290016e,1998-04-23,Perseverando hasta la Victoria Final.,co,sas,cosas,co-sas,unir,forma_unida_atestiguada,61060,0,"de Su Ángel Mensajero, con esa Gran Voz de Trompeta del Evangelio del Reino, todas estas co- sas que deben suceder pronto. Y así estaría hablándonos con esa Gran Voz de Trompeta el mi"
c74a65d7-1634-4c08-844b-71d8c290016e,1998-04-23,Perseverando hasta la Victoria Final.,repre,senta,representa,repre-senta,unir,forma_unida_atestiguada,5891,0,"y en Sus alas trayendo salvación. El sol literal no tiene alas, pero por cuanto el sol repre- senta a Cristo y el sol naciendo representa a Cristo en Su Segunda Venida, encontramos que Sus"
c74a65d7-1634-4c08-844b-71d8c290016e,1998-04-23,Perseverando hasta la Victoria Final.,ade,lante,adelante,ade-lante,unir,forma_unida_atestiguada,27581,0,"zaro. Aquí tenemos la historia, en el capítulo 11 de San Juan; vean ustedes, verso 21 en ade- lante (para no leer mucho) dice: “Y Marta dijo a Jesús: Señor, si hubieses estado aquí, mi h"
c74a65d7-1634-4c08-844b-71d8c290016e,1998-04-23,Perseverando hasta la Victoria Final.,cre,yentes,creyentes,cre-yentes,unir,forma_unida_atestiguada,19215,0,"anteriormente, en el capítulo 6, ya Jesús había hablado acerca de la resurrección de los cre- yentes en Él, y dijo que sería para el Día Postrero. Y ahora Marta le está hablando a Jesús con"
c74a65d7-1634-4c08-844b-71d8c290016e,1998-04-23,Perseverando hasta la Victoria Final.,pos,trero,postrero,pos-trero,conservar,forma_con_guion_atestiguada,29745,1,"a la enseñanza de Jesús; le dice: “Yo sé que resucitará en la resurrección, en el día pos- trero (porque Jesús había enseñado que en el Día Postrero Él resucitaría a los creyentes en Él"
c74a65d7-1634-4c08-844b-71d8c290016e,1998-04-23,Perseverando hasta la Victoria Final.,eterna,mente,eternamente,eterna-mente,unir,forma_unida_atestiguada,10667,0,"8 cree en mí, aunque esté muerto, vivirá. Y todo aquel que vive y cree en mí, no morirá eterna- mente. ¿Crees esto? Le dijo (Marta): Sí, Señor; yo he creído que tú eres el Cristo, el Hijo"
c74a65d7-1634-4c08-844b-71d8c290016e,1998-04-23,Perseverando hasta la Victoria Final.,Lá,zaro,Lázaro,Lá-zaro,unir,forma_unida_atestiguada,2275,0,"ue tenía Marta de quién era Jesús. Y ahora, Cristo aquí en este pasaje va a resucitar a Lá- zaro, y esa resurrección de Lázaro va a ser tipo y figura de la resurrección de los muertos e"
c74a65d7-1634-4c08-844b-71d8c290016e,1998-04-23,Perseverando hasta la Victoria Final.,Postre,ro,Postrero,Postre-ro,unir,forma_unida_atestiguada,29745,0,n de Lázaro va a ser tipo y figura de la resurrección de los muertos en Cristo en el Día Postre- ro; allí Cristo está colocando el tipo y figura de lo que Él ha de hacer en el Día Postrero
c74a65d7-1634-4c08-844b-71d8c290016e,1998-04-23,Perseverando hasta la Victoria Final.,ignora,mos,ignoramos,ignora-mos,unir,forma_unida_atestiguada,19,0,"s como mil años, y mil años como un día”. Es algo que no se puede ignorar, porque si lo ignora- mos nunca podemos saber cuáles son los días postreros y cuál es el Día Postrero delante de D"
c74a65d7-1634-4c08-844b-71d8c290016e,1998-04-23,Perseverando hasta la Victoria Final.,hu,manos,humanos,hu-manos,conservar,forma_con_guion_atestiguada,9525,1,"es el Día Postrero delante de Dios. Los días postreros delante de Dios, para los seres hu- manos son los milenios postreros, que son el quinto mi- lenio, sexto milenio y séptimo milenio;"
c74a65d7-1634-4c08-844b-71d8c290016e,1998-04-23,Perseverando hasta la Victoria Final.,mi,lenio,milenio,mi-lenio,unir,forma_unida_atestiguada,11047,0,"s delante de Dios, para los seres hu- manos son los milenios postreros, que son el quinto mi- lenio, sexto milenio y séptimo milenio; y el Día Postrero delante de Dios es el séptimo mileni"
c74a65d7-1634-4c08-844b-71d8c290016e,1998-04-23,Perseverando hasta la Victoria Final.,co,menzaron,comenzaron,co-menzaron,unir,forma_unida_atestiguada,1141,0,"or Jesucristo tenía de 4 a 7 años de edad, comenzó el quinto milenio; y por consiguiente co- menzaron los días postreros, porque comenzó el primero de los días postreros delante de Dios, que"
c74a65d7-1634-4c08-844b-71d8c290016e,1998-04-23,Perseverando hasta la Victoria Final.,su,biendo,subiendo,su-biendo,unir,forma_unida_atestiguada,744,0,"emos con Cristo a la Cena de las Bodas del Cordero en el Cielo; y diremos cuando estemos su- biendo: “¡Alzaos, oh puertas eternas, vuestras cabezas, y alzaos vosotras, puertas eternas!”."
c74a65d7-1634-4c08-844b-71d8c290016e,1998-04-23,Perseverando hasta la Victoria Final.,seño,res,señores,seño-res,unir,forma_unida_atestiguada,5986,0,"del Antiguo Testamento, y Él es el Rey de la gloria, y Él es el Rey de reyes y Señor de seño- res. Y Él es Rey en la séptima dimensión, Él es Rey en la sexta dimensión y Él es Rey en est"
c74a65d7-1634-4c08-844b-71d8c290016e,1998-04-23,Perseverando hasta la Victoria Final.,vi,vos,vivos,vi-vos,unir,forma_unida_atestiguada,5650,0,"edes la bendición tan grande que Dios predestinó, destinó, ordenó, para los que estarían vi- vos en este tiempo final y verían la Venida de Jesucristo en Espíritu Santo a la Edad de la"
c74a65d7-1634-4c08-844b-71d8c290016e,1998-04-23,Perseverando hasta la Victoria Final.,es,taría,estaría,es-taría,unir,forma_unida_atestiguada,4536,0,"dad de la Piedra Angular; en donde una nueva dispensación, la Dispensación del Reino, se es- taría entrelazando con la Dispensación de la Gracia, y en ===== [PAGINA 9 de 24] ===== Dr. Will"
c74a65d7-1634-4c08-844b-71d8c290016e,1998-04-23,Perseverando hasta la Victoria Final.,condenan,do,condenando,condenan-do,unir,forma_unida_atestiguada,16,0,"lí encarceladas: No les predicó un Mensaje de salvación, sino un Mensaje de condenación, condenan- do la incredulidad de ellos y dando testimonio que Noé estaba correcto y que ellos fueron i"
c74a65d7-1634-4c08-844b-71d8c290016e,1998-04-23,Perseverando hasta la Victoria Final.,in,fierno,infierno,in-fierno,conservar,forma_con_guion_atestiguada,3363,1,"sucitar, pudo salir del infierno, pues dice Cristo (después) que Él tiene las llaves del in- fierno y de la muerte6; se las quitó al diablo. Él dice que Él es el que estuvo muerto y aún vi"
c74a65d7-1634-4c08-844b-71d8c290016e,1998-04-23,Perseverando hasta la Victoria Final.,delan,te,delante,delan-te,unir,forma_unida_atestiguada,20007,0,"s el Día Postrero delante de Dios y es también el día tercero de los tres días postreros delan- te de Dios. Así como los tres días postreros de la semana son jueves, viernes y sábado (q"
c74a65d7-1634-4c08-844b-71d8c290016e,1998-04-23,Perseverando hasta la Victoria Final.,consi,guiente,consiguiente,consi-guiente,unir,forma_unida_atestiguada,17142,0,"imos al calendario los años de atraso que tiene, ya estamos en el séptimo milenio, y por consi- guiente ya estamos en el Día Postrero; si no le añadimos al calendario los años de atraso que ti"
c74a65d7-1634-4c08-844b-71d8c290016e,1998-04-23,Perseverando hasta la Victoria Final.,en,tramos,entramos,en-tramos,unir,forma_unida_atestiguada,685,0,"falta algunos meses del año 1998, luego falta el año 1999, y luego el año 2000, y luego en- tramos al primer siglo del séptimo milenio; y así es como entraremos al siglo XXI dentro de muy"
c74a65d7-1634-4c08-844b-71d8c290016e,1998-04-23,Perseverando hasta la Victoria Final.,sabe,mos,sabemos,sabe-mos,unir,forma_unida_atestiguada,6436,0,"ra qué año será la resurrección de los muertos en Cristo? No sabemos en qué año, pero sí sabe- mos que es para el séptimo milenio, para el Día Postrero. Y, miren ustedes, la Primera Veni"
c74a65d7-1634-4c08-844b-71d8c290016e,1998-04-23,Perseverando hasta la Victoria Final.,mi,nisterio,ministerio,mi-nisterio,unir,forma_unida_atestiguada,18790,0,"éptimo milenio, para el Día Postrero. Y, miren ustedes, la Primera Venida de Cristo, Su mi- nisterio, Su muerte y Su resurrección, en donde también resucitaron los santos del Antiguo Testam"
c74a65d7-1634-4c08-844b-71d8c290016e,1998-04-23,Perseverando hasta la Victoria Final.,san,tos,santos,san-tos,unir,forma_unida_atestiguada,5962,0,"erra tembló, y las rocas se partieron; y se abrieron los sepulcros, y muchos cuerpos de san- tos que habían dormido, se levantaron; y saliendo de los sepulcros, después de la resurrecc"
c74a65d7-1634-4c08-844b-71d8c290016e,1998-04-23,Perseverando hasta la Victoria Final.,san,tos,santos,san-tos,unir,forma_unida_atestiguada,5962,0,"l estuvo 40 días aquí en la Tierra; y después ascendió al Cielo, subió al Cielo, con los san- tos del Antiguo Testamento. Y las palabras del Salmo 24, donde dice (vamos a ver)… Salmo 24,"
c74a65d7-1634-4c08-844b-71d8c290016e,1998-04-23,Perseverando hasta la Victoria Final.,lue,go,luego,lue-go,unir,forma_unida_atestiguada,51442,0,", nos habíamos detenido, donde dice: “Mas lo espiritual no es primero, sino lo animal; lue- go lo espiritual”. O sea, primero el cuerpo animal, mortal, corruptible y temporal (ese e"
c74a65d7-1634-4c08-844b-71d8c290016e,1998-04-23,Perseverando hasta la Victoria Final.,incorrup,tible,incorruptible,incorrup-tible,unir,forma_unida_atestiguada,2728,0,"cuerpo igual al cuerpo de nuestro amado Señor Jesucristo, un cuerpo inmortal, un cuerpo incorrup- tible, un cuerpo que permanecerá joven por toda la eterni- dad; permanecerá representando por t"
c74a65d7-1634-4c08-844b-71d8c290016e,1998-04-23,Perseverando hasta la Victoria Final.,eterni,dad,eternidad,eterni-dad,unir,forma_unida_atestiguada,10973,0,"n cuerpo inmortal, un cuerpo incorrup- tible, un cuerpo que permanecerá joven por toda la eterni- dad; permanecerá representando por toda la eternidad de 18 a 21 años de edad. Y ahora, con"
c74a65d7-1634-4c08-844b-71d8c290016e,1998-04-23,Perseverando hasta la Victoria Final.,segun,do,segundo,segun-do,unir,forma_unida_atestiguada,4774,0,"ahora, continuamos leyendo aquí; dice: “El primer hombre es de la tierra, terrenal; el segun- do hombre, que es el Señor, es del cielo. Cual el terrenal (o sea, cual Adán), tales tambi"
c74a65d7-1634-4c08-844b-71d8c290016e,1998-04-23,Perseverando hasta la Victoria Final.,Es,píritu,Espíritu,Es-píritu,unir,forma_unida_atestiguada,85803,0,"Cristo como su Salvador, lava sus pecados en Cristo, en la Sangre de Cristo, y recibe Su Es- píritu; y así nace de nuevo, conforme a como Cristo le dijo a Nicodemo: “De cierto, de cierto t"
c74a65d7-1634-4c08-844b-71d8c290016e,1998-04-23,Perseverando hasta la Victoria Final.,rei,no,reino,rei-no,unir,forma_unida_atestiguada,103860,0,"y le dijo: De cierto, de cierto te digo, que el que no naciere de nuevo, no puede ver el rei- no de Dios (no lo puede entender). Nicodemo le dijo: ¿Cómo puede un hombre nacer siendo v"
c74a65d7-1634-4c08-844b-71d8c290016e,1998-04-23,Perseverando hasta la Victoria Final.,nue,vo,nuevo,nue-vo,unir,forma_unida_atestiguada,53372,0,"ustedes, estableció que para entrar al Reino de Dios se requiere que la persona nazca de nue- vo, creyendo en el Evangelio, creyendo en Cristo como nuestro Salvador, lavando nuestros pe"
c74a65d7-1634-4c08-844b-71d8c290016e,1998-04-23,Perseverando hasta la Victoria Final.,teofá,nico,teofánico,teofá-nico,unir,forma_unida_atestiguada,9486,0,"Su Espíritu Santo, para así poder nacer del Espíritu de Cristo; y así obtener un cuerpo teofá- nico de la sexta dimensión, un cuerpo teofánico parecido a nuestro cuerpo terrenal pero de ot"
c74a65d7-1634-4c08-844b-71d8c290016e,1998-04-23,Perseverando hasta la Victoria Final.,apa,reció,apareció,apa-reció,unir,forma_unida_atestiguada,7128,0,"la sexta dimensión, que es el Paraíso. En esa misma clase de cuerpo fue que Jesucristo apa- reció en el Antiguo Testamento como el Ángel del Pacto o Ángel de Jehová; le apareció a Moisés"
c74a65d7-1634-4c08-844b-71d8c290016e,1998-04-23,Perseverando hasta la Victoria Final.,diferen,tes,diferentes,diferen-tes,unir,forma_unida_atestiguada,12623,0,"; le apareció a Moisés, le apareció a Abraham, le apareció a Jacob y así por el estilo a diferen- tes profetas y hombres de Dios. Perseverando hasta la victoria final 37 con Su Sangre precios"
c74a65d7-1634-4c08-844b-71d8c290016e,1998-04-23,Perseverando hasta la Victoria Final.,visi,ble,visible,visi-ble,unir,forma_unida_atestiguada,1060,0,"ocasión, el día antes de la destrucción de Sodoma y Gomorra, apareció Dios en un cuerpo visi- ble, y apareció con Sus Arcángeles Gabriel y Miguel, y comieron con Abraham el día antes de"
c74a65d7-1634-4c08-844b-71d8c290016e,1998-04-23,Perseverando hasta la Victoria Final.,capí,tulo,capítulo,capí-tulo,unir,forma_unida_atestiguada,69422,0,"Y ese fue el tiempo del cual Cristo hizo referencia en San Juan, capítulo 8, donde dice (capí- tulo 8, verso 56 al 59, dice): “Abraham vuestro padre se gozó de que había de ver mi día; y"
c74a65d7-1634-4c08-844b-71d8c290016e,1998-04-23,Perseverando hasta la Victoria Final.,hom,bres,hombres,hom-bres,conservar,forma_con_guion_atestiguada,7560,3,"de lo que ha sido hecho, fue hecho. En él estaba la vida, y la vida era la luz de los hom- bres. La luz en las tinieblas resplandece, y las tinieblas no prevalecieron contra ella."
c74a65d7-1634-4c08-844b-71d8c290016e,1998-04-23,Perseverando hasta la Victoria Final.,pos,treros,postreros,pos-treros,unir,forma_unida_atestiguada,5771,0,"ara los seres humanos. Sigue diciendo… Vamos a ver esto del Día Postrero y de los días pos- treros en San Pedro, capítulo…, Primera de Pedro, capí- Perseverando hasta la victoria final 33"
c74a65d7-1634-4c08-844b-71d8c290016e,1998-04-23,Perseverando hasta la Victoria Final.,capí,Perseverando,capíPerseverando,capí-Perseverando,conservar,sin_evidencia_lexica_suficiente,0,0,"sto del Día Postrero y de los días pos- treros en San Pedro, capítulo…, Primera de Pedro, capí- Perseverando hasta la victoria final 33 ese Ángel Mensajero estará Jesucristo en Espíritu Santo velad"
c74a65d7-1634-4c08-844b-71d8c290016e,1998-04-23,Perseverando hasta la Victoria Final.,en,viado,enviado,en-viado,unir,forma_unida_atestiguada,12477,0,"labras son fieles y verdaderas. Y el Señor, el Dios de los espíritus de los profetas, ha en- viado su ángel, para mostrar a sus siervos las cosas que deben suceder pronto”. ¿Por medio d"
c74a65d7-1634-4c08-844b-71d8c290016e,1998-04-23,Perseverando hasta la Victoria Final.,mun,do,mundo,mun-do,unir,forma_unida_atestiguada,28414,0,"n cordero sin mancha y sin contaminación, ya destinado desde antes de la fundación del mun- do…”. ¿Desde cuándo estaba destinado Cristo como el Cordero de Dios para morir en la Cruz"
c74a65d7-1634-4c08-844b-71d8c290016e,1998-04-23,Perseverando hasta la Victoria Final.,esta,ba,estaba,esta-ba,unir,forma_unida_atestiguada,50961,0,"el primero de los milenios postreros. Allí fue manifestado el Cordero de Dios, el cual esta- ba destinado desde antes de la fundación del mundo para venir en carne humana y morir en la"
c74a65d7-1634-4c08-844b-71d8c290016e,1998-04-23,Perseverando hasta la Victoria Final.,Cris,to,Cristo,Cris-to,conservar,forma_con_guion_atestiguada,278186,1,"a persona permanece con sus pecados. Y si no se arrepiente de sus pecados, creyendo en Cris- to como nuestro Salvador y arrepintiéndose de sus pecados y lavando sus pecados en la Sangr"
c74a65d7-1634-4c08-844b-71d8c290016e,1998-04-23,Perseverando hasta la Victoria Final.,la,vado,lavado,la-vado,unir,forma_unida_atestiguada,1272,0,ernamente en un cuerpo eterno que Cristo les dará a todos los que han creído en Él y han la- vado sus pecados en la Sangre de Cristo y han recibido Su Espíritu en el tiempo que les ha to
c74a65d7-1634-4c08-844b-71d8c290016e,1998-04-23,Perseverando hasta la Victoria Final.,Cie,lo,Cielo,Cie-lo,unir,forma_unida_atestiguada,49292,0,"cosas que sucederán después de éstas”. Ahora, ¿dónde vamos a subir? ¿Tenemos que ir al Cie- lo para ir a escuchar la Voz de Cristo en el Cielo? ¿Y quién nos va a llevar allá? ¿Qué avi"
c74a65d7-1634-4c08-844b-71d8c290016e,1998-04-23,Perseverando hasta la Victoria Final.,llama,do,llamado,llama-do,unir,forma_unida_atestiguada,11308,0,"de Cristo en el Cielo? “Sube acá…”. Si estuviéramos viviendo en la primera edad, el llama- do de Cristo era por medio de San Pablo para subir a la primera edad de la Iglesia gentil."
c74a65d7-1634-4c08-844b-71d8c290016e,1998-04-23,Perseverando hasta la Victoria Final.,Wi,lliam,William,Wi-lliam,unir,forma_unida_atestiguada,56874,0,"la sexta, era a través de Wesley; si era en la séptima edad, era a través del reverendo Wi- lliam Branham. Y había que subir a la edad donde estaba Cristo manifestado en el mensajero de"
c74a65d7-1634-4c08-844b-71d8c290016e,1998-04-23,Perseverando hasta la Victoria Final.,hablándo,le,hablándole,hablándo-le,unir,forma_unida_atestiguada,2462,0,"Y había que subir a la edad donde estaba Cristo manifestado en el mensajero de esa edad hablándo- le a Su pueblo. ===== [PAGINA 19 de 24] ===== Dr. William Soto Santiago 30 el Día Postrero,"
c74a65d7-1634-4c08-844b-71d8c290016e,1998-04-23,Perseverando hasta la Victoria Final.,Pri,mera,Primera,Pri-mera,unir,forma_unida_atestiguada,24458,0,que vive y permanece para siempre”. Ahora vean la bendición tan grande que ha sido la Pri- mera Venida de Cristo para todos los hijos e hijas de Dios. ===== [PAGINA 20 de 24] ===== Dr.
c74a65d7-1634-4c08-844b-71d8c290016e,1998-04-23,Perseverando hasta la Victoria Final.,glo,rificado,glorificado,glo-rificado,unir,forma_unida_atestiguada,15136,0,"de nuestro amado Señor Jesucristo, iguales a Él, con un cuerpo como el de Él, un cuerpo glo- rificado, y un espíritu teofánico también eterno. “Pero esto digo, hermanos: que la carne y la s"
c74a65d7-1634-4c08-844b-71d8c290016e,1998-04-23,Perseverando hasta la Victoria Final.,trans,currido,transcurrido,trans-currido,conservar,forma_con_guion_atestiguada,1285,1,"s aproximadamente de Cristo hacia acá. Por eso es que durante todos estos años que han trans- currido, el pueblo hebreo por poco es exterminado de la faz de la Tierra; pero por la misericord"
c74a65d7-1634-4c08-844b-71d8c290016e,1998-04-23,Perseverando hasta la Victoria Final.,prome,sa,promesa,prome-sa,unir,forma_unida_atestiguada,16096,0,"ebreo por poco es exterminado de la faz de la Tierra; pero por la misericordia de Dios y prome- sa de Dios a Abraham, a Isaac, a Jacob y también a David, Dios ha acortado esos días de tri"
c74a65d7-1634-4c08-844b-71d8c290016e,1998-04-23,Perseverando hasta la Victoria Final.,veni,do,venido,veni-do,unir,forma_unida_atestiguada,9725,0,"a Isaac, a Jacob y también a David, Dios ha acortado esos días de tribulaciones que han veni- do sobre el pueblo hebreo; porque de otra forma ninguna carne de los hijos de Israel sería"
c74a65d7-1634-4c08-844b-71d8c290016e,1998-04-23,Perseverando hasta la Victoria Final.,deja,ré,dejaré,deja-ré,unir,forma_unida_atestiguada,418,0,"estas cosas que deben suceder pronto. Ahora, vean, Cristo dijo en una ocasión2: “No os deja- ré huérfanos; vendré a vosotros”. Ahora, ¿cómo vendría? Vendría en Espíritu Santo. Y Él est"
c74a65d7-1634-4c08-844b-71d8c290016e,1998-04-23,Perseverando hasta la Victoria Final.,vere,mos,veremos,vere-mos,unir,forma_unida_atestiguada,3071,0,"risto a la Cena de las Bodas del Cordero. Cuando estemos con el cuerpo nuevo, entonces vere- mos a Jesucristo en Su cuerpo glorificado, porque también nosotros tendremos un cuerpo glori"
c74a65d7-1634-4c08-844b-71d8c290016e,1998-04-23,Perseverando hasta la Victoria Final.,muer,tos,muertos,muer-tos,unir,forma_unida_atestiguada,13990,0,"orque ellos están en otra clase de cuerpo. Y cuando nosotros seamos transformados y los muer- tos en Cristo hayan sido resucitados en cuerpos eternos, entonces estaremos en un cuerpo igu"
c74a65d7-1634-4c08-844b-71d8c290016e,1998-04-23,Perseverando hasta la Victoria Final.,glorifi,cado,glorificado,glorifi-cado,unir,forma_unida_atestiguada,15136,0,"mos en un cuerpo igual al de Jesucristo y entonces podemos ver a Jesucristo en Su cuerpo glorifi- cado; pero antes no lo podemos ver, sino que estaremos viendo la manifestación de Jesucristo"
c74a65d7-1634-4c08-844b-71d8c290016e,1998-04-23,Perseverando hasta la Victoria Final.,tiem,po,tiempo,tiem-po,unir,forma_unida_atestiguada,128152,0,"Final diere sonido incierto, ¿quién se preparará para ser transformado y raptado en este tiem- po final? Nadie se podría preparar para ser transformado y raptado; nadie estaría esperando"
c74a65d7-1634-4c08-844b-71d8c290016e,1998-04-23,Perseverando hasta la Victoria Final.,espíri,tu,espíritu,espíri-tu,unir,forma_unida_atestiguada,85803,0,"o que Cristo le dará en el Día Postrero. El ser humano, vean ustedes, es cuerpo físico, espíri- tu (que es otro cuerpo de otra dimensión) y es alma; y el alma es lo más importante del ser"
c74a65d7-1634-4c08-844b-71d8c290016e,1998-04-23,Perseverando hasta la Victoria Final.,Pa,raíso,Paraíso,Pa-raíso,unir,forma_unida_atestiguada,4043,0,"con nosotros en este tiempo final. Ellos no están muertos, sino que ellos viven en el Pa- raíso, que es otra dimensión, así como nosotros vivimos en esta dimensión terrenal de luz, tie"
0bb07719-a941-49db-b42c-e0a364649b8a,2010-02-06,Dónde nos encontramos en el Programa Divino en este tiempo presente.,uste,des,ustedes,uste-des,unir,forma_unida_atestiguada,58433,0,"M uy buenas noches, amables amigos presentes, es para mí un privilegio grande estar con uste- des en esta ocasión para saludarles y ver a través del Libro Sagrado, la Biblia, dónde nos e"
0bb07719-a941-49db-b42c-e0a364649b8a,2010-02-06,Dónde nos encontramos en el Programa Divino en este tiempo presente.,nues,tra,nuestra,nues-tra,unir,forma_unida_atestiguada,22061,0,"e en el Génesis, capítulo 1, versos 26 al 27: “Entonces dijo Dios: Hagamos al hombre a nues- tra imagen, conforme a nuestra semejanza; y seño- ree en los peces del mar, en las aves de lo"
0bb07719-a941-49db-b42c-e0a364649b8a,2010-02-06,Dónde nos encontramos en el Programa Divino en este tiempo presente.,seño,ree,señoree,seño-ree,unir,forma_unida_atestiguada,88,0,"Entonces dijo Dios: Hagamos al hombre a nues- tra imagen, conforme a nuestra semejanza; y seño- ree en los peces del mar, en las aves de los cielos, en las bestias, en toda la tierra, y en"
0bb07719-a941-49db-b42c-e0a364649b8a,2010-02-06,Dónde nos encontramos en el Programa Divino en este tiempo presente.,lle,va,lleva,lle-va,unir,forma_unida_atestiguada,4755,0,"de Dios lo creó; varón y hembra los creó.” En este pasaje encontramos que cuando Dios lle- va a cabo la creación que Él dijo que realizaría —y que sería Su imagen y semejanza—, ahora"
0bb07719-a941-49db-b42c-e0a364649b8a,2010-02-06,Dónde nos encontramos en el Programa Divino en este tiempo presente.,Án,gel,Ángel,Án-gel,unir,forma_unida_atestiguada,55863,0,"to decía: “Antes que Abraham fuese, Yo Soy.” ¿Cómo era Cristo antes de Abraham? Era el Án- gel del Pacto, ese Ángel de Dios a través del cual hablaba Dios a Adán y a todos esos hombre"
0bb07719-a941-49db-b42c-e0a364649b8a,2010-02-06,Dónde nos encontramos en el Programa Divino en este tiempo presente.,de,cían,decían,de-cían,unir,forma_unida_atestiguada,2546,0,"ia bíblica. Por esa causa es que siempre que aparecía el Ángel de Dios, los que lo veían de- cían: “Hemos visto a Dios cara a cara.” Es que ese es el cuerpo angelical de Dios, es Cristo"
0bb07719-a941-49db-b42c-e0a364649b8a,2010-02-06,Dónde nos encontramos en el Programa Divino en este tiempo presente.,jo,ven,joven,jo-ven,unir,forma_unida_atestiguada,3936,0,"y fue conocido por el nombre de Jesús o Yeshua, el cual se crió como un niño, y luego un jo- ven, y luego un adulto, judío-hebreo, circuncidado al octavo día, guardador de la ley, asist"
0bb07719-a941-49db-b42c-e0a364649b8a,2010-02-06,Dónde nos encontramos en el Programa Divino en este tiempo presente.,sina,goga,sinagoga,sina-goga,unir,forma_unida_atestiguada,567,0,"rdador de la ley, asistía a la sinagoga los sábados; y también se levantaba a leer en la sina- goga, también iba a Jerusalén con José y María para la celebración de la Pascua allá en Jerus"
0bb07719-a941-49db-b42c-e0a364649b8a,2010-02-06,Dónde nos encontramos en el Programa Divino en este tiempo presente.,ange,lical,angelical,ange-lical,unir,forma_unida_atestiguada,13437,0,"conforme a nuestra semejanza.” Ya hemos visto lo que es la imagen de Dios: es el cuerpo ange- lical de Dios llamado el Ángel del Pacto. Y cuando Dios creó al hombre a Su imagen, lo que cre"
0bb07719-a941-49db-b42c-e0a364649b8a,2010-02-06,Dónde nos encontramos en el Programa Divino en este tiempo presente.,di,mensión,dimensión,di-mensión,conservar,forma_con_guion_atestiguada,16772,5,"dimensión a la cual pertenece ese cuerpo. Siendo que el cuerpo angelical pertenece a la di- mensión de los ángeles, pues en esa dimensión... un cuerpo angelical, pero luego más adelante Di"
0bb07719-a941-49db-b42c-e0a364649b8a,2010-02-06,Dónde nos encontramos en el Programa Divino en este tiempo presente.,dife,rentes,diferentes,dife-rentes,unir,forma_unida_atestiguada,12623,0,"e planeta Tierra, pero antes estaba en su cuerpo angelical; aparecía en forma de luz, en dife- rentes ocasiones guiaba a las aves, los peces y los animales, como guiaba Dios, por medio de Án"
0bb07719-a941-49db-b42c-e0a364649b8a,2010-02-06,Dónde nos encontramos en el Programa Divino en este tiempo presente.,físi,camente,físicamente,físi-camente,unir,forma_unida_atestiguada,4316,0,"íritus, y a Sus ministros llama de fuego. Y ahora, para el hombre estar en esta Tierra físi- camente tenía que tener un cuerpo físico que Dios traería del polvo de la tierra, y así fue. L"
0bb07719-a941-49db-b42c-e0a364649b8a,2010-02-06,Dónde nos encontramos en el Programa Divino en este tiempo presente.,espi,ritual,espiritual,espi-ritual,unir,forma_unida_atestiguada,23670,0,"o, Dios ha hecho al ser humano a Su imagen y semejanza. Vimos que la imagen es el cuerpo espi- ritual o cuerpo angelical. Cuando la persona muere físicamente, lo que muere es su cuerpo físic"
0bb07719-a941-49db-b42c-e0a364649b8a,2010-02-06,Dónde nos encontramos en el Programa Divino en este tiempo presente.,por,que,porque,por-que,unir,forma_unida_atestiguada,137979,0,"jo, o se enferma, o tiene un accidente y muere; por alguna causa muere el cuerpo físico, por- que es temporero, es para vivir una temporada aquí ===== [PAGINA 7 de 23] ===== 7 Dónde nos e"
0bb07719-a941-49db-b42c-e0a364649b8a,2010-02-06,Dónde nos encontramos en el Programa Divino en este tiempo presente.,pla,neta,planeta,pla-neta,unir,forma_unida_atestiguada,8931,0,"con un y para un propósito divino. Y el que no comprende la causa por la cual vive en el pla- neta Tierra, estará siempre con la angustia existen- cial con la cual nació, porque no sabe de"
0bb07719-a941-49db-b42c-e0a364649b8a,2010-02-06,Dónde nos encontramos en el Programa Divino en este tiempo presente.,existen,cial,existencial,existen-cial,unir,forma_unida_atestiguada,270,0,"omprende la causa por la cual vive en el pla- neta Tierra, estará siempre con la angustia existen- cial con la cual nació, porque no sabe de dónde vino, no sabe por qué está aquí en la Tierra"
0bb07719-a941-49db-b42c-e0a364649b8a,2010-02-06,Dónde nos encontramos en el Programa Divino en este tiempo presente.,preocu,pa,preocupa,preocu-pa,unir,forma_unida_atestiguada,98,0,"or qué está aquí en la Tierra y no sabe hacia dónde va cuando muere; y lo más que más le preocu- pa al ser humano, no es tanto de dónde vino, ni qué está haciendo aquí en la Tierra, sino p"
0bb07719-a941-49db-b42c-e0a364649b8a,2010-02-06,Dónde nos encontramos en el Programa Divino en este tiempo presente.,gran,de,grande,gran-de,unir,forma_unida_atestiguada,25249,0,en la Tierra —por cuanto Dios le dio libre albedrío— entonces va a hacer la decisión más gran- de de su vida; y de acuerdo a esa decisión entonces va a ir a uno de esos dos lugares. Uno
0bb07719-a941-49db-b42c-e0a364649b8a,2010-02-06,Dónde nos encontramos en el Programa Divino en este tiempo presente.,in,fierno,infierno,in-fierno,conservar,forma_con_guion_atestiguada,3363,1,"araíso es la sexta dimensión y el otro lugar, la quinta dimensión, es llamado también el in- fierno. Tan simple como eso. Jesucristo lo mostró en la parábola del hombre rico y el mendigo"
0bb07719-a941-49db-b42c-e0a364649b8a,2010-02-06,Dónde nos encontramos en el Programa Divino en este tiempo presente.,te,rrenales,terrenales,te-rrenales,unir,forma_unida_atestiguada,2379,0,"to lo mostró en la parábola del hombre rico y el mendigo Lázaro. O sea, que las riquezas te- rrenales no determinan hacia dónde va a ir la persona después que muera, es su elección en cuanto"
0bb07719-a941-49db-b42c-e0a364649b8a,2010-02-06,Dónde nos encontramos en el Programa Divino en este tiempo presente.,liber,tarlos,libertarlos,liber-tarlos,unir,forma_unida_atestiguada,131,0,"s Cielos y la Tierra, a través del cual le dio también la ley al pueblo hebreo, luego de liber- tarlos de la esclavitud en Egipto. Ese Ángel del Pacto es el Espíritu Santo, pues un espíritu e"
0bb07719-a941-49db-b42c-e0a364649b8a,2010-02-06,Dónde nos encontramos en el Programa Divino en este tiempo presente.,pareci,do,parecido,pareci-do,unir,forma_unida_atestiguada,770,0,"íritu Santo, pues un espíritu es un cuerpo espiritual, un cuerpo pero de otra dimensión, pareci- do a nuestro cuerpo pero de otra dimensión. Y cuan- do Dios hizo al ser humano a Su imagen,"
0bb07719-a941-49db-b42c-e0a364649b8a,2010-02-06,Dónde nos encontramos en el Programa Divino en este tiempo presente.,cuan,do,cuando,cuan-do,conservar,forma_con_guion_atestiguada,102236,1,", un cuerpo pero de otra dimensión, pareci- do a nuestro cuerpo pero de otra dimensión. Y cuan- do Dios hizo al ser humano a Su imagen, le dio ese cuerpo espiritual, hizo al hombre: hombr"
0bb07719-a941-49db-b42c-e0a364649b8a,2010-02-06,Dónde nos encontramos en el Programa Divino en este tiempo presente.,quehace,res,quehaceres,quehace-res,unir,forma_unida_atestiguada,39,0,"pero luego le dio el cuerpo físico para que pudiera estar aquí en la Tierra haciendo los quehace- res que Dios le daría para llevar a cabo, cuidando el Huerto del Edén y viviendo una vida al"
0bb07719-a941-49db-b42c-e0a364649b8a,2010-02-06,Dónde nos encontramos en el Programa Divino en este tiempo presente.,Be,lén,Belén,Be-lén,unir,forma_unida_atestiguada,2854,0,", la semejanza de Dios: La semejanza de Dios apareció en la Tierra cuando nació Jesús en Be- lén de Judea, ese es el cuerpo físico en donde habitó la plenitud de Dios, y por consiguient"
0bb07719-a941-49db-b42c-e0a364649b8a,2010-02-06,Dónde nos encontramos en el Programa Divino en este tiempo presente.,pleni,tud,plenitud,pleni-tud,unir,forma_unida_atestiguada,7991,0,"de Dios, y por consiguiente el cuerpo de carne a través del cual Dios habitó en toda Su pleni- tud para llevar a cabo también el Programa de Re- dención, y establecer el nuevo Pacto para S"
0bb07719-a941-49db-b42c-e0a364649b8a,2010-02-06,Dónde nos encontramos en el Programa Divino en este tiempo presente.,Re,dención,Redención,Re-dención,unir,forma_unida_atestiguada,12007,0,"avés del cual Dios habitó en toda Su pleni- tud para llevar a cabo también el Programa de Re- dención, y establecer el nuevo Pacto para Su pueblo. Por eso en la última cena de Jesús, Él tom"
0bb07719-a941-49db-b42c-e0a364649b8a,2010-02-06,Dónde nos encontramos en el Programa Divino en este tiempo presente.,siem,pre,siempre,siem-pre,unir,forma_unida_atestiguada,16867,0,"ntaría el cuerpo, representado en el pan, y el vino representando Su Sangre. Él dijo que siem- pre tomáramos la Santa Cena, Él dijo: “Haced esto en memoria de mí.” Se lleva a cabo la Sant"
0bb07719-a941-49db-b42c-e0a364649b8a,2010-02-06,Dónde nos encontramos en el Programa Divino en este tiempo presente.,Calva,rio,Calvario,Calva-rio,unir,forma_unida_atestiguada,11724,0,"ia de mí.” Se lleva a cabo la Santa Cena en memoria de Cristo y Su muerte en la Cruz del Calva- rio, donde dio Su carne y Su Sangre por nosotros en ese Sacrificio de Expiación por nuestros"
0bb07719-a941-49db-b42c-e0a364649b8a,2010-02-06,Dónde nos encontramos en el Programa Divino en este tiempo presente.,hu,mana,humana,hu-mana,unir,forma_unida_atestiguada,20462,0,", Jesucristo es el segundo Adán. A través del primer Adán, por cuanto pecó, toda la raza hu- mana perdió la Vida eterna que podía tener si Adán y Eva no pecaban en el Huerto del Edén, pe"
0bb07719-a941-49db-b42c-e0a364649b8a,2010-02-06,Dónde nos encontramos en el Programa Divino en este tiempo presente.,espí,ritu,espíritu,espí-ritu,unir,forma_unida_atestiguada,85803,0,"= 11 Dónde nos encontramos en el programa... demo: “Porque el que no nazca del agua y del espí- ritu no puede entrar al Reino de Dios,” dice Cristo a Nicodemo en San Juan, capítulo 3, verso"
0bb07719-a941-49db-b42c-e0a364649b8a,2010-02-06,Dónde nos encontramos en el Programa Divino en este tiempo presente.,eter,na,eterna,eter-na,unir,forma_unida_atestiguada,50471,0,"Dios, y que da origen a la creación divina. Y ahora, va a crear una nueva raza con Vida eter- na a imagen y semejanza de Dios; y por cuanto la imagen y semejanza de Dios es Cristo en Su"
0bb07719-a941-49db-b42c-e0a364649b8a,2010-02-06,Dónde nos encontramos en el Programa Divino en este tiempo presente.,cuer,po,cuerpo,cuer-po,unir,forma_unida_atestiguada,88486,0,"a imagen y semejanza de Dios; y por cuanto la imagen y semejanza de Dios es Cristo en Su cuer- po angelical y en Su cuerpo físico, primero tuvo el cuerpo angelical y después el cuerpo fí"
0bb07719-a941-49db-b42c-e0a364649b8a,2010-02-06,Dónde nos encontramos en el Programa Divino en este tiempo presente.,cuer,po,cuerpo,cuer-po,unir,forma_unida_atestiguada,88486,0,"ical y después el cuerpo físico que nació en Belén de Judea a través de la virgen María, cuer- po que murió, pero que resucitó glorificado y joven para toda la eternidad; y está tan jove"
0bb07719-a941-49db-b42c-e0a364649b8a,2010-02-06,Dónde nos encontramos en el Programa Divino en este tiempo presente.,en,trarán,entrarán,en-trarán,unir,forma_unida_atestiguada,893,0,"ero Su Reino será no solamente sobre el pueblo hebreo, sino sobre todas las naciones que en- trarán a ese Reino del Mesías. Ahora, Él está creando una nueva raza con Vida ===== [PAGINA 12"
0bb07719-a941-49db-b42c-e0a364649b8a,2010-02-06,Dónde nos encontramos en el Programa Divino en este tiempo presente.,prime,ro,primero,prime-ro,unir,forma_unida_atestiguada,11778,0,"de 23] ===== 12 William Soto Santiago, Ph.D. eterna, los cuales obtienen la imagen divina prime- ro. Están siendo creados a imagen y semejanza de Dios; y por cuanto la imagen y semejanza d"
0bb07719-a941-49db-b42c-e0a364649b8a,2010-02-06,Dónde nos encontramos en el Programa Divino en este tiempo presente.,Cris,to,Cristo,Cris-to,conservar,forma_con_guion_atestiguada,278186,1,"rán siendo creados iguales a Cristo con el nuevo nacimiento donde reciben el Espíritu de Cris- to, obtienen la imagen divina, un cuerpo angelical llamado: el ángel de la persona, y luego"
0bb07719-a941-49db-b42c-e0a364649b8a,2010-02-06,Dónde nos encontramos en el Programa Divino en este tiempo presente.,ocu,rre,ocurre,ocu-rre,unir,forma_unida_atestiguada,961,0,"y glorificados, y jóvenes para toda la eternidad; pero si están vivos, en ese tiempo que ocu- rre la resurrección serán transformados y entonces tendrán esa semejanza física, eterna, inm"
0bb07719-a941-49db-b42c-e0a364649b8a,2010-02-06,Dónde nos encontramos en el Programa Divino en este tiempo presente.,glori,ficada,glorificada,glori-ficada,unir,forma_unida_atestiguada,231,0,"urrección serán transformados y entonces tendrán esa semejanza física, eterna, inmortal, glori- ficada, como el cuerpo glorificado de Cristo nuestro Salvador; y entonces todos estaremos a ima"
0bb07719-a941-49db-b42c-e0a364649b8a,2010-02-06,Dónde nos encontramos en el Programa Divino en este tiempo presente.,se,mejanza,semejanza,se-mejanza,unir,forma_unida_atestiguada,5147,0,"el cuerpo glorificado de Cristo nuestro Salvador; y entonces todos estaremos a imagen y se- mejanza de Dios, o sea, todos estaremos como Jesu- cristo nuestro Salvador en quien está Dios y e"
0bb07719-a941-49db-b42c-e0a364649b8a,2010-02-06,Dónde nos encontramos en el Programa Divino en este tiempo presente.,Jesu,cristo,Jesucristo,Jesu-cristo,conservar,forma_con_guion_atestiguada,146878,19,"r; y entonces todos estaremos a imagen y se- mejanza de Dios, o sea, todos estaremos como Jesu- cristo nuestro Salvador en quien está Dios y estará eternamente. Y ahora, hemos visto que a t"
0bb07719-a941-49db-b42c-e0a364649b8a,2010-02-06,Dónde nos encontramos en el Programa Divino en este tiempo presente.,confor,me,conforme,confor-me,unir,forma_unida_atestiguada,12885,0,"a, hemos visto que a través de los siglos se ha estado predicando el Evangelio de Cristo confor- me a como Él dijo: “Id por todo el mundo y predicad el evangelio a toda criatura. El que cr"
0bb07719-a941-49db-b42c-e0a364649b8a,2010-02-06,Dónde nos encontramos en el Programa Divino en este tiempo presente.,tra,vés,través,tra-vés,unir,forma_unida_atestiguada,38090,0,"las conozco; y yo les doy Vida eterna.” La única forma de obtener la Vida eterna es a tra- vés de Cristo, recibiéndolo como único y suficiente Salvador al escuchar la predicación del"
0bb07719-a941-49db-b42c-e0a364649b8a,2010-02-06,Dónde nos encontramos en el Programa Divino en este tiempo presente.,Pos,trero,Postrero,Pos-trero,conservar,forma_con_guion_atestiguada,29745,1,"Cristo, se obtiene el nuevo nacimiento; y si muere, la persona será resucitada en el Día Pos- trero, pues Cristo mismo lo prometió en San Juan, capítulo 6, versos 39 al 40. “Y esta es la v"
0bb07719-a941-49db-b42c-e0a364649b8a,2010-02-06,Dónde nos encontramos en el Programa Divino en este tiempo presente.,comple,te,complete,comple-te,unir,forma_unida_atestiguada,2234,0,"Dios le va a dar a todos los creyentes en Cristo. Y ahora, ¿cuándo será eso? Cuando se comple- te la Iglesia del Señor Jesucristo en el Día Postrero, porque será en el Día Postrero en qu"
0bb07719-a941-49db-b42c-e0a364649b8a,2010-02-06,Dónde nos encontramos en el Programa Divino en este tiempo presente.,resucita,rá,resucitará,resucita-rá,unir,forma_unida_atestiguada,2840,0,"ia del Señor Jesucristo en el Día Postrero, porque será en el Día Postrero en que Cristo resucita- rá los muertos creyentes en Él, pues es en ese tiempo en que Él llevará esa resurrección de"
0bb07719-a941-49db-b42c-e0a364649b8a,2010-02-06,Dónde nos encontramos en el Programa Divino en este tiempo presente.,pos,treros,postreros,pos-treros,unir,forma_unida_atestiguada,5771,0,"ra, ¿dónde nos encontramos ya que Él dijo que será en el Día Postrero? ¿Qué son los días pos- treros? ¿Y qué es o cuál es el Día Postrero? En los días de Jesús se estaba viviendo en los día"
0bb07719-a941-49db-b42c-e0a364649b8a,2010-02-06,Dónde nos encontramos en el Programa Divino en este tiempo presente.,mu,chas,muchas,mu-chas,unir,forma_unida_atestiguada,10465,0,"en Hebreos, capítulo 1, versos 1 al 3, dice: “Dios, habiendo hablado muchas veces y de mu- chas maneras en otro tiempo a los padres por los profetas, en estos postreros días nos ha h"
0bb07719-a941-49db-b42c-e0a364649b8a,2010-02-06,Dónde nos encontramos en el Programa Divino en este tiempo presente.,Pe,dro,Pedro,Pe-dro,unir,forma_unida_atestiguada,11360,0,"la de que en aquel tiempo en que Jesús estaba en la Tierra ya eran los días Postreros. Y Pe- dro el Día de Pentecostés en el libro de los Hechos, capítulo 2, versos 14 en adelante, dice"
0bb07719-a941-49db-b42c-e0a364649b8a,2010-02-06,Dónde nos encontramos en el Programa Divino en este tiempo presente.,de,rramar,derramar,de-rramar,unir,forma_unida_atestiguada,362,0,"versos 14 en adelante, dice también que Dios prometió por medio del profeta Joel enviar, de- rramar de Su Espíritu Santo sobre toda carne en los días postreros, y ya estaba derramando de S"
0bb07719-a941-49db-b42c-e0a364649b8a,2010-02-06,Dónde nos encontramos en el Programa Divino en este tiempo presente.,Espí,ritu,Espíritu,Espí-ritu,unir,forma_unida_atestiguada,85803,0,"e Su Espíritu Santo sobre toda carne en los días postreros, y ya estaba derramando de Su Espí- ritu el Día de Pentecostés sobre toda carne, a toda persona que lo recibía como Salvador. S"
0bb07719-a941-49db-b42c-e0a364649b8a,2010-02-06,Dónde nos encontramos en el Programa Divino en este tiempo presente.,mile,nio,milenio,mile-nio,conservar,forma_con_guion_atestiguada,11047,1,"elante de Dios para los seres humanos son el quinto milenio, el sexto milenio, y séptimo mile- nio. Tan simple como eso. Cuando se habla del Día del Señor en la Escritura, recuerden, el"
0bb07719-a941-49db-b42c-e0a364649b8a,2010-02-06,Dónde nos encontramos en el Programa Divino en este tiempo presente.,veinticua,tro,veinticuatro,veinticua-tro,unir,forma_unida_atestiguada,843,0,"se habla del Día del Señor en la Escritura, recuerden, el Día del Señor no es un día de veinticua- tro horas, es el séptimo milenio de Adán hacia acá o tercer milenio de Cristo hacia acá. De"
0bb07719-a941-49db-b42c-e0a364649b8a,2010-02-06,Dónde nos encontramos en el Programa Divino en este tiempo presente.,en,trado,entrado,en-trado,unir,forma_unida_atestiguada,3393,0,"han transcurrido de Cristo hacia acá dos mil años, delante de Dios, dos días. Y ya hemos en- trado conforme al calendario gregoriano al tercer mi- lenio de Cristo hacia acá o séptimo milen"
0bb07719-a941-49db-b42c-e0a364649b8a,2010-02-06,Dónde nos encontramos en el Programa Divino en este tiempo presente.,mi,lenio,milenio,mi-lenio,unir,forma_unida_atestiguada,11047,0,"lante de Dios, dos días. Y ya hemos en- trado conforme al calendario gregoriano al tercer mi- lenio de Cristo hacia acá o séptimo milenio de Adán hacia acá. Y en palabras más claras hemos"
0bb07719-a941-49db-b42c-e0a364649b8a,2010-02-06,Dónde nos encontramos en el Programa Divino en este tiempo presente.,lue,go,luego,lue-go,unir,forma_unida_atestiguada,51442,0,"ompletar a Su Iglesia, resucitar a los muertos creyentes en Él, transformar los vivos; y lue- go de estar una temporada aquí, de treinta a cuarenta días ya transformados, los vivos crey"
0bb07719-a941-49db-b42c-e0a364649b8a,2010-02-06,Dónde nos encontramos en el Programa Divino en este tiempo presente.,cuan,do,cuando,cuan-do,conservar,forma_con_guion_atestiguada,102236,1,"nsformados, los vivos creyentes en Él y los muertos ya resucitados. Recuerden que Cristo cuan- do resucitó luego estuvo unos cuarenta días apare- ciendo a Sus discípulos y luego se fue de"
0bb07719-a941-49db-b42c-e0a364649b8a,2010-02-06,Dónde nos encontramos en el Programa Divino en este tiempo presente.,apare,ciendo,apareciendo,apare-ciendo,unir,forma_unida_atestiguada,679,0,os ya resucitados. Recuerden que Cristo cuan- do resucitó luego estuvo unos cuarenta días apare- ciendo a Sus discípulos y luego se fue definitivamen- te al Cielo para sentarse a la diestra de
0bb07719-a941-49db-b42c-e0a364649b8a,2010-02-06,Dónde nos encontramos en el Programa Divino en este tiempo presente.,definitivamen,te,definitivamente,definitivamen-te,unir,forma_unida_atestiguada,12,0,do resucitó luego estuvo unos cuarenta días apare- ciendo a Sus discípulos y luego se fue definitivamen- te al Cielo para sentarse a la diestra de Dios. Y allí ha estado como Sumo Sacerdote hacien
0bb07719-a941-49db-b42c-e0a364649b8a,2010-02-06,Dónde nos encontramos en el Programa Divino en este tiempo presente.,huma,nos,humanos,huma-nos,unir,forma_unida_atestiguada,9525,0,"e lo recibe como único y suficiente Salvador. Es para el Día Postrero en que los seres huma- nos creyentes en Cristo, hayan partido o estén vivos, recibirán la semejanza física de Dios,"
0bb07719-a941-49db-b42c-e0a364649b8a,2010-02-06,Dónde nos encontramos en el Programa Divino en este tiempo presente.,hu,mano,humano,hu-mano,unir,forma_unida_atestiguada,23396,0,"o glorificado de Dios, que es el cuerpo de Jesucristo que está glorificado. Y así el ser hu- mano tendrá la imagen y semejanza de Dios, y será como Dios, como Jesucristo. Tendrá un cuerp"
0bb07719-a941-49db-b42c-e0a364649b8a,2010-02-06,Dónde nos encontramos en el Programa Divino en este tiempo presente.,físi,co,físico,físi-co,unir,forma_unida_atestiguada,11046,0,"endrá la imagen y semejanza de Dios, y será como Dios, como Jesucristo. Tendrá un cuerpo físi- co glorificado y eterno y tendrá un cuerpo angelical eterno también como Dios lo tiene, por"
0bb07719-a941-49db-b42c-e0a364649b8a,2010-02-06,Dónde nos encontramos en el Programa Divino en este tiempo presente.,Pe,dro,Pedro,Pe-dro,unir,forma_unida_atestiguada,11360,0,"mos visto el personaje tan grande, tan importante que es el Señor Jesucristo. El apóstol Pe- dro dijo: “Dios lo ha hecho Señor y Cristo.” Y ahora es la persona más importante que ha pis"
0bb07719-a941-49db-b42c-e0a364649b8a,2010-02-06,Dónde nos encontramos en el Programa Divino en este tiempo presente.,pla,neta,planeta,pla-neta,unir,forma_unida_atestiguada,8931,0,ios lo ha hecho Señor y Cristo.” Y ahora es la persona más importante que ha pisado este pla- neta Tierra. Recibirlo como Salvador es el privilegio más grande que tiene una persona y es l
0bb07719-a941-49db-b42c-e0a364649b8a,2010-02-06,Dónde nos encontramos en el Programa Divino en este tiempo presente.,Cal,vario,Calvario,Cal-vario,unir,forma_unida_atestiguada,11724,0,"en, y yo las conozco; y yo les doy Vida eterna.” Para eso Él vino y murió en la Cruz del Cal- vario y para eso es que se predica el Evangelio; y por esa causa Cristo, el Espíritu Santo, en"
0bb07719-a941-49db-b42c-e0a364649b8a,2010-02-06,Dónde nos encontramos en el Programa Divino en este tiempo presente.,ove,jas,ovejas,ove-jas,unir,forma_unida_atestiguada,11007,0,"mensajeros y ha estado llamando Sus ovejas. Recuerden que Él dijo: “También tengo otras ove- jas que no son de este Redil, las cuales también debo traer, y oirán mi Voz, y habrá un reba"
0bb07719-a941-49db-b42c-e0a364649b8a,2010-02-06,Dónde nos encontramos en el Programa Divino en este tiempo presente.,Se,ñor,Señor,Se-ñor,conservar,forma_con_guion_atestiguada,142871,1,l Rebaño es la Iglesia del Señor Jesucristo. ¿Y el buen pastor quién es? Nuestro amado Se- ñor Jesucristo. Tan simple como eso es el Programa Divino para que hasta los niños lo puedan
0bb07719-a941-49db-b42c-e0a364649b8a,2010-02-06,Dónde nos encontramos en el Programa Divino en este tiempo presente.,tiem,po,tiempo,tiem-po,unir,forma_unida_atestiguada,128152,0,"a, pero con la boca se confiesa para Salvación. Y ahora, ¿dónde nos encontramos en este tiem- po? Nos encontramos en el tiempo en que las últimas ovejas del buen Pastor, Cristo, van a e"
0bb07719-a941-49db-b42c-e0a364649b8a,2010-02-06,Dónde nos encontramos en el Programa Divino en este tiempo presente.,Re,dil,Redil,Re-dil,unir,forma_unida_atestiguada,2419,0,"tramos en el tiempo en que las últimas ovejas del buen Pastor, Cristo, van a entrar a Su Re- dil, a Su Iglesia, por medio de escuchar el Evangelio de Cristo siendo predicado, recibirlo"
0bb07719-a941-49db-b42c-e0a364649b8a,2010-02-06,Dónde nos encontramos en el Programa Divino en este tiempo presente.,angus,tia,angustia,angus-tia,unir,forma_unida_atestiguada,863,0,"glorioso que el de los creyentes en Cristo. Yo le recibí como mi Salvador y por eso la angus- tia existencial desapareció; esa es la forma para qui- tar la angustia existencial, porque en"
0bb07719-a941-49db-b42c-e0a364649b8a,2010-02-06,Dónde nos encontramos en el Programa Divino en este tiempo presente.,qui,tar,quitar,qui-tar,unir,forma_unida_atestiguada,1943,0,"bí como mi Salvador y por eso la angus- tia existencial desapareció; esa es la forma para qui- tar la angustia existencial, porque entonces ya la per- sona sabe que vino de Dios, del Cielo"
0bb07719-a941-49db-b42c-e0a364649b8a,2010-02-06,Dónde nos encontramos en el Programa Divino en este tiempo presente.,per,sona,persona,per-sona,unir,forma_unida_atestiguada,50049,0,"desapareció; esa es la forma para qui- tar la angustia existencial, porque entonces ya la per- sona sabe que vino de Dios, del Cielo, de la eternidad para un propósito divino que se estarí"
0bb07719-a941-49db-b42c-e0a364649b8a,2010-02-06,Dónde nos encontramos en el Programa Divino en este tiempo presente.,pro,mesas,promesas,pro-mesas,unir,forma_unida_atestiguada,6941,0,"glorificado igual al cuerpo glorificado de Jesucristo nuestro Salvador. Y con tan buenas pro- mesas y buen futuro no hay angustia existencial en el interior de la persona, sabe que su futu"
0bb07719-a941-49db-b42c-e0a364649b8a,2010-02-06,Dónde nos encontramos en el Programa Divino en este tiempo presente.,recibi,do,recibido,recibi-do,unir,forma_unida_atestiguada,14423,0,"nte para mí, es para todos ustedes también. Si hay alguna persona que todavía no lo ha recibi- do como Salvador, puede levantar su mano, y como aquí no hay espacio, puede quedar en el lu"
0bb07719-a941-49db-b42c-e0a364649b8a,2010-02-06,Dónde nos encontramos en el Programa Divino en este tiempo presente.,Salva,dor,Salvador,Salva-dor,unir,forma_unida_atestiguada,45332,0,"usted, para que Cristo le reciba en Su Reino. Toda persona que no lo ha recibido como Salva- dor y lo desea recibir de todo corazón porque nació la fe de Cristo en su alma, puede levant"
0bb07719-a941-49db-b42c-e0a364649b8a,2010-02-06,Dónde nos encontramos en el Programa Divino en este tiempo presente.,capítu,lo,capítulo,capítu-lo,unir,forma_unida_atestiguada,69422,0,"ar lo que se había perdido.” (Eso está en San Lucas, capítulo 19, verso 10; y San Mateo, capítu- lo 18, versos 11 al 14). “Porque no es la voluntad de nuestro Padre que está en el Cielo, q"
0bb07719-a941-49db-b42c-e0a364649b8a,2010-02-06,Dónde nos encontramos en el Programa Divino en este tiempo presente.,Cris,to,Cristo,Cris-to,conservar,forma_con_guion_atestiguada,278186,1,"estar puestos en pie, vamos a hacer una corta oración y todo aquel que no ha recibido a Cris- to y desea que Cristo lo reciba en Su Reino, levante su mano y ahí en su corazón repita est"
0bb07719-a941-49db-b42c-e0a364649b8a,2010-02-06,Dónde nos encontramos en el Programa Divino en este tiempo presente.,aun,que,aunque,aun-que,unir,forma_unida_atestiguada,10773,0,"e Cristo lo reciba en Su Reino, levante su mano y ahí en su corazón repita esta oración, aun- que no la hable en voz alta, repita esta oración que vamos a hacer, con nuestros ojos cerrad"
0bb07719-a941-49db-b42c-e0a364649b8a,2010-02-06,Dónde nos encontramos en el Programa Divino en este tiempo presente.,Nom,bre,Nombre,Nom-bre,conservar,forma_con_guion_atestiguada,63746,5,"da mi alma; doy testimonio público de mi fe en Ti, creo en Tu primera Venida, creo en Tu Nom- bre como el único Nombre bajo el Cielo en que podemos ser salvos, creo en Tu muerte en la Cr"
0bb07719-a941-49db-b42c-e0a364649b8a,2010-02-06,Dónde nos encontramos en el Programa Divino en este tiempo presente.,Nom,bre,Nombre,Nom-bre,conservar,forma_con_guion_atestiguada,63746,5,"ecado y me bautices con Espíritu Santo y Fuego, luego que yo sea bautizado en agua en Tu Nom- bre y produzcas en mí el nuevo nacimiento; quiero nacer en Tu Reino, quiero vivir eternament"
0bb07719-a941-49db-b42c-e0a364649b8a,2010-02-06,Dónde nos encontramos en el Programa Divino en este tiempo presente.,Sál,vame,Sálvame,Sál-vame,unir,forma_unida_atestiguada,827,0,"produzcas en mí el nuevo nacimiento; quiero nacer en Tu Reino, quiero vivir eternamente. Sál- vame, Señor, Te lo ruego en Tu Nombre eterno y glorioso, Señor Jesucristo. Amén. ===== [PAGIN"
0bb07719-a941-49db-b42c-e0a364649b8a,2010-02-06,Dónde nos encontramos en el Programa Divino en este tiempo presente.,Pac,to,Pacto,Pac-to,unir,forma_unida_atestiguada,36086,0,"23 Dónde nos encontramos en el programa... Que las bendiciones de Cristo, el Ángel del Pac- to, sean sobre todos ustedes. Dejo en estos momentos al doctor Miguel Bermú- dez Marín, pa"
0bb07719-a941-49db-b42c-e0a364649b8a,2010-02-06,Dónde nos encontramos en el Programa Divino en este tiempo presente.,Bermú,dez,Bermúdez,Bermú-dez,unir,forma_unida_atestiguada,4571,0,"el Ángel del Pac- to, sean sobre todos ustedes. Dejo en estos momentos al doctor Miguel Bermú- dez Marín, para finalizar nuestra parte. Y asistan a la iglesia. Si no han sido bautizados,"
0bb07719-a941-49db-b42c-e0a364649b8a,2010-02-06,Dónde nos encontramos en el Programa Divino en este tiempo presente.,espe,ranza,esperanza,espe-ranza,unir,forma_unida_atestiguada,3624,0,"en el Nombre del Señor Jesucristo y nunca dejen al Señor Jesucristo. Él es nuestra única espe- ranza, Él es la única esperanza para el ser humano, y Él es la única esperanza para todas las"
0bb07719-a941-49db-b42c-e0a364649b8a,2010-02-06,Dónde nos encontramos en el Programa Divino en este tiempo presente.,Nom,bre,Nombre,Nom-bre,conservar,forma_con_guion_atestiguada,63746,5,"la única esperanza para todas las naciones. No hay otro Salvador, solamente hay UNO y Su Nom- bre es SEÑOR JESUCRISTO. Él es el Salvador del ser humano, como también de todas las nacione"
0bb07719-a941-49db-b42c-e0a364649b8a,2010-02-06,Dónde nos encontramos en el Programa Divino en este tiempo presente.,ten,drán,tendrán,ten-drán,unir,forma_unida_atestiguada,2820,0,", como también de todas las naciones, y todas las naciones que han de entrar a Su Reino, ten- drán la salvación, vivirán esas naciones como parte del Reino de Cristo, del Reino del Mesías"
64aa18dd-7fdf-4e42-bde9-a50a0a9fb56a,2014-08-14,El Glorioso Reino milenial de Cristo.,pala,bras,palabras,pala-bras,conservar,forma_con_guion_atestiguada,11988,3,"eñor es contigo; bendita tú entre las mujeres. Mas ella, cuando le vio, se turbó por sus pala- bras, y pensaba qué salutación sería esta. Entonces el ángel le dijo: María, no temas, por- qu"
64aa18dd-7fdf-4e42-bde9-a50a0a9fb56a,2014-08-14,El Glorioso Reino milenial de Cristo.,por,que,porque,por-que,unir,forma_unida_atestiguada,137979,0,"a- bras, y pensaba qué salutación sería esta. Entonces el ángel le dijo: María, no temas, por- que has hallado gracia delante de Dios. Y ahora, concebirás en tu vientre, y darás a luz un"
64aa18dd-7fdf-4e42-bde9-a50a0a9fb56a,2014-08-14,El Glorioso Reino milenial de Cristo.,Altí,simo,Altísimo,Altí-simo,unir,forma_unida_atestiguada,1493,0,"rás a luz un hijo, y llamarás su nombre Jesús. Este será grande, y será llamado Hijo del Altí- simo; y el Señor Dios le dará el trono de David su padre; y reinará sobre la casa de Jacob pa"
64aa18dd-7fdf-4e42-bde9-a50a0a9fb56a,2014-08-14,El Glorioso Reino milenial de Cristo.,ha,blado,hablado,ha-blado,unir,forma_unida_atestiguada,5521,0,es: “EL GLORIOSO REINO MILENIAL DE CRISTO.” Este Ángel Gabriel es el mismo que le había ha- blado al profeta Daniel cuando Daniel estaba allá en Babilonia viviendo. Y le había mostrado a
64aa18dd-7fdf-4e42-bde9-a50a0a9fb56a,2014-08-14,El Glorioso Reino milenial de Cristo.,Na,bucodonosor,Nabucodonosor,Na-bucodonosor,unir,forma_unida_atestiguada,1350,0,"ofeta Daniel cuando Daniel estaba allá en Babilonia viviendo. Y le había mostrado al rey Na- bucodonosor una estatua gigante, que tenía la cabeza de oro; el pecho y los brazos de plata; el vien"
64aa18dd-7fdf-4e42-bde9-a50a0a9fb56a,2014-08-14,El Glorioso Reino milenial de Cristo.,Nabuco,donosor,Nabucodonosor,Nabuco-donosor,unir,forma_unida_atestiguada,1350,0,"ó cuál era el sueño y el significado del sueño. “La cabeza de oro (le dijo Daniel al rey Nabuco- donosor) eres tú, rey Nabucodonosor.” Eso está en el capítulo 2 del libro de Daniel. O sea, que"
64aa18dd-7fdf-4e42-bde9-a50a0a9fb56a,2014-08-14,El Glorioso Reino milenial de Cristo.,Nabu,codonosor,Nabucodonosor,Nabu-codonosor,unir,forma_unida_atestiguada,1350,0,"s tú, rey Nabucodonosor.” Eso está en el capítulo 2 del libro de Daniel. O sea, que era, Nabu- codonosor y su reino: la cabeza de oro. Esa estatua representa el reino de los gentiles, que comie"
64aa18dd-7fdf-4e42-bde9-a50a0a9fb56a,2014-08-14,El Glorioso Reino milenial de Cristo.,repre,senta,representa,repre-senta,unir,forma_unida_atestiguada,5891,0,"ienza esa visión, la cabeza de oro de la estatua. Luego los pechos y los brazos de plata repre- senta el imperio medo-persa; luego el vientre y los ===== [PAGINA 6 de 19] ===== 6 Dr. William"
64aa18dd-7fdf-4e42-bde9-a50a0a9fb56a,2014-08-14,El Glorioso Reino milenial de Cristo.,re,presenta,representa,re-presenta,unir,forma_unida_atestiguada,5891,0,once representan el reino de Grecia con Alejandro el Grande; luego las piernas de hierro re- presenta el imperio romano de los Césares; y luego los pies de hierro y de barro cocido represent
64aa18dd-7fdf-4e42-bde9-a50a0a9fb56a,2014-08-14,El Glorioso Reino milenial de Cristo.,impe,rio,imperio,impe-rio,unir,forma_unida_atestiguada,4153,0,"vio el rey Nabucodonosor se encontraba en la etapa de las piernas de hierro, que era el impe- rio romano. Y por cuanto en la visión que vio el rey Nabuco- donosor y le interpretó el profe"
64aa18dd-7fdf-4e42-bde9-a50a0a9fb56a,2014-08-14,El Glorioso Reino milenial de Cristo.,Nabuco,donosor,Nabucodonosor,Nabuco-donosor,unir,forma_unida_atestiguada,1350,0,"piernas de hierro, que era el impe- rio romano. Y por cuanto en la visión que vio el rey Nabuco- donosor y le interpretó el profeta Daniel, la Venida de la Piedra no cortada de manos, que es la"
64aa18dd-7fdf-4e42-bde9-a50a0a9fb56a,2014-08-14,El Glorioso Reino milenial de Cristo.,tam,bién,también,tam-bién,conservar,forma_con_guion_atestiguada,120070,1,"cido…; los cuales se van a desmenuzar, y todo el reino de los gentiles de edades pasadas tam- bién va a desaparecer. Y la piedra no cortada de ma- nos —que es la Segunda Venida de Cristo—"
64aa18dd-7fdf-4e42-bde9-a50a0a9fb56a,2014-08-14,El Glorioso Reino milenial de Cristo.,ma,nos,manos,ma-nos,unir,forma_unida_atestiguada,7810,0,"o de los gentiles de edades pasadas tam- bién va a desaparecer. Y la piedra no cortada de ma- nos —que es la Segunda Venida de Cristo— crecerá, ese reino crecerá: el Reino del Mesías, y"
64aa18dd-7fdf-4e42-bde9-a50a0a9fb56a,2014-08-14,El Glorioso Reino milenial de Cristo.,ver,sos,versos,ver-sos,unir,forma_unida_atestiguada,13696,0,"el Príncipe de Paz. Son profecías que se encuentran, por ejemplo, en Isaías, capítulo 9, ver- sos 1 al 11, donde nos habla del Príncipe de Paz, y que Su Reino y la paz no tendrán límite"
64aa18dd-7fdf-4e42-bde9-a50a0a9fb56a,2014-08-14,El Glorioso Reino milenial de Cristo.,des,pués,después,des-pués,unir,forma_unida_atestiguada,25597,0,"n Isaías, capítulo 11, también nos habla de ese reinado del Mesías. Será por mil años, y des- pués vendrá la resurrección general para el Juicio Final; y luego de eso, la eternidad. En es"
64aa18dd-7fdf-4e42-bde9-a50a0a9fb56a,2014-08-14,El Glorioso Reino milenial de Cristo.,física,mente,físicamente,física-mente,unir,forma_unida_atestiguada,4316,0,"en la Tierra. Pero antes se recibe la vida eterna en el alma, y después se materializará física- mente en la resurrección de los muertos en Cristo, en cuerpos eternos, inmortales, glorificado"
64aa18dd-7fdf-4e42-bde9-a50a0a9fb56a,2014-08-14,El Glorioso Reino milenial de Cristo.,seme,janza,semejanza,seme-janza,conservar,forma_con_guion_atestiguada,5147,1,"mano sea restaurado a la vida eterna. Y por cuanto Dios creó al ser humano a Su imagen y seme- janza, el ser humano es trino: alma, espíritu y cuer- po; y lo más importante del ser humano es"
64aa18dd-7fdf-4e42-bde9-a50a0a9fb56a,2014-08-14,El Glorioso Reino milenial de Cristo.,cuer,po,cuerpo,cuer-po,unir,forma_unida_atestiguada,88486,0,"os creó al ser humano a Su imagen y seme- janza, el ser humano es trino: alma, espíritu y cuer- po; y lo más importante del ser humano es su alma. Por eso Cristo dijo en San Mateo, capítul"
64aa18dd-7fdf-4e42-bde9-a50a0a9fb56a,2014-08-14,El Glorioso Reino milenial de Cristo.,Ánge,les,Ángeles,Ánge-les,unir,forma_unida_atestiguada,16186,0,"undo y perdiere su alma? Porque el Hijo del Hombre vendrá en la gloria del Padre con Sus Ánge- les, y entonces pagará a cada uno según sus obras.” Lo más importante para todo ser humano (l"
64aa18dd-7fdf-4e42-bde9-a50a0a9fb56a,2014-08-14,El Glorioso Reino milenial de Cristo.,en,tienda,entienda,en-tienda,unir,forma_unida_atestiguada,346,0,y entonces pagará a cada uno según sus obras.” Lo más importante para todo ser humano (lo en- tienda o no lo entienda) es la vida eterna. Sin vida no hay futuro. Estamos aquí en la Tierra p
64aa18dd-7fdf-4e42-bde9-a50a0a9fb56a,2014-08-14,El Glorioso Reino milenial de Cristo.,Deuterono,mio,Deuteronomio,Deuterono-mio,conservar,anotacion_corchetes,1041,0,"erte sino que escoja la vida, ¿para qué? Para que viva eternamente en el Reino de Dios. [Deuterono- mio 30:19] Por lo tanto, el plan o Programa de Redención para vivir eternamente el ser human"
64aa18dd-7fdf-4e42-bde9-a50a0a9fb56a,2014-08-14,El Glorioso Reino milenial de Cristo.,impor,tante,importante,impor-tante,unir,forma_unida_atestiguada,14876,0,"mismo que Dios quiere: que vivamos eternamente. El ser humano es alma viviente, es lo más impor- tante que hay en la persona; eso es lo que en realidad es la persona: alma viviente; pero tien"
64aa18dd-7fdf-4e42-bde9-a50a0a9fb56a,2014-08-14,El Glorioso Reino milenial de Cristo.,dimen,sión,dimensión,dimen-sión,conservar,forma_con_guion_atestiguada,16772,4,"na: alma viviente; pero tiene un espíritu, que es un cuerpo angelical, un cuerpo de otra dimen- sión, parecido a nuestro cuerpo físico. ¿Recuerdan cuando Jesús caminaba sobre las olas del M"
64aa18dd-7fdf-4e42-bde9-a50a0a9fb56a,2014-08-14,El Glorioso Reino milenial de Cristo.,físi,co,físico,físi-co,unir,forma_unida_atestiguada,11046,0,"o ustedes ven que yo tengo.” O sea, que Cristo abrió ese misterio de lo que es un cuerpo físi- co y lo que es un espíritu o cuerpo espiritual, que es de otra dimensión, de la dimensión d"
64aa18dd-7fdf-4e42-bde9-a50a0a9fb56a,2014-08-14,El Glorioso Reino milenial de Cristo.,vi,vas,vivas,vi-vas,unir,forma_unida_atestiguada,1546,0,"hizo mientras estaba viviendo en la Tierra. Por eso Dios dice: “Escoge la vida para que vi- vas.” Si quiere ir al Paraíso tiene que escoger la vida, comer del árbol de la vida, que es"
64aa18dd-7fdf-4e42-bde9-a50a0a9fb56a,2014-08-14,El Glorioso Reino milenial de Cristo.,cuan,do,cuando,cuan-do,conservar,forma_con_guion_atestiguada,102236,1,"re ir al Paraíso tiene que escoger la vida, comer del árbol de la vida, que es Cristo, y cuan- do muera físicamente irá al Paraíso, donde están los apóstoles y todos los creyentes en Cri"
64aa18dd-7fdf-4e42-bde9-a50a0a9fb56a,2014-08-14,El Glorioso Reino milenial de Cristo.,per,sonas,personas,per-sonas,unir,forma_unida_atestiguada,36227,0,"re, será condenado.” [San Marcos 16:15-16] Por eso se predica el Evangelio, para que las per- sonas sepan que hay un Programa de Salvación, de redención y vida eterna, para vivir en el Rei"
64aa18dd-7fdf-4e42-bde9-a50a0a9fb56a,2014-08-14,El Glorioso Reino milenial de Cristo.,Lu,cas,Lucas,Lu-cas,unir,forma_unida_atestiguada,4335,0,"Cristo ya había resucitado dijo a Sus discípulos, antes de partir de esta Tierra, en San Lu- cas, capítulo 24, versos 46 en adelante: “…Y les dijo: Así está escrito, y así fue necesa- ri"
64aa18dd-7fdf-4e42-bde9-a50a0a9fb56a,2014-08-14,El Glorioso Reino milenial de Cristo.,necesa,rio,necesario,necesa-rio,unir,forma_unida_atestiguada,3162,0,"an Lu- cas, capítulo 24, versos 46 en adelante: “…Y les dijo: Así está escrito, y así fue necesa- rio que el Cristo padeciese, y resucitase de los muer- tos al tercer día; y que se predicase"
64aa18dd-7fdf-4e42-bde9-a50a0a9fb56a,2014-08-14,El Glorioso Reino milenial de Cristo.,muer,tos,muertos,muer-tos,unir,forma_unida_atestiguada,13990,0,"ijo: Así está escrito, y así fue necesa- rio que el Cristo padeciese, y resucitase de los muer- tos al tercer día; y que se predicase en su nombre el arrepenti- miento y el perdón de pecado"
64aa18dd-7fdf-4e42-bde9-a50a0a9fb56a,2014-08-14,El Glorioso Reino milenial de Cristo.,arrepenti,miento,arrepentimiento,arrepenti-miento,unir,forma_unida_atestiguada,1087,0,"adeciese, y resucitase de los muer- tos al tercer día; y que se predicase en su nombre el arrepenti- miento y el perdón de pecados en todas las naciones, comenzando desde Jerusalén.” Se predica el"
64aa18dd-7fdf-4e42-bde9-a50a0a9fb56a,2014-08-14,El Glorioso Reino milenial de Cristo.,in,fierno,infierno,in-fierno,conservar,forma_con_guion_atestiguada,3363,1,"de 19] ===== 12 Dr. William Soto Santiago muerte que nosotros teníamos que morir, e ir al in- fierno) pero no se hace efectivo en la persona hasta que lo recibe como Salvador. Mientras vivi"
64aa18dd-7fdf-4e42-bde9-a50a0a9fb56a,2014-08-14,El Glorioso Reino milenial de Cristo.,opor,tunidad,oportunidad,opor-tunidad,unir,forma_unida_atestiguada,5352,0,la persona hasta que lo recibe como Salvador. Mientras vivimos en esta Tierra tenemos la opor- tunidad de entrar al Programa Divino de redención para asegurar nuestro futuro eterno con Cristo
64aa18dd-7fdf-4e42-bde9-a50a0a9fb56a,2014-08-14,El Glorioso Reino milenial de Cristo.,re,surrección,resurrección,re-surrección,unir,forma_unida_atestiguada,14442,0,otros muertos no volvieron a vivir hasta que se cumplieron mil años. Esta es la primera re- surrección. Bienaventurado y santo el que tiene parte en la primera resurrección; la segunda muerte
64aa18dd-7fdf-4e42-bde9-a50a0a9fb56a,2014-08-14,El Glorioso Reino milenial de Cristo.,tie,ne,tiene,tie-ne,unir,forma_unida_atestiguada,66290,0,===== 13 El Glorioso Reino Milenial de Cristo Vean las bendiciones tan grandes que Cristo tie- ne para todos los creyentes en Él. No nos podemos perder esas bendiciones. Él es el único q
64aa18dd-7fdf-4e42-bde9-a50a0a9fb56a,2014-08-14,El Glorioso Reino milenial de Cristo.,ben,diciones,bendiciones,ben-diciones,unir,forma_unida_atestiguada,14283,0,"os los creyentes en Él. No nos podemos perder esas bendiciones. Él es el único que tiene ben- diciones para después que terminen nuestros días en este cuerpo físico, mortal, temporal. Y en es"
64aa18dd-7fdf-4e42-bde9-a50a0a9fb56a,2014-08-14,El Glorioso Reino milenial de Cristo.,bendi,ción,bendición,bendi-ción,unir,union_legitima_certificada_piloto,26865,0,"ara después que terminen nuestros días en este cuerpo físico, mortal, temporal. Y en esa bendi- ción está que nos dará un nuevo cuerpo eterno, in- mortal, incorruptible y glorificado, y jove"
64aa18dd-7fdf-4e42-bde9-a50a0a9fb56a,2014-08-14,El Glorioso Reino milenial de Cristo.,in,mortal,inmortal,in-mortal,unir,forma_unida_atestiguada,3721,0,"físico, mortal, temporal. Y en esa bendi- ción está que nos dará un nuevo cuerpo eterno, in- mortal, incorruptible y glorificado, y joven para toda la eternidad. ¿Qué otra persona o instit"
64aa18dd-7fdf-4e42-bde9-a50a0a9fb56a,2014-08-14,El Glorioso Reino milenial de Cristo.,que,réis,queréis,que-réis,unir,forma_unida_atestiguada,195,0,usividad de la vida eterna la tiene Jesucristo. Cristo en una ocasión dice: “Vosotros no que- réis venir a mí para que tengáis vida eterna.” Eso es lo que pasa con algunas personas cuando
64aa18dd-7fdf-4e42-bde9-a50a0a9fb56a,2014-08-14,El Glorioso Reino milenial de Cristo.,arreba,tar,arrebatar,arreba-tar,unir,forma_unida_atestiguada,518,0,"rna, y no perecerán jamás. Mi Padre que me las dio es mayor que todos; y nadie las puede arreba- tar de la mano de mi Padre. El Padre y yo una cosa somos.” ===== [PAGINA 14 de 19] ===== 14"
64aa18dd-7fdf-4e42-bde9-a50a0a9fb56a,2014-08-14,El Glorioso Reino milenial de Cristo.,hu,mano,humano,hu-mano,unir,forma_unida_atestiguada,23396,0,"eciben como único y suficiente Salvador. Por lo tanto, eso es lo principal para cada ser hu- mano. Eso es primero que el trabajo, es primero que una profesión, es primero que papá y mamá"
64aa18dd-7fdf-4e42-bde9-a50a0a9fb56a,2014-08-14,El Glorioso Reino milenial de Cristo.,tene,mos,tenemos,tene-mos,conservar,forma_con_guion_atestiguada,26700,1,== 15 El Glorioso Reino Milenial de Cristo co y suficiente Salvador. Y esa oportunidad la tene- mos mientras estamos vivos en esta Tierra. Si pierde la oportunidad de recibir a Cristo como
64aa18dd-7fdf-4e42-bde9-a50a0a9fb56a,2014-08-14,El Glorioso Reino milenial de Cristo.,eter,namente,eternamente,eter-namente,unir,forma_unida_atestiguada,10667,0,"dad de recibir a Cristo como Salvador, y muere, no hay quién le asegure que usted vivirá eter- namente. La vida eterna está prometida por Cristo para todos los que lo reciben como su Salvador"
64aa18dd-7fdf-4e42-bde9-a50a0a9fb56a,2014-08-14,El Glorioso Reino milenial de Cristo.,pasa,do,pasado,pasa-do,unir,forma_unida_atestiguada,6836,0,"e oye mi Palabra, y cree al que me envió, tiene vida eterna; y no será condenado, mas ha pasa- do de muerte a vida.” Eso está en San Juan, capítulo 5, verso 24. Tenemos que atender lo qu"
64aa18dd-7fdf-4e42-bde9-a50a0a9fb56a,2014-08-14,El Glorioso Reino milenial de Cristo.,Deuterono,mio,Deuteronomio,Deuterono-mio,unir,forma_unida_atestiguada,1041,0,"San Mateo, capítulo 4, verso 4, y en San Lucas, capítulo 4, verso 4, citando a Moisés en Deuterono- mio, capítulo 8, verso 1 al 3. Tenemos que ser realistas: En la vida aquí en la Tierra no ha"
64aa18dd-7fdf-4e42-bde9-a50a0a9fb56a,2014-08-14,El Glorioso Reino milenial de Cristo.,oran,do,orando,oran-do,unir,forma_unida_atestiguada,3349,0,"rsona que no ha recibido a Cristo todavía, lo puede hacer en estos momentos, y estaremos oran- do por usted para que Cristo le reciba en Su Reino y le dé vida eterna. Recordemos que nues"
64aa18dd-7fdf-4e42-bde9-a50a0a9fb56a,2014-08-14,El Glorioso Reino milenial de Cristo.,tene,mos,tenemos,tene-mos,conservar,forma_con_guion_atestiguada,26700,1,"ecordemos que nuestras almas…, así como a nuestro cuerpo le da hambre, (hambre física) y tene- mos que darle comida física, nuestra alma también siente hambre, no de pan literal, y sed, n"
64aa18dd-7fdf-4e42-bde9-a50a0a9fb56a,2014-08-14,El Glorioso Reino milenial de Cristo.,Alimenta,mos,Alimentamos,Alimenta-mos,unir,forma_unida_atestiguada,27,0,e sino de toda Palabra que sale de la boca de Dios.” Tenemos que alimentar nuestra alma. Alimenta- mos nuestro cuerpo más veces en el día que lo que alimentamos nuestra alma. Dios tiene mucho
64aa18dd-7fdf-4e42-bde9-a50a0a9fb56a,2014-08-14,El Glorioso Reino milenial de Cristo.,La,tina,Latina,La-tina,unir,forma_unida_atestiguada,5249,0,"n el día que lo que alimentamos nuestra alma. Dios tiene mucho pueblo en toda la América La- tina y el Caribe, en Norteamérica también y en otras naciones; y los está llamando en este ti"
64aa18dd-7fdf-4e42-bde9-a50a0a9fb56a,2014-08-14,El Glorioso Reino milenial de Cristo.,escu,chando,escuchando,escu-chando,unir,forma_unida_atestiguada,5556,0,"ue el nombre de ustedes está escrito en el Libro de la Vida. Por esa causa ustedes están escu- chando el Evangelio de Cristo. Vuestra alma tiene hambre espiritual, y tenemos que tenerle el a"
64aa18dd-7fdf-4e42-bde9-a50a0a9fb56a,2014-08-14,El Glorioso Reino milenial de Cristo.,Se,ñor,Señor,Se-ñor,conservar,forma_con_guion_atestiguada,142871,1,"ma tiene hambre espiritual, y tenemos que tenerle el alimento espiritual, la Palabra del Se- ñor, que es con lo único que nuestra alma es alimen- tada para estar fuertes espiritualmente."
64aa18dd-7fdf-4e42-bde9-a50a0a9fb56a,2014-08-14,El Glorioso Reino milenial de Cristo.,alimen,tada,alimentada,alimen-tada,unir,forma_unida_atestiguada,58,0,"e el alimento espiritual, la Palabra del Se- ñor, que es con lo único que nuestra alma es alimen- tada para estar fuertes espiritualmente. Vamos a estar puestos en pie para orar por las perso"
64aa18dd-7fdf-4e42-bde9-a50a0a9fb56a,2014-08-14,El Glorioso Reino milenial de Cristo.,pue,den,pueden,pue-den,unir,forma_unida_atestiguada,17134,0,"isto, para que Cristo los reciba en Su Reino. Y los niños también de 10 años en adelante pue- den venir a los Pies de Cristo. Recuerden también que Cristo dijo: “Dejad a los niños venir"
64aa18dd-7fdf-4e42-bde9-a50a0a9fb56a,2014-08-14,El Glorioso Reino milenial de Cristo.,Nom,bre,Nombre,Nom-bre,conservar,forma_con_guion_atestiguada,63746,5,"rsonas que han venido a los Pies de Cristo en esta ocasión. Recíbelos en Tu Reino. En el Nom- bre del Señor Jesucristo te lo ruego. Y ahora repitan conmigo esta oración: Señor Jesucristo,"
64aa18dd-7fdf-4e42-bde9-a50a0a9fb56a,2014-08-14,El Glorioso Reino milenial de Cristo.,Pri,mera,Primera,Pri-mera,unir,forma_unida_atestiguada,24458,0,"vangelio y nació Tu fe en mi corazón, en mi alma. Creo en Ti con toda mi alma. Creo en Tu Pri- mera Venida. Creo en Tu Nombre como el único Nombre bajo el cielo, dado a los hombres, en que"
64aa18dd-7fdf-4e42-bde9-a50a0a9fb56a,2014-08-14,El Glorioso Reino milenial de Cristo.,Sal,vador,Salvador,Sal-vador,unir,forma_unida_atestiguada,45332,0,"el Sacrificio de Expiación por nuestros pecados. Reconozco que soy pecador y necesito un Sal- vador. Doy testimonio público de mi fe en Ti y de Tu fe en mí, y te recibo como mi único y suf"
64aa18dd-7fdf-4e42-bde9-a50a0a9fb56a,2014-08-14,El Glorioso Reino milenial de Cristo.,San,gre,Sangre,San-gre,unir,forma_unida_atestiguada,40280,0,"y te recibo como mi único y suficiente Salvador. Te ruego perdones mis pecados y con Tu San- gre me limpies de todo pecado, y me bautices con Espíritu Santo y Fuego luego que yo sea bau"
64aa18dd-7fdf-4e42-bde9-a50a0a9fb56a,2014-08-14,El Glorioso Reino milenial de Cristo.,glo,rioso,glorioso,glo-rioso,unir,forma_unida_atestiguada,7547,0,"o para mí una bendición grande estar con ustedes en esta ocasión dándoles testimonio del glo- rioso Reino Milenial de Cristo, donde nos vamos a encontrar y vamos a recordar estos momentos"
64aa18dd-7fdf-4e42-bde9-a50a0a9fb56a,2014-08-14,El Glorioso Reino milenial de Cristo.,alrede,dor,alrededor,alrede-dor,unir,forma_unida_atestiguada,5445,0,"ncontrar y vamos a recordar estos momentos que hemos pasado compartiendo espiritualmente alrede- dor del Evangelio de Cristo, la Palabra de Dios. Que Dios les bendiga grandemente y les guard"
45039394-7096-4359-975c-cfc91f77819c,1989-09-17,El Misterio de los Siete Colores del Arco Iris.,Conven,ciones,Convenciones,Conven-ciones,unir,forma_unida_atestiguada,5,0,"ares que están escuchando esta actividad en esta mañana. Nos encontramos en el Centro de Conven- ciones Gonzalo Jiménez de Quesada, para diser- tar sobre el tema: EL MISTERIO DE LOS SIETE COLO"
45039394-7096-4359-975c-cfc91f77819c,1989-09-17,El Misterio de los Siete Colores del Arco Iris.,diser,tar,disertar,diser-tar,conservar,sin_evidencia_lexica_suficiente,1,0,"a mañana. Nos encontramos en el Centro de Conven- ciones Gonzalo Jiménez de Quesada, para diser- tar sobre el tema: EL MISTERIO DE LOS SIETE COLORES DEL ARCO IRIS. Tenemos que entender prim"
45039394-7096-4359-975c-cfc91f77819c,1989-09-17,El Misterio de los Siete Colores del Arco Iris.,alre,dedor,alrededor,alre-dedor,unir,forma_unida_atestiguada,5445,0,"arco iris, semejante en aspecto a la esmeralda.'' Aquí podemos ver el arco iris de Dios alre- dedor de Su Trono. (No medio arco iris, sino el arco iris completo rodeando el Trono de Dios)."
45039394-7096-4359-975c-cfc91f77819c,1989-09-17,El Misterio de los Siete Colores del Arco Iris.,impor,tante,importante,impor-tante,unir,forma_unida_atestiguada,14876,0,"í. Ahora, este arco iris alrededor del Trono de Dios, con sus siete colores, es algo muy impor- tante en el trono de Dios. Si no está ese arco iris ===== [PAGINA 7 de 48] ===== LOS SIETE COLO"
45039394-7096-4359-975c-cfc91f77819c,1989-09-17,El Misterio de los Siete Colores del Arco Iris.,men,sajero,mensajero,men-sajero,unir,forma_unida_atestiguada,37069,0,"ad). El mensajero de cada edad apareció con el mensaje correspondiente para su edad, ese men- sajero apareció con el color del arco iris corres- pondiente a esa edad; por lo tanto, cuando la"
45039394-7096-4359-975c-cfc91f77819c,1989-09-17,El Misterio de los Siete Colores del Arco Iris.,corres,pondiente,correspondiente,corres-pondiente,unir,forma_unida_atestiguada,10957,0,"mensaje correspondiente para su edad, ese men- sajero apareció con el color del arco iris corres- pondiente a esa edad; por lo tanto, cuando las personas de esa edad recibieron a ese mensajero ==="
45039394-7096-4359-975c-cfc91f77819c,1989-09-17,El Misterio de los Siete Colores del Arco Iris.,revela,ción,revelación,revela-ción,unir,forma_unida_atestiguada,19166,0,"te las siete etapas o edades de la Iglesia gentil. Por lo tanto, Dios tenía escondida la revela- ción plena para el tiempo en que el arco iris con sus siete colores estuviera manifestado ple"
45039394-7096-4359-975c-cfc91f77819c,1989-09-17,El Misterio de los Siete Colores del Arco Iris.,plena,mente,plenamente,plena-mente,unir,forma_unida_atestiguada,1074,0,"ión plena para el tiempo en que el arco iris con sus siete colores estuviera manifestado plena- mente, y fuera visto el círculo completo del arco iris con sus siete colores. Y por cuanto ca"
45039394-7096-4359-975c-cfc91f77819c,1989-09-17,El Misterio de los Siete Colores del Arco Iris.,gran,des,grandes,gran-des,unir,forma_unida_atestiguada,8213,0,"de 48] ===== LOS SIETE COLORES DEL ARCO IRIS Iglesia gentil, encontramos aquí estas siete gran- des recompensas, las cuales están bajo el pacto del arco iris. Ese arco iris, como ya hemos"
45039394-7096-4359-975c-cfc91f77819c,1989-09-17,El Misterio de los Siete Colores del Arco Iris.,Apoca,lipsis,Apocalipsis,Apoca-lipsis,unir,forma_unida_atestiguada,23750,0,", como ya hemos visto, representa el pacto de Dios. Ahora, bajo el pacto de Dios, dice en Apoca- lipsis 2:7, donde encontramos esta primera re- compensa aquí establecida, la cual es hablada a"
45039394-7096-4359-975c-cfc91f77819c,1989-09-17,El Misterio de los Siete Colores del Arco Iris.,re,compensa,recompensa,re-compensa,unir,forma_unida_atestiguada,1873,0,". Ahora, bajo el pacto de Dios, dice en Apoca- lipsis 2:7, donde encontramos esta primera re- compensa aquí establecida, la cual es hablada a la primera Edad (para que entendamos mejor a med"
45039394-7096-4359-975c-cfc91f77819c,1989-09-17,El Misterio de los Siete Colores del Arco Iris.,correspon,diente,correspondiente,correspon-diente,unir,forma_unida_atestiguada,10957,0,"estas recompensas pertenece a cada hijo de Dios; y la reciben por herencia en el tiempo correspon- diente para Dios dar esta recompensa. Dice: ``El que tiene oído, oiga lo que el espíritu dice a"
45039394-7096-4359-975c-cfc91f77819c,1989-09-17,El Misterio de los Siete Colores del Arco Iris.,ven,ciere,venciere,ven-ciere,unir,forma_unida_atestiguada,2395,0,"n cada edad. El Mensaje viene al mensajero de cada edad y él lo pasa al pueblo). Al que ven- ciere, le daré a comer del árbol de la vida, el cual está en medio del paraíso de Dios.'' Esta"
45039394-7096-4359-975c-cfc91f77819c,1989-09-17,El Misterio de los Siete Colores del Arco Iris.,Huer,to,Huerto,Huer-to,unir,forma_unida_atestiguada,2615,0,"SOTO SANTIAGO Dios la colocó en el Huerto del Edén. Cuando Dios puso al ser humano en el Huer- to del Edén, Dios lo colocó con un espíritu teofánico de la Sexta Dimensión; pues siendo A"
45039394-7096-4359-975c-cfc91f77819c,1989-09-17,El Misterio de los Siete Colores del Arco Iris.,mile,nios,milenios,mile-nios,unir,forma_unida_atestiguada,1071,0,"inio. Y luego Dios pasó a Adán a un cuerpo físico. Pero no sabemos cuántos años, siglos, mile- nios o millones de años moró Adán en ese cuerpo teofánico sin todavía tener el cuerpo físico"
45039394-7096-4359-975c-cfc91f77819c,1989-09-17,El Misterio de los Siete Colores del Arco Iris.,creado,ra,creadora,creado-ra,unir,forma_unida_atestiguada,1827,0,"ina. Adán hablando esa palabra creadora, porque él tenía ese poder creador, esa autoridad creado- ra, y tenía el Título de Propiedad... Y todos los hijos que Adán y Eva hubieran tenido por"
45039394-7096-4359-975c-cfc91f77819c,1989-09-17,El Misterio de los Siete Colores del Arco Iris.,crea,ción,creación,crea-ción,unir,forma_unida_atestiguada,9058,0,", y tenía el Título de Propiedad... Y todos los hijos que Adán y Eva hubieran tenido por crea- ción, hubieran nacido para vivir eternamente; pero Eva escogió la reproducción de la raza hu"
45039394-7096-4359-975c-cfc91f77819c,1989-09-17,El Misterio de los Siete Colores del Arco Iris.,per,dió,perdió,per-dió,unir,forma_unida_atestiguada,2424,0,"a Adán y a Eva; porque Dios tenía un Programa para llevar a cabo. Vemos que Adán no se per- dió, ni Eva tampoco. Cuando Dios vino y les pidió cuenta, los encontró cubriéndose con hojas"
45039394-7096-4359-975c-cfc91f77819c,1989-09-17,El Misterio de los Siete Colores del Arco Iris.,cientí,ficos,científicos,cientí-ficos,unir,forma_unida_atestiguada,637,0,e engañó a Eva. Pero la maldición de Dios la convirtió en un reptil. Y por esa causa los cientí- ficos no la pueden encontrar. Era lo más que se parecía al ser humano. Era de unos diez pies d
45039394-7096-4359-975c-cfc91f77819c,1989-09-17,El Misterio de los Siete Colores del Arco Iris.,respon,sabilidad,responsabilidad,respon-sabilidad,unir,forma_unida_atestiguada,617,0,". Y cuando Dios le pidió cuenta a Adán, a Eva y a la serpiente, Adán recibió también una respon- sabilidad; pero la maldición no cayó sobre Adán, sino sobre la Tierra; pero Adán perdió el privil"
45039394-7096-4359-975c-cfc91f77819c,1989-09-17,El Misterio de los Siete Colores del Arco Iris.,for,mado,formado,for-mado,unir,forma_unida_atestiguada,458,0,"===== [PAGINA 16 de 48] ===== WILLIAM SOTO SANTIAGO Dios creó a Adán, y todavía no había for- mado a Eva, y El dijo: ``No es bueno que el hombre esté solo; le haré ayuda idónea para él.''"
45039394-7096-4359-975c-cfc91f77819c,1989-09-17,El Misterio de los Siete Colores del Arco Iris.,repre,sentando,representando,repre-sentando,unir,forma_unida_atestiguada,1054,0,"eñor Jesucristo hubiese venido a ser dueño y director de los reinos de esta Tierra, pero repre- sentando al diablo; porque el diablo le daría esos reinos para que El los dirigiera, y el diablo"
45039394-7096-4359-975c-cfc91f77819c,1989-09-17,El Misterio de los Siete Colores del Arco Iris.,bendi,ción,bendición,bendi-ción,unir,union_legitima_certificada_piloto,26865,0,"o. Ahora, hemos visto y entendido todo lo que aconteció allá en la caída. Hemos visto la bendi- ción tan grande que el ser humano perdió allá en la caída. Y hemos visto el porqué el ser huma"
45039394-7096-4359-975c-cfc91f77819c,1989-09-17,El Misterio de los Siete Colores del Arco Iris.,cuer,po,cuerpo,cuer-po,unir,forma_unida_atestiguada,88486,0,"a eternamente en una forma caída. El no quiere que el ser humano viva eternamente en un cuer- po que se enferma, en un cuerpo que se pone viejo, en un cuerpo que el tiempo le hace daño."
45039394-7096-4359-975c-cfc91f77819c,1989-09-17,El Misterio de los Siete Colores del Arco Iris.,Jesu,cristo,Jesucristo,Jesu-cristo,conservar,forma_con_guion_atestiguada,146878,19,"teofánico cuando le apareció a Abraham y a los profetas del Antiguo Testamento. Por eso Jesu- cristo decía: ``Abraham deseó ver mi día, lo vio y se gozó.'' Le apareció también con el nombre"
45039394-7096-4359-975c-cfc91f77819c,1989-09-17,El Misterio de los Siete Colores del Arco Iris.,eterna,mente,eternamente,eterna-mente,unir,forma_unida_atestiguada,10667,0,"no es el Programa de Dios. El Programa de Dios es que Sus hijos estén con El para vivir eterna- mente. ===== [PAGINA 22 de 48] ===== WILLIAM SOTO SANTIAGO Ahora, encontramos que Dios tiene un"
45039394-7096-4359-975c-cfc91f77819c,1989-09-17,El Misterio de los Siete Colores del Arco Iris.,Pro,grama,Programa,Pro-grama,unir,forma_unida_atestiguada,20231,0,"===== [PAGINA 22 de 48] ===== WILLIAM SOTO SANTIAGO Ahora, encontramos que Dios tiene un Pro- grama, el cual El ha estado desarrollando a través de las generaciones, a través de las edade"
45039394-7096-4359-975c-cfc91f77819c,1989-09-17,El Misterio de los Siete Colores del Arco Iris.,sola,mente,solamente,sola-mente,unir,forma_unida_atestiguada,18450,0,"os siete colores del arco iris alrededor de su edad. Ellos estaban dentro de una edad que sola- mente tenía un color del arco iris, y la mitad solamente del círculo del arco iris. Por lo tan"
45039394-7096-4359-975c-cfc91f77819c,1989-09-17,El Misterio de los Siete Colores del Arco Iris.,eterna,mente,eternamente,eterna-mente,unir,forma_unida_atestiguada,10667,0,"de la Resurrección de los muertos, en donde ellos recibirán un cuerpo eterno para vivir eterna- mente. Pero ésta es una de las grandes recompensas para los vencedores. Ellos están esperando"
45039394-7096-4359-975c-cfc91f77819c,1989-09-17,El Misterio de los Siete Colores del Arco Iris.,alimentan,do,alimentando,alimentan-do,unir,forma_unida_atestiguada,180,0,"uarenta años. Ellos no trabajaban; Dios los alimentaba. Y espiritualmente Dios ha estado alimentan- do a Su pueblo, a Sus hijos de en medio de los gentiles, con alimento espiritual, la Palabr"
45039394-7096-4359-975c-cfc91f77819c,1989-09-17,El Misterio de los Siete Colores del Arco Iris.,descen,dido,descendido,descen-dido,unir,forma_unida_atestiguada,667,0,"gentiles, con alimento espiritual, la Palabra, el Mensaje de Dios para cada edad, que ha descen- dido del cielo y ha sido dado a cada hijo de Dios en cada edad por el mensajero de cada edad,"
45039394-7096-4359-975c-cfc91f77819c,1989-09-17,El Misterio de los Siete Colores del Arco Iris.,perma,necía,permanecía,perma-necía,unir,forma_unida_atestiguada,101,0,"dos días. Ahora, el maná que fue escondido en el Lugar Santísimo no se dañaba; ese maná perma- necía intacto porque estaba en el Lugar Santísi- mo, en el arca del pacto. Y estando en el arca"
45039394-7096-4359-975c-cfc91f77819c,1989-09-17,El Misterio de los Siete Colores del Arco Iris.,Santísi,mo,Santísimo,Santísi-mo,unir,forma_unida_atestiguada,10063,0,"el Lugar Santísimo no se dañaba; ese maná perma- necía intacto porque estaba en el Lugar Santísi- mo, en el arca del pacto. Y estando en el arca del ===== [PAGINA 29 de 48] ===== LOS SIETE C"
45039394-7096-4359-975c-cfc91f77819c,1989-09-17,El Misterio de los Siete Colores del Arco Iris.,Moi,sés,Moisés,Moi-sés,unir,forma_unida_atestiguada,39316,0,"porque estaba en el lugar de la presencia de Dios. Cuando Dios entró al templo que hizo Moi- sés, pasó por el atrio, y del atrio al lugar santo, y del lugar santo pasó al lugar santísimo"
45039394-7096-4359-975c-cfc91f77819c,1989-09-17,El Misterio de los Siete Colores del Arco Iris.,esco,gidos,escogidos,esco-gidos,unir,forma_unida_atestiguada,24653,0,", el ministerio de Sus ángeles con gran voz de trompeta llamando y juntando a todos los esco- gidos, en donde El cumple Su Segunda Venida con Sus ángeles, conforme al orden de Su Venida,"
45039394-7096-4359-975c-cfc91f77819c,1989-09-17,El Misterio de los Siete Colores del Arco Iris.,estan,do,estando,estan-do,unir,forma_unida_atestiguada,4835,0,"de ese maná escondido y viva eternamente en el tiempo en que nosotros estamos; para que estan- do en estos cuerpos mortales pasemos a la eter- nidad con un cuerpo eterno, sin tener que mo"
45039394-7096-4359-975c-cfc91f77819c,1989-09-17,El Misterio de los Siete Colores del Arco Iris.,eter,nidad,eternidad,eter-nidad,unir,forma_unida_atestiguada,10973,0,"tiempo en que nosotros estamos; para que estan- do en estos cuerpos mortales pasemos a la eter- nidad con un cuerpo eterno, sin tener que morir, como han muerto los hijos de Dios de las edad"
45039394-7096-4359-975c-cfc91f77819c,1989-09-17,El Misterio de los Siete Colores del Arco Iris.,cabe,cera,cabecera,cabe-cera,unir,forma_unida_atestiguada,160,0,"e ella será quebrantado (confortado, consolado). Así que la Piedra angular, la Piedra de cabe- cera, es el Señor Jesucristo en Su Segunda Veni- da. Y El dice: ``Al que venciere yo le daré u"
45039394-7096-4359-975c-cfc91f77819c,1989-09-17,El Misterio de los Siete Colores del Arco Iris.,Veni,da,Venida,Veni-da,unir,forma_unida_atestiguada,57700,0,"Así que la Piedra angular, la Piedra de cabe- cera, es el Señor Jesucristo en Su Segunda Veni- da. Y El dice: ``Al que venciere yo le daré una piedrecita blanca.'' Esa piedrecita blanca"
45039394-7096-4359-975c-cfc91f77819c,1989-09-17,El Misterio de los Siete Colores del Arco Iris.,Prime,ra,Primera,Prime-ra,unir,forma_unida_atestiguada,24458,0,"erbo, el cual fue conocido como Jesús de Nazaret). En la Primera Venida del Señor, en la Prime- ra Venida del Verbo en carne humana, fue conocido por el nombre de Jesús. Pues ese nom- bre"
45039394-7096-4359-975c-cfc91f77819c,1989-09-17,El Misterio de los Siete Colores del Arco Iris.,nom,bre,nombre,nom-bre,conservar,forma_con_guion_atestiguada,63746,5,"rime- ra Venida del Verbo en carne humana, fue conocido por el nombre de Jesús. Pues ese nom- bre significa ``Redentor''. Jesucristo vino en Su Primera Venida para redimir a Sus hijos; p"
45039394-7096-4359-975c-cfc91f77819c,1989-09-17,El Misterio de los Siete Colores del Arco Iris.,recom,pensa,recompensa,recom-pensa,unir,forma_unida_atestiguada,1873,0,"á). Ahora, ``le daré la Estrella de la mañana.'' ¿Qué quiere decir aquí el Señor en esta recom- pensa? La Estrella de la mañana vendrá, y cada uno tendrá la Estrella de la mañana. Ahora, ¿có"
45039394-7096-4359-975c-cfc91f77819c,1989-09-17,El Misterio de los Siete Colores del Arco Iris.,anuncian,do,anunciando,anuncian-do,unir,forma_unida_atestiguada,1055,0,"o. Por eso es la estrella de la mañana, no de la noche. Y la estrella de la mañana está anuncian- do un nuevo día. Ha surgido un nuevo día. El Sol está comenzando a alumbrar. Así que despie"
45039394-7096-4359-975c-cfc91f77819c,1989-09-17,El Misterio de los Siete Colores del Arco Iris.,resplande,ciente,resplandeciente,resplande-ciente,unir,forma_unida_atestiguada,1727,0,"timonio de estas cosas en las iglesias. Yo soy la raíz y el linaje de David, la estrella resplande- ciente de la mañana.'' ¿Quién es la Estrella resplandeciente de la mañana? Es el Señor Jesucris"
45039394-7096-4359-975c-cfc91f77819c,1989-09-17,El Misterio de los Siete Colores del Arco Iris.,senta,do,sentado,senta-do,unir,forma_unida_atestiguada,4214,0,"abrió en el cielo, ese Título de Propiedad que estaba en la mano derecha del que estaba senta- do en Su Trono: Dios sentado en Su Trono, y con el Librito en Su mano derecha y el arco iri"
45039394-7096-4359-975c-cfc91f77819c,1989-09-17,El Misterio de los Siete Colores del Arco Iris.,angu,lar,angular,angu-lar,unir,forma_unida_atestiguada,17606,0,"tulo de Propiedad, y desciende en la Edad de la Piedra angular, y a la Edad de la Piedra angu- lar, sobre el monte de Sión espiritual, que es el cuerpo místico del Señor Jesucristo, en la"
45039394-7096-4359-975c-cfc91f77819c,1989-09-17,El Misterio de los Siete Colores del Arco Iris.,alre,dedor,alrededor,alre-dedor,unir,forma_unida_atestiguada,5445,0,". Y la Edad de la Piedra angular con el Título de Propiedad, también tiene el arco iris alre- dedor, que es el Pacto eterno de Dios, para todos los hijos de Dios de la Edad de la Piedra an"
45039394-7096-4359-975c-cfc91f77819c,1989-09-17,El Misterio de los Siete Colores del Arco Iris.,nom,bre,nombre,nom-bre,conservar,forma_con_guion_atestiguada,63746,5,"as; y no borraré su nombre del Libro de la vida.'' Cada uno de los hijos de Dios tiene su nom- bre escrito en el Libro de la Vida, en ese Libro que fue abierto en el cielo. Y por esa caus"
45039394-7096-4359-975c-cfc91f77819c,1989-09-17,El Misterio de los Siete Colores del Arco Iris.,apocalíp,ticas,apocalípticas,apocalíp-ticas,unir,forma_unida_atestiguada,374,0,tribulación. Podrán traer plagas sobre la Tierra cuantas veces deseen. Serán las plagas apocalíp- ticas que destruirán el reino de los gentiles. Podrán hablarle al Sol para que baje y queme a
45039394-7096-4359-975c-cfc91f77819c,1989-09-17,El Misterio de los Siete Colores del Arco Iris.,prin,cipio,principio,prin-cipio,unir,forma_unida_atestiguada,4708,0,"inal. En Apocalipsis 21:6-7 dice: ``Y me dijo: Hecho está. Yo soy el Alfa y la Omega, el prin- cipio y el fin. Al que tuviere sed, yo le daré gratuitamente de la fuente del Agua de la vida."
45039394-7096-4359-975c-cfc91f77819c,1989-09-17,El Misterio de los Siete Colores del Arco Iris.,conden,sada,condensada,conden-sada,unir,forma_unida_atestiguada,22,0,"'' Aquí en estas palabras del Señor (``El que venciere heredará todas las cosas''), está conden- sada cada promesa, cada recompensa que El tenga para cada uno de Sus hijos. ===== [PAGINA 47"
45039394-7096-4359-975c-cfc91f77819c,1989-09-17,El Misterio de los Siete Colores del Arco Iris.,manifes,tados,manifestados,manifes-tados,unir,forma_unida_atestiguada,1797,0,"en el misterio de los siete colores del arco iris. Los siete colores del arco iris están manifes- tados, porque el arco iris está manifestado en la Edad de la Piedra angular, el arco iris que"
45039394-7096-4359-975c-cfc91f77819c,1989-09-17,El Misterio de los Siete Colores del Arco Iris.,repre,senta,representa,repre-senta,unir,forma_unida_atestiguada,5891,0,", porque el arco iris está manifestado en la Edad de la Piedra angular, el arco iris que repre- senta el Pacto de Dios. EL MISTERIO DE LOS SIETE COLORES DEL ARCO IRIS. Hemos visto en esta ma"
d24c334b-b0e9-4db9-b107-3edd0f54045b,1988-11-06,La Simplicidad Divina. sencillo,quedan,do,quedando,quedan-do,unir,forma_unida_atestiguada,46,0,"los, y ustedes están fuera."" Así que aquellos religiosos sabios y entendidos, se estaban quedan- do fuera, y la gente sencilla estaba entrando al Reino de los cielos. Así que los que pens"
d24c334b-b0e9-4db9-b107-3edd0f54045b,1988-11-06,La Simplicidad Divina. sencillo,tam,bién,también,tam-bién,conservar,forma_con_guion_atestiguada,120070,1,"cada edad o dispensación que aparece en la Tierra, para traer el Mensaje de Dios, tiene tam- bién su ángel; y ese es el ángel, el espíritu minis- trador, enviado de parte de Dios para min"
d24c334b-b0e9-4db9-b107-3edd0f54045b,1988-11-06,La Simplicidad Divina. sencillo,minis,trador,ministrador,minis-trador,unir,forma_unida_atestiguada,147,0,", para traer el Mensaje de Dios, tiene tam- bién su ángel; y ese es el ángel, el espíritu minis- trador, enviado de parte de Dios para ministrarle a los demás espíritus teofánicos de los escog"
d24c334b-b0e9-4db9-b107-3edd0f54045b,1988-11-06,La Simplicidad Divina. sencillo,simien,te,simiente,simien-te,unir,forma_unida_atestiguada,4701,0,"Y lo que se lleva a cabo en la Tierra es la siembra y la cosecha de la Palabra, de esa simien- te; porque es un Programa ya establecido por Dios en este planeta Tierra, cuando fue hablado"
d24c334b-b0e9-4db9-b107-3edd0f54045b,1988-11-06,La Simplicidad Divina. sencillo,celes,tial,celestial,celes-tial,unir,forma_unida_atestiguada,19736,0,"implicidad en cada ocasión que se lleva a cabo. La manifestación divina usa un lenguaje celes- tial, términos celestiales, aunque se esté hablando en un idioma terrenal. Cuando Jesús habl"
d24c334b-b0e9-4db9-b107-3edd0f54045b,1988-11-06,La Simplicidad Divina. sencillo,llevan,do,llevando,llevan-do,unir,forma_unida_atestiguada,5948,0,"Dios está haciendo en el presente no pueden hablar, porque no conocen lo que Dios está llevan- do a cabo en el presente; pues para conocerse lo que Dios está llevando a cabo en el presen"
d24c334b-b0e9-4db9-b107-3edd0f54045b,1988-11-06,La Simplicidad Divina. sencillo,dispen,sación,dispensación,dispen-sación,unir,union_legitima_certificada_piloto,28784,1,"deben suceder pronto."" Para eso Dios envía un Espíritu de profeta en cada edad y en cada dispen- sación. Por eso, la Biblia no fue escrita por las religio- nes, sino por los profetas. ""Porque"
d24c334b-b0e9-4db9-b107-3edd0f54045b,1988-11-06,La Simplicidad Divina. sencillo,religio,nes,religiones,religio-nes,unir,forma_unida_atestiguada,1053,0,"profeta en cada edad y en cada dispen- sación. Por eso, la Biblia no fue escrita por las religio- nes, sino por los profetas. ""Porque la profecía no fue traída por voluntad humana, sino que"
d24c334b-b0e9-4db9-b107-3edd0f54045b,1988-11-06,La Simplicidad Divina. sencillo,diferen,tes,diferentes,diferen-tes,unir,forma_unida_atestiguada,12623,0,"iferentes naciones y a diferentes personas, colocándolo en folletos, películas, y en las diferen- tes formas en que las personas puedan recibir esa bendición. Pero siempre el Mensaje llega d"
d24c334b-b0e9-4db9-b107-3edd0f54045b,1988-11-06,La Simplicidad Divina. sencillo,teofá,nico,teofánico,teofá-nico,unir,forma_unida_atestiguada,9486,0,"Cuando eso ocurre, usted descubre que es un hijo de Dios, descubre que tiene un cuerpo teofá- nico y descubre que está en el Programa divino para su tiempo, el cual se mueve en la simplic"
d24c334b-b0e9-4db9-b107-3edd0f54045b,1988-11-06,La Simplicidad Divina. sencillo,nece,sitan,necesitan,nece-sitan,unir,forma_unida_atestiguada,860,0,"iempo, el cual se mueve en la simplicidad divina. No es apariencia lo que los escogidos nece- sitan, sino la Palabra que corresponde para su tiempo; porque el que es de Dios, la Palabra de"
d24c334b-b0e9-4db9-b107-3edd0f54045b,1988-11-06,La Simplicidad Divina. sencillo,manifes,tados,manifestados,manifes-tados,unir,forma_unida_atestiguada,1797,0,"l Mensaje de gran voz de trompeta; el cual viene por el ministerio de Moisés y de Elías, manifes- tados por el Angel del Señor Jesucristo, el cual con ese espíritu teofánico da a conocer el Men"
d24c334b-b0e9-4db9-b107-3edd0f54045b,1988-11-06,La Simplicidad Divina. sencillo,dispen,sación,dispensación,dispen-sación,unir,union_legitima_certificada_piloto,28784,1,"ciones, los mensajeros y a través de los mensajes. Un mensaje para una Edad, o para una dispen- sación, no tiene que ser expresado en términos teológicos, en términos de un nivel alto, sino e"
d24c334b-b0e9-4db9-b107-3edd0f54045b,1988-11-06,La Simplicidad Divina. sencillo,cose,cha,cosecha,cose-cha,unir,forma_unida_atestiguada,2423,0,"rque en el fin del siglo, el Hijo del Hombre enviará a Sus Angeles para llevar a cabo la cose- cha. Un misterio tan grande del Reino de los cielos fue mostrado utilizando la naturaleza. A"
d24c334b-b0e9-4db9-b107-3edd0f54045b,1988-11-06,La Simplicidad Divina. sencillo,Men,saje,Mensaje,Men-saje,unir,forma_unida_atestiguada,43858,0,"a Sexta Dimensión, en un hombre de este tiempo. Y las personas al escuchar y examinar Su Men- saje, enseguida descubren que ese Mensaje no puede ser producido por la cabeza de un ser huma"
d24c334b-b0e9-4db9-b107-3edd0f54045b,1988-11-06,La Simplicidad Divina. sencillo,huma,no,humano,huma-no,unir,forma_unida_atestiguada,23396,0,"saje, enseguida descubren que ese Mensaje no puede ser producido por la cabeza de un ser huma- no; tampoco es el producto de un Doctor en Divinidad; porque ese Mensaje solamente puede s"
d24c334b-b0e9-4db9-b107-3edd0f54045b,1988-11-06,La Simplicidad Divina. sencillo,trans,mitido,transmitido,trans-mitido,unir,forma_unida_atestiguada,199,0,"de la mente divina, la mente de ese espíritu teofánico de la Sexta Dimensión; y luego es trans- mitido a esa persona a la cual pertenece ese espíritu ministrador. Y la misma persona no está c"
d24c334b-b0e9-4db9-b107-3edd0f54045b,1988-11-06,La Simplicidad Divina. sencillo,pasa,das,pasadas,pasa-das,unir,forma_unida_atestiguada,3207,0,"nombre nuevo del Señor Jesucristo, el cual estuvo oculto en las edades y dispensaciones pasa- das. Es uno de los grandes misterio del Reino de los cielos: el nombre eterno de Dios y nomb"
d24c334b-b0e9-4db9-b107-3edd0f54045b,1988-11-06,La Simplicidad Divina. sencillo,Pala,bra,Palabra,Pala-bra,conservar,forma_con_guion_atestiguada,66810,11,"sobre un caballo blanco. (Apoc. capítulo 19). Es un caballo blanco como la nieve, es la Pala- bra de Dios pura para el tiempo final. El caballo blanco como la nieve, es la gran voz de tro"
d24c334b-b0e9-4db9-b107-3edd0f54045b,1988-11-06,La Simplicidad Divina. sencillo,Pala,bra,Palabra,Pala-bra,conservar,forma_con_guion_atestiguada,66810,11,"Así que viene con la gran voz de trompeta, viene con esa espada saliendo de Su boca, la Pala- bra; viene sobre un caballo blanco como la nieve; viene como El prometió para cada uno de Su"
d24c334b-b0e9-4db9-b107-3edd0f54045b,1988-11-06,La Simplicidad Divina. sencillo,Nabucodono,sor,Nabucodonosor,Nabucodono-sor,unir,forma_unida_atestiguada,1350,0,"izan. Como dijo el profeta Daniel, cuando interpretó el sueño de la gran estatua que vio Nabucodono- sor; la cual representa al reino de los gentiles. El vio una piedra no cortada de manos que"
d24c334b-b0e9-4db9-b107-3edd0f54045b,1988-11-06,La Simplicidad Divina. sencillo,Hom,bre,Hombre,Hom-bre,conservar,forma_con_guion_atestiguada,51081,17,"o y de barro cocido, y desmenuzó toda la estatua. Porque la Segunda Venida del Hijo del Hom- bre, la Venida de esa Piedra no cortada de manos, al venir con esa espada de dos filos en su"
d24c334b-b0e9-4db9-b107-3edd0f54045b,1988-11-06,La Simplicidad Divina. sencillo,cum,plida,cumplida,cum-plida,unir,forma_unida_atestiguada,2452,0,"a cumplido esta Escritura delante de vosotros."" Solamente decir que esa Escritura estaba cum- plida delante de ellos, era un Mensaje tremendo; porque estaba dando a conocer el cumplimiento"
d24c334b-b0e9-4db9-b107-3edd0f54045b,1988-11-06,La Simplicidad Divina. sencillo,com,baten,combaten,com-baten,unir,forma_unida_atestiguada,14,0,"ace lo que prometió en la forma en que ellos creen, ellos no lo aceptan; lo rechazan, lo com- baten y tratan de destruir lo que Dios está hacien- do; porque Dios lo hace siempre en simplici"
d24c334b-b0e9-4db9-b107-3edd0f54045b,1988-11-06,La Simplicidad Divina. sencillo,hacien,do,haciendo,hacien-do,unir,forma_unida_atestiguada,11470,0,"en, ellos no lo aceptan; lo rechazan, lo com- baten y tratan de destruir lo que Dios está hacien- do; porque Dios lo hace siempre en simplicidad. Vean lo simple que fue la Venida del Hijo d"
d24c334b-b0e9-4db9-b107-3edd0f54045b,1988-11-06,La Simplicidad Divina. sencillo,simpli,cidad,simplicidad,simpli-cidad,unir,forma_unida_atestiguada,723,0,"limiento de lo que ellos decían que Dios iba a hacer. Así que podemos ver claramente la simpli- cidad divina en cada Edad, en cada dispensación, en cada Mensaje, en cada mensajero, y en la o"
d24c334b-b0e9-4db9-b107-3edd0f54045b,1988-11-06,La Simplicidad Divina. sencillo,Segun,da,Segunda,Segun-da,unir,forma_unida_atestiguada,28088,0,sotros estamos viviendo: Una obra que causó silencio en el cielo por casi media hora: la Segun- da Venida del Hijo del Hombre con Sus Angeles llevando a cabo la obra que corresponde a nue
d24c334b-b0e9-4db9-b107-3edd0f54045b,1988-11-06,La Simplicidad Divina. sencillo,Transfor,mación,Transformación,Transfor-mación,unir,forma_unida_atestiguada,10337,0,"ón, y esperando la Transformación de nuestros cuerpos. ¿Qué nos da derecho a esperar la Transfor- mación de nuestros cuerpos? Nos da derecho el Título de Propiedad que hemos recibido: ese Libr"
d24c334b-b0e9-4db9-b107-3edd0f54045b,1988-11-06,La Simplicidad Divina. sencillo,nues,tros,nuestros,nues-tros,unir,forma_unida_atestiguada,16556,0,"Por lo tanto, necesitamos un nuevo cuerpo; el cual obtendremos en la Transformación de nues- tros cuerpos, cuando la Resurrección de los muertos haya ocurrido, y ahí el ángel de cada uno"
d24c334b-b0e9-4db9-b107-3edd0f54045b,1988-11-06,La Simplicidad Divina. sencillo,trans,formará,transformará,trans-formará,unir,forma_unida_atestiguada,2219,0,"os haya ocurrido, y ahí el ángel de cada uno de los escogidos entrará a ese cuerpo y los trans- formará. Porque usted tiene derecho a la vida eterna; usted tiene derecho a un cuerpo eterno; us"
d24c334b-b0e9-4db9-b107-3edd0f54045b,1988-11-06,La Simplicidad Divina. sencillo,Dere,cho,Derecho,Dere-cho,unir,forma_unida_atestiguada,2998,0,"ivina, porque le corresponde a los hijos de Dios. Y teniendo el Título de Propiedad, ese Dere- cho, ese Mensaje, nosotros, conforme a la Corte Divina, nosotros recibimos todas esas cosas"
d24c334b-b0e9-4db9-b107-3edd0f54045b,1988-11-06,La Simplicidad Divina. sencillo,nues,tro,nuestro,nues-tro,unir,forma_unida_atestiguada,60979,0,"ual ustedes han notado, ha sido que Dios ha simplificado tanto todo lo que corresponde a nues- tro tiempo. Dios ha simplificado nuestra Edad, nuestra dispensación, nuestro Mensaje. Dios"
d24c334b-b0e9-4db9-b107-3edd0f54045b,1988-11-06,La Simplicidad Divina. sencillo,simpli,ficado,simplificado,simpli-ficado,unir,forma_unida_atestiguada,26,0,"empo. Dios ha simplificado nuestra Edad, nuestra dispensación, nuestro Mensaje. Dios ha simpli- ficado al pueblo, ha simplificado a los ministros, ha simplificado todo a tal grado, que la ma"
d24c334b-b0e9-4db9-b107-3edd0f54045b,1988-11-06,La Simplicidad Divina. sencillo,com,plicadas,complicadas,com-plicadas,unir,forma_unida_atestiguada,5,0,"Para los niños todas las cosas son simples, sencillas, porque ellos no bregan con cosas com- plicadas. Y Dios, entre los seres humanos, ha bajado todo a una simplicidad tan grande, que hast"
d24c334b-b0e9-4db9-b107-3edd0f54045b,1988-11-06,La Simplicidad Divina. sencillo,men,sajero,mensajero,men-sajero,unir,forma_unida_atestiguada,37069,0,"un pueblo, y a través de un Mensaje y mensajero. Dios no hace nada, sino a través de un men- sajero, proclamando el Mensaje que Dios tenga para ese tiempo; porque todas las cosas Dios las"
d24c334b-b0e9-4db9-b107-3edd0f54045b,1988-11-06,La Simplicidad Divina. sencillo,habla,da,hablada,habla-da,unir,forma_unida_atestiguada,3046,0,"ese tiempo; porque todas las cosas Dios las ha hecho, las hace y las hará por Su Palabra habla- da. Esa es la forma en que Dios se manifiesta entre los seres humanos. Y esa manifestación"
d24c334b-b0e9-4db9-b107-3edd0f54045b,1988-11-06,La Simplicidad Divina. sencillo,con,tinúe,continúe,con-tinúe,unir,forma_unida_atestiguada,2637,0,. Vean ustedes que Dios llama a Sus escogidos en la forma más simple; y deseamos que lo con- tinúe haciendo en esa forma; y que Dios continúe utilizando a nuestro hermano Miguel Bermúdez
296bdb34-1ad9-46cd-a3d9-6ec7cb1bf45e,1989-04-14,Las tablas de la Ley.,cons,trucción,construcción,cons-trucción,unir,forma_unida_atestiguada,2310,0,"== [PAGINA 3 de 32] ===== LAS TABLAS DE LA LEY en el monte Sinaí, para que él hiciera esa cons- trucción... Dice el apóstol San Pablo que ese templo era tipo y figura del celestial (Hebreos 9:"
296bdb34-1ad9-46cd-a3d9-6ec7cb1bf45e,1989-04-14,Las tablas de la Ley.,He,breos,Hebreos,He-breos,conservar,forma_con_guion_atestiguada,10106,1,"o para presentarse ahora por nosotros ante Dios. Y también en el verso 1, capítulo 10 de He- breos, dice: Porque la ley, teniendo la sombra de los bienes venideros, no la imagen misma de"
296bdb34-1ad9-46cd-a3d9-6ec7cb1bf45e,1989-04-14,Las tablas de la Ley.,tam,bién,también,tam-bién,conservar,forma_con_guion_atestiguada,120070,1,"te cada año, hacer perfectos a los que se acercan. Ahora, aquí podemos ver que la ley, y tam- bién el templo, son tipo y figura de las cosas celestiales y de las cosas venideras; porque"
296bdb34-1ad9-46cd-a3d9-6ec7cb1bf45e,1989-04-14,Las tablas de la Ley.,venide,ro,venidero,venide-ro,unir,forma_unida_atestiguada,161,0,"al era tipo y figura de lo que estaba en el cielo. Y en ese templo fue colocado todo lo venide- ro: Los bienes venideros estaban representados, ===== [PAGINA 4 de 32] ===== WILLIAM SOTO SA"
296bdb34-1ad9-46cd-a3d9-6ec7cb1bf45e,1989-04-14,Las tablas de la Ley.,sacrifi,cio,sacrificio,sacrifi-cio,unir,forma_unida_atestiguada,13689,0,plo. Por esa causa las cosas que estaban en el templo fueron purificadas con sangre del sacrifi- cio que el Sumo Pontífice llevaba a cabo. Así aconteció cuando fue dedicado el templo que hiz
296bdb34-1ad9-46cd-a3d9-6ec7cb1bf45e,1989-04-14,Las tablas de la Ley.,espiri,tual,espiritual,espiri-tual,unir,forma_unida_atestiguada,23670,0,vo Templo; porque El hizo un nuevo pacto con Su pueblo. Y ese nuevo Templo es el Templo espiri- tual del Señor Jesucristo. Y El dice: ``Y vendrá a Su Templo el Señor.'' Pero éste no es un te
296bdb34-1ad9-46cd-a3d9-6ec7cb1bf45e,1989-04-14,Las tablas de la Ley.,genti,les,gentiles,genti-les,unir,forma_unida_atestiguada,14369,0,"— de una persona que no pertenezca a ese Templo. Ahora, están los escogidos de entre los genti- les que pertenecen a ese Templo, y también los escogidos de entre los hebreos que pertenecen"
296bdb34-1ad9-46cd-a3d9-6ec7cb1bf45e,1989-04-14,Las tablas de la Ley.,noso,tros,nosotros,noso-tros,conservar,forma_con_guion_atestiguada,59292,2,"porque es el Creador de los cielos y de la Tierra, el cual se hizo carne y habitó entre noso- tros. Por nacimiento El adquirió esa ciudadanía terrenal; pero Su ciudadanía es celestial, co"
296bdb34-1ad9-46cd-a3d9-6ec7cb1bf45e,1989-04-14,Las tablas de la Ley.,nues,tra,nuestra,nues-tra,unir,forma_unida_atestiguada,22061,0,"e tiene cada uno de los hijos de Dios, es que Dios trabaja con Sus hijos. Y de acuerdo a nues- tra posición en el Reino de los cielos, siendo cada uno de nosotros templo de Dios, templo"
296bdb34-1ad9-46cd-a3d9-6ec7cb1bf45e,1989-04-14,Las tablas de la Ley.,Tem,plo,Templo,Tem-plo,unir,forma_unida_atestiguada,28936,0,y importante en ese Templo que está en el cielo. Así que la ``Columna principal'' de ese Tem- plo es el Señor Jesucristo. (El Personaje principal del Templo de Dios). Pero El dice que n
296bdb34-1ad9-46cd-a3d9-6ec7cb1bf45e,1989-04-14,Las tablas de la Ley.,bendi,ción,bendición,bendi-ción,unir,union_legitima_certificada_piloto,26865,0,"tes. Por lo tanto, perteneciendo a ese Templo espiritual del Señor, entonces tenemos la bendi- ción más grande que Dios tiene para este tiempo final. Ahora, yo les dije al principio que nue"
296bdb34-1ad9-46cd-a3d9-6ec7cb1bf45e,1989-04-14,Las tablas de la Ley.,bendi,ción,bendición,bendi-ción,unir,union_legitima_certificada_piloto,26865,0,"e ellos nacer). Y por más que luchó Esaú para nacer primero; y todos creían que tenía la bendi- ción del primogénito; sin embargo, Jacob la tenía desde el cielo. Y aquí en la Tierra tenía q"
296bdb34-1ad9-46cd-a3d9-6ec7cb1bf45e,1989-04-14,Las tablas de la Ley.,espiri,tual,espiritual,espiri-tual,unir,forma_unida_atestiguada,23670,0,"ondido. Y todo eso es actualizado en el Templo espiritual del Señor, así como el Templo espiri- tual del Señor Jesucristo es la actualización del templo que hizo Moisés y del templo que hiz"
296bdb34-1ad9-46cd-a3d9-6ec7cb1bf45e,1989-04-14,Las tablas de la Ley.,men,sajero,mensajero,men-sajero,unir,forma_unida_atestiguada,37069,0,"o. Y Juan el Discípulo amado, representando en esa forma al mensajero y al grupo de cada men- sajero en cada etapa, en cada edad, hasta la nuestra; encontramos que en esta etapa final, en"
296bdb34-1ad9-46cd-a3d9-6ec7cb1bf45e,1989-04-14,Las tablas de la Ley.,descen,diendo,descendiendo,descen-diendo,unir,forma_unida_atestiguada,411,0,"vio la Segunda Venida del Hijo del Hombre, en Apocalipsis capítulo 10: el Angel fuerte descen- diendo del cielo. Siendo que este hombre era un profeta, Juan el Discípulo amado, representand"
296bdb34-1ad9-46cd-a3d9-6ec7cb1bf45e,1989-04-14,Las tablas de la Ley.,mensa,jero,mensajero,mensa-jero,conservar,forma_con_guion_atestiguada,37069,1,"rá el mensajero con su grupo en este tiempo final. Y aquí encontramos que se le dice al mensa- jero, a Juan: ``Pídele el Librito.'' Es el Libro más importante del cielo. Es el ===== [PAGINA"
296bdb34-1ad9-46cd-a3d9-6ec7cb1bf45e,1989-04-14,Las tablas de la Ley.,Propie,dad,Propiedad,Propie-dad,unir,forma_unida_atestiguada,5377,0,"ado a aquél a quien le es dicho: ``Pide ese Librito.'' Ya hemos visto que es el Título de Propie- dad, el Libro de la Redención, el Libro del Reclamo. Sin ese Librito no se puede reclamar l"
296bdb34-1ad9-46cd-a3d9-6ec7cb1bf45e,1989-04-14,Las tablas de la Ley.,Resu,rrección,Resurrección,Resu-rrección,conservar,forma_con_guion_atestiguada,14442,1,"el Libro de la Redención, el Libro del Reclamo. Sin ese Librito no se puede reclamar la Resu- rrección de los muertos; no se puede reclamar la Transformación de los que estamos vivos; no se p"
296bdb34-1ad9-46cd-a3d9-6ec7cb1bf45e,1989-04-14,Las tablas de la Ley.,men,sajero,mensajero,men-sajero,unir,forma_unida_atestiguada,37069,0,naciones y lenguas en Su Segunda manifestación. Y todo esto se lleva a cabo en el Angel men- sajero del Señor Jesucristo con el doble minis- terio de Moisés y Elías; el cual así como Moisés
296bdb34-1ad9-46cd-a3d9-6ec7cb1bf45e,1989-04-14,Las tablas de la Ley.,minis,terio,ministerio,minis-terio,conservar,forma_con_guion_atestiguada,18790,1,"n. Y todo esto se lleva a cabo en el Angel men- sajero del Señor Jesucristo con el doble minis- terio de Moisés y Elías; el cual así como Moisés recibió las tablas de la ley, él recibe el Lib"
296bdb34-1ad9-46cd-a3d9-6ec7cb1bf45e,1989-04-14,Las tablas de la Ley.,conte,nido,contenido,conte-nido,unir,forma_unida_atestiguada,3462,0,"o. Y cuando él lo toma y predica el Mensaje de gran voz de trompeta, está predicando el conte- nido del Librito que fue abierto en el cielo, y está colocando en el Lugar Santísimo, dentro"
296bdb34-1ad9-46cd-a3d9-6ec7cb1bf45e,1989-04-14,Las tablas de la Ley.,pasa,do,pasado,pasa-do,unir,forma_unida_atestiguada,6836,0,"Transformación de nuestros cuerpos (los que estamos vivos); y a los que partieron en el pasa- do, les da derecho a la Resurrección en cuerpos glorificados. Tenemos las tablas de la ley."
296bdb34-1ad9-46cd-a3d9-6ec7cb1bf45e,1989-04-14,Las tablas de la Ley.,acor,daos,acordaos,acor-daos,unir,forma_unida_atestiguada,145,0,"echo a la Resurrección en cuerpos glorificados. Tenemos las tablas de la ley. Por eso, ``acor- daos de Moisés mi siervo, al cual encargué en Horeb ordenanzas y leyes para todo Israel.'' Es"
296bdb34-1ad9-46cd-a3d9-6ec7cb1bf45e,1989-04-14,Las tablas de la Ley.,incom,pleto,incompleto,incom-pleto,unir,forma_unida_atestiguada,15,0,"El Templo espiritual del Señor Jesucristo, sin el Lugar Santísimo, sin nosotros, estaría incom- pleto; porque no tendría lugar para la Segunda Venida del Señor, para Dios morar en Su Segun-"
296bdb34-1ad9-46cd-a3d9-6ec7cb1bf45e,1989-04-14,Las tablas de la Ley.,Segun,da,Segunda,Segun-da,unir,forma_unida_atestiguada,28088,0,"- pleto; porque no tendría lugar para la Segunda Venida del Señor, para Dios morar en Su Segun- da Venida con Sus Angeles, el ministerio de Moisés y Elías, y para comunicarse desde ese l"
296bdb34-1ad9-46cd-a3d9-6ec7cb1bf45e,1989-04-14,Las tablas de la Ley.,transfor,mados,transformados,transfor-mados,conservar,forma_con_guion_atestiguada,12172,1,"ser perfeccionado. Por eso cada uno de aquellos que vivieron en su edad, no pudieron ser transfor- mados para continuar viviendo, sino que tuvieron que partir; porque ellos tenían que esperar"
296bdb34-1ad9-46cd-a3d9-6ec7cb1bf45e,1989-04-14,Las tablas de la Ley.,indivi,duos,individuos,indivi-duos,unir,forma_unida_atestiguada,2545,0,"las tablas de la ley actualizadas, colocadas en el Lugar Santísimo: en nuestra alma como indivi- duos; y en la Edad de la Piedra angular, como la Edad del Lugar Santísimo. Así que lo que nos"
296bdb34-1ad9-46cd-a3d9-6ec7cb1bf45e,1989-04-14,Las tablas de la Ley.,sea,mos,seamos,sea-mos,unir,forma_unida_atestiguada,3003,0,"edades pasadas, los cuales partieron; que los recibamos en cuerpos incorruptibles; y que sea- mos todos transformados de acuerdo al Programa divino para este tiempo, de acuerdo a la ley"
296bdb34-1ad9-46cd-a3d9-6ec7cb1bf45e,1989-04-14,Las tablas de la Ley.,pro,metido,prometido,pro-metido,unir,forma_unida_atestiguada,13351,0,"e los escogidos en la Edad de la Piedra angular han recibido, conforme a como Dios había pro- metido. Así que tenemos las tablas de la ley, y tam- ===== [PAGINA 30 de 32] ===== WILLIAM SOTO"
296bdb34-1ad9-46cd-a3d9-6ec7cb1bf45e,1989-04-14,Las tablas de la Ley.,Moi,sés,Moisés,Moi-sés,unir,forma_unida_atestiguada,39316,0,"antísimo, de lo cual hablaremos en otra ocasión. La ley no pudo venir si Dios no tenía a Moi- sés; y la ley actualizada tampoco puede venir a la Edad de la Piedra angular a menos que no"
296bdb34-1ad9-46cd-a3d9-6ec7cb1bf45e,1989-04-14,Las tablas de la Ley.,actuali,zada,actualizada,actuali-zada,unir,forma_unida_atestiguada,350,0,"nos estamos comiendo el Librito que fue abierto en el cielo, nos estamos comiendo la ley actuali- zada; la cual dijo que escribiría en nuestros corazones, en nuestra alma y en nuestra mente."
296bdb34-1ad9-46cd-a3d9-6ec7cb1bf45e,1989-04-14,Las tablas de la Ley.,tene,mos,tenemos,tene-mos,conservar,forma_con_guion_atestiguada,26700,1,"alma, el Mensaje de gran voz de trompeta, el testimonio del Angel del Señor Jesucristo; tene- mos las tablas de la ley actualizadas en nuestro corazón para vivir eternamente. Dios les be"
566855eb-ea35-4ce7-8c87-2e445f2f6eb7,2009-03-28,RM Qué ves tú.,taber,náculo,tabernáculo,taber-náculo,conservar,forma_con_guion_atestiguada,4914,1,"nto vamos a ver esa Gran Carpa-Catedral, la cual dedicaremos a Dios como Moisés dedicó el taber- náculo y como Salomón dedicó el templo a Dios. Que Dios les bendiga y les guarde, y con nosotro"
566855eb-ea35-4ce7-8c87-2e445f2f6eb7,2009-03-28,RM Qué ves tú.,prometi,da,prometida,prometi-da,unir,forma_unida_atestiguada,8583,0,"por obra para el tiempo en que uno está viviendo. “¿QUE VES TÚ?” Porque yo veo la Palabra prometi- da, la Palabra de Dios por la cual Dios ha estado vigilando, yo veo que Él la está poniendo"
566855eb-ea35-4ce7-8c87-2e445f2f6eb7,2009-03-28,RM Qué ves tú.,comien,zo,comienzo,comien-zo,unir,forma_unida_atestiguada,1337,0,"stá poniendo por obra en este tiempo final. Y Él completará Su Obra. Es importante ver el comien- zo para estar desde el comienzo trabajando en la Obra hasta que Él complete Su Obra, y veamo"
566855eb-ea35-4ce7-8c87-2e445f2f6eb7,2009-03-28,RM Qué ves tú.,correspon,diente,correspondiente,correspon-diente,unir,forma_unida_atestiguada,10957,0,"r con ustedes unos momentos de compañerismo alrededor de la Palabra de Dios y Su Programa correspon- diente a este tiempo final. Aprecio y agradezco mucho todo lo que están haciendo, todo el respal"
566855eb-ea35-4ce7-8c87-2e445f2f6eb7,2009-03-28,RM Qué ves tú.,anticipa,do,anticipado,anticipa-do,unir,forma_unida_atestiguada,46,0,"parte de lona, y ser enviado a Puerto Rico, para lo cual hay que pagar de antemano, por anticipa- do, todo lo que va a ser enviado. Y todavía hay muchas piezas de metal que no las han enviad"
566855eb-ea35-4ce7-8c87-2e445f2f6eb7,2009-03-28,RM Qué ves tú.,cons,trucción,construcción,cons-trucción,unir,forma_unida_atestiguada,2310,0,; y también ya se está en la etapa de la construcción de la lona que es otra etapa de esa cons- trucción en los Estados Unidos. Y se requiere que se le envíe el dinero lo más pronto posible par
566855eb-ea35-4ce7-8c87-2e445f2f6eb7,2009-03-28,RM Qué ves tú.,diferen,tes,diferentes,diferen-tes,unir,forma_unida_atestiguada,12623,0,"que se le envíe el dinero lo más pronto posible para ellos, a medida que van construyendo diferen- tes partes del techo, lo vayan enviando a Puerto Rico, para que no haya gasto de almacenaje,"
566855eb-ea35-4ce7-8c87-2e445f2f6eb7,2009-03-28,RM Qué ves tú.,Carpa,Catedral,CarpaCatedral,Carpa-Catedral,conservar,forma_con_guion_atestiguada,0,1063,"osotros: ministros y congregaciones, para un super milagro para completar esa etapa de la Carpa- Catedral, la construcción primero de ese techo, para después entrar a la otra etapa que será local"
566855eb-ea35-4ce7-8c87-2e445f2f6eb7,2009-03-28,RM Qué ves tú.,trabajan,do,trabajando,trabajan-do,unir,forma_unida_atestiguada,5283,0,"sta Gran Carpa-Catedral en Puerto Rico? Estamos viendo la Palabra siendo puesta por obra, trabajan- do para que se haga realidad lo que ha sido prometido. Por lo tanto, es una obra de fe. Una"
566855eb-ea35-4ce7-8c87-2e445f2f6eb7,2009-03-28,RM Qué ves tú.,Trompe,tas,Trompetas,Trompe-tas,unir,forma_unida_atestiguada,1542,0,"o por completo, en la página 472. Dice: “...es el fin del séptimo Sello; es el fin de las Trompe- tas; es el fin de las Copas y aun es el fin de la entrada al Milenio. Todo eso es contenido e"
566855eb-ea35-4ce7-8c87-2e445f2f6eb7,2009-03-28,RM Qué ves tú.,correspon,diente,correspondiente,correspon-diente,unir,forma_unida_atestiguada,10957,0,"edar bien hecho; y también los pagos, que también tienen que ser bien hechos en el tiempo correspon- diente. Yo aprecio mucho el respaldo que le están dando a ese proyecto de La Gran Carpa- Catedra"
566855eb-ea35-4ce7-8c87-2e445f2f6eb7,2009-03-28,RM Qué ves tú.,Carpa,Catedral,CarpaCatedral,Carpa-Catedral,conservar,forma_con_guion_atestiguada,0,1063,"r la Tercera Etapa, y todos estamos deseosos que esa Tercera Etapa sea manifestada en esa Carpa- Catedral que vio el reverendo William Branham. En el libro de “Las Edades,” desde la página186 ha"
566855eb-ea35-4ce7-8c87-2e445f2f6eb7,2009-03-28,RM Qué ves tú.,creado,ra,creadora,creado-ra,unir,forma_unida_atestiguada,1827,0,"rá la Palabra encarnada en un hombre y a través de ese hombre será que veremos la Palabra creado- ra manifestada. Aunque no será un espectáculo público, pero entenderemos que será hablando l"
566855eb-ea35-4ce7-8c87-2e445f2f6eb7,2009-03-28,RM Qué ves tú.,pensamien,tos,pensamientos,pensamien-tos,unir,forma_unida_atestiguada,1995,0,"aro, dice capítulo 55, verso 8 en adelante dice: “Porque mis pensamientos no son vuestros pensamien- tos, ni vuestros caminos mis caminos, dijo Jehová. Como son más altos los cielos que la tie"
566855eb-ea35-4ce7-8c87-2e445f2f6eb7,2009-03-28,RM Qué ves tú.,pensamien,tos,pensamientos,pensamien-tos,unir,forma_unida_atestiguada,1995,0,"NA 10 de 16] ===== WILLIAM SOTO SANTIAGO 10 caminos más altos que vuestros caminos, y mis pensamien- tos más que vuestros pensamientos. Porque como desciende de los cielos la lluvia y la nieve"
566855eb-ea35-4ce7-8c87-2e445f2f6eb7,2009-03-28,RM Qué ves tú.,hacién,dose,haciéndose,hacién-dose,unir,forma_unida_atestiguada,389,0,"personas, ellos la hablaron a otras personas , se hizo carne en otras personas, y así fue hacién- dose carne y eso fue nada menos que la Palabra puesta por obra, fue la obra de la Palabra; fue"
566855eb-ea35-4ce7-8c87-2e445f2f6eb7,2009-03-28,RM Qué ves tú.,opera,ción,operación,opera-ción,unir,forma_unida_atestiguada,127,0,"ar los otros y decir como opera. Esto no se puede explicar. Nada más espera. No estará en opera- ción tan perfectamente ahora.” Aunque estaba en el reverendo William Branham, pero dice: “No"
566855eb-ea35-4ce7-8c87-2e445f2f6eb7,2009-03-28,RM Qué ves tú.,persecu,ción,persecución,persecu-ción,unir,forma_unida_atestiguada,444,0,"á en operación tan perfectamente ahora. Espera cuando ese concilio de iglesias traiga esa persecu- ción, entonces pasará. Esta es la razón, porque yo vuelvo a orar por los enfermos. Solamente t"
566855eb-ea35-4ce7-8c87-2e445f2f6eb7,2009-03-28,RM Qué ves tú.,vindican,do,vindicando,vindican-do,unir,forma_unida_atestiguada,59,0,"que Él ha prometido y no se ha cumplido, Él lo tiene que cumplir. El cumplimiento es Dios vindican- do, haciendo realidad lo que Él prometió. Y eso es Dios poniendo por obra Su Palabra. “Por"
566855eb-ea35-4ce7-8c87-2e445f2f6eb7,2009-03-28,RM Qué ves tú.,comprome,tido,comprometido,comprome-tido,unir,forma_unida_atestiguada,46,0,"erra pasarán, pero Su Palabra no pasará.” Lo que Él ha prometido lo va a cumplir, Él está comprome- tido con Su Palabra. “Y cuando la última Palabra sea vindicada (o sea, sea cumplida, sea hec"
566855eb-ea35-4ce7-8c87-2e445f2f6eb7,2009-03-28,RM Qué ves tú.,reali,dad,realidad,reali-dad,unir,forma_unida_atestiguada,5394,0,"e la promesa de la edad sea confirmada.” O sea, sea confirmada, sea vindicada, sea hecha reali- dad. Ella está vigilando por ello. Ella es parte de esa Palabra, y está vigilando para que su"
566855eb-ea35-4ce7-8c87-2e445f2f6eb7,2009-03-28,RM Qué ves tú.,prome,tida,prometida,prome-tida,unir,forma_unida_atestiguada,8583,0,"ca el cumplimiento de ¿QUÉ VES TÚ? 13 rey David, y luego ese niño creciendo; y la Palabra prome- tida de Dios siendo puesta por obra a través de ese joven, de ese niño. Ese niño, ahora vean"
566855eb-ea35-4ce7-8c87-2e445f2f6eb7,2009-03-28,RM Qué ves tú.,amarra,da,amarrada,amarra-da,unir,forma_unida_atestiguada,10,0,"na apretura por ahí, eso quiere decir que tenemos que tener la correa bien ajustada, bien amarra- da. Pero ese será el tiempo en que Dios en toda Su plenitud se estará manifestando en el cum"
566855eb-ea35-4ce7-8c87-2e445f2f6eb7,2009-03-28,RM Qué ves tú.,apresura,da,apresurada,apresura-da,unir,forma_unida_atestiguada,10,0,"las palabras que le dijo Dios a Josué, porque en aquellos días tenía que ser una labor apresura- da, Dios le dijo a Josué: “Esfuérzate y sé valiente, sé bien valiente.” Y le dijo: “Yo estar"
566855eb-ea35-4ce7-8c87-2e445f2f6eb7,2009-03-28,RM Qué ves tú.,Bran,ham,Branham,Bran-ham,conservar,forma_con_guion_atestiguada,12860,1,"y por eso ha sido colocada en letra todo lo que Dios dijo por medio del reverendo William Bran- ham, y Dios ha estado velando por esa Palabra y la Iglesia Novia también ha estado velando po"
566855eb-ea35-4ce7-8c87-2e445f2f6eb7,2009-03-28,RM Qué ves tú.,cumpli,miento,cumplimiento,cumpli-miento,unir,forma_unida_atestiguada,7733,0,"bra de promesa para que la diera la pueblo. Y la Iglesia Novia ha estado esperando por el cumpli- miento de esa Palabra prometida. Esa Palabra prometida va a ser vista hecha carne, hecha realida"
566855eb-ea35-4ce7-8c87-2e445f2f6eb7,2009-03-28,RM Qué ves tú.,Apoca,lipsis,Apocalipsis,Apoca-lipsis,unir,forma_unida_atestiguada,23750,0,"prometida hecha carne en un hombre: el Verbo hecho carne, el Jinete del caballo blanco de Apoca- lipsis 19 viniendo; y eso será la Palabra, el Verbo, el Ángel del Pacto, el Espíritu Santo en un"
566855eb-ea35-4ce7-8c87-2e445f2f6eb7,2009-03-28,RM Qué ves tú.,manifestán,dose,manifestándose,manifestán-dose,unir,forma_unida_atestiguada,1882,0,"eso será la Palabra, el Verbo, el Ángel del Pacto, el Espíritu Santo en un velo de carne manifestán- dose en medio de Su Iglesia, y operando el Espíritu Santo el ministerio de Jesús, el ministeri"
566855eb-ea35-4ce7-8c87-2e445f2f6eb7,2009-03-28,RM Qué ves tú.,instru,mentos,instrumentos,instru-mentos,unir,forma_unida_atestiguada,912,0,"hablada), Él ha estado vigilando para ponerla por obra, para cumplirla; y tiene que usar instru- mentos a través de los cuales Dios obre para traer a cumpli- miento esa Palabra. Y por consiguie"
566855eb-ea35-4ce7-8c87-2e445f2f6eb7,2009-03-28,RM Qué ves tú.,cumpli,miento,cumplimiento,cumpli-miento,unir,forma_unida_atestiguada,7733,0,"cumplirla; y tiene que usar instru- mentos a través de los cuales Dios obre para traer a cumpli- miento esa Palabra. Y por consiguiente, estarán personas, ministros, trabajando brazo a brazo co"
566855eb-ea35-4ce7-8c87-2e445f2f6eb7,2009-03-28,RM Qué ves tú.,congregacio,nes,congregaciones,congregacio-nes,unir,forma_unida_atestiguada,1702,0,"a, la Palabra velada en carne humana será respaldada por todos los ministros y todas las congregacio- nes en el proyecto de La Gran Carpa-Catedral, tan sencillo como eso. Y luego, cuando esté con"
566855eb-ea35-4ce7-8c87-2e445f2f6eb7,2009-03-28,RM Qué ves tú.,Carpa,Catedral,CarpaCatedral,Carpa-Catedral,conservar,forma_con_guion_atestiguada,0,1063,"e La Gran Carpa-Catedral, tan sencillo como eso. Y luego, cuando esté construida esa Gran Carpa- Catedral, Dios se encargará de obrar en el momento que Él desee obrar. O sea, que quizás al comien"
ee9c0506-b5a1-42d5-a02e-eaca2ff8f3ed,1990-08-26,La bendicion de Abraham en la America Latina,Abra,ham,Abraham,Abra-ham,conservar,forma_con_guion_atestiguada,21650,6,"y le habló toda la bendición en forma condensada. Esa bendición que Dios habló y dio a Abra- ham fue pasando de Isaac a Jacob, de Jacob a sus hijos, incluyendo sus dos nietos, y así de"
ee9c0506-b5a1-42d5-a02e-eaca2ff8f3ed,1990-08-26,La bendicion de Abraham en la America Latina,rechaza,do,rechazado,rechaza-do,unir,forma_unida_atestiguada,839,0,"aham, y luego trajo esa bendición para los gentiles. Después que el Señor Jesucristo fue rechaza- do en la Tierra de Israel, la bendición de Abra- ham pasó de entre los hebreos a los gentile"
ee9c0506-b5a1-42d5-a02e-eaca2ff8f3ed,1990-08-26,La bendicion de Abraham en la America Latina,Abra,ham,Abraham,Abra-ham,conservar,forma_con_guion_atestiguada,21650,6,". Después que el Señor Jesucristo fue rechaza- do en la Tierra de Israel, la bendición de Abra- ham pasó de entre los hebreos a los gentiles, cuando el Evangelio pasó a los gentiles. San"
ee9c0506-b5a1-42d5-a02e-eaca2ff8f3ed,1990-08-26,La bendicion de Abraham en la America Latina,conti,nuó,continuó,conti-nuó,unir,forma_unida_atestiguada,759,0,o le abrió la puerta a los gentiles en la casa de Cornelio; y luego el apóstol San Pablo conti- nuó con los gentiles. Pues el Señor Jesucristo le dijo a San Pablo: ``Te he puesto por Luz d
ee9c0506-b5a1-42d5-a02e-eaca2ff8f3ed,1990-08-26,La bendicion de Abraham en la America Latina,dispen,sación,dispensación,dispen-sación,unir,union_legitima_certificada_piloto,28784,1,"gentiles, así como se movió en medio de los hebreos. Y así como el pueblo hebreo, bajo la dispen- sación de la ley, tuvo siete etapas o edades de la Iglesia hebrea, bajo el judaísmo, la Iglesia"
ee9c0506-b5a1-42d5-a02e-eaca2ff8f3ed,1990-08-26,La bendicion de Abraham en la America Latina,Eda,des,Edades,Eda-des,unir,forma_unida_atestiguada,16749,0,"ia hebrea, bajo el judaísmo, la Iglesia gentil también ha pasado por siete etapas o siete Eda- des, en donde la bendición ha estado pasando de edad en edad, de etapa en etapa, en la nación"
ee9c0506-b5a1-42d5-a02e-eaca2ff8f3ed,1990-08-26,La bendicion de Abraham en la America Latina,lutera,na,luterana,lutera-na,unir,forma_unida_atestiguada,286,0,"o cual al entenderlo llenará de alegría nuestro corazón: Cuando se llevó a cabo la etapa lutera- na, la etapa del mensajero (Lutero) enviado por Dios para aquella Edad, encontramos que los"
ee9c0506-b5a1-42d5-a02e-eaca2ff8f3ed,1990-08-26,La bendicion de Abraham en la America Latina,bendi,ción,bendición,bendi-ción,unir,union_legitima_certificada_piloto,26865,0,"yoría, y con ellos fue hecha la Edad luterana; porque el mensajero era de esa área, y la bendi- ción de Abraham estaba siendo manifestada en esa área. Luego encontramos que pasó la bendici"
ee9c0506-b5a1-42d5-a02e-eaca2ff8f3ed,1990-08-26,La bendicion de Abraham en la America Latina,bendi,ción,bendición,bendi-ción,unir,union_legitima_certificada_piloto,26865,0,"endición más grande que El enviaría sobre la Tierra. Y cuando ya ninguna nación tiene la bendi- ción de Abraham, cuando ningún continente tiene la bendición de Abraham, la América Latina t"
ee9c0506-b5a1-42d5-a02e-eaca2ff8f3ed,1990-08-26,La bendicion de Abraham en la America Latina,porta,dora,portadora,porta-dora,unir,forma_unida_atestiguada,9,0,", la América Latina tiene esa bendición de Abraham. Por eso la América Latina posee y es porta- dora de la trompeta final, de esa gran voz de trompeta que en la América Latina ha estado so"
ee9c0506-b5a1-42d5-a02e-eaca2ff8f3ed,1990-08-26,La bendicion de Abraham en la America Latina,Escritu,ra,Escritura,Escritu-ra,unir,forma_unida_atestiguada,12529,0,s naciones? ¿Cree usted que Dios le quitaría una propiedad a una persona? No. Porque la Escritu- ra dice: ``Mía es la Tierra y toda su plenitud.'' Así que el único Dueño de toda la Tierra
ee9c0506-b5a1-42d5-a02e-eaca2ff8f3ed,1990-08-26,La bendicion de Abraham en la America Latina,heren,cia,herencia,heren-cia,unir,forma_unida_atestiguada,3466,0,"= [PAGINA 11 de 23] ===== LA BENDICION DE ABRAHAM... Así que estaremos recibiendo nuestra heren- cia, la cual se perdió allá en ``la caída'', en el Huerto del Edén, por aquellos problemas q"
ee9c0506-b5a1-42d5-a02e-eaca2ff8f3ed,1990-08-26,La bendicion de Abraham en la America Latina,anun,ciaba,anunciaba,anun-ciaba,unir,forma_unida_atestiguada,261,0,"jubileo en donde se proclamaba libertad en toda la Tierra, se proclamaba ese mensaje que anun- ciaba libertad, y anunciaba el regreso de cada persona a su propiedad, a su herencia, a su fa"
ee9c0506-b5a1-42d5-a02e-eaca2ff8f3ed,1990-08-26,La bendicion de Abraham en la America Latina,fami,lia,familia,fami-lia,unir,forma_unida_atestiguada,9167,0,"os. Quizás aquí en la Tierra, al nacer en estos cuerpos mortales, no hemos nacido de una fami- lia de sangre azul, para ser de la alta sociedad, de la aristocracia, y tener un título de e"
ee9c0506-b5a1-42d5-a02e-eaca2ff8f3ed,1990-08-26,La bendicion de Abraham en la America Latina,bendi,ción,bendición,bendi-ción,unir,union_legitima_certificada_piloto,26865,0,"lenial, el cual está por comenzar. Falta muy poco. Así que teniendo la América Latina la bendi- ción y privilegio de tener la bendición de Abra- ham, de tener manifestadas todas estas promes"
ee9c0506-b5a1-42d5-a02e-eaca2ff8f3ed,1990-08-26,La bendicion de Abraham en la America Latina,Abra,ham,Abraham,Abra-ham,conservar,forma_con_guion_atestiguada,21650,6,". Así que teniendo la América Latina la bendi- ción y privilegio de tener la bendición de Abra- ham, de tener manifestadas todas estas promesas divinas correspondientes al tiempo final; ta"
ee9c0506-b5a1-42d5-a02e-eaca2ff8f3ed,1990-08-26,La bendicion de Abraham en la America Latina,desier,to,desierto,desier-to,unir,forma_unida_atestiguada,2767,0,"mil años, en donde se mostrará que la bendición de Abraham ha venido sobre la Tierra; el desier- to florecerá; y todo será paz y armonía para los seres humanos; y habrá amor divino en el c"
ee9c0506-b5a1-42d5-a02e-eaca2ff8f3ed,1990-08-26,La bendicion de Abraham en la America Latina,cora,zón,corazón,cora-zón,conservar,forma_con_guion_atestiguada,17911,1,"o florecerá; y todo será paz y armonía para los seres humanos; y habrá amor divino en el cora- zón de los seres humanos, siendo manifestado hacia sus semejantes. Así que será un Reino he"
ee9c0506-b5a1-42d5-a02e-eaca2ff8f3ed,1990-08-26,La bendicion de Abraham en la America Latina,Norte,américa,Norteamérica,Norte-américa,unir,forma_unida_atestiguada,2656,0,"ión de Abraham que le ha tocado a la América Latina. Ahora, ustedes que están viviendo en Norte- américa, algunos aquí en New York, otros en Texas, y otros en diferentes lugares de Norteaméric"
ee9c0506-b5a1-42d5-a02e-eaca2ff8f3ed,1990-08-26,La bendicion de Abraham en la America Latina,escu,chan,escuchan,escu-chan,unir,forma_unida_atestiguada,1472,0,"ijo de Dios, y se levantarán. Escucharán esa trompeta final, ese mensaje final. Ellos lo escu- chan estando en el Paraíso. Ellos pueden mirar hacia acá, y pueden ver y escuchar lo que se e"
ee9c0506-b5a1-42d5-a02e-eaca2ff8f3ed,1990-08-26,La bendicion de Abraham en la America Latina,Améri,ca,América,Améri-ca,unir,forma_unida_atestiguada,6480,0,"estamos viviendo en el tiempo de la trompeta final. La Trompeta final está sonando en la Améri- ca Latina, y todos los escogidos de las Edades pasadas la están escuchando allá en el Paraí"
ee9c0506-b5a1-42d5-a02e-eaca2ff8f3ed,1990-08-26,La bendicion de Abraham en la America Latina,escogi,dos,escogidos,escogi-dos,unir,union_legitima_certificada_piloto,24653,0,"para escuchar esa trompeta final; porque Dios está juntando a Su simiente, a todos los escogi- dos. Por eso dijo el Señor Jesucristo en San Mateo capítulo 24, verso 31: ``Y enviará Sus A"
ee9c0506-b5a1-42d5-a02e-eaca2ff8f3ed,1990-08-26,La bendicion de Abraham en la America Latina,Abra,ham,Abraham,Abra-ham,conservar,forma_con_guion_atestiguada,21650,6,"a la simiente de Abraham, a los hijos de Abraham. Esa es una bendición para los hijos de Abra- ham. Esa bendición se materializará en este tiempo final. Así como Abraham y Sara fueron re"
ee9c0506-b5a1-42d5-a02e-eaca2ff8f3ed,1990-08-26,La bendicion de Abraham en la America Latina,ancia,no,anciano,ancia-no,unir,forma_unida_atestiguada,764,0,"rpos, y todos serán de dieciocho a veintiún años. Y el joven no podrá darle de codos al ancia- no, porque el joven y el anciano tendrán un cuerpo de dieciocho a veintiún años, en cuanto"
ee9c0506-b5a1-42d5-a02e-eaca2ff8f3ed,1990-08-26,La bendicion de Abraham en la America Latina,Abra,ham,Abraham,Abra-ham,conservar,forma_con_guion_atestiguada,21650,6,"os. Y el glorioso Reino milenial se llenará de latinoamericanos, porque la bendición de Abra- ham está en la América Latina. ``LA BENDICIÓN DE ABRAHAM EN LA AMERICA LATINA.'' Dios les be"
ee9c0506-b5a1-42d5-a02e-eaca2ff8f3ed,1990-08-26,La bendicion de Abraham en la America Latina,encuen,tren,encuentren,encuen-tren,unir,forma_unida_atestiguada,268,0,"e a los latinoamericanos, aunque se encuentren en Norteamérica, en Europa o en donde se encuen- tren; la bendición de Abraham les llega a ellos. Les llega el mensaje en una forma u otra par"
ee9c0506-b5a1-42d5-a02e-eaca2ff8f3ed,1990-08-26,La bendicion de Abraham en la America Latina,oportu,nidad,oportunidad,oportu-nidad,unir,forma_unida_atestiguada,5352,0,"formados. Con nosotros nuevamente Miguel Bermúdez Marín. Muchas gracias, Miguel, por esta oportu- nidad que me has dado en este día para traer este saludo de parte del Señor Jesucristo para tod"
ee9c0506-b5a1-42d5-a02e-eaca2ff8f3ed,1990-08-26,La bendicion de Abraham en la America Latina,latino,americanos,latinoamericanos,latino-americanos,unir,forma_unida_atestiguada,1521,0,"necen. La bendición de Abraham está cayendo en la América Latina, está cayendo sobre los latino- americanos, para recibir todos esos beneficios que Dios ha prometido para este tiempo final. Así qu"
ee9c0506-b5a1-42d5-a02e-eaca2ff8f3ed,1990-08-26,La bendicion de Abraham en la America Latina,latino,americano,latinoamericano,latino-americano,conservar,forma_con_guion_atestiguada,516,1,"la bendición grande que tienen los latinoamericanos. Y cualquier persona, aunque no sea latino- americano, si ve y recibe esa bendición, y se agarra de esa bendición, también puede recibir esa"
ee9c0506-b5a1-42d5-a02e-eaca2ff8f3ed,1990-08-26,La bendicion de Abraham en la America Latina,bendi,ción,bendición,bendi-ción,unir,union_legitima_certificada_piloto,26865,0,"odos ustedes entienden de lo que se está hablando. Así que hacia adelante disfrutando la bendi- ción de Abraham que estamos recibiendo en la América Latina. Bueno, por aquí nuestro amigo Mi"
ee9c0506-b5a1-42d5-a02e-eaca2ff8f3ed,1990-08-26,La bendicion de Abraham en la America Latina,Ber,múdez,Bermúdez,Ber-múdez,unir,forma_unida_atestiguada,4571,0,"braham que estamos recibiendo en la América Latina. Bueno, por aquí nuestro amigo Miguel Ber- múdez. Dios les bendiga y les guarde a todos. ``LA BENDICIÓN DE ABRAHAM EN LA AMERICA LATINA.'"
7691c937-25b3-435c-b158-761448b12e74,1989-12-24,La Verdad Revelada sencillo,perso,na,persona,perso-na,unir,forma_unida_atestiguada,50049,0,"A''. La Verdad revelada es necesaria para todo ser humano; porque es la que liberta a la perso- na. Y la Verdad revelada es la Palabra que Dios tiene asignada, conforme a Su Programa divi"
7691c937-25b3-435c-b158-761448b12e74,1989-12-24,La Verdad Revelada sencillo,reali,dad,realidad,reali-dad,unir,forma_unida_atestiguada,5394,0,"=== [PAGINA 3 de 38] ===== LA VERDAD REVELADA materializa, se hace carne, se convierte en reali- dad. Y cuando la persona escucha ese Programa divino que se está llevando a cabo en ese tie"
7691c937-25b3-435c-b158-761448b12e74,1989-12-24,La Verdad Revelada sencillo,corres,pondiente,correspondiente,corres-pondiente,unir,forma_unida_atestiguada,10957,0,"r de ese juicio que vendría sobre la Tierra. Y Noé comenzó a dar a conocer ese Programa corres- pondiente para ese tiempo. Y esa era la Verdad revelada para ese tiempo. Y ninguna otra perso- na,"
7691c937-25b3-435c-b158-761448b12e74,1989-12-24,La Verdad Revelada sencillo,perso,na,persona,perso-na,unir,forma_unida_atestiguada,50049,0,"pondiente para ese tiempo. Y esa era la Verdad revelada para ese tiempo. Y ninguna otra perso- na, ningún otro predicador y ninguna religión tenía la Verdad revelada para aquella genera"
7691c937-25b3-435c-b158-761448b12e74,1989-12-24,La Verdad Revelada sencillo,corres,ponde,corresponde,corres-ponde,unir,forma_unida_atestiguada,7386,0,"e ===== [PAGINA 4 de 38] ===== WILLIAM SOTO SANTIAGO dar a conocer el programa divino que corres- ponde para ese tiempo. Y de esa manera el pueblo puede recibir esa Verdad revelada, la cual l"
7691c937-25b3-435c-b158-761448b12e74,1989-12-24,La Verdad Revelada sencillo,pasto,reando,pastoreando,pasto-reando,unir,forma_unida_atestiguada,242,0,"e sencillo, aunque había estudiado mucho en el reino del faraón; pero con cuarenta años pasto- reando ovejas, ya se le habían olvidado muchísi- mas cosas. Pero Moisés estaba muy contento sie"
7691c937-25b3-435c-b158-761448b12e74,1989-12-24,La Verdad Revelada sencillo,muchísi,mas,muchísimas,muchísi-mas,unir,forma_unida_atestiguada,175,0,"reino del faraón; pero con cuarenta años pasto- reando ovejas, ya se le habían olvidado muchísi- mas cosas. Pero Moisés estaba muy contento siendo un pastor de ovejas; en lugar de ser el f"
7691c937-25b3-435c-b158-761448b12e74,1989-12-24,La Verdad Revelada sencillo,egip,cios,egipcios,egip-cios,unir,forma_unida_atestiguada,739,0,"illa y humilde sirviéndole a Dios; prefirió el vituperio de Cristo que los tesoros de los egip- cios. Porque la felicidad del ser humano no está en las riquezas terrenales, ni en la posició"
7691c937-25b3-435c-b158-761448b12e74,1989-12-24,La Verdad Revelada sencillo,espera,ron,esperaron,espera-ron,unir,forma_unida_atestiguada,50,0,"eblo hebreo estaba esperando a una persona muy importante, muy grande; por lo tanto, lo espera- ron en una esfera alta, pero vino en una forma simple. El dijo: ``Yo soy el Camino, la Verda"
7691c937-25b3-435c-b158-761448b12e74,1989-12-24,La Verdad Revelada sencillo,apósto,les,apóstoles,apósto-les,unir,forma_unida_atestiguada,6984,0,"l tiempo de Moisés, y en el tiempo de nuestro Señor Jesucristo; y luego a través de los apósto- les, tales como Pedro, San Pablo, el mensajero de la primera edad de la Iglesia gentil. Con"
7691c937-25b3-435c-b158-761448b12e74,1989-12-24,La Verdad Revelada sencillo,mensaje,ro,mensajero,mensaje-ro,unir,forma_unida_atestiguada,37069,0,"hubiera quedado, en medio del pueblo hebreo, y el pueblo gentil se hubiera quedado sin mensaje- ro; porque San Pablo fue escogido para ser el mensajero de los gentiles, para ser Luz de lo"
7691c937-25b3-435c-b158-761448b12e74,1989-12-24,La Verdad Revelada sencillo,enten,dimiento,entendimiento,enten-dimiento,unir,forma_unida_atestiguada,2283,0,"gentiles; porque la Palabra revelada es la Luz para los seres humanos, la que alumbra el enten- dimiento. Y no hay Luz fuera de la Palabra revelada para el tiempo en que uno está viviendo, la"
7691c937-25b3-435c-b158-761448b12e74,1989-12-24,La Verdad Revelada sencillo,mensaje,ros,mensajeros,mensaje-ros,unir,forma_unida_atestiguada,9565,0,"a Iglesia gentil, en las cuales Dios ha enviado siete ángeles mensajeros, siete profetas mensaje- ros, en los cuales estuvo sellada la Verdad ===== [PAGINA 13 de 38] ===== LA VERDAD REVELADA"
7691c937-25b3-435c-b158-761448b12e74,1989-12-24,La Verdad Revelada sencillo,concedi,do,concedido,concedi-do,unir,forma_unida_atestiguada,738,0,"al Señor: ``¿Por qué le hablas en parábolas a la gente? Y El dijo: Porque a vosotros es concedi- do conocer los misterios del Reino de los cielos, mas a ellos no es concedido. Mas bienavent"
7691c937-25b3-435c-b158-761448b12e74,1989-12-24,La Verdad Revelada sencillo,bienaventu,rados,bienaventurados,bienaventu-rados,unir,forma_unida_atestiguada,1508,0,"ncedi- do conocer los misterios del Reino de los cielos, mas a ellos no es concedido. Mas bienaventu- rados vuestros ojos, porque ven, y vuestros oídos, porque oyen. Porque muchos profetas y just"
7691c937-25b3-435c-b158-761448b12e74,1989-12-24,La Verdad Revelada sencillo,intelectua,les,intelectuales,intelectua-les,unir,forma_unida_atestiguada,137,0,"omo en todos los tiempos, es solamente enseñanzas religiosas acerca de Dios, enseñanzas intelectua- les; pero la Verdad revelada para ese tiempo, para esa edad o dispensación, solamente la tie"
7691c937-25b3-435c-b158-761448b12e74,1989-12-24,La Verdad Revelada sencillo,dis,pensación,dispensación,dis-pensación,unir,forma_unida_atestiguada,28784,0,"persona. Ninguna persona puede abrir una Verdad correspondiente para una edad o para una dis- pensación, a menos que no sea el mensajero de esa edad o de esa dispensación. Los demás pueden ha"
7691c937-25b3-435c-b158-761448b12e74,1989-12-24,La Verdad Revelada sencillo,Jesu,cristo,Jesucristo,Jesu-cristo,conservar,forma_con_guion_atestiguada,146878,19,"que de otra forma la persona recibe un juicio militar. Entonces en el Ejército del Señor Jesu- cristo es miles de veces mayor. Así que estando en un Ejército, en el cual el Señor Jesucristo,"
7691c937-25b3-435c-b158-761448b12e74,1989-12-24,La Verdad Revelada sencillo,ven,cer,vencer,ven-cer,unir,forma_unida_atestiguada,475,0,". Vean ustedes que el único ejército que tiene promesa de victoria, que tiene promesa de ven- cer, es el Ejército del Jinete del quinto caballo del Apocalipsis. Veamos si esto es así. Ap"
7691c937-25b3-435c-b158-761448b12e74,1989-12-24,La Verdad Revelada sencillo,resu,citarán,resucitarán,resu-citarán,unir,forma_unida_atestiguada,1546,0,"s hijos de Dios, conforme a la promesa divina. Los muertos serán libertados de la muerte (resu- citarán); y los que están vivos serán libertados de toda corrupción para no ver muerte, conform"
7691c937-25b3-435c-b158-761448b12e74,1989-12-24,La Verdad Revelada sencillo,POR,QUE,PORQUE,POR-QUE,unir,forma_unida_atestiguada,137979,0,"UNA PERSECUCIÓN FUERTE; PERO DICE QUE EL QUE VIENE SOBRE EL CABALLO BLANCO, LOS VENCERÁ; POR- QUE ES REY DE REYES Y SEÑOR DE SEÑORES, EL SEÑOR JESUCRISTO EN SU MANIFESTACION COMO LEÓN."
7691c937-25b3-435c-b158-761448b12e74,1989-12-24,La Verdad Revelada sencillo,POR,QUE,PORQUE,POR-QUE,unir,forma_unida_atestiguada,137979,0,"ESTACION COMO LEÓN. ELLOS PENSARAN QUE ES UN CORDERO, PERO SE VAN A LLEVAR LA SORPRESA, POR- QUE ES UN LEÓN. EL LOS VENCERÁ UTILIZANDO LA PALABRA HABLADA, LA PALABRA REVELADA. Y ese rei"
7691c937-25b3-435c-b158-761448b12e74,1989-12-24,La Verdad Revelada sencillo,encar,nada,encarnada,encar-nada,unir,forma_unida_atestiguada,1563,0,"encarnada en Moisés; estuvo encarnada en toda su plenitud en el Señor Jesucristo; estuvo encar- nada en San Pablo; estuvo encarnada en cada uno de los siete mensajeros, en la porción que c"
7691c937-25b3-435c-b158-761448b12e74,1989-12-24,La Verdad Revelada sencillo,huma,na,humana,huma-na,unir,forma_unida_atestiguada,20462,0,"se va a consolidar para entregarle el poder al diablo, quien estará manifestado en carne huma- na en el jinete del cuarto caballo del Apocalipsis, el cual tiene el número 666. Y en algun"
7691c937-25b3-435c-b158-761448b12e74,1989-12-24,La Verdad Revelada sencillo,tam,bién,también,tam-bién,conservar,forma_con_guion_atestiguada,120070,1,o Dios dice que pondrá en el corazón de esas personas el dar el Reino a la Bestia; pero tam- bién dice que ellos van a quemar con fuego a esa bestia. Así como Dios puso en sus corazones
7691c937-25b3-435c-b158-761448b12e74,1989-12-24,La Verdad Revelada sencillo,AL,GUNOS,ALGUNOS,AL-GUNOS,unir,forma_unida_atestiguada,5541,0,"MBRES ESCRITOS EN EL LIBRO DE LA VIDA; LOS CUALES ESTÁN EN LAS DIFERENTES IGLESIAS. HAY AL- GUNOS QUE NO ASISTEN A NINGUNA IGLESIA, PERO TIENEN SUS NOMBRES ESCRITOS EN EL LIBRO DE LA VI"
7691c937-25b3-435c-b158-761448b12e74,1989-12-24,La Verdad Revelada sencillo,Ver,dad,Verdad,Ver-dad,unir,forma_unida_atestiguada,9144,0,"Dios en este tiempo final, como fue revelada en tiempos pasados. Y permaneciendo en esa Ver- dad revelada, recibiremos todas las bendiciones prometidas para todos los escogidos de Dios"
7691c937-25b3-435c-b158-761448b12e74,1989-12-24,La Verdad Revelada sencillo,tiem,pos,tiempos,tiem-pos,unir,forma_unida_atestiguada,5912,0,"abre el entendimiento para comprender todo el Programa de Dios en este tiempo, y de los tiem- pos pasados también. ``LA VERDAD REVELADA'' ○"
928d6677-0ea7-444a-ba42-f965c45fcf9d,1989-06-04,El Movimiento Divino en marcha.,her,manos,hermanos,her-manos,unir,forma_unida_atestiguada,10363,0,"===== [PAGINA 1 de 51] ===== Muy buenos días, amados amigos y her- manos. Es para mí un privilegio muy grande estar con ustedes en esta ocasión, para continuar"
928d6677-0ea7-444a-ba42-f965c45fcf9d,1989-06-04,El Movimiento Divino en marcha.,Pro,grama,Programa,Pro-grama,unir,forma_unida_atestiguada,20231,0,"o divino pasando por edades y dispensaciones. La Obra divina, la Obra de Dios, es el Pro- grama divino que El concibió desde antes de la fundación del mundo, realizándose en este plan"
928d6677-0ea7-444a-ba42-f965c45fcf9d,1989-06-04,El Movimiento Divino en marcha.,MOVI,MIENTO,MOVIMIENTO,MOVI-MIENTO,unir,forma_unida_atestiguada,732,0,", a medida que la obra divina se ha ido llevando a cabo, lo cual es nada menos que ``EL MOVI- MIENTO DIVINO EN MARCHA,'' hemos visto que Dios para cada edad, y también para cada dispensaci"
928d6677-0ea7-444a-ba42-f965c45fcf9d,1989-06-04,El Movimiento Divino en marcha.,ense,ñanza,enseñanza,ense-ñanza,unir,forma_unida_atestiguada,3688,0,". Así que su enseñanza no tiene que estar sujeta a la enseñanza de los teólogos, a la ense- ñanza de los doctores en divinidad; no tiene que estar sujeta a la enseñanza de las religiones"
928d6677-0ea7-444a-ba42-f965c45fcf9d,1989-06-04,El Movimiento Divino en marcha.,aconte,cería,acontecería,aconte-cería,unir,forma_unida_atestiguada,194,0,"y por eso no tenía limitaciones; por eso podía hablar la Palabra, y lo que él hablara, aconte- cería. A él le había sido dado autoridad y poder sobre todas las cosas creadas. El podía decir"
928d6677-0ea7-444a-ba42-f965c45fcf9d,1989-06-04,El Movimiento Divino en marcha.,enton,ces,entonces,enton-ces,unir,forma_unida_atestiguada,61252,0,"elaciones sexuales, sino por la Palabra hablada. Adán tenía que hablar esa Palabra, y enton- ces se creaba en el vientre de Eva una célula de sangre, de vida, y se iba multiplicando cél"
928d6677-0ea7-444a-ba42-f965c45fcf9d,1989-06-04,El Movimiento Divino en marcha.,prínci,pe,príncipe,prínci-pe,unir,forma_unida_atestiguada,6257,0,", un espíritu malo, el diablo; pero no era así. Ellos también decían que Jesús era el prínci- pe de los demonios; pero El era el Príncipe de paz; era Melquisedec en carne humana minist"
928d6677-0ea7-444a-ba42-f965c45fcf9d,1989-06-04,El Movimiento Divino en marcha.,Resurrec,ción,Resurrección,Resurrec-ción,unir,forma_unida_atestiguada,14442,0,"AGINA 11 de 51] ===== EL MOVIMIENTO DIVINO... 1 Porque lo que ha de ocurrir en la Resurrec- ción y Transformación de los que estamos vivos, es nada menos que la creación de nuestro cue"
928d6677-0ea7-444a-ba42-f965c45fcf9d,1989-06-04,El Movimiento Divino en marcha.,Moi,sés,Moisés,Moi-sés,unir,forma_unida_atestiguada,39316,0,"Dios en su Teofanía, la voz de Dios velado en ese Pilar de fuego; y comenzó a hablarle a Moi- sés. Ahora, ustedes notarán que siempre que Dios se ha manifestado, lo que se ha visto es"
928d6677-0ea7-444a-ba42-f965c45fcf9d,1989-06-04,El Movimiento Divino en marcha.,des,cendió,descendió,des-cendió,unir,forma_unida_atestiguada,1678,0,"spíritu teofánico para llevar a cabo la labor. Pero cuando llegó ese tiempo, el Señor des- cendió sobre el monte Sinaí; y entonces Moisés fue ungido, fue enviado, y le fue dicho: ``Yo p"
928d6677-0ea7-444a-ba42-f965c45fcf9d,1989-06-04,El Movimiento Divino en marcha.,nue,vo,nuevo,nue-vo,unir,forma_unida_atestiguada,53372,0,l nombre más grande en el cielo y en la Tierra. Y Jesús sigue diciendo: ``Y mi nombre nue- vo.'' ¿Y qué nombre para el Señor Jesucristo es mejor que el nombre eterno de Dios? Ningún
928d6677-0ea7-444a-ba42-f965c45fcf9d,1989-06-04,El Movimiento Divino en marcha.,cla,mor,clamor,cla-mor,unir,forma_unida_atestiguada,782,0,"gipto, conforme a como Yo te estoy diciendo.'' Porque Dios dijo: ``Yo he escuchado el cla- mor de mi pueblo Israel; y he descendido para libertar a mi pueblo Israel.'' Pero para ha"
928d6677-0ea7-444a-ba42-f965c45fcf9d,1989-06-04,El Movimiento Divino en marcha.,sola,mente,solamente,sola-mente,unir,forma_unida_atestiguada,18450,0,"el que trate de ser el mensajero de la edad sin ser enviado ese espíritu teofánico a él, sola- mente puede hablar de religión, puede hablar de lo que ya la gente están cansados de escuchar"
928d6677-0ea7-444a-ba42-f965c45fcf9d,1989-06-04,El Movimiento Divino en marcha.,reci,biendo,recibiendo,reci-biendo,unir,forma_unida_atestiguada,6107,0,"nto de Dios o en el que está en contra de Dios. Los que estuvieron al lado de Moisés, reci- biendo su mensaje, estaban en el movimiento de Dios en marcha. Y ese movimiento de Dios en mar"
928d6677-0ea7-444a-ba42-f965c45fcf9d,1989-06-04,El Movimiento Divino en marcha.,cum,plido,cumplido,cum-plido,unir,forma_unida_atestiguada,3195,0,"Jesús comenzó a hablar de las promesas para ese tiempo, y a decir también: ``Hoy se ha cum- plido esta Escritura en vuestros oídos.'' La ===== [PAGINA 30 de 51] ===== WILLIAM SOTO SANTIAG"
928d6677-0ea7-444a-ba42-f965c45fcf9d,1989-06-04,El Movimiento Divino en marcha.,movi,miento,movimiento,movi-miento,unir,forma_unida_atestiguada,732,0,"Y ellos dirán: ``¿Y qué tiene ese movimiento que no tenga el nuestro; porque nuestro movi- miento tiene grandes teólogos, doctores en divinidad, grandes predicadores, y muchos milagros"
928d6677-0ea7-444a-ba42-f965c45fcf9d,1989-06-04,El Movimiento Divino en marcha.,movi,miento,movimiento,movi-miento,unir,forma_unida_atestiguada,732,0,"``¿Qué tiene el nuestro?'' El nuestro tiene, conforme a la promesa de Dios, siendo el movi- miento divino en marcha, tiene la gran voz de trompeta, la trompeta final, la trompeta del año"
928d6677-0ea7-444a-ba42-f965c45fcf9d,1989-06-04,El Movimiento Divino en marcha.,Men,saje,Mensaje,Men-saje,unir,forma_unida_atestiguada,43858,0,"ta, la trompeta final, la trompeta del año del jubileo, tiene el mensaje de libertad, el Men- saje que proclama libertad en toda la Tierra, y tiene también el Mensaje del día de venganza"
928d6677-0ea7-444a-ba42-f965c45fcf9d,1989-06-04,El Movimiento Divino en marcha.,tiem,po,tiempo,tiem-po,unir,forma_unida_atestiguada,128152,0,"ivir eternamente? De nada le sirvió esa belleza. Aquí estamos en estos cuerpos por un tiem- po. Así que lo que tenemos en lo físico es por un tiempo. Después en el Milenio, en la Ete"
928d6677-0ea7-444a-ba42-f965c45fcf9d,1989-06-04,El Movimiento Divino en marcha.,sal,drán,saldrán,sal-drán,unir,forma_unida_atestiguada,596,0,saje del movimiento divino para nuestro tiempo. De ese movimiento los escogidos no se sal- drán; más bien los escogidos buscarán a otras personas para que también entren al movim
928d6677-0ea7-444a-ba42-f965c45fcf9d,1989-06-04,El Movimiento Divino en marcha.,teofá,nico,teofánico,teofá-nico,unir,forma_unida_atestiguada,9486,0,"GINA 40 de 51] ===== WILLIAM SOTO SANTIAGO 1 Fue el Señor Jesucristo en Su cuerpo teofá- nico obrando a través de Moisés. Fue el Señor Jesucristo en Su cuerpo teofánico, encarnado d"
928d6677-0ea7-444a-ba42-f965c45fcf9d,1989-06-04,El Movimiento Divino en marcha.,mar,cha,marcha,mar-cha,unir,forma_unida_atestiguada,248,0,"juntamente en marcha en ese movimiento divino. Ese movimiento divino, el cual está en mar- cha en medio de los escogidos de entre los gentiles, se moverá también en cierta ocasión pa"
928d6677-0ea7-444a-ba42-f965c45fcf9d,1989-06-04,El Movimiento Divino en marcha.,movi,miento,movimiento,movi-miento,unir,forma_unida_atestiguada,732,0,"Su movimiento divino hacia la Tierra Prometida. ¿A cuántos les gustaría marchar en el movi- miento divino? Pero teniendo el movimiento divino y estando marchando en él, no decimos que no"
928d6677-0ea7-444a-ba42-f965c45fcf9d,1989-06-04,El Movimiento Divino en marcha.,movi,miento,movimiento,movi-miento,unir,forma_unida_atestiguada,732,0,"n estado viendo el movimiento divino en marcha. No es un movimiento sectarista; es el movi- miento divino en marcha. Y de ahí no hay quien saque a los hijos de Dios, a los escogidos que"
928d6677-0ea7-444a-ba42-f965c45fcf9d,1989-06-04,El Movimiento Divino en marcha.,espe,rando,esperando,espe-rando,unir,forma_unida_atestiguada,9317,0,"transformación de nuestro cuerpo, la redención de nuestro cuerpo; como también la están espe- rando los escogidos que han partido en las edades del pasado. Y algunos de los nuestros que h"
928d6677-0ea7-444a-ba42-f965c45fcf9d,1989-06-04,El Movimiento Divino en marcha.,conti,nuaremos,continuaremos,conti-nuaremos,unir,forma_unida_atestiguada,1838,0,"Él estaba en la Tierra: Ellos le seguían y a Su Mensaje. Así estamos en este tiempo. Y conti- nuaremos y seremos transformados, los que estamos vivos; y los que partieron en el pasado serán"
b337ac60-0e2e-43a5-abf3-19fadbd59e0f,1990-01-07,El tiempo de mirar a Jesus.,mu,chas,muchas,mu-chas,unir,forma_unida_atestiguada,10465,0,"nte, sino entender lo que la persona está viendo. Ahora, Juan el Bautista había dicho en mu- chas ocasiones que después de él vendría el Mesías, el Cristo. Y cuando apareció Jesús de Na"
b337ac60-0e2e-43a5-abf3-19fadbd59e0f,1990-01-07,El tiempo de mirar a Jesus.,progra,ma,programa,progra-ma,unir,forma_unida_atestiguada,20231,0,"mpre. Ahora, lo importante es mirar y ver lo que realmente está ocurriendo de acuerdo al progra- ma de Dios. ¿Pues de qué le vale al ser humano ver lo que Dios está haciendo, y ver a la pe"
b337ac60-0e2e-43a5-abf3-19fadbd59e0f,1990-01-07,El tiempo de mirar a Jesus.,Jesu,cristo,Jesucristo,Jesu-cristo,conservar,forma_con_guion_atestiguada,146878,19,"rma. Y por eso cuando aparecía cada uno de los mensajeros en cada edad, él proclamaba a Jesu- cristo, y daba a conocer a Jesucristo en ese tiempo de acuerdo a como El estaba manifestán- dos"
b337ac60-0e2e-43a5-abf3-19fadbd59e0f,1990-01-07,El tiempo de mirar a Jesus.,manifestán,dose,manifestándose,manifestán-dose,unir,forma_unida_atestiguada,1882,0,"a Jesu- cristo, y daba a conocer a Jesucristo en ese tiempo de acuerdo a como El estaba manifestán- dose en ese tiempo: como Cordero de Dios y como Sumo Sacerdote según el orden de Melquisedec"
b337ac60-0e2e-43a5-abf3-19fadbd59e0f,1990-01-07,El tiempo de mirar a Jesus.,perso,nas,personas,perso-nas,unir,forma_unida_atestiguada,36227,0,"estaban viendo a Jesús, lo estaban mirando en una forma incorrecta; por lo tanto, a esas perso- nas no les fue de beneficio ver la primera venida del Señor; pero a los que Lo vieron correc"
b337ac60-0e2e-43a5-abf3-19fadbd59e0f,1990-01-07,El tiempo de mirar a Jesus.,dispen,sación,dispensación,dispen-sación,unir,union_legitima_certificada_piloto,28784,1,"ar a Jesús, es necesario verlo en la forma correcta. Toda persona que viva en una edad o dispen- sación verá al Señor Jesucristo (al mirarlo) de acuerdo a la obra que corresponde para ese tie"
b337ac60-0e2e-43a5-abf3-19fadbd59e0f,1990-01-07,El tiempo de mirar a Jesus.,conti,núan,continúan,conti-núan,unir,forma_unida_atestiguada,355,0,"Su obra, Dios continúa hacia adelante con Su obra. Ahora, los escogidos de Dios también conti- núan hacia adelante en la obra de Dios para el tiempo en que se está llevando a cabo esa obra"
b337ac60-0e2e-43a5-abf3-19fadbd59e0f,1990-01-07,El tiempo de mirar a Jesus.,tiem,pos,tiempos,tiem-pos,unir,forma_unida_atestiguada,5912,0,"lleva a cabo). Porque la obra de Dios tendrá problemas, como la ha tenido en todos los tiem- pos; pero se ha llevado a cabo conforme al programa divino. Por eso encontramos que a través"
b337ac60-0e2e-43a5-abf3-19fadbd59e0f,1990-01-07,El tiempo de mirar a Jesus.,perse,guidos,perseguidos,perse-guidos,unir,forma_unida_atestiguada,157,0,"divino. Por eso encontramos que a través de los tiempos los mensajeros de Dios han sido perse- guidos, y algunos han sido matados, otros encar- ===== [PAGINA 11 de 36] ===== EL TIEMPO DE MIRA"
b337ac60-0e2e-43a5-abf3-19fadbd59e0f,1990-01-07,El tiempo de mirar a Jesus.,escogi,dos,escogidos,escogi-dos,unir,union_legitima_certificada_piloto,24653,0,"GO Mateo 24:31: ``Y enviará Sus Angeles con gran voz de trompeta, y juntarán a todos los escogi- dos...'' (los escogidos de entre los gentiles y los escogidos de entre los hebreos). Porque"
b337ac60-0e2e-43a5-abf3-19fadbd59e0f,1990-01-07,El tiempo de mirar a Jesus.,Jesu,cristo,Jesucristo,Jesu-cristo,conservar,forma_con_guion_atestiguada,146878,19,"ida en sangre; y su nombre es: EL VERBO DE DIOS.'' Ahora, en la primera venida del Señor Jesu- cristo, el apóstol San Juan dice: ``En el principio era el Verbo, y el Verbo era con Dios, y el"
b337ac60-0e2e-43a5-abf3-19fadbd59e0f,1990-01-07,El tiempo de mirar a Jesus.,hom,bres,hombres,hom-bres,conservar,forma_con_guion_atestiguada,7560,3,"da de lo que ha sido hecho, fue hecho. En él estaba la vida, y la vida era la luz de los hom- bres.'' Y dice en el verso 14 del mismo capítulo: ``Y aquel Verbo fue hecho carne, y habitó e"
b337ac60-0e2e-43a5-abf3-19fadbd59e0f,1990-01-07,El tiempo de mirar a Jesus.,ver,dad,verdad,ver-dad,unir,forma_unida_atestiguada,9144,0,"nosotros (y vimos su gloria, gloria como del unigénito del Padre), lleno de gracia y de ver- dad.'' Ahora, vean ustedes que el Verbo se hizo carne, y fue conocido por el nombre del Seño"
b337ac60-0e2e-43a5-abf3-19fadbd59e0f,1990-01-07,El tiempo de mirar a Jesus.,Timo,teo,Timoteo,Timo-teo,unir,forma_unida_atestiguada,440,0,"de 36] ===== EL TIEMPO DE MIRAR A JESUS Jesucristo. Por eso San Pablo dice en Primera de Timo- teo capítulo 3, verso 16: ``Sin contradicción, grande es el misterio de la piedad: Dios ha s"
b337ac60-0e2e-43a5-abf3-19fadbd59e0f,1990-01-07,El tiempo de mirar a Jesus.,segun,da,segunda,segun-da,unir,forma_unida_atestiguada,28088,0,"a cabo. Ahora, para este tiempo final, en donde debemos mirar a Jesús, se nos promete la segun- da venida del Señor, se nos promete la venida del Verbo. Y la venida del Verbo a esta Tierr"
b337ac60-0e2e-43a5-abf3-19fadbd59e0f,1990-01-07,El tiempo de mirar a Jesus.,manifesta,ción,manifestación,manifesta-ción,unir,forma_unida_atestiguada,9300,0,"uslo y en su vestidura escrito este nombre: REY DE REYES Y SEÑOR DE SEÑORES. Esta es la manifesta- ción del Señor en Su segunda venida como el León de la tribu de Judá, como Rey de reyes y Se"
b337ac60-0e2e-43a5-abf3-19fadbd59e0f,1990-01-07,El tiempo de mirar a Jesus.,Resu,rrección,Resurrección,Resu-rrección,conservar,forma_con_guion_atestiguada,14442,1,o de los hijos de Dios a la Transformación de sus cuerpos (a los que están vivos) y a la Resu- rrección de los que partieron en el pasado. Por esa causa es necesario mirar a Jesús en la forma
b337ac60-0e2e-43a5-abf3-19fadbd59e0f,1990-01-07,El tiempo de mirar a Jesus.,segun,da,segunda,segun-da,unir,forma_unida_atestiguada,28088,0,"todos los escogidos, y luego llevando a cabo el resto de Su obra que corresponde para Su segun- da venida. ===== [PAGINA 19 de 36] ===== EL TIEMPO DE MIRAR A JESUS Así que podemos ver cómo"
b337ac60-0e2e-43a5-abf3-19fadbd59e0f,1990-01-07,El tiempo de mirar a Jesus.,seño,res,señores,seño-res,unir,forma_unida_atestiguada,5986,0,"obra de reclamo, Su obra de León de la tribu de Judá, Su obra de Rey de reyes y Señor de seño- res. Así como por medio de un hombre fue llevada a cabo la obra del Cordero de Dios, lo cua"
b337ac60-0e2e-43a5-abf3-19fadbd59e0f,1990-01-07,El tiempo de mirar a Jesus.,Corin,tios,Corintios,Corin-tios,unir,forma_unida_atestiguada,2208,0,"eremos transformados, conforme a la promesa divina. Por eso San Pablo dijo en Primera de Corin- tios 15:51-52: ``He aquí, os digo un misterio (porque es uno de los grandes misterios del Re"
b337ac60-0e2e-43a5-abf3-19fadbd59e0f,1990-01-07,El tiempo de mirar a Jesus.,dormire,mos,dormiremos,dormire-mos,unir,forma_unida_atestiguada,469,0,"erio (porque es uno de los grandes misterios del Reino de Dios): Todos, ciertamente, no dormire- mos (no moriremos); mas todos seremos transformados, en un abrir y cerrar de ojos, a la fin"
b337ac60-0e2e-43a5-abf3-19fadbd59e0f,1990-01-07,El tiempo de mirar a Jesus.,escogi,dos,escogidos,escogi-dos,unir,union_legitima_certificada_piloto,24653,0,"rimera de Tesalonicenses, capítulo 4:15-17. Es la trompeta que llama y junta a todos los escogi- dos. Así que estamos en el tiempo en que los escogidos que están vivos han de ser transform"
b337ac60-0e2e-43a5-abf3-19fadbd59e0f,1990-01-07,El tiempo de mirar a Jesus.,descien,de,desciende,descien-de,unir,forma_unida_atestiguada,2449,0,"la segunda venida del Señor como el León de la tribu de Judá, como el Angel fuerte que descien- de del cielo y ruge como un león, y siete truenos emiten sus voces. Así que el Mensaje del A"
b337ac60-0e2e-43a5-abf3-19fadbd59e0f,1990-01-07,El tiempo de mirar a Jesus.,corres,ponde,corresponde,corres-ponde,unir,forma_unida_atestiguada,7386,0,"s como el León de la tribu de Judá, como Rey de reyes y Señor de señores, en la obra que corres- ponde a este tiempo. EL TIEMPO DE MIRAR A JESÚS. Este es el tiempo de mirar a Jesús como León"
b337ac60-0e2e-43a5-abf3-19fadbd59e0f,1990-01-07,El tiempo de mirar a Jesus.,Divini,dad,Divinidad,Divini-dad,unir,forma_unida_atestiguada,1293,0,"tiempo final, algo que sería revelado al pueblo (no por un teólogo, no por un doctor en Divini- dad) como Jesús dijo: ``Yo Jesús he enviado mi Angel para dar testimonio de estas cosas en l"
b337ac60-0e2e-43a5-abf3-19fadbd59e0f,1990-01-07,El tiempo de mirar a Jesus.,continue,mos,continuemos,continue-mos,unir,forma_unida_atestiguada,565,0,"ngular. Dios les bendiga, Dios les guarde. Muchas gracias por vuestra amable atención, y continue- mos pasando un día feliz, un día maravilloso, dándole gracias al Señor por este Nuevo Año q"
e9134e5a-e319-44a4-8962-ffc22721ba80,1999-06-23,Haciendo siempre lo que agrada al Señor. sencillo,diferen,tes,diferentes,diferen-tes,unir,forma_unida_atestiguada,12623,0,"Dios? Haciendo siempre lo que le agradaba a Dios. Encontramos que la humanidad ha tenido diferen- tes religiones, muchas religiones en todos los tiem- pos; pero, vean ustedes, en el tiempo de"
e9134e5a-e319-44a4-8962-ffc22721ba80,1999-06-23,Haciendo siempre lo que agrada al Señor. sencillo,tiem,pos,tiempos,tiem-pos,unir,forma_unida_atestiguada,5912,0,"tramos que la humanidad ha tenido diferen- tes religiones, muchas religiones en todos los tiem- pos; pero, vean ustedes, en el tiempo de Adán, Eva, Caín y Abel, encontramos que ellos creían"
e9134e5a-e319-44a4-8962-ffc22721ba80,1999-06-23,Haciendo siempre lo que agrada al Señor. sencillo,entra,da,entrada,entra-da,unir,forma_unida_atestiguada,1576,0,"ramos a Caín y Abel ofreciendo a Dios un sacrificio, una ofrenda: y fueron a la puerta de entra- da del Huerto del Edén para ofrecer a Dios una ofrenda, y Caín ofreció a Dios de los frutos"
e9134e5a-e319-44a4-8962-ffc22721ba80,1999-06-23,Haciendo siempre lo que agrada al Señor. sencillo,since,ro,sincero,since-ro,unir,forma_unida_atestiguada,95,0,"HACIENDO SIEMPRE LO QUE AGRADA AL SEÑOR 3 Dios. Ahora, vean ustedes, no es solamente ser since- ro para servir a Dios, hacer la Voluntad de Dios y agradar a Dios, sino hacer las cosas conf"
e9134e5a-e319-44a4-8962-ffc22721ba80,1999-06-23,Haciendo siempre lo que agrada al Señor. sencillo,correspondien,te,correspondiente,correspondien-te,unir,forma_unida_atestiguada,10957,0,". Y ahora, Caín ofreció a Dios un servicio, pero no lo hizo de acuerdo al Programa divino correspondien- te a su tiempo; y aunque fue sincero, con todo y eso no fue aceptada la ofrenda de Caín. ¿Po"
e9134e5a-e319-44a4-8962-ffc22721ba80,1999-06-23,Haciendo siempre lo que agrada al Señor. sencillo,delan,te,delante,delan-te,unir,forma_unida_atestiguada,20007,0,"y decir: “Por cuanto Abel agradó a Dios, yo voy a traer un animalito, lo voy a sacrificar delan- te de Dios y se lo voy a ofrecer a Dios.” ¿Y saben ===== [PAGINA 7 de 21] ===== HACIENDO SIE"
e9134e5a-e319-44a4-8962-ffc22721ba80,1999-06-23,Haciendo siempre lo que agrada al Señor. sencillo,Testamen,to,Testamento,Testamen-to,unir,forma_unida_atestiguada,12385,0,"está agradando a Dios; porque ese sacrificio literal de un animalito era para el Antiguo Testamen- to, pero ahora en el Nuevo Testamento la persona viene con el Cordero Pascual, el Sacrificio"
e9134e5a-e319-44a4-8962-ffc22721ba80,1999-06-23,Haciendo siempre lo que agrada al Señor. sencillo,NACI,MIENTO,NACIMIENTO,NACI-MIENTO,conservar,forma_con_guion_atestiguada,15894,1,"resenta a Cristo: LAS PERSONAS TENIENDO A CRISTO EN SU ALMA, Y HABIENDO OBTENIDO EL NUEVO NACI- MIENTO, Y ESTANDO EN EL CUERPO MISTICO DE CRISTO, EN LA EDAD QUE LES TOCA VIVIR, PUES ESTAN AGRA"
e9134e5a-e319-44a4-8962-ffc22721ba80,1999-06-23,Haciendo siempre lo que agrada al Señor. sencillo,correspondien,tes,correspondientes,correspondien-tes,unir,forma_unida_atestiguada,2518,0,8 Y por medio del Mensaje profético del Angel de Jesucristo son abiertos estos misterios correspondien- tes al Día Postrero; todas estas profecías del Antiguo Testamento y del Nuevo Testamento son
e9134e5a-e319-44a4-8962-ffc22721ba80,1999-06-23,Haciendo siempre lo que agrada al Señor. sencillo,agra,dando,agradando,agra-dando,unir,forma_unida_atestiguada,40,0,"ciendo la Voluntad del que nos ha enviado a vivir en este planeta Tierra, y ahí estaremos agra- dando a nuestro amado Señor Jesucristo. Ahora, podemos ver que todo es sencillo: Cristo envía S"
e9134e5a-e319-44a4-8962-ffc22721ba80,1999-06-23,Haciendo siempre lo que agrada al Señor. sencillo,pensa,miento,pensamiento,pensa-miento,unir,forma_unida_atestiguada,1760,0,"relaza con la Dispensación de la Gracia, y ese hilo de la revelación divina, ese hilo del pensa- miento divino desde el Génesis, sigue pasando de ===== [PAGINA 11 de 21] ===== HACIENDO SIEMPRE"
e9134e5a-e319-44a4-8962-ffc22721ba80,1999-06-23,Haciendo siempre lo que agrada al Señor. sencillo,Escritu,ras,Escrituras,Escritu-ras,unir,forma_unida_atestiguada,3777,0,"de Jesucristo será de acuerdo a ese hilo del pensamiento divino; por eso podrá tomar las Escritu- ras del Antiguo Testamento, desde el Génesis hasta el Apocalipsis, y no habrá contradicción e"
e9134e5a-e319-44a4-8962-ffc22721ba80,1999-06-23,Haciendo siempre lo que agrada al Señor. sencillo,creyen,tes,creyentes,creyen-tes,unir,forma_unida_atestiguada,19215,0,"er todas estas cosas que deben suceder pronto. Para este tiempo final serán adoptados los creyen- tes en Cristo, todos los hijos e hijas de Dios: los que partieron, siendo resucitados en cuer"
e9134e5a-e319-44a4-8962-ffc22721ba80,1999-06-23,Haciendo siempre lo que agrada al Señor. sencillo,cons,cientes,conscientes,cons-cientes,unir,forma_unida_atestiguada,1174,0,"mos recibiendo esa revelación divina, y nos estará abriendo el entendimiento; y estaremos cons- cientes de la edad que nos ha tocado vivir, y de la dispensación que nos ha tocado vivir, y del M"
e9134e5a-e319-44a4-8962-ffc22721ba80,1999-06-23,Haciendo siempre lo que agrada al Señor. sencillo,Mensaje,ro,Mensajero,Mensaje-ro,unir,forma_unida_atestiguada,37069,0,"ación que nos ha tocado vivir, y del Mensaje que El nos envía en este tiempo final, y del Mensaje- ro correspondiente a este tiempo final para la Iglesia de Jesucristo. Cristo dijo en una oca"
e9134e5a-e319-44a4-8962-ffc22721ba80,1999-06-23,Haciendo siempre lo que agrada al Señor. sencillo,conoce,ríais,conoceríais,conoce-ríais,unir,forma_unida_atestiguada,67,0,"rdad, y la vida; nadie viene al Padre, sino por mí. Si me conocieseis, también a mi Padre conoce- ríais; y desde ahora le conocéis, y le habéis visto. Felipe le dijo: Señor, muéstranos el Padre"
e9134e5a-e319-44a4-8962-ffc22721ba80,1999-06-23,Haciendo siempre lo que agrada al Señor. sencillo,mayo,res,mayores,mayo-res,unir,forma_unida_atestiguada,930,0,", de cierto os digo: El que en mí cree, las obras que yo hago, él las hará también; y aun mayo- res hará, porque yo voy al Padre.” Y en San Mateo, capítulo 11, versos 25 en adelan- te, dice"
e9134e5a-e319-44a4-8962-ffc22721ba80,1999-06-23,Haciendo siempre lo que agrada al Señor. sencillo,adelan,te,adelante,adelan-te,unir,forma_unida_atestiguada,27581,0,"y aun mayo- res hará, porque yo voy al Padre.” Y en San Mateo, capítulo 11, versos 25 en adelan- te, dice Jesús: ===== [PAGINA 15 de 21] ===== HACIENDO SIEMPRE LO QUE AGRADA AL SEÑOR 13 “En"
e9134e5a-e319-44a4-8962-ffc22721ba80,1999-06-23,Haciendo siempre lo que agrada al Señor. sencillo,entendi,dos,entendidos,entendi-dos,unir,forma_unida_atestiguada,1009,0,"dre, Señor del cielo y de la tierra, porque escondiste estas cosas de los sabios y de los entendi- dos, y las revelaste a los niños. Sí, Padre, porque así te agradó. Todas las cosas me fueron"
e9134e5a-e319-44a4-8962-ffc22721ba80,1999-06-23,Haciendo siempre lo que agrada al Señor. sencillo,Jesucris,to,Jesucristo,Jesucris-to,unir,forma_unida_atestiguada,146878,0,"que sirvieron a Cristo en tiempos pasados, en edades pasadas, y agradaron a nuestro Señor Jesucris- to, tienen la promesa que en el Día Postrero, que es el séptimo milenio, El los resucitará,"
e9134e5a-e319-44a4-8962-ffc22721ba80,1999-06-23,Haciendo siempre lo que agrada al Señor. sencillo,partie,ron,partieron,partie-ron,unir,forma_unida_atestiguada,672,0,"a promesa que en el Día Postrero, que es el séptimo milenio, El los resucitará, a los que partie- ron; y a nosotros que en este tiempo final estaremos haciendo Su Voluntad y estaremos agradán"
e9134e5a-e319-44a4-8962-ffc22721ba80,1999-06-23,Haciendo siempre lo que agrada al Señor. sencillo,Adop,ción,Adopción,Adop-ción,unir,forma_unida_atestiguada,4538,0,"este tiempo final, así como los que vivieron en edades pasadas, obtendremos todos nuestra Adop- ción, y seremos a imagen y semejanza de nuestro amado Señor Jesucristo. ===== [PAGINA 19 de 21"
e9134e5a-e319-44a4-8962-ffc22721ba80,1999-06-23,Haciendo siempre lo que agrada al Señor. sencillo,prome,sas,promesas,prome-sas,unir,forma_unida_atestiguada,6941,0,"so, en la sexta dimensión, y les dicen que ya Dios está obrando acá y está cumpliendo Sus prome- sas correspondientes a este tiempo final, y que pronto los que estamos acá vamos a ser adopta"
e9134e5a-e319-44a4-8962-ffc22721ba80,1999-06-23,Haciendo siempre lo que agrada al Señor. sencillo,Jesu,cristo,Jesucristo,Jesu-cristo,conservar,forma_con_guion_atestiguada,146878,19,"por vuestra amable atención, amados amigos y hermanos presentes, y que las bendiciones de Jesu- cristo, el Angel del Pacto, sean sobre todos ustedes y sobre mí también, y pronto se complete el"
e9134e5a-e319-44a4-8962-ffc22721ba80,1999-06-23,Haciendo siempre lo que agrada al Señor. sencillo,trans,formados,transformados,trans-formados,conservar,forma_con_guion_atestiguada,12172,2,"í también, y pronto se complete el número de los escogidos de Dios, y pronto todos seamos trans- formados en este tiempo final, y seamos todos a imagen y semejanza de nuestro amado Señor Jesu- cr"
e9134e5a-e319-44a4-8962-ffc22721ba80,1999-06-23,Haciendo siempre lo que agrada al Señor. sencillo,Jesu,cristo,Jesucristo,Jesu-cristo,conservar,forma_con_guion_atestiguada,146878,19,"formados en este tiempo final, y seamos todos a imagen y semejanza de nuestro amado Señor Jesu- cristo, y luego seamos llevados con Cristo a la Cena de las Bodas del Cordero en el Cielo. En el"
94e4ac74-2626-4b52-8209-3e065c49b29b,1991-01-01,El hijo de la palabra,mani,festada,manifestada,mani-festada,unir,forma_unida_atestiguada,2911,0,"jos de la Palabra que se ha manifestado en esa edad. Ahora, la Palabra prometida para ser mani- festada en el fin del tiempo, es la Segunda Veni- da del Hijo del Hombre con Sus Angeles llamand"
94e4ac74-2626-4b52-8209-3e065c49b29b,1991-01-01,El hijo de la palabra,Veni,da,Venida,Veni-da,unir,forma_unida_atestiguada,57700,0,"d. Ahora, la Palabra prometida para ser mani- festada en el fin del tiempo, es la Segunda Veni- da del Hijo del Hombre con Sus Angeles llamando y juntando a todos los escogidos con gran"
94e4ac74-2626-4b52-8209-3e065c49b29b,1991-01-01,El hijo de la palabra,Dispensa,ción,Dispensación,Dispensa-ción,unir,forma_unida_atestiguada,28784,0,"e Dios manifestados con esa Palabra, con ese mensaje. Ahora, hemos llegado a la Tercera Dispensa- ción con el Evangelio del Reino, para ser identificados los hijos del Reino, que son el trig"
94e4ac74-2626-4b52-8209-3e065c49b29b,1991-01-01,El hijo de la palabra,Dispensa,ción,Dispensación,Dispensa-ción,unir,forma_unida_atestiguada,28784,0,"no lo rechace; y pasar así a la Tercera Dispensación, y tener las promesas de la Tercera Dispensa- ción, las promesas del Reino del Señor Jesucristo. Señor, presento a Ti a Puerto Rico, el Ca"
94e4ac74-2626-4b52-8209-3e065c49b29b,1991-01-01,El hijo de la palabra,prohibi,do,prohibido,prohibi-do,unir,forma_unida_atestiguada,296,0,"donia diciendo: ``Pasa a Macedonia y ayúdanos.'' Pablo quería ir a Bitinia, pero le fue prohibi- do porque allí no estaban los escogidos que Pablo tenía que llamar... Aquí en el mapa pode"
94e4ac74-2626-4b52-8209-3e065c49b29b,1991-01-01,El hijo de la palabra,Mace,donia,Macedonia,Mace-donia,unir,forma_unida_atestiguada,60,0,"==== [PAGINA 13 de 22] ===== EL HIJO DE LA PALABRA varón macedonio; y San Pablo fue hacia Mace- donia; y allí estaban los hijos de Dios, los escogidos. Y al recibir el llamado, la petición,"
94e4ac74-2626-4b52-8209-3e065c49b29b,1991-01-01,El hijo de la palabra,mensa,je,mensaje,mensa-je,unir,forma_unida_atestiguada,43858,0,". La América Latina es la buena tierra para la Tercera Dispensación, para la Palabra, el mensa- je, la simiente de la Tercera Dispensación. Por eso ha colocado a los escogidos en la Améri"
94e4ac74-2626-4b52-8209-3e065c49b29b,1991-01-01,El hijo de la palabra,Dispensa,ción,Dispensación,Dispensa-ción,unir,forma_unida_atestiguada,28784,0,"Caribe. Y Dios está llevando a cabo Su obra en la América Latina, la obra de la Tercera Dispensa- ción, la obra que va a producir la resurrección de los muertos en Cristo de las Edades pasada"
94e4ac74-2626-4b52-8209-3e065c49b29b,1991-01-01,El hijo de la palabra,experi,mentar,experimentar,experi-mentar,unir,forma_unida_atestiguada,84,0,Latina. La América Latina está experimentando lo más grande que continente alguno pueda experi- mentar en la actualidad de parte de Dios; y principalmente en cuanto a las bendiciones; porque
94e4ac74-2626-4b52-8209-3e065c49b29b,1991-01-01,El hijo de la palabra,perfec,tos,perfectos,perfec-tos,unir,forma_unida_atestiguada,732,0,"= [PAGINA 15 de 22] ===== EL HIJO DE LA PALABRA perfecta de Dios hará hijos de la Palabra perfec- tos, en cuerpos perfectos, para vivir eternamente. Y todo esto porque los escogidos, los hij"
94e4ac74-2626-4b52-8209-3e065c49b29b,1991-01-01,El hijo de la palabra,here,dero,heredero,here-dero,unir,forma_unida_atestiguada,4272,0,"e la Palabra, el mensaje del Evangelio del Reino. Cada uno de los hijos de la Palabra es here- dero de todas las bendiciones que son habladas en el mensaje del Evangelio del Reino. Por eso"
94e4ac74-2626-4b52-8209-3e065c49b29b,1991-01-01,El hijo de la palabra,trans,formadas,transformadas,trans-formadas,unir,forma_unida_atestiguada,108,0,". ¿Sabe lo que esto significa para cada uno de nosotros? Que las personas que van a ser trans- formadas, el 90 ó 99 por ciento (para dejar un huequito para alguno, para que no digan que somos"
94e4ac74-2626-4b52-8209-3e065c49b29b,1991-01-01,El hijo de la palabra,tampo,co,tampoco,tampo-co,unir,forma_unida_atestiguada,4549,0,"s. Es que el tiempo de la transformación y del rapto no caía en la séptima Edad, ni caía tampo- co en la etapa de la introducción de la Segunda Venida del Señor; sino que caía en la Terce"
94e4ac74-2626-4b52-8209-3e065c49b29b,1991-01-01,El hijo de la palabra,Norteamé,rica,Norteamérica,Norteamé-rica,unir,forma_unida_atestiguada,2656,0,"érica. Decir que no tenían ni doce listos para el rapto es una situación muy triste para Norteamé- rica, y eso estando su mensajero presente. Pero en la América Latina, la cosa es diferente. N"
94e4ac74-2626-4b52-8209-3e065c49b29b,1991-01-01,El hijo de la palabra,en,tiende,entiende,en-tiende,unir,forma_unida_atestiguada,1350,0,"iedrecita blanca, que es la Segunda Venida del Señor. Ahí viene el nombre nuevo; y no lo en- tiende nadie, sino aquél que lo recibe. Cada mensajero en cada Edad recibió al Señor en el tiem"
94e4ac74-2626-4b52-8209-3e065c49b29b,1991-01-01,El hijo de la palabra,manifesta,ción,manifestación,manifesta-ción,unir,forma_unida_atestiguada,9300,0,"vivió, pero no le recibió en el cumplimiento de la Segunda Venida del Señor, sino en la manifesta- ción correspondiente para su tiempo. Y por esa causa ninguno de los mensajeros recibió el no"
94e4ac74-2626-4b52-8209-3e065c49b29b,1991-01-01,El hijo de la palabra,trom,peta,trompeta,trom-peta,unir,forma_unida_atestiguada,22778,0,"el Dios Vivo llamando a todos los escogidos, y juntándolos con el mensaje de gran voz de trom- peta, y sellándolos con el Sello del Dios Vivo, para así poder tener la fe, la revelación, pa"
94e4ac74-2626-4b52-8209-3e065c49b29b,1991-01-01,El hijo de la palabra,transfor,mados,transformados,transfor-mados,conservar,forma_con_guion_atestiguada,12172,1,"tados. En ese mensaje de los Truenos, que es el Evangelio del Reino, está la fe para ser transfor- mados, para ser raptados, y para la resurrección de los que partieron en el pasado; porque tod"
94e4ac74-2626-4b52-8209-3e065c49b29b,1991-01-01,El hijo de la palabra,Segun,da,Segunda,Segun-da,unir,forma_unida_atestiguada,28088,0,"orrespondientes a la Segunda Venida del Señor y Su obra aquí en la Tierra, la obra de la Segun- da Venida del Señor, la Segunda Venida del Hijo del Hombre con Sus Angeles en la América La"
94e4ac74-2626-4b52-8209-3e065c49b29b,1991-01-01,El hijo de la palabra,Dispen,sación,Dispensación,Dispen-sación,unir,union_legitima_certificada_piloto,28784,1,"fe es imposible agradar a Dios. Y fe es revelación. Teniendo la revelación de la Tercera Dispen- sación, entonces podemos trabajar en esa obra que se está llevando a cabo en la América Latina"
94e4ac74-2626-4b52-8209-3e065c49b29b,1991-01-01,El hijo de la palabra,segu,ro,seguro,segu-ro,unir,forma_unida_atestiguada,2470,0,"ón. Así que teniendo tales promesas: ¿Quién no va a estar contento? ¿Quién no va a estar segu- ro? ¿Quién no va a tener paz? Tenemos paz: la paz del Señor; tenemos alegría, felicidad, t"
94e4ac74-2626-4b52-8209-3e065c49b29b,1991-01-01,El hijo de la palabra,grande,mente,grandemente,grande-mente,unir,forma_unida_atestiguada,2381,0,"ribe, en el cual todos nosotros hemos sido bendecidos. Que Dios les continúe bendiciendo grande- mente, Dios les guarde y les use poderosamente ===== [PAGINA 20 de 22] ===== WILLIAM SOTO SANTI"
94e4ac74-2626-4b52-8209-3e065c49b29b,1991-01-01,El hijo de la palabra,grande,mente,grandemente,grande-mente,unir,forma_unida_atestiguada,2381,0,"n con ustedes, el comienzo de este primer día del 1991. Que Dios les bendiga y les guarde grande- mente. Con nosotros nuevamente Miguel Bermúdez Marín para continuar. Como todo es lo primero,"
94e4ac74-2626-4b52-8209-3e065c49b29b,1991-01-01,El hijo de la palabra,com,prensión,comprensión,com-prensión,conservar,forma_con_guion_atestiguada,20,1,por todo lo que han hecho para yo poder estar en toda la América Latina; y también por la com- prensión que han tenido con mi ausencia. En esta ocasión fue una ausencia de casi tres meses; per
667ac8c4-0305-4a1c-a290-edac530376aa,1991-01-13,La Bendición de la Palabra de Dios.,feli,ces,felices,feli-ces,unir,forma_unida_atestiguada,411,0,"y feliz, muy contento, con la bendición de Dios. Así que en esta mañana estamos todos feli- ces. Hemos visto que Dios ha estado ayudando a nuestro hermano Bermúdez. Ya está restable- c"
667ac8c4-0305-4a1c-a290-edac530376aa,1991-01-13,La Bendición de la Palabra de Dios.,restable,ciéndose,restableciéndose,restable-ciéndose,conservar,sin_evidencia_lexica_suficiente,0,0,s feli- ces. Hemos visto que Dios ha estado ayudando a nuestro hermano Bermúdez. Ya está restable- ciéndose. El y yo también estamos muy agradecidos a Dios y a cada uno de ustedes por vuestra coo
667ac8c4-0305-4a1c-a290-edac530376aa,1991-01-13,La Bendición de la Palabra de Dios.,uni,dad,unidad,uni-dad,unir,forma_unida_atestiguada,103,0,"nviado a todas las iglesias para la unidad del pueblo, porque todos deseamos la paz y la uni- dad, para así vivir los días que Dios nos ha dado en la Tierra, sirviéndole al Señor en paz"
667ac8c4-0305-4a1c-a290-edac530376aa,1991-01-13,La Bendición de la Palabra de Dios.,CO,SAS,COSAS,CO-SAS,unir,forma_unida_atestiguada,61060,0,"aribe, y recoja a todos Tus hijos en este tiempo final. SEÑOR, YO TE PIDO TODAS ESTAS CO- SAS, Y TE DOY GRACIAS, PORQUE SIEMPRE ME OYES. GRACIAS, SEÑOR. Y AHORA EN ESTA MAÑA"
667ac8c4-0305-4a1c-a290-edac530376aa,1991-01-13,La Bendición de la Palabra de Dios.,VIVIFI,QUES,VIVIFIQUES,VIVIFI-QUES,conservar,sin_evidencia_lexica_suficiente,0,0,"ME OYES. GRACIAS, SEÑOR. Y AHORA EN ESTA MAÑANA TE PIDO QUE NOS HABLES AL CORAZON Y VIVIFI- QUES TU PALABRA EN NUESTROS CORAZONES. Que Dios bendiga Su Palabra en nuestros corazo"
667ac8c4-0305-4a1c-a290-edac530376aa,1991-01-13,La Bendición de la Palabra de Dios.,Pala,bra,Palabra,Pala-bra,conservar,forma_con_guion_atestiguada,66810,11,"profecía de este Libro, son la bendición de Dios para todos Sus hijos. Y al recibir esa Pala- bra, la persona está recibiendo la bendición de la Palabra de Dios. ===== [PAGINA 8 de 46] ="
667ac8c4-0305-4a1c-a290-edac530376aa,1991-01-13,La Bendición de la Palabra de Dios.,tiem,po,tiempo,tiem-po,unir,forma_unida_atestiguada,128152,0,"o de la forma de escapar de ese juicio divino. Noé era el profeta mensajero para ese tiem- po, con el mensaje de bendición para todo ser humano; pero al ser rechazado ese mensaje de"
667ac8c4-0305-4a1c-a290-edac530376aa,1991-01-13,La Bendición de la Palabra de Dios.,aconte,cen,acontecen,aconte-cen,unir,forma_unida_atestiguada,61,0,el liderato de Dios a través del mensajero de la Edad o Dispensación en que estas cosas aconte- cen. ¡Error! Marcador no definido.¿¡Error! Marcador no definido.De qué vale a una per
667ac8c4-0305-4a1c-a290-edac530376aa,1991-01-13,La Bendición de la Palabra de Dios.,hu,mano,humano,hu-mano,unir,forma_unida_atestiguada,23396,0,"ivir en este planeta Tierra los años que vivió. Así que lo más importante para el ser hu- mano es la bendición de Dios, la bendición de la Palabra de Dios; porque la bendición de Dios"
667ac8c4-0305-4a1c-a290-edac530376aa,1991-01-13,La Bendición de la Palabra de Dios.,bendi,ción,bendición,bendi-ción,unir,union_legitima_certificada_piloto,26865,0,"Tierra por la Palabra de Dios para el tiempo en que vivimos, es bendición divina, es una bendi- ción real. Las demás cosas que recibimos, que no vienen por la Palabra, son cosas en las cua"
667ac8c4-0305-4a1c-a290-edac530376aa,1991-01-13,La Bendición de la Palabra de Dios.,bendi,ción,bendición,bendi-ción,unir,union_legitima_certificada_piloto,26865,0,"os algo, busquemos en esa Palabra de bendición, para obtener de ahí esa Palabra con esa bendi- ción para que se materialice en nuestras vidas. ===== [PAGINA 18 de 46] ===== WILLIAM SOTO SAN"
667ac8c4-0305-4a1c-a290-edac530376aa,1991-01-13,La Bendición de la Palabra de Dios.,Pala,bra,Palabra,Pala-bra,conservar,forma_con_guion_atestiguada,66810,11,"los hijos de Dios de cada Edad, de cada etapa. Y no hay bendición de Dios, si no hay Pala- bra de Dios que traiga esa bendición. Por esa Palabra de Dios, esa Palabra creadora, fueron"
667ac8c4-0305-4a1c-a290-edac530376aa,1991-01-13,La Bendición de la Palabra de Dios.,encon,tramos,encontramos,encon-tramos,conservar,forma_con_guion_atestiguada,24357,2,za humana. Así que ellos estaban muy contentos. Y en el mensaje del Señor Jesucristo encon- tramos que les fueron hechas grandes promesas a Sus discípulos. Cuando los discípulos le
667ac8c4-0305-4a1c-a290-edac530376aa,1991-01-13,La Bendición de la Palabra de Dios.,escu,chada,escuchada,escu-chada,unir,forma_unida_atestiguada,286,0,", la cual en el fin del tiempo sería abierta, para que así la Trompeta final pudiera ser escu- chada por todos los hijos de Dios: tanto los escogidos que están en la Tierra, como los que e"
667ac8c4-0305-4a1c-a290-edac530376aa,1991-01-13,La Bendición de la Palabra de Dios.,bendi,ción,bendición,bendi-ción,unir,union_legitima_certificada_piloto,26865,0,"ucristo, en el fin del tiempo, estará sellado el mensaje de bendición y el ministerio de bendi- ción, como fue prometido: ``en sus alas traerá salud.'' Las alas del Sol de justicia, que es"
667ac8c4-0305-4a1c-a290-edac530376aa,1991-01-13,La Bendición de la Palabra de Dios.,mate,rializar,materializar,mate-rializar,unir,forma_unida_atestiguada,599,0,"ha recibido con esa fe viva, usted es dueño de esa bendición divina; y en usted se va a mate- rializar toda bendición divina que ha sido hablada, y que usted ha creído con todo su corazón."
667ac8c4-0305-4a1c-a290-edac530376aa,1991-01-13,La Bendición de la Palabra de Dios.,Dis,pensación,Dispensación,Dis-pensación,unir,forma_unida_atestiguada,28784,0,"La bendición de Dios está en la Palabra de bendición, que es el mensaje de la Edad y Dis- pensación en que uno vive. Cuando uno recibe ese mensaje, está recibiendo el mensaje de bendición"
667ac8c4-0305-4a1c-a290-edac530376aa,1991-01-13,La Bendición de la Palabra de Dios.,bendicio,nes,bendiciones,bendicio-nes,unir,forma_unida_atestiguada,14283,0,"GINA 40 de 46] ===== WILLIAM SOTO SANTIAGO 1 El que recibe el mensaje, recibe las bendicio- nes, ya sea una persona, un grupo de personas, una nación o un continente. Por esa causa est"
667ac8c4-0305-4a1c-a290-edac530376aa,1991-01-13,La Bendición de la Palabra de Dios.,esta,mos,estamos,esta-mos,unir,forma_unida_atestiguada,25838,0,"nes, ya sea una persona, un grupo de personas, una nación o un continente. Por esa causa esta- mos llevando el mensaje por todo el Caribe y por toda la América Latina. Es un mensaje p"
667ac8c4-0305-4a1c-a290-edac530376aa,1991-01-13,La Bendición de la Palabra de Dios.,Para,guay,Paraguay,Para-guay,unir,forma_unida_atestiguada,424,0,"y se extendió a la América Latina: Venezuela, Colombia, México, el Perú, Chile, Bolivia, Para- guay, Uruguay, el Brasil, México, Guatemala, Costa Rica, El Salvador y los demás países de la"
667ac8c4-0305-4a1c-a290-edac530376aa,1991-01-13,La Bendición de la Palabra de Dios.,escu,chando,escuchando,escu-chando,unir,forma_unida_atestiguada,5556,0,"a Palabra de Dios, porque están escuchando la Palabra de bendición. Los que no la están escu- chando en estos momentos, tienen que esperar a que se les coloque el video, o una cinta magnet"
d8bb620c-01b6-469b-8a54-c619b347b37a,1990-10-07,El Establecimiento del Reino de Cristo. sencillo,Nues,tro,Nuestro,Nues-tro,unir,forma_unida_atestiguada,60979,0,ablando sobre este establecimiento del Reino milenial del Señor Jesucristo en la Tierra. Nues- tro tema en esta mañana es: ``EL ESTABLECI- MIENTO DEL REINO DE CRISTO.'' Este Reino del S
d8bb620c-01b6-469b-8a54-c619b347b37a,1990-10-07,El Establecimiento del Reino de Cristo. sencillo,ESTABLECI,MIENTO,ESTABLECIMIENTO,ESTABLECI-MIENTO,unir,forma_unida_atestiguada,773,0,"Reino milenial del Señor Jesucristo en la Tierra. Nues- tro tema en esta mañana es: ``EL ESTABLECI- MIENTO DEL REINO DE CRISTO.'' Este Reino del Señor Jesucristo, prometido para ser establecid"
d8bb620c-01b6-469b-8a54-c619b347b37a,1990-10-07,El Establecimiento del Reino de Cristo. sencillo,comen,zando,comenzando,comen-zando,unir,forma_unida_atestiguada,1705,0,"Escritura, hablándonos de este glorioso Reino, dice el profeta Isaías en el capítulo 65, comen- zando en el verso 16: ``El que se bendijere en la Tierra, en el Dios de verdad se bendecirá"
d8bb620c-01b6-469b-8a54-c619b347b37a,1990-10-07,El Establecimiento del Reino de Cristo. sencillo,maravi,lloso,maravilloso,maravi-lloso,unir,forma_unida_atestiguada,618,0,"rioso Reino que estará establecido en la Tierra. Así que este glorioso Reino será tan maravi- lloso para todo el pueblo, que todo será de bendición para los hijos de Dios. Ahora, leamos"
d8bb620c-01b6-469b-8a54-c619b347b37a,1990-10-07,El Establecimiento del Reino de Cristo. sencillo,confia,damente,confiadamente,confia-damente,unir,forma_unida_atestiguada,18,0,". Y morarán en ella, y no habrá nunca más maldición, sino que Jerusalén será habitada confia- damente. Y esta será la plaga con que herirá Jehová a todos los pueblos que pelearon contra Jeru"
d8bb620c-01b6-469b-8a54-c619b347b37a,1990-10-07,El Establecimiento del Reino de Cristo. sencillo,Jerusa,lén,Jerusalén,Jerusa-lén,unir,forma_unida_atestiguada,12266,0,"estarán sujetos a ese glorioso Rey en Jerusalén. Ya hemos visto dónde estará el Rey: en Jerusa- lén, ocupando el Trono de David. Jerusalén será la capital, y estarán estableci- das las"
d8bb620c-01b6-469b-8a54-c619b347b37a,1990-10-07,El Establecimiento del Reino de Cristo. sencillo,estableci,das,establecidas,estableci-das,unir,forma_unida_atestiguada,243,0,"Rey: en Jerusa- lén, ocupando el Trono de David. Jerusalén será la capital, y estarán estableci- das las leyes correspondientes a ese glorioso Reino milenial; las cuales ninguna persona po"
d8bb620c-01b6-469b-8a54-c619b347b37a,1990-10-07,El Establecimiento del Reino de Cristo. sencillo,finísi,mo,finísimo,finísi-mo,unir,forma_unida_atestiguada,262,0,"ngre, y su nombre es: EL VERBO DE DIOS. Y los ejércitos celestiales, vestidos de lino finísi- mo, blanco y limpio, le seguían en caballos blancos. De su boca sale una espada aguda, pa"
d8bb620c-01b6-469b-8a54-c619b347b37a,1990-10-07,El Establecimiento del Reino de Cristo. sencillo,Todopo,deroso,Todopoderoso,Todopo-deroso,unir,forma_unida_atestiguada,1182,0,as regirá con vara de hierro; y él pisa el lagar del vino del furor y de la ira del Dios Todopo- deroso.'' (El coloca bajo el juicio divino a estas naciones que se han de levantar en contra de
d8bb620c-01b6-469b-8a54-c619b347b37a,1990-10-07,El Establecimiento del Reino de Cristo. sencillo,tam,bién,también,tam-bién,conservar,forma_con_guion_atestiguada,120070,1,"aciones lo que tienen señalado es juicio divino. Ahora, podemos ver que esas naciones tam- bién se van a unir al reino de la bestia; y enton- ces ahí completarán para recibir el juicio,"
d8bb620c-01b6-469b-8a54-c619b347b37a,1990-10-07,El Establecimiento del Reino de Cristo. sencillo,enton,ces,entonces,enton-ces,unir,forma_unida_atestiguada,61252,0,"Ahora, podemos ver que esas naciones tam- bién se van a unir al reino de la bestia; y enton- ces ahí completarán para recibir el juicio, para recibir las plagas divinas; porque el reino"
d8bb620c-01b6-469b-8a54-c619b347b37a,1990-10-07,El Establecimiento del Reino de Cristo. sencillo,dife,rentes,diferentes,dife-rentes,unir,forma_unida_atestiguada,12623,0,"milenial, además de tener los escogidos que pertenecen a las diferentes Edades y a las dife- rentes naciones, tendrá también muchos latino- americanos que van a sobrevivir de los juicios q"
d8bb620c-01b6-469b-8a54-c619b347b37a,1990-10-07,El Establecimiento del Reino de Cristo. sencillo,latino,americanos,latinoamericanos,latino-americanos,unir,forma_unida_atestiguada,1521,0,"pertenecen a las diferentes Edades y a las dife- rentes naciones, tendrá también muchos latino- americanos que van a sobrevivir de los juicios que caerán sobre la Tierra, porque en este tiempo f"
d8bb620c-01b6-469b-8a54-c619b347b37a,1990-10-07,El Establecimiento del Reino de Cristo. sencillo,recogi,miento,recogimiento,recogi-miento,unir,forma_unida_atestiguada,738,0,"Moisés y Elías, en el Angel mensajero del Señor Jesucristo, llevando a cabo la obra del recogi- miento del Trigo, del recogimiento de todos los escogidos, con gran voz de trompeta, en la Amé"
d8bb620c-01b6-469b-8a54-c619b347b37a,1990-10-07,El Establecimiento del Reino de Cristo. sencillo,Hom,bre,Hombre,Hom-bre,conservar,forma_con_guion_atestiguada,51081,17,"revelado el gran misterio de la Primera Venida del Señor, la Primera Venida del Hijo del Hom- bre; y el Evangelio de la Gracia, que es el Evan- gelio de la segunda dispensación, es el men"
d8bb620c-01b6-469b-8a54-c619b347b37a,1990-10-07,El Establecimiento del Reino de Cristo. sencillo,Evan,gelio,Evangelio,Evan-gelio,unir,forma_unida_atestiguada,26740,0,"el Señor, la Primera Venida del Hijo del Hom- bre; y el Evangelio de la Gracia, que es el Evan- gelio de la segunda dispensación, es el mensaje que revela, que declara, que proclama, la Pri"
d8bb620c-01b6-469b-8a54-c619b347b37a,1990-10-07,El Establecimiento del Reino de Cristo. sencillo,encontra,mos,encontramos,encontra-mos,unir,forma_unida_atestiguada,24357,0,"renta y cuatro mil hebreos de las tribus de Israel. Ahora, en Apocalipsis capítulo 14 encontra- mos a estos ciento cuarenta y cuatro mil ya sellados en sus frentes. Veamos qué fue colocad"
d8bb620c-01b6-469b-8a54-c619b347b37a,1990-10-07,El Establecimiento del Reino de Cristo. sencillo,distribu,yen,distribuyen,distribu-yen,unir,forma_unida_atestiguada,3,0,"ngel mensajero. Y las bendiciones para el pueblo vienen al Angel mensajero, y de ahí se distribu- yen al pueblo. Y si el ángel mensajero vence, entonces el pueblo de esa Edad o dispensación"
d8bb620c-01b6-469b-8a54-c619b347b37a,1990-10-07,El Establecimiento del Reino de Cristo. sencillo,Jesu,cristo,Jesucristo,Jesu-cristo,conservar,forma_con_guion_atestiguada,146878,19,ivo.'' En ese Sello del Dios vivo está el nombre eterno de Dios y nombre nuevo del Señor Jesu- cristo. Vean ustedes que el Angel mensajero recibe ese nombre en esa piedrecita blanca; reci
d8bb620c-01b6-469b-8a54-c619b347b37a,1990-10-07,El Establecimiento del Reino de Cristo. sencillo,oportuni,dad,oportunidad,oportuni-dad,unir,forma_unida_atestiguada,5352,0,"mérica Latina, en donde nosotros estamos viviendo. Por eso la América Latina tiene la oportuni- dad más grande que nación alguna pueda tener. Y los latinoamericanos, como individuos, tien"
4b7817ff-0925-4df6-883e-47a82cf5a97e,1990-07-03,El Tiempo de juntar a los escogidos. sencillo,cora,zón,corazón,cora-zón,conservar,forma_con_guion_atestiguada,17911,1,"e corresponde a nuestro tiempo, y Su Palabra, Su llamado, llegue directamente a vuestro cora- zón. En el Libro o Evangelio Según San Mateo, en el capítulo 24 y verso 31, dice el Señor"
4b7817ff-0925-4df6-883e-47a82cf5a97e,1990-07-03,El Tiempo de juntar a los escogidos. sencillo,cose,chada,cosechada,cose-chada,unir,forma_unida_atestiguada,17,0,"ue estaba sentado sobre la nube metió su hoz en la tierra, y la tierra fue segada'' (Fue cose- chada). Y aquí podemos ver este gran evento repre- sentado en esta profecía apocalíptica, el"
4b7817ff-0925-4df6-883e-47a82cf5a97e,1990-07-03,El Tiempo de juntar a los escogidos. sencillo,repre,sentado,representado,repre-sentado,unir,forma_unida_atestiguada,2711,0,"ierra, y la tierra fue segada'' (Fue cose- chada). Y aquí podemos ver este gran evento repre- sentado en esta profecía apocalíptica, el gran evento del llamado y recogimiento de todos los h"
4b7817ff-0925-4df6-883e-47a82cf5a97e,1990-07-03,El Tiempo de juntar a los escogidos. sencillo,dormi,remos,dormiremos,dormi-remos,unir,forma_unida_atestiguada,469,0,"era de Corintios, capítulo 15, verso 51 y 52: ``He aquí, os digo un misterio: No todos dormi- remos (no todos moriremos); pero todos seremos transformados (una transformación para nues"
4b7817ff-0925-4df6-883e-47a82cf5a97e,1990-07-03,El Tiempo de juntar a los escogidos. sencillo,cuer,pos,cuerpos,cuer-pos,unir,forma_unida_atestiguada,15099,0,"ro también, que han creído la Palabra), los muertos serán resucitados incorruptibles (en cuer- pos incorruptibles, cuerpos eternos), y nosotros seremos transformados. Porque es necesar"
4b7817ff-0925-4df6-883e-47a82cf5a97e,1990-07-03,El Tiempo de juntar a los escogidos. sencillo,muer,tos,muertos,muer-tos,unir,forma_unida_atestiguada,13990,0,"a, aclamación), con voz de arcángel, y con trompeta de Dios, descenderá del cielo; y los muer- tos Cristo resucitarán primero. Luego nosotros los que vivimos, los que haya- mos quedado,"
4b7817ff-0925-4df6-883e-47a82cf5a97e,1990-07-03,El Tiempo de juntar a los escogidos. sencillo,haya,mos,hayamos,haya-mos,unir,forma_unida_atestiguada,651,0,"o; y los muer- tos Cristo resucitarán primero. Luego nosotros los que vivimos, los que haya- mos quedado, seremos arrebatados juntamente con ellos en las nubes para recibir al Señor en"
4b7817ff-0925-4df6-883e-47a82cf5a97e,1990-07-03,El Tiempo de juntar a los escogidos. sencillo,espiri,tual,espiritual,espiri-tual,unir,forma_unida_atestiguada,23670,0,"siembra cuerpo animal, resucitará en cuerpo espiritual. Hay cuerpo animal, y hay cuerpo espiri- tual. Así también está escrito: Fue hecho el primer hombre Adán, alma viviente; el postrer"
4b7817ff-0925-4df6-883e-47a82cf5a97e,1990-07-03,El Tiempo de juntar a los escogidos. sencillo,hom,bre,hombre,hom-bre,conservar,forma_con_guion_atestiguada,51081,17,"Dios. Ahora, hemos llegado al tiempo final, en donde nuevamente tiene que aparecer un hom- bre, un ser humano, para tomar ese Libro de la mano del que está sentado en el Trono y abrir"
4b7817ff-0925-4df6-883e-47a82cf5a97e,1990-07-03,El Tiempo de juntar a los escogidos. sencillo,recla,mo,reclamo,recla-mo,unir,forma_unida_atestiguada,3514,0,"angre preciosa, pagó el precio de la redención. Así que El no podía llevar a cabo ese recla- mo antes de tiempo; El tenía que esperar que cada persona que tiene su nombre escrito en el"
4b7817ff-0925-4df6-883e-47a82cf5a97e,1990-07-03,El Tiempo de juntar a los escogidos. sencillo,emi,ten,emiten,emi-ten,unir,forma_unida_atestiguada,319,0,"bo clamado, siete truenos emitieron sus voces. Ahora, vea usted que los siete Truenos emi- ten sus voces cuando el Señor Jesucristo cumple Su venida. Los Sellos son abiertos en el ci"
4b7817ff-0925-4df6-883e-47a82cf5a97e,1990-07-03,El Tiempo de juntar a los escogidos. sencillo,Jesu,cristo,Jesucristo,Jesu-cristo,conservar,forma_con_guion_atestiguada,146878,19,"a mano del Señor Jesucristo en Su segunda venida. Y ahora veamos lo que hace el Señor Jesu- cristo con ese Librito tan importante, con ese Título de Propiedad. Porque sin ese Título de P"
4b7817ff-0925-4df6-883e-47a82cf5a97e,1990-07-03,El Tiempo de juntar a los escogidos. sencillo,junta,mente,juntamente,junta-mente,unir,forma_unida_atestiguada,2405,0,"a esa Dimensión divina en donde hay vida eterna. Por eso dice: ``Seremos arrebatados junta- mente con los santos que han de resucitar, para recibir al Señor en el aire, y así estaremos s"
4b7817ff-0925-4df6-883e-47a82cf5a97e,1990-07-03,El Tiempo de juntar a los escogidos. sencillo,siem,pre,siempre,siem-pre,unir,forma_unida_atestiguada,16867,0,"e con los santos que han de resucitar, para recibir al Señor en el aire, y así estaremos siem- pre con el Señor.'' Así que veremos al Señor Jesucristo en el aire, cuando seamos transfo"
4b7817ff-0925-4df6-883e-47a82cf5a97e,1990-07-03,El Tiempo de juntar a los escogidos. sencillo,Transforma,ción,Transformación,Transforma-ción,unir,forma_unida_atestiguada,10337,0,"os, lo veremos tal como El es; pero mientras tanto, mientras ocurre la Resurrección, la Transforma- ción y el Rapto, estaremos viendo al Señor Jesucristo llevando a cabo Su obra en este tiempo"
4b7817ff-0925-4df6-883e-47a82cf5a97e,1990-07-03,El Tiempo de juntar a los escogidos. sencillo,he,breo,hebreo,he-breo,conservar,forma_con_guion_atestiguada,34225,4,"os: 144 mil sellados de las tribus de Israel.'' Ahora vean que esto es para el pueblo he- breo. Y en Apocalipsis capítulo 14 dice: ``Y miré, y he aquí el Cordero estaba en pie sobre e"
4b7817ff-0925-4df6-883e-47a82cf5a97e,1990-07-03,El Tiempo de juntar a los escogidos. sencillo,herede,ros,herederos,herede-ros,unir,forma_unida_atestiguada,2189,0,birá juventud eterna; porque todo eso está en la herencia de Dios; y nosotros somos los herede- ros de Dios. Así que vean ustedes que solamente las riquezas que tenemos en el cuerpo ete
4b7817ff-0925-4df6-883e-47a82cf5a97e,1990-07-03,El Tiempo de juntar a los escogidos. sencillo,reden,ción,redención,reden-ción,conservar,forma_con_guion_atestiguada,12007,1,"Espíritu, nosotros también gemimos dentro de nosotros mismos, esperando la adopción, la reden- ción de nuestro cuerpo.'' La adopción de los hijos de Dios, donde son reconocidos como hij"
4b7817ff-0925-4df6-883e-47a82cf5a97e,1990-07-03,El Tiempo de juntar a los escogidos. sencillo,origi,nal,original,origi-nal,unir,forma_unida_atestiguada,1810,0,"ios con un cuerpo eterno, con vida eterna, ser redimidos; y redimir es ``volver al lugar origi- nal''... El ser humano vivía en un cuerpo que no tenía muerte, hasta que cayó; pero el se"
fe9ed030-7167-44f4-81be-1e1b9b856350,1989-12-31,La Revelacion de Jesucristo. sencillo,mensaje,ros,mensajeros,mensaje-ros,unir,forma_unida_atestiguada,9565,0,"ñor Jesucristo estuvo revelándose, manifestándose, por medio de cada uno de Sus ángeles mensaje- ros de cada edad. Por eso San Pablo podía decir: ``No vivo ya yo, sino que vive Cristo en mí."
fe9ed030-7167-44f4-81be-1e1b9b856350,1989-12-31,La Revelacion de Jesucristo. sencillo,revelán,dose,revelándose,revelán-dose,unir,forma_unida_atestiguada,833,0,"s diferentes iglesias, no estaba hablando de sí mismo, sino que era el Señor Jesucristo revelán- dose por medio de Su ángel mensajero, San Pablo, en aquella edad, a todos los hijos de Dios."
fe9ed030-7167-44f4-81be-1e1b9b856350,1989-12-31,La Revelacion de Jesucristo. sencillo,mensaje,ros,mensajeros,mensaje-ros,unir,forma_unida_atestiguada,9565,0,"la Sexta Dimensión esperando la gloriosa Resurrección. Así aconteció con cada uno de los mensaje- ros, de cada una de las edades, en los cuales el ===== [PAGINA 3 de 16] ===== Señor Jesucrist"
fe9ed030-7167-44f4-81be-1e1b9b856350,1989-12-31,La Revelacion de Jesucristo. sencillo,enemi,go,enemigo,enemi-go,unir,forma_unida_atestiguada,2035,0,"pan lo que le ha de acontecer. Y todo hijo de Dios desea escapar de todas las tretas del enemi- go. Y el Libro de Apocalipsis, la revelación apocalíptica, la revelación de Jesucristo, lo"
fe9ed030-7167-44f4-81be-1e1b9b856350,1989-12-31,La Revelacion de Jesucristo. sencillo,misterio,so,misterioso,misterio-so,unir,forma_unida_atestiguada,289,0,"anticristo, como la bestia y falso profeta; y será esa persona el portador de ese número misterio- so: 666. Y hará guerra contra el que viene sobre el quinto caballo del Apocalipsis, y contr"
fe9ed030-7167-44f4-81be-1e1b9b856350,1989-12-31,La Revelacion de Jesucristo. sencillo,enfrenta,miento,enfrentamiento,enfrenta-miento,unir,forma_unida_atestiguada,203,0,"tiene por nombre Muerte, y al cual el infierno le sigue. Así que ya sabemos que habrá un enfrenta- miento, y la Revelación de Jesucristo da a cono- cer estos misterios que estarán llevándose a c"
fe9ed030-7167-44f4-81be-1e1b9b856350,1989-12-31,La Revelacion de Jesucristo. sencillo,cono,cer,conocer,cono-cer,conservar,forma_con_guion_atestiguada,18992,1,"gue. Así que ya sabemos que habrá un enfrenta- miento, y la Revelación de Jesucristo da a cono- cer estos misterios que estarán llevándose a cabo en este tiempo final. Por esa causa estamo"
fe9ed030-7167-44f4-81be-1e1b9b856350,1989-12-31,La Revelacion de Jesucristo. sencillo,mani,festaría,manifestaría,mani-festaría,unir,forma_unida_atestiguada,354,0,". El dijo que como fue en los días de Noé, así sería el día en que el Hijo del Hombre se mani- festaría, se revelaría. El estaría revelándose en este tiempo final, conforme a como El establec"
fe9ed030-7167-44f4-81be-1e1b9b856350,1989-12-31,La Revelacion de Jesucristo. sencillo,llevan,do,llevando,llevan-do,unir,forma_unida_atestiguada,5948,0,"ede salir de Su Palabra. Su Palabra es el plano que el Señor ha hecho de lo que El estará llevan- do a cabo. Ahora, algunas personas cuando ven el plano de un edificio que se va a construir"
fe9ed030-7167-44f4-81be-1e1b9b856350,1989-12-31,La Revelacion de Jesucristo. sencillo,Jesu,cristo,Jesucristo,Jesu-cristo,conservar,forma_con_guion_atestiguada,146878,19,persona más grande que ha pisado esta Tierra. Ese Constructor y Arquitecto es el Señor Jesu- cristo. Y el Señor ha estado utilizando a sus mensa- jeros para llevar a cabo esa construcción
fe9ed030-7167-44f4-81be-1e1b9b856350,1989-12-31,La Revelacion de Jesucristo. sencillo,mensa,jeros,mensajeros,mensa-jeros,unir,forma_unida_atestiguada,9565,0,Constructor y Arquitecto es el Señor Jesu- cristo. Y el Señor ha estado utilizando a sus mensa- jeros para llevar a cabo esa construcción en las diferentes etapas o edades. Y ese edificio ha
fe9ed030-7167-44f4-81be-1e1b9b856350,1989-12-31,La Revelacion de Jesucristo. sencillo,repre,senta,representa,repre-senta,unir,forma_unida_atestiguada,5891,0,"subiendo, hasta que ha llegado al piso número ocho. Estamos en el piso número ocho, que repre- senta la eternidad, en donde el Señor Jesucristo ha estado construyendo la Edad de la Piedra"
fe9ed030-7167-44f4-81be-1e1b9b856350,1989-12-31,La Revelacion de Jesucristo. sencillo,Edifi,cio,Edificio,Edifi-cio,unir,forma_unida_atestiguada,1015,0,"to. Y usted y yo somos parte de ese Edificio; y somos de la parte más importante de ese Edifi- cio; porque somos del Lugar en donde El tiene Su Trono. El dijo: ``Al que venciere, Yo le da"
fe9ed030-7167-44f4-81be-1e1b9b856350,1989-12-31,La Revelacion de Jesucristo. sencillo,sacerdo,tes,sacerdotes,sacerdo-tes,unir,forma_unida_atestiguada,5846,0,"Hijo de David, es el Rey de reyes y Señor de señores. El dice que nosotros somos reyes y sacerdo- tes. Y reinaremos con el Señor por mil años para comenzar. Y luego reinaremos por toda la et"
fe9ed030-7167-44f4-81be-1e1b9b856350,1989-12-31,La Revelacion de Jesucristo. sencillo,termi,ne,termine,termi-ne,unir,forma_unida_atestiguada,1093,0,"as, tiene que traer el Mensaje profético, la profecía, para que el Reino de los gentiles termi- ne su tiempo, y el Reino del Señor Jesucristo sea establecido en esta Tierra. Así que le dam"
fe9ed030-7167-44f4-81be-1e1b9b856350,1989-12-31,La Revelacion de Jesucristo. sencillo,PROGRA,MA,PROGRAMA,PROGRA-MA,unir,forma_unida_atestiguada,20231,0,"CIÓN A ÉL EN ESTA NOCHE; Y QUE DIOS NOS FORTALEZCA Y NOS ENSEÑE MÁS AMPLIAMENTE TODO SU PROGRA- MA. Y LO QUE NO ENTENDIMOS EN ESTA DÉCADA PASADA, QUE LO ENTENDAMOS EN ESTA NUEVA DÉCADA, Q"
fe9ed030-7167-44f4-81be-1e1b9b856350,1989-12-31,La Revelacion de Jesucristo. sencillo,Jesu,cristo,Jesucristo,Jesu-cristo,conservar,forma_con_guion_atestiguada,146878,19,"utilice conforme a Su voluntad. Estamos en Sus manos. Yo me pongo en las manos del Señor Jesu- cristo, juntamente con cada uno de ustedes, para que nos use en Su Obra, en Su Programa corres"
fe9ed030-7167-44f4-81be-1e1b9b856350,1989-12-31,La Revelacion de Jesucristo. sencillo,Jesu,cristo,Jesucristo,Jesu-cristo,conservar,forma_con_guion_atestiguada,146878,19,"os. Que Dios nos continúe bendiciendo a todos en esta noche, y continúe la revelación de Jesu- cristo manifestándose en este tiempo final. Muchas gracias, Miguel, que Dios te bendiga grandem"
6c647b76-0380-45a9-af05-84f6fa992c39,1991-12-29,El Tiempo del Fin.,mal,dad,maldad,mal-dad,unir,forma_unida_atestiguada,816,0,"he aquí, viene el día ardiente como un horno, y todos los soberbios y todos los que hacen mal- dad serán estopa; aquel día los abrasará, ha dicho Jehová de los ejércitos, y no les dejará n"
6c647b76-0380-45a9-af05-84f6fa992c39,1991-12-29,El Tiempo del Fin.,ejérci,tos,ejércitos,ejérci-tos,unir,forma_unida_atestiguada,3108,0,"ceniza bajo la planta de vuestros pies, en el día en que yo actúe, ha dicho Jehová de los ejérci- tos.'' (Mal 4:2-3). ===== [PAGINA 4 de 18] ===== 1 WILLIAM SOTO SANTIAGO Ahora, vean"
6c647b76-0380-45a9-af05-84f6fa992c39,1991-12-29,El Tiempo del Fin.,Escritu,ras,Escrituras,Escritu-ras,unir,forma_unida_atestiguada,3777,0,"uerdo a la cronología de los judíos, y de acuerdo a Gálatas 3:16 y 17. Y tengo muchas más Escritu- ras, pero doy solamente esa. Entonces después de que ellos rechazaron a Cristo, El se tornó a"
6c647b76-0380-45a9-af05-84f6fa992c39,1991-12-29,El Tiempo del Fin.,entrela,zando,entrelazando,entrela-zando,unir,forma_unida_atestiguada,296,0,o divino que se estaba entrelazando con el tiempo del fin. Ese ciclo divino que se estaba entrela- zando era nada menos que el ciclo divino representado en el año del jubileo. El año del jubi
6c647b76-0380-45a9-af05-84f6fa992c39,1991-12-29,El Tiempo del Fin.,comenzan,do,comenzando,comenzan-do,unir,forma_unida_atestiguada,1705,0,"ida en la Palabra, y se cumplan las promesas de la liberación de todos los hijos de Dios, comenzan- do con los primogénitos de Dios para ser libertados de la muerte, ser libertados de lo tempo"
6c647b76-0380-45a9-af05-84f6fa992c39,1991-12-29,El Tiempo del Fin.,cumpli,miento,cumplimiento,cumpli-miento,unir,forma_unida_atestiguada,7733,0,"los han estado regresando a su tierra, y todas estas cosas han estado tomando su lugar de cumpli- miento. Y estas cosas están siendo dadas a conocer a los hijos de Dios. Les dije que ha comen"
6c647b76-0380-45a9-af05-84f6fa992c39,1991-12-29,El Tiempo del Fin.,desa,pareciendo,desapareciendo,desa-pareciendo,unir,forma_unida_atestiguada,65,0,"as cosas, y de ahí en adelante todas las cosas que tienen que finalizar irán gradualmente desa- pareciendo. Ahora, ustedes pensarán: ``¿Pero la gran tribulación no son tres años y medio que se"
6c647b76-0380-45a9-af05-84f6fa992c39,1991-12-29,El Tiempo del Fin.,gene,ración,generación,gene-ración,unir,forma_unida_atestiguada,3968,0,"ían cuánto? Vamos a ver aquí... Así que encontramos que Dios estableció el fin de aquella gene- ración: ``Y dijo Jehová: No contenderá mi espíritu con el hombre para siempre, porque ciertament"
6c647b76-0380-45a9-af05-84f6fa992c39,1991-12-29,El Tiempo del Fin.,genera,ción,generación,genera-ción,unir,forma_unida_atestiguada,3968,0,"to veinte años'', y le comunicó a Noé esa Palabra, ahí comenzó a contar el fin de aquella genera- ción, ese era el tiempo del fin, solamente ciento veinte años. Y cuando están terminando e"
6c647b76-0380-45a9-af05-84f6fa992c39,1991-12-29,El Tiempo del Fin.,Eter,na,Eterna,Eter-na,unir,forma_unida_atestiguada,50471,0,"ada que ver con el asunto literal, está más allá de eso. ¡Es en el Reino de Dios con Vida Eter- na, con los predestinados que nunca comenzaron! Nunca empezaron en ningún día. ¡Usted no fue"
6c647b76-0380-45a9-af05-84f6fa992c39,1991-12-29,El Tiempo del Fin.,Testa,mento,Testamento,Testa-mento,unir,forma_unida_atestiguada,12385,0,"de las promesas divinas, por los profetas del Antiguo Testamento y los profetas del Nuevo Testa- mento, podemos señalar estas cosas que están aconteciendo, y ver que es algo tan grande que no"
6c647b76-0380-45a9-af05-84f6fa992c39,1991-12-29,El Tiempo del Fin.,dicien,do,diciendo,dicien-do,unir,forma_unida_atestiguada,11861,0,"en adelante dice: ``La voz del cual conmovió entonces la tierra, pero ahora ha prometido, dicien- do: Aún una vez, y conmoveré no solamente la tierra, sino también el cielo. Y esta frase:"
6c647b76-0380-45a9-af05-84f6fa992c39,1991-12-29,El Tiempo del Fin.,preparan,do,preparando,preparan-do,unir,forma_unida_atestiguada,1190,0,"Angular, en donde Dios está dándonos a conocer las cosas que deben acontecer, y nos está preparan- do para nuestra transformación. Así que aprovechemos bien el tiempo escuchando el Mensaje"
6c647b76-0380-45a9-af05-84f6fa992c39,1991-12-29,El Tiempo del Fin.,sépti,mo,séptimo,sépti-mo,unir,forma_unida_atestiguada,23416,0,"ería el séptimo ángel.'' De los siete, sin contar a nuestro hermano Branham, ese sería el sépti- mo. ``El era más brillante y significaba más para mí que los demás. Les dije que tenía el"
6c647b76-0380-45a9-af05-84f6fa992c39,1991-12-29,El Tiempo del Fin.,transfor,mación,transformación,transfor-mación,unir,forma_unida_atestiguada,10337,0,"a de lo que Dios llevará a cabo. Ahí está hablando también del rapto, está hablando de la transfor- mación, de todo esto está hablando ahí en ese evento del año 1963. ``Ahora, ¡aquí está! Era e"
6c647b76-0380-45a9-af05-84f6fa992c39,1991-12-29,El Tiempo del Fin.,actualiza,do,actualizado,actualiza-do,unir,forma_unida_atestiguada,524,0,"hemos visto que Dios está ahora mismo tratando solamente en la etapa del año del jubileo actualiza- do, ese ciclo eterno en donde hemos sido llamados a subir para ver todas las cosas que El es"
6c647b76-0380-45a9-af05-84f6fa992c39,1991-12-29,El Tiempo del Fin.,termina,ron,terminaron,termina-ron,unir,forma_unida_atestiguada,372,0,"echo a saber las cosas que han de suceder después de las Edades de la Iglesia gentil, que termina- ron en el año 1977. El dijo en el 77 o alrededor del 77. Así que podemos caminar hacia el"
534d440b-3976-40f1-878f-08b2eaa050f2,1992-03-29,El Misterio de la Semilla de la Palabra hablada.,escu,char,escuchar,escu-char,unir,forma_unida_atestiguada,6007,0,"uego el malo, el enemigo de Dios, saca eso que fue sembrado. Otros la escuchan y luego de escu- char esa Palabra... dice: ``y el que fue sembrado en pedregales, este es el que oye la palabra"
534d440b-3976-40f1-878f-08b2eaa050f2,1992-03-29,El Misterio de la Semilla de la Palabra hablada.,esca,par,escapar,esca-par,unir,forma_unida_atestiguada,1083,0,"a dicho es que será un diluvio de fuego. Así que al ser un diluvio de fuego, menos podrán esca- par las personas. Ahora, dejando eso quietecito; porque mas bien queremos ver para nosotro"
534d440b-3976-40f1-878f-08b2eaa050f2,1992-03-29,El Misterio de la Semilla de la Palabra hablada.,prome,tido,prometido,prome-tido,unir,forma_unida_atestiguada,13351,0,"n las bendiciones que Dios ha prometido para nosotros. Y todas esas bendiciones que El ha prome- tido, todas esas promesas que El ha hecho para el fin del tiempo, para Sus hijos, serán vistas"
534d440b-3976-40f1-878f-08b2eaa050f2,1992-03-29,El Misterio de la Semilla de la Palabra hablada.,ten,drán,tendrán,ten-drán,unir,forma_unida_atestiguada,2820,0,"fin del tiempo, para Sus hijos, serán vistas en Sus hijos, Sus escogidos, en aquellos que ten- drán la simiente de la Palabra sembrada y que crece en ellos, la cual es regada con el agua de"
534d440b-3976-40f1-878f-08b2eaa050f2,1992-03-29,El Misterio de la Semilla de la Palabra hablada.,sem,brada,sembrada,sem-brada,unir,forma_unida_atestiguada,515,0,"uen fruto de acuerdo a esa simiente. Así que el fruto es de acuerdo a esa Palabra que fue sem- brada. Por ejemplo, miren ustedes, la Escritura dice: ``Enviará sus ángeles con gran voz de"
534d440b-3976-40f1-878f-08b2eaa050f2,1992-03-29,El Misterio de la Semilla de la Palabra hablada.,cora,zón,corazón,cora-zón,conservar,forma_con_guion_atestiguada,17911,1,"o. Enviará ese ministerio de Sus Angeles con esa Palabra simiente para ser sembrada en el cora- zón de los escogidos, y juntará a Sus escogidos. Al juntar a los escogidos, ¿qué es eso? el f"
534d440b-3976-40f1-878f-08b2eaa050f2,1992-03-29,El Misterio de la Semilla de la Palabra hablada.,enten,diendo,entendiendo,enten-diendo,conservar,forma_con_guion_atestiguada,495,1,"estro tiempo, enseñándonos todo lo que corresponde a nuestro tiempo, y así vamos nosotros enten- diendo todo ese programa divino que corresponde para nuestro tiempo, y podemos entonces ver cómo"
534d440b-3976-40f1-878f-08b2eaa050f2,1992-03-29,El Misterio de la Semilla de la Palabra hablada.,pro,grama,programa,pro-grama,unir,forma_unida_atestiguada,20231,0,"to del programa divino para cada Edad y dispensación, no puede ser encontrado entonces el pro- grama divino para con Sus hijos manifestado en otro sitio, sino en medio de los hijos de Dios,"
534d440b-3976-40f1-878f-08b2eaa050f2,1992-03-29,El Misterio de la Semilla de la Palabra hablada.,cumpli,miento,cumplimiento,cumpli-miento,unir,forma_unida_atestiguada,7733,0,"s muertos en Cristo, y la Transformación de los que estamos vivos. ¿Y dónde será visto el cumpli- miento de esas promesas? En la buena tierra. Por esa causa nosotros como la buena tierra esta"
534d440b-3976-40f1-878f-08b2eaa050f2,1992-03-29,El Misterio de la Semilla de la Palabra hablada.,espe,rando,esperando,espe-rando,unir,forma_unida_atestiguada,9317,0,"semilla de la Palabra para la transformación de nuestros cuerpos, nosotros podemos estar espe- rando felices y contentos la transformación de nuestros cuerpos; porque esa Palabra, esa semill"
534d440b-3976-40f1-878f-08b2eaa050f2,1992-03-29,El Misterio de la Semilla de la Palabra hablada.,sem,brada,sembrada,sem-brada,unir,forma_unida_atestiguada,515,0,"ciudadanos de este planeta Tierra, como pueblo de este planeta Tierra, la Palabra ha sido sem- brada en el pueblo latinoamericano. El pueblo latinoamericano, incluyendo al Caribe, es la b"
534d440b-3976-40f1-878f-08b2eaa050f2,1992-03-29,El Misterio de la Semilla de la Palabra hablada.,cum,plimiento,cumplimiento,cum-plimiento,unir,forma_unida_atestiguada,7733,0,"Caribe, es la buena tierra, como pueblo, donde la Palabra sería sembrada y produciría el cum- plimiento de las promesas divinas para los hijos de Dios en el fin del tiempo. Así que no estare"
534d440b-3976-40f1-878f-08b2eaa050f2,1992-03-29,El Misterio de la Semilla de la Palabra hablada.,enten,diendo,entendiendo,enten-diendo,conservar,forma_con_guion_atestiguada,495,1,"a entendiendo la Palabra del Reino, el Mensaje del Evangelio del Reino? ¿Dónde se estaría enten- diendo el programa divino para el fin del tiempo? En la buena tierra; porque es la persona como"
534d440b-3976-40f1-878f-08b2eaa050f2,1992-03-29,El Misterio de la Semilla de la Palabra hablada.,Pala,bra,Palabra,Pala-bra,conservar,forma_con_guion_atestiguada,66810,11,"la Palabra hablada de Dios para nosotros. Aquí tenemos para nosotros este misterio de la Pala- bra hablada siendo dado a conocer a nosotros, porque a nosotros nos ha sido dado que conozcam"
534d440b-3976-40f1-878f-08b2eaa050f2,1992-03-29,El Misterio de la Semilla de la Palabra hablada.,docto,res,doctores,docto-res,unir,forma_unida_atestiguada,549,0,"los entendidos, de los doctores en divinidad, doctores en teología, doctores en ciencia, docto- res en medicina, doctores en una cosa y otra, y las has revelado a los niños. La escondiste d"
534d440b-3976-40f1-878f-08b2eaa050f2,1992-03-29,El Misterio de la Semilla de la Palabra hablada.,profe,cía,profecía,profe-cía,unir,forma_unida_atestiguada,5622,0,"ue nosotros tenemos, la bienaventuranza que tenemos en leer y escuchar las palabras de la profe- cía de este Libro, y así tener en nosotros sembrada la buena simiente de la Palabra hablada d"
534d440b-3976-40f1-878f-08b2eaa050f2,1992-03-29,El Misterio de la Semilla de la Palabra hablada.,cari,beños,caribeños,cari-beños,unir,forma_unida_atestiguada,1147,0,"ganar, sino que fue elegida y predestinada por Dios para nosotros los latinoamericanos y cari- beños. Así que ``las cuerdas nos han caído en lugares deleitosos'', en lugares de grandes bendi"
14e81346-0a74-4875-9ced-204c2e9d729b,1993-12-03,La predicacion del Evangelio del Reino. sencillo,ene,migo,enemigo,ene-migo,unir,forma_unida_atestiguada,2035,0,"mbraste buena semilla (o sea trigo), por qué hay cizaña en el campo?” El dice aquí que un ene- migo hizo esto. Dice (San Mateo 13:28): “El les dijo: Un enemigo ha hecho esto. Y los siervos"
14e81346-0a74-4875-9ced-204c2e9d729b,1993-12-03,La predicacion del Evangelio del Reino. sencillo,Jesucris,to,Jesucristo,Jesucris-to,unir,forma_unida_atestiguada,146878,0,"termina; y luego viene la cosecha, la siega, bajo el ministerio de los Angeles del Señor Jesucris- to, que es el ministerio de los dos Olivos, el ministerio de Moisés y Elías repitiéndose en"
14e81346-0a74-4875-9ced-204c2e9d729b,1993-12-03,La predicacion del Evangelio del Reino. sencillo,transfor,mación,transformación,transfor-mación,unir,forma_unida_atestiguada,10337,0,nto de todos los escogidos; porque luego del recogimiento de todos los escogidos viene la transfor- mación de todos los escogidos que han sido recogidos con el Mensaje de la trompeta final o gran
14e81346-0a74-4875-9ced-204c2e9d729b,1993-12-03,La predicacion del Evangelio del Reino. sencillo,resu,rrección,resurrección,resu-rrección,conservar,forma_con_guion_atestiguada,14442,1,"recogidos con el Mensaje de la trompeta final o gran Voz de trompeta; y también viene la resu- rrección de los muertos en Cristo en cuerpos eternos, incorruptibles, lo cual antecede a la transf"
14e81346-0a74-4875-9ced-204c2e9d729b,1993-12-03,La predicacion del Evangelio del Reino. sencillo,Dispensa,ción,Dispensación,Dispensa-ción,unir,forma_unida_atestiguada,28784,0,"Iglesia gentil llega a su final la Dispensación de la Gracia, y se cierra la Puerta de la Dispensa- ción de la Gracia, y se abre la Puerta de la Dispensación del Reino; y comienza la Dispensació"
14e81346-0a74-4875-9ced-204c2e9d729b,1993-12-03,La predicacion del Evangelio del Reino. sencillo,encontra,ba,encontraba,encontra-ba,unir,forma_unida_atestiguada,474,0,"ianos pensaba en su corazón que estaba sirviendo a Dios, pero no era así; porque Saulo se encontra- ba persiguiendo al Señor Jesucristo. Porque “cualquiera que diere un vaso de agua fría a uno"
14e81346-0a74-4875-9ced-204c2e9d729b,1993-12-03,La predicacion del Evangelio del Reino. sencillo,recom,pensa,recompensa,recom-pensa,unir,forma_unida_atestiguada,1873,0,"e “cualquiera que diere un vaso de agua fría a uno de estos mis pequeñitos, no perderá su recom- pensa.” ¿Por qué? Porque el que a vosotros lo hace (ya sea un bien o un mal), El dice: “A mí l"
14e81346-0a74-4875-9ced-204c2e9d729b,1993-12-03,La predicacion del Evangelio del Reino. sencillo,mani,festados,manifestados,mani-festados,unir,forma_unida_atestiguada,1797,0,"tes que El envía Sus ángeles mensajeros, que son espíritus teofánicos enviados por Dios y mani- festados en y a través de carne humana, trayendo el Mensaje de Dios, el Mensaje de Jesucristo, en"
14e81346-0a74-4875-9ced-204c2e9d729b,1993-12-03,La predicacion del Evangelio del Reino. sencillo,visita,ción,visitación,visita-ción,unir,forma_unida_atestiguada,1013,0,"ro de ti, y no dejarán en ti piedra sobre piedra, por cuanto no conociste el tiempo de tu visita- ción.” Las personas, ciudades, naciones, gobiernos, y entidades religiosas o sociales, o de l"
14e81346-0a74-4875-9ced-204c2e9d729b,1993-12-03,La predicacion del Evangelio del Reino. sencillo,tam,bién,también,tam-bién,conservar,forma_con_guion_atestiguada,120070,1,"ró en la puerta del arca para darle la bienvenida a todos los que entraban al arca; y así tam- bién es el Señor Jesucristo la Puerta del Arca de salvación, y es Jesucristo nuestra Arca de s"
14e81346-0a74-4875-9ced-204c2e9d729b,1993-12-03,La predicacion del Evangelio del Reino. sencillo,Dispensa,ción,Dispensación,Dispensa-ción,unir,forma_unida_atestiguada,28784,0,"siglo, en el fin de la Dispensación de la Gracia, en el tiempo en donde se entrelazan la Dispensa- ción de la Gracia y la Dispensación del Reino. Siempre cuando hay un entrelace de dispensacio"
14e81346-0a74-4875-9ced-204c2e9d729b,1993-12-03,La predicacion del Evangelio del Reino. sencillo,Dis,pensación,Dispensación,Dis-pensación,unir,forma_unida_atestiguada,28784,0,"siglo, en el fin del tiempo, en el fin de la Dispensación de la Gracia, y comienzo de la Dis- pensación del Reino; estamos viviendo en el fin de la predicación del Evangelio de la Gracia, y com"
14e81346-0a74-4875-9ced-204c2e9d729b,1993-12-03,La predicacion del Evangelio del Reino. sencillo,corres,ponde,corresponde,corres-ponde,unir,forma_unida_atestiguada,7386,0,"acia y del Evangelio del Reino. Hemos visto que la predicación del Evangelio de la Gracia corres- ponde a la Dispensación de la Gracia, la cual llegaría a su final en este tiempo final en el cu"
14e81346-0a74-4875-9ced-204c2e9d729b,1993-12-03,La predicacion del Evangelio del Reino. sencillo,dispensa,ción,dispensación,dispensa-ción,unir,forma_unida_atestiguada,28784,0,"tan importante, en cada dispensación, la predicación del Mensaje que corresponde para esa dispensa- ción; ese es el Mensaje o las Buenas Nuevas o Evangelio de esa dispensación, ese es el Mensaje"
14e81346-0a74-4875-9ced-204c2e9d729b,1993-12-03,La predicacion del Evangelio del Reino. sencillo,dis,pensación,dispensación,dis-pensación,unir,forma_unida_atestiguada,28784,0,"o Evangelio de esa dispensación, ese es el Mensaje de esa dispensación o Evangelio de esa dis- pensación. Tenemos para la Dispensación del Reino el Mensaje, el Evangelio del Reino, dando a cono"
14e81346-0a74-4875-9ced-204c2e9d729b,1993-12-03,La predicacion del Evangelio del Reino. sencillo,Dispen,sación,Dispensación,Dispen-sación,unir,union_legitima_certificada_piloto,28784,1,"r eso allá se comenzó a predicar el Evangelio de la Gracia. Y el Evangelio del Reino y la Dispen- sación del Reino se abren en el fin del tiempo en la América Latina y el Caribe, donde el Evange"
14e81346-0a74-4875-9ced-204c2e9d729b,1993-12-03,La predicacion del Evangelio del Reino. sencillo,conoci,miento,conocimiento,conoci-miento,unir,forma_unida_atestiguada,4750,0,"todos, hermanos y amigos presentes, y amigos y hermanos televidentes, y que les llene del conoci- miento divino en toda Su plenitud. Muchas gracias por vuestra amable atención y con nosotros Fé"
62eaf021-e049-475c-995e-c6b31e1397ee,1990-01-28,El hombre del futuro.,Pala,bra,Palabra,Pala-bra,conservar,forma_con_guion_atestiguada,66810,11,on ustedes. Que Dios les bendiga grandemente en esta mañana y les permita comprender Su Pala- bra. ===== [PAGINA 2 de 25] ===== WILLIAM SOTO SANTIAGO Quiero leer la escritura que se encue
62eaf021-e049-475c-995e-c6b31e1397ee,1990-01-28,El hombre del futuro.,espiri,tual,espiritual,espiri-tual,unir,forma_unida_atestiguada,23670,0,"orruptible, un cuerpo animal; pero cada hijo de Dios tiene la promesa de tener un cuerpo espiri- tual, celestial, inmortal; el cual no tiene las limitaciones de este cuerpo terrenal. Cada hi"
62eaf021-e049-475c-995e-c6b31e1397ee,1990-01-28,El hombre del futuro.,espiri,tual,espiritual,espiri-tual,unir,forma_unida_atestiguada,23670,0,"l no tiene las limitaciones de este cuerpo terrenal. Cada hijo de Dios tendrá ese cuerpo espiri- tual, celestial, conforme a la promesa divina, en el tiempo correspondiente en el programa de"
62eaf021-e049-475c-995e-c6b31e1397ee,1990-01-28,El hombre del futuro.,sere,mos,seremos,sere-mos,unir,forma_unida_atestiguada,6886,0,"r toda la eternidad sobre toda la creación de Dios. Estamos viviendo en el tiempo en que sere- mos transformados y tendremos el cuerpo del futuro, porque somos los hombres y mujeres del f"
62eaf021-e049-475c-995e-c6b31e1397ee,1990-01-28,El hombre del futuro.,levan,tarse,levantarse,levan-tarse,unir,forma_unida_atestiguada,412,0,"que han partido en el pasado, porque estuvieron viviendo en un cuerpo temporero, han de levan- tarse en un cuerpo inmortal, incorruptible, celes- tial? El apóstol San Pablo dijo, en Primera"
62eaf021-e049-475c-995e-c6b31e1397ee,1990-01-28,El hombre del futuro.,celes,tial,celestial,celes-tial,unir,forma_unida_atestiguada,19736,0,"iviendo en un cuerpo temporero, han de levan- tarse en un cuerpo inmortal, incorruptible, celes- tial? El apóstol San Pablo dijo, en Primera de Corintios 15:51: ``He aquí, os digo un mister"
62eaf021-e049-475c-995e-c6b31e1397ee,1990-01-28,El hombre del futuro.,tendría,mos,tendríamos,tendría-mos,unir,forma_unida_atestiguada,339,0,"orrupción, y esto mortal se vista de inmortalidad.'' Es necesario, porque de otra forma tendría- mos que morir; y de otra forma los que partieron en el pasado continuarían en el Paraíso sin"
62eaf021-e049-475c-995e-c6b31e1397ee,1990-01-28,El hombre del futuro.,entra,rán,entrarán,entra-rán,unir,forma_unida_atestiguada,893,0,". Y por esto es que la creación completa gime, porque en esa libertad gloriosa en la cual entra- rán todos los hijos de Dios, en la cual serán ===== [PAGINA 9 de 25] ===== EL HOMBRE DEL FUTU"
62eaf021-e049-475c-995e-c6b31e1397ee,1990-01-28,El hombre del futuro.,inmor,tal,inmortal,inmor-tal,unir,forma_unida_atestiguada,3721,0,"en el Libro de la Vida del Cordero, que tienen esa promesa de poseer un cuerpo eterno, inmor- tal, incorruptible, celestial, glorificado, tendrán el glorioso privilegio de pasar a ese cu"
62eaf021-e049-475c-995e-c6b31e1397ee,1990-01-28,El hombre del futuro.,Jesu,cristo,Jesucristo,Jesu-cristo,conservar,forma_con_guion_atestiguada,146878,19,"nte''. Todo ser humano tiene la oportunidad del Mensaje de Agua de vida eterna del Señor Jesu- cristo; el cual El coloca en Su Esposa, para que ella también le dé la oportunidad a todo ser"
62eaf021-e049-475c-995e-c6b31e1397ee,1990-01-28,El hombre del futuro.,mani,festación,manifestación,mani-festación,unir,forma_unida_atestiguada,9300,0,"es lo animal, lo terrenal, y después lo celestial. Cada uno de nosotros tenemos en esta mani- festación en un cuerpo terrenal, animal, la canti- dad de años que la persona tiene; pero pronto h"
62eaf021-e049-475c-995e-c6b31e1397ee,1990-01-28,El hombre del futuro.,canti,dad,cantidad,canti-dad,unir,forma_unida_atestiguada,886,0,"l. Cada uno de nosotros tenemos en esta mani- festación en un cuerpo terrenal, animal, la canti- dad de años que la persona tiene; pero pronto hemos de nacer en un cuerpo celestial; hemos d"
62eaf021-e049-475c-995e-c6b31e1397ee,1990-01-28,El hombre del futuro.,he,breo,hebreo,he-breo,conservar,forma_con_guion_atestiguada,34225,4,"s primero, y luego con esa bendición entonces hemos de trabajar en beneficio del pueblo he- breo. Ellos recibirán esa bendición, porque así está predestinado desde antes de la fundación"
62eaf021-e049-475c-995e-c6b31e1397ee,1990-01-28,El hombre del futuro.,progra,ma,programa,progra-ma,unir,forma_unida_atestiguada,20231,0,"parte de Dios si no trabajó en el programa de Dios. Así que Dios está llevando a cabo un progra- ma, comenzando con los primogénitos, con los escogidos; luego pasará también al resto de lo"
62eaf021-e049-475c-995e-c6b31e1397ee,1990-01-28,El hombre del futuro.,segun,do,segundo,segun-do,unir,forma_unida_atestiguada,4774,0,"mal (que es primero), a lo eterno, al cuerpo glorificado, al cuerpo celestial (que es lo segun- do), para continuar por toda la eternidad. Así que le damos gracias a Dios porque lo prime"
62eaf021-e049-475c-995e-c6b31e1397ee,1990-01-28,El hombre del futuro.,escu,chando,escuchando,escu-chando,unir,forma_unida_atestiguada,5556,0,"futuro. ¿Y dónde se encuentra el ser humano del futuro? Se encuentra aquí en el presente escu- chando y recibiendo el Mensaje de gran voz de trompeta, la Palabra creadora que creará el nuev"
de384949-c677-429e-b0cb-ade5fc3b5b63,1990-04-01,Fiesta en la casa de Dios. sencillo,dife,rentes,diferentes,dife-rentes,unir,forma_unida_atestiguada,12623,0,"así también en la Casa de Dios, que somos nosotros, los hijos de Dios, a través de las dife- rentes etapas por las cuales ha pasado el pueblo de Dios, ha estado llevándose a cabo en cada"
de384949-c677-429e-b0cb-ade5fc3b5b63,1990-04-01,Fiesta en la casa de Dios. sencillo,entendi,miento,entendimiento,entendi-miento,unir,forma_unida_atestiguada,2283,0,"fiesta que se está llevando a cabo en nuestro tiempo. Pues para que tengamos un claro entendi- miento de la fiesta divina que se está llevando a cabo en nuestro tiempo, quiero decirle a ust"
de384949-c677-429e-b0cb-ade5fc3b5b63,1990-04-01,Fiesta en la casa de Dios. sencillo,esta,mos,estamos,esta-mos,unir,forma_unida_atestiguada,25838,0,"l lugar que deben estar en el programa divino. Así que podemos ver el tiempo en que esta- mos. Estamos en el tiempo en que la gran voz de trompeta, la trompeta final, es la trompeta"
de384949-c677-429e-b0cb-ade5fc3b5b63,1990-04-01,Fiesta en la casa de Dios. sencillo,dife,rentes,diferentes,dife-rentes,unir,forma_unida_atestiguada,12623,0,"s que se cumplieron durante las etapas pasadas. Durante el año el pueblo hebreo tenía dife- rentes fiestas, pero cuando llegaba el año del jubileo, que era el año cincuenta, durante ese"
de384949-c677-429e-b0cb-ade5fc3b5b63,1990-04-01,Fiesta en la casa de Dios. sencillo,mis,mos,mismos,mis-mos,unir,forma_unida_atestiguada,2236,0,"io (es un misterio del Reino de Dios), para que no seáis arrogantes en cuanto a vosotros mis- mos: que ha acontecido a Israel endurecimiento en parte, hasta que haya entrado la plenitud"
de384949-c677-429e-b0cb-ade5fc3b5b63,1990-04-01,Fiesta en la casa de Dios. sencillo,afligiéndo,se,afligiéndose,afligiéndo-se,unir,forma_unida_atestiguada,50,0,"ación; y mirarán a mí, a quien traspasaron, y llorarán como se llora por hijo unigénito, afligiéndo- se por él como quien se aflige por el primogénito. En aquel día habrá gran llanto en Jeru"
de384949-c677-429e-b0cb-ade5fc3b5b63,1990-04-01,Fiesta en la casa de Dios. sencillo,sucesi,vamente,sucesivamente,sucesi-vamente,unir,forma_unida_atestiguada,77,0,"s por sí; los descendientes de la casa de Natán por sí, y sus mujeres por sí...'' (y así sucesi- vamente). Así que vemos que se estarán lamentando, se estarán afligiendo, como ocurría en el"
de384949-c677-429e-b0cb-ade5fc3b5b63,1990-04-01,Fiesta en la casa de Dios. sencillo,vues,tras,vuestras,vues-tras,unir,forma_unida_atestiguada,1731,0,"eneraciones en dondequiera que habitéis. Día de reposo será a vosotros, y afligiréis vues- tras almas, comenzando a los nueve días del mes en la tarde; de tarde a tarde guardaréis vues"
de384949-c677-429e-b0cb-ade5fc3b5b63,1990-04-01,Fiesta en la casa de Dios. sencillo,traspasa,ron,traspasaron,traspasa-ron,unir,forma_unida_atestiguada,121,0,"lipsis capítulo 1:7: ``He aquí que viene con las nubes, y todo ojo le verá, y los que le traspasa- ron; y todos los linajes de la tierra harán lamenta- ción por El. Sí, amén.'' Así que los"
de384949-c677-429e-b0cb-ade5fc3b5b63,1990-04-01,Fiesta en la casa de Dios. sencillo,lamenta,ción,lamentación,lamenta-ción,unir,forma_unida_atestiguada,53,0,"s, y todo ojo le verá, y los que le traspasa- ron; y todos los linajes de la tierra harán lamenta- ción por El. Sí, amén.'' Así que los que le traspasaron, el pueblo hebreo, verá todas esta"
de384949-c677-429e-b0cb-ade5fc3b5b63,1990-04-01,Fiesta en la casa de Dios. sencillo,noso,tros,nosotros,noso-tros,conservar,forma_con_guion_atestiguada,59292,2,ón del Primogénito que le fue echada a Manasés. Pero la bendición mayor la recibimos noso- tros. ¡Error! Marcador no definido.¿¡Error! Marcador no definido.Y quiere usted ver lo =====
de384949-c677-429e-b0cb-ade5fc3b5b63,1990-04-01,Fiesta en la casa de Dios. sencillo,aun,que,aunque,aun-que,unir,forma_unida_atestiguada,10773,0,"míos son; como Rubén y Simeón, serán míos.'' Vea usted que Jacob dijo: ``Son míos,'' aun- que habían nacido en tierra gentil y eran hijos de una mujer gentil; porque la esposa de Jos"
de384949-c677-429e-b0cb-ade5fc3b5b63,1990-04-01,Fiesta en la casa de Dios. sencillo,bendi,ción,bendición,bendi-ción,unir,union_legitima_certificada_piloto,26865,0,"plíquense en gran manera en medio de la tierra. Pero viendo José (ya estaba echada la bendi- ción) que su padre ponía la mano derecha sobre la cabeza de Efraín, le causó esto disgusto; y"
de384949-c677-429e-b0cb-ade5fc3b5b63,1990-04-01,Fiesta en la casa de Dios. sencillo,bende,cirá,bendecirá,bende-cirá,unir,forma_unida_atestiguada,150,0,"aquí establecidas para los hijos de Dios. ``Y los bendijo aquel día, diciendo: En ti bende- cirá Israel, diciendo: Hágate Dios como a Efraín y como a Manasés. Y puso a Efraín antes de M"
de384949-c677-429e-b0cb-ade5fc3b5b63,1990-04-01,Fiesta en la casa de Dios. sencillo,Mana,sés,Manasés,Mana-sés,unir,forma_unida_atestiguada,1114,0,"á Israel, diciendo: Hágate Dios como a Efraín y como a Manasés. Y puso a Efraín antes de Mana- sés.'' Ahora, vean ustedes la bendición tan grande que El nos da en este jubileo en la Ca"
de384949-c677-429e-b0cb-ade5fc3b5b63,1990-04-01,Fiesta en la casa de Dios. sencillo,Santísi,mo,Santísimo,Santísi-mo,unir,forma_unida_atestiguada,10063,0,maná escondido en el lugar santísimo; también esta Casa espiritual lo tiene en el Lugar Santísi- mo: la Edad de la Piedra angular. Y así tiene tambien la vara de Aarón que reverdeció: el =
a1d0d457-f401-4999-bff8-0bcc428038d9,1990-04-22,El Cordero de Dios sentado en el Trono del Padre. sencillo,Sacer,dote,Sacerdote,Sacer-dote,unir,forma_unida_atestiguada,11185,0,"En esta tarde quiero leer en Hebreos 9:11- 12: ``Pero estando ya presente Cristo, Sumo Sacer- dote de los bienes venideros, por el más amplio y más perfecto tabernáculo, no hecho de manos"
a1d0d457-f401-4999-bff8-0bcc428038d9,1990-04-22,El Cordero de Dios sentado en el Trono del Padre. sencillo,mani,festado,manifestado,mani-festado,unir,forma_unida_atestiguada,11465,0,"ERO DE DIOS SENTADO... 67 primero que yo. Y yo no le conocía; mas para que fuese mani- festado a Israel, por esto yo vine bautizando con agua. También dio Juan testimonio, diciendo"
a1d0d457-f401-4999-bff8-0bcc428038d9,1990-04-22,El Cordero de Dios sentado en el Trono del Padre. sencillo,princi,pio,principio,princi-pio,unir,forma_unida_atestiguada,4708,0,"nombres no estaban escritos en el Libro de la Vida del Cordero que fue inmolado desde el princi- pio del mundo.'' Ahora, podemos ver que hay personas escritas en ese Libro, y hay persona"
a1d0d457-f401-4999-bff8-0bcc428038d9,1990-04-22,El Cordero de Dios sentado en el Trono del Padre. sencillo,Jesu,cristo,Jesucristo,Jesu-cristo,conservar,forma_con_guion_atestiguada,146878,19,"nte de él, en amor habiéndonos predestinado para ser adoptados hijos suyos por medio de Jesu- cristo, según el puro afecto de su voluntad.'' Ahora, vea usted que nos escogió en El antes"
a1d0d457-f401-4999-bff8-0bcc428038d9,1990-04-22,El Cordero de Dios sentado en el Trono del Padre. sencillo,eterni,dad,eternidad,eterni-dad,unir,forma_unida_atestiguada,10973,0,"ba y se regocijaban todos los hijos de Dios?'' Ahora, los hijos de Dios vienen de la eterni- dad, vienen de la casa de nuestro Padre celestial. El Señor Jesucristo dijo en una ocasión:"
a1d0d457-f401-4999-bff8-0bcc428038d9,1990-04-22,El Cordero de Dios sentado en el Trono del Padre. sencillo,per,manecen,permanecen,per-manecen,unir,forma_unida_atestiguada,196,0,"abajando la radio y la televisión, a través de la cual pasa la voz y las imágenes, y ahí per- manecen latentes. Y para usted poder ver esas imágenes en esa cuarta dimensión, o escuchar esas"
a1d0d457-f401-4999-bff8-0bcc428038d9,1990-04-22,El Cordero de Dios sentado en el Trono del Padre. sencillo,escu,char,escuchar,escu-char,unir,forma_unida_atestiguada,6007,0,"imágenes en esa cuarta dimensión, o escuchar esas voces... Usted necesita un radio para escu- char las voces que son transmitidas a través de las emisoras; y para ver las imágenes que tr"
a1d0d457-f401-4999-bff8-0bcc428038d9,1990-04-22,El Cordero de Dios sentado en el Trono del Padre. sencillo,espe,rando,esperando,espe-rando,unir,forma_unida_atestiguada,9317,0,"Y luego salió del infierno, y pasó al seno de Abraham, al Paraíso, en donde le estaban espe- rando aquellas personas que habían llevado a cabo el sacrificio del Cordero de Dios en tipo y"
a1d0d457-f401-4999-bff8-0bcc428038d9,1990-04-22,El Cordero de Dios sentado en el Trono del Padre. sencillo,pre,sencia,presencia,pre-sencia,conservar,forma_con_guion_atestiguada,4438,1,"drían pasar a la presencia de Dios sin pecado. Porque nadie se puede presentar en la pre- sencia de Dios, frente al Trono de Dios, en el Trono de Dios, a menos que su pecado no haya si"
a1d0d457-f401-4999-bff8-0bcc428038d9,1990-04-22,El Cordero de Dios sentado en el Trono del Padre. sencillo,huma,nos,humanos,huma-nos,unir,forma_unida_atestiguada,9525,0,"que nosotros hacemos, como Dios ve lo que los seres humanos le ofrecen a El. Los seres huma- nos pueden ver muy bonitas las cosas que le ofrecen a Dios acá o allá, o en algún otro lugar"
a1d0d457-f401-4999-bff8-0bcc428038d9,1990-04-22,El Cordero de Dios sentado en el Trono del Padre. sencillo,conoci,miento,conocimiento,conoci-miento,unir,forma_unida_atestiguada,4750,0,"6] ===== WILLIAM SOTO SANTIAGO 67 dimensión. Y el apóstol San Pablo, teniendo un conoci- miento claro de ese Programa divino, él dijo lo que aconteció cuando el Señor ascendió al cielo"
a1d0d457-f401-4999-bff8-0bcc428038d9,1990-04-22,El Cordero de Dios sentado en el Trono del Padre. sencillo,cons,truyendo,construyendo,cons-truyendo,unir,forma_unida_atestiguada,1278,0,. Moisés pudo ver el templo que está en el cielo; y en este templo que Moisés estaría cons- truyendo estaba reflejado el templo que está en el cielo. Por esa causa este templo tendría Atrio
a1d0d457-f401-4999-bff8-0bcc428038d9,1990-04-22,El Cordero de Dios sentado en el Trono del Padre. sencillo,oca,sión,ocasión,oca-sión,unir,forma_unida_atestiguada,16192,0,"Pero también para hoy en día está anunciado el juicio de Dios. De eso hablaremos en otra oca- sión y veremos por qué está anunciado el juicio de Dios, y por qué tiene que caer el juicio d"
a1d0d457-f401-4999-bff8-0bcc428038d9,1990-04-22,El Cordero de Dios sentado en el Trono del Padre. sencillo,vere,mos,veremos,vere-mos,unir,forma_unida_atestiguada,3071,0,"rificio en el Trono de Intercesión en el cielo. Y eso lo estudiaremos más adelante, y vere- mos cuándo es quitado ese sacrificio, ese Cordero de Dios del Trono que está en el cielo. Y"
a1d0d457-f401-4999-bff8-0bcc428038d9,1990-04-22,El Cordero de Dios sentado en el Trono del Padre. sencillo,comprendie,ron,comprendieron,comprendie-ron,unir,forma_unida_atestiguada,451,0,"misma forma en que estaban las cosas, pero no fue así. En el tiempo de Jesús tampoco comprendie- ron que hubo un cambio de dispensación. El sumo pontífice estaba muy tranquilo predican"
a1d0d457-f401-4999-bff8-0bcc428038d9,1990-04-22,El Cordero de Dios sentado en el Trono del Padre. sencillo,primi,cias,primicias,primi-cias,unir,forma_unida_atestiguada,1103,0,guen al Cordero por dondequiera que va. Estos fueron redimidos de entre los hombres como primi- cias para Dios y para el Cordero; y en sus bocas no fue hallada mentira; pues son sin mancha
8e10f9a5-5909-49fd-8938-3860f3d9baf3,1990-04-15,La Trayectoria del Cordero de Dios Jesus Resucitado. sencillo,respondien,do,respondiendo,respondien-do,unir,forma_unida_atestiguada,1246,0,"eve. Y de miedo de él los guardas temblaron y se quedaron como muertos. Mas el Angel, respondien- do, dijo a las mujeres: No temáis vosotras; porque yo sé que buscáis a Jesús, el que fue cr"
8e10f9a5-5909-49fd-8938-3860f3d9baf3,1990-04-15,La Trayectoria del Cordero de Dios Jesus Resucitado. sencillo,Bau,tista,Bautista,Bau-tista,unir,forma_unida_atestiguada,8053,0,"al Mesías, al Cordero de Dios, en la Tierra. Cuando se hizo presente Jesús, Juan el Bau- tista comenzó a menguar, hasta que a lo último lo mataron. Y Juan el Bautista pasó al Paraíso"
8e10f9a5-5909-49fd-8938-3860f3d9baf3,1990-04-15,La Trayectoria del Cordero de Dios Jesus Resucitado. sencillo,sacrifi,cio,sacrificio,sacrifi-cio,unir,forma_unida_atestiguada,13689,0,"enía que morir para quitar el pecado del mundo. Juan tenía un conocimiento claro del sacrifi- cio del Cordero para quitar el pecado. Por eso pudo decir: ``He aquí el Cordero de Dios, que"
8e10f9a5-5909-49fd-8938-3860f3d9baf3,1990-04-15,La Trayectoria del Cordero de Dios Jesus Resucitado. sencillo,ade,lante,adelante,ade-lante,unir,forma_unida_atestiguada,27581,0,"n. Ahora, vean ustedes aquí en el Evangelio Según San Mateo, capítulo 27, verso 52 en ade- lante: ``Y se abrieron los sepulcros, y muchos cuerpos de santos que habían dormido, se levant"
8e10f9a5-5909-49fd-8938-3860f3d9baf3,1990-04-15,La Trayectoria del Cordero de Dios Jesus Resucitado. sencillo,levanta,ron,levantaron,levanta-ron,unir,forma_unida_atestiguada,568,0,"lante: ``Y se abrieron los sepulcros, y muchos cuerpos de santos que habían dormido, se levanta- ron; y saliendo de los sepulcros, después de la resurrección de él (después de la resurrecci"
8e10f9a5-5909-49fd-8938-3860f3d9baf3,1990-04-15,La Trayectoria del Cordero de Dios Jesus Resucitado. sencillo,mu,chas,muchas,mu-chas,unir,forma_unida_atestiguada,10465,0,"' Ahora, vea usted que luego que ocurre la Resurrección, aparecen estos resucitados a mu- chas personas. El Señor Jesucristo le apareció a Sus discípulos, a María Magdalena y a la"
8e10f9a5-5909-49fd-8938-3860f3d9baf3,1990-04-15,La Trayectoria del Cordero de Dios Jesus Resucitado. sencillo,Escri,turas,Escrituras,Escri-turas,unir,forma_unida_atestiguada,3777,0,"comenzando desde Moisés, y siguiendo por todos los profetas, les declaraba en todas las Escri- turas lo que de él decían.'' (Lucas 24:24-27). Ahora, vean ustedes, que el Señor Jesuc"
8e10f9a5-5909-49fd-8938-3860f3d9baf3,1990-04-15,La Trayectoria del Cordero de Dios Jesus Resucitado. sencillo,Jesu,cristo,Jesucristo,Jesu-cristo,conservar,forma_con_guion_atestiguada,146878,19,"osas que tenían que ser cumplidas en ese tiempo. Encontramos que la estadía del Señor Jesu- cristo aquí en la Tierra por cuarenta días, luego de resucitado, tuvo un propósito. El Señor Je"
8e10f9a5-5909-49fd-8938-3860f3d9baf3,1990-04-15,La Trayectoria del Cordero de Dios Jesus Resucitado. sencillo,Jesu,cristo,Jesucristo,Jesu-cristo,conservar,forma_con_guion_atestiguada,146878,19,"to aquí en la Tierra por cuarenta días, luego de resucitado, tuvo un propósito. El Señor Jesu- cristo con Su resurrección aparece en la Tierra victorioso. ===== [PAGINA 12 de 28] ===== WILLI"
8e10f9a5-5909-49fd-8938-3860f3d9baf3,1990-04-15,La Trayectoria del Cordero de Dios Jesus Resucitado. sencillo,esta,ban,estaban,esta-ban,conservar,forma_con_guion_atestiguada,16733,1,"ios. Así que vean ustedes, estas personas que habían muerto en el Antiguo Testamento, esta- ban en un lugar llamado ``el Paraíso'', el cual estaba en una área desde donde podían ver =="
8e10f9a5-5909-49fd-8938-3860f3d9baf3,1990-04-15,La Trayectoria del Cordero de Dios Jesus Resucitado. sencillo,Resurrec,ción,Resurrección,Resurrec-ción,unir,forma_unida_atestiguada,14442,0,"tiene su nombre escrito en el Libro de la Vida del Cordero, tiene derecho a la primera Resurrec- ción, la cual se llevará a cabo pronto en este tiempo final, en el Domingo de Resurrección,"
8e10f9a5-5909-49fd-8938-3860f3d9baf3,1990-04-15,La Trayectoria del Cordero de Dios Jesus Resucitado. sencillo,Jesu,cristo,Jesucristo,Jesu-cristo,conservar,forma_con_guion_atestiguada,146878,19,"n en este tiempo final, y estarán con nosotros, comerán con nosotros; así como el Señor Jesu- cristo comió con Sus discípulos después de resucitado. Y el Señor les mostró a ellos que había"
8e10f9a5-5909-49fd-8938-3860f3d9baf3,1990-04-15,La Trayectoria del Cordero de Dios Jesus Resucitado. sencillo,noso,tros,nosotros,noso-tros,conservar,forma_con_guion_atestiguada,59292,2,"victorioso, resucitado, para que las bendiciones de Abraham puedan pasar a cada uno de noso- tros; porque las bendiciones de Abraham pasan a su simiente. Y nosotros siendo simiente de A"
8e10f9a5-5909-49fd-8938-3860f3d9baf3,1990-04-15,La Trayectoria del Cordero de Dios Jesus Resucitado. sencillo,Melquise,dec,Melquisedec,Melquise-dec,unir,forma_unida_atestiguada,5355,0,"vo por creación divina un cuerpo físico, creado en el vientre de María, entonces el Rey Melquise- dec, Su cuerpo teofánico, vivió en un cuerpo de carne, y le conocimos por el nombre de Jesús"
8e10f9a5-5909-49fd-8938-3860f3d9baf3,1990-04-15,La Trayectoria del Cordero de Dios Jesus Resucitado. sencillo,Jesu,cristo,Jesucristo,Jesu-cristo,conservar,forma_con_guion_atestiguada,146878,19,"del Antiguo Testamento que resucitaron con El. Luego veremos a dónde llega el Señor Jesu- cristo cuando sube al cielo; veremos también más adelante, en otras conferencias, lo que El ha"
a38ace23-7d33-464f-b130-7d2efec11e3a,1991-02-17,La gloria de Dios en el Continente Americano.,propi,ciatorio,propiciatorio,propi-ciatorio,unir,forma_unida_atestiguada,2909,0,"rás también dos querubines de oro; labrados a martillo los harás en los dos extremos del propi- ciatorio. Harás, pues, un querubín en un extremo, y un querubín en el otro extremo; de una pie"
a38ace23-7d33-464f-b130-7d2efec11e3a,1991-02-17,La gloria de Dios en el Continente Americano.,extre,mos,extremos,extre-mos,unir,forma_unida_atestiguada,83,0,ín en el otro extremo; de una pieza con el propiciatorio harás los querubines en sus dos extre- mos. Y los querubines extenderán por encima las ===== [PAGINA 3 de 30] ===== LA GLORIA DE
a38ace23-7d33-464f-b130-7d2efec11e3a,1991-02-17,La gloria de Dios en el Continente Americano.,propi,ciatorio,propiciatorio,propi-ciatorio,unir,forma_unida_atestiguada,2909,0,"briendo con sus alas el propiciatorio; sus rostros el uno en frente del otro, mirando al propi- ciatorio los rostros de los querubines. Y pondrás el propiciatorio encima del arca, y en el ar"
a38ace23-7d33-464f-b130-7d2efec11e3a,1991-02-17,La gloria de Dios en el Continente Americano.,conti,nuaba,continuaba,conti-nuaba,unir,forma_unida_atestiguada,183,0,"o. Y estando ese cuerpo humano allá en la Tierra de Israel, la gloria de Dios todavía conti- nuaba en la tierra de Israel. Ahora, al ser rechazado el Señor Jesucristo, fue rechazada la"
a38ace23-7d33-464f-b130-7d2efec11e3a,1991-02-17,La gloria de Dios en el Continente Americano.,construc,ción,construcción,construc-ción,unir,forma_unida_atestiguada,2310,0,"s. Ahora, hemos visto que luego de llevarse a cabo la obra del Señor Jesucristo en la construc- ción de su nuevo templo, desde Asia Menor hasta Norteamérica, pasando por Europa, encontramo"
a38ace23-7d33-464f-b130-7d2efec11e3a,1991-02-17,La gloria de Dios en el Continente Americano.,Hom,bre,Hombre,Hom-bre,conservar,forma_con_guion_atestiguada,51081,17,"l arca del pacto, en medio de los dos querubines. Y en la Segunda Venida del Hijo del Hom- bre, en la gloria de Su padre, ¡Error! Marcador no definido.¿¡Error! Marcador no definid"
a38ace23-7d33-464f-b130-7d2efec11e3a,1991-02-17,La gloria de Dios en el Continente Americano.,Mala,quías,Malaquías,Mala-quías,unir,forma_unida_atestiguada,2401,0,"ítulo 59:20, y en Romanos capítulo 11:26: ``Y vendrá el Redentor a Sión.'' Y a través de Mala- quías capítulo 3, dijo: ``Y vendrá a su templo el Señor; el Angel del pacto, a quien vosotros"
a38ace23-7d33-464f-b130-7d2efec11e3a,1991-02-17,La gloria de Dios en el Continente Americano.,Trans,figuración,Transfiguración,Trans-figuración,unir,forma_unida_atestiguada,1730,0,"mo la gloria del Unigénito del Padre, lleno de gracia y de virtud.'' Y en el monte de la Trans- figuración también fue vista Su gloria, como dice el apóstol San Pedro en una de sus Cartas: ``All"
a38ace23-7d33-464f-b130-7d2efec11e3a,1991-02-17,La gloria de Dios en el Continente Americano.,encuen,tran,encuentran,encuen-tran,unir,forma_unida_atestiguada,1417,0,"'' Pero hoy en día van a Europa a buscar la gloria de Dios allí manifestada, y no la encuen- tran. Y le preguntamos a ellos: ``¡Error! Marcador no definido.¿¡Error! Marcador no definido"
a38ace23-7d33-464f-b130-7d2efec11e3a,1991-02-17,La gloria de Dios en el Continente Americano.,noso,tros,nosotros,noso-tros,conservar,forma_con_guion_atestiguada,59292,2,", porque comparten lo que reciben de parte de Dios; pero primero lo tenemos que recibir noso- tros, para poderlo compartir. ===== [PAGINA 26 de 30] ===== WILLIAM SOTO SANTIAGO 1 ``"
a38ace23-7d33-464f-b130-7d2efec11e3a,1991-02-17,La gloria de Dios en el Continente Americano.,conti,nente,continente,conti-nente,unir,forma_unida_atestiguada,1480,0,"Así que tenemos la gloria de Dios, la gloria del Señor Jesucristo, en Latinoamérica, el conti- nente latinoamericano. (Y recuerden que cuando yo digo: el continente latinoamericano, ah"
a38ace23-7d33-464f-b130-7d2efec11e3a,1991-02-17,La gloria de Dios en el Continente Americano.,Latinoamé,rica,Latinoamérica,Latinoamé-rica,unir,forma_unida_atestiguada,163,0,"o, ahí está incluido Puerto Rico y todo el Caribe.) La gloria del Señor Jesucristo en Latinoamé- rica, en el continente latinoamericano: La gloria de Dios en el continente latinoamericano; l"
a38ace23-7d33-464f-b130-7d2efec11e3a,1991-02-17,La gloria de Dios en el Continente Americano.,latino,americano,latinoamericano,latino-americano,conservar,forma_con_guion_atestiguada,516,1,"1 No sabíamos nosotros que Dios tenía una bendición tan grande para el continente latino- americano; pero las cuerdas nos han caído en lugares deleitosos, en el programa divino, y grande"
a38ace23-7d33-464f-b130-7d2efec11e3a,1991-02-17,La gloria de Dios en el Continente Americano.,latino,americano,latinoamericano,latino-americano,conservar,forma_con_guion_atestiguada,516,1,"ión tan grande que tiene, y darle a conocer que la gloria de Dios está en el continente latino- americano. Así que el continente latinoamericano verá la gloria de Dios. Y esperamos que Dios t"
a38ace23-7d33-464f-b130-7d2efec11e3a,1991-02-17,La gloria de Dios en el Continente Americano.,uste,des,ustedes,uste-des,unir,forma_unida_atestiguada,58433,0,"az, para concluir nuestra parte en esta ocasión. Así que Dios bendiga a cada uno de uste- des aquí en Cartagena y a todos en los diferentes lugares de Colombia; y a todos allá en Ca"
94f49b69-5fd3-4fa0-9c82-d981ef6fe929,1989-10-29,El Mensaje de bendicion.,Ma,teo,Mateo,Ma-teo,unir,forma_unida_atestiguada,8928,0,"r con ustedes en esta ocasión, aquí en Puerto Rico. Quiero leer en el Evangelio Según San Ma- teo, capítulo 24, verso 31: ``Y enviará sus ángeles con gran voz de trompeta, y juntarán a s"
94f49b69-5fd3-4fa0-9c82-d981ef6fe929,1989-10-29,El Mensaje de bendicion.,bendi,ción,bendición,bendi-ción,unir,union_legitima_certificada_piloto,26865,0,"e Dios para todos los seres humanos. El Mensaje de gran voz de trompeta es el Mensaje de bendi- ción para todos los hijos de Dios. ===== [PAGINA 2 de 20] ===== WILLIAM SOTO SANTIAGO Ahora, v"
94f49b69-5fd3-4fa0-9c82-d981ef6fe929,1989-10-29,El Mensaje de bendicion.,queda,rá,quedará,queda-rá,unir,forma_unida_atestiguada,461,0,"el Mensaje de gran voz de trompeta, el Mensaje de la trompeta final, que no solamente se queda- rá aquí en la Tierra entre los seres humanos que están viviendo, sino que también pasará al"
94f49b69-5fd3-4fa0-9c82-d981ef6fe929,1989-10-29,El Mensaje de bendicion.,sinnú,mero,sinnúmero,sinnú-mero,unir,forma_unida_atestiguada,884,0,"ba lo que había perdido, conforme a esa ley divina. Y los hijos de Dios hemos perdido un sinnú- mero de bendiciones, las cuales son restauradas en el tiempo final, cuando suena la trompeta"
94f49b69-5fd3-4fa0-9c82-d981ef6fe929,1989-10-29,El Mensaje de bendicion.,bendi,ción,bendición,bendi-ción,unir,union_legitima_certificada_piloto,26865,0,"Dios, son llamados y juntados. Y luego a través de ese Mensaje de bendición escuchan la bendi- ción del Primogénito, así como la escucharon en los tiempos pasados aquellos hijos de Dios que"
94f49b69-5fd3-4fa0-9c82-d981ef6fe929,1989-10-29,El Mensaje de bendicion.,primogéni,to,primogénito,primogéni-to,unir,forma_unida_atestiguada,4297,0,"sados llamaban a sus hijos, pero primero llamaban aquel a quien darían la bendición del primogéni- to, y hablaban esa bendición para esa persona, y hablaban cosas que esa persona tendría y r"
94f49b69-5fd3-4fa0-9c82-d981ef6fe929,1989-10-29,El Mensaje de bendicion.,recibi,ría,recibiría,recibi-ría,unir,forma_unida_atestiguada,300,0,"o, y hablaban esa bendición para esa persona, y hablaban cosas que esa persona tendría y recibi- ría en el futuro. Y después se materializaba todo eso para esa persona. Y después que la per"
94f49b69-5fd3-4fa0-9c82-d981ef6fe929,1989-10-29,El Mensaje de bendicion.,hom,bres,hombres,hom-bres,conservar,forma_con_guion_atestiguada,7560,3,"l Programa de Dios, el Padre celestial y Su familia estableció ciertas reglas para estos hom- bres de Dios, estos profetas como Abraham, Isaac, Jacob y su descendencia. Dios estableció e"
94f49b69-5fd3-4fa0-9c82-d981ef6fe929,1989-10-29,El Mensaje de bendicion.,transforma,ción,transformación,transforma-ción,unir,forma_unida_atestiguada,10337,0,"tiempo, de entre los gentiles, la Resurrección de los que partieron en el pasado, y la transforma- ción de sus cuerpos para los que están vivos. Pero después de los escogidos recibir el Mensaj"
94f49b69-5fd3-4fa0-9c82-d981ef6fe929,1989-10-29,El Mensaje de bendicion.,junta,dos,juntados,junta-dos,unir,forma_unida_atestiguada,2210,0,"sonando, llamando y juntando a todos los escogidos. En este tiempo los escogidos han sido junta- dos para recibir la bendición del Primogénito, para escuchar así esa bendición siendo hablad"
94f49b69-5fd3-4fa0-9c82-d981ef6fe929,1989-10-29,El Mensaje de bendicion.,bendi,ción,bendición,bendi-ción,unir,union_legitima_certificada_piloto,26865,0,"la Tierra y para los que están también en el cielo. Así que podemos decir: ``Yo tengo la bendi- ción de Dios porque tengo el Mensaje de bendición, el Mensaje de gran voz de trompeta ===== ["
94f49b69-5fd3-4fa0-9c82-d981ef6fe929,1989-10-29,El Mensaje de bendicion.,dán,dole,dándole,dán-dole,unir,forma_unida_atestiguada,1915,0,"amente significar las palabras de un hombre, las palabras de aquel anciano y ciego Isaac dán- dole la bendición a un hijo, pero para Jacob significaba más que eso. Para Jacob significaba"
94f49b69-5fd3-4fa0-9c82-d981ef6fe929,1989-10-29,El Mensaje de bendicion.,bendi,ción,bendición,bendi-ción,unir,union_legitima_certificada_piloto,26865,0,"bendición para cada hijo de Dios, para que así cada hijo de Dios reciba ese Mensaje de bendi- ción en su alma, en su corazón; y de esa manera se materialice cada bendición de Dios prometi"
94f49b69-5fd3-4fa0-9c82-d981ef6fe929,1989-10-29,El Mensaje de bendicion.,bendi,ciones,bendiciones,bendi-ciones,unir,forma_unida_atestiguada,14283,0,"en donde los hijos de Dios están recibiendo el Mensaje de bendición, en donde todas las bendi- ciones del Primogénito están siendo habladas a ===== [PAGINA 18 de 20] ===== WILLIAM SOTO SANTIA"
9ab03fbd-a655-4221-8870-29dbb94e241c,1990-04-08,Reconociendo el tiempo de la Visitacion Divina. sencillo,gozándo,se,gozándose,gozándo-se,unir,forma_unida_atestiguada,37,0,"llegaba cerca de la bajada del monte de los Olivos, toda la multitud de los discípulos, gozándo- se, comenzó a alabar a Dios a grandes voces por todas las maravillas que habían visto, dici"
9ab03fbd-a655-4221-8870-29dbb94e241c,1990-04-08,Reconociendo el tiempo de la Visitacion Divina. sencillo,profe,cías,profecías,profe-cías,unir,forma_unida_atestiguada,3541,0,"son para una bendición grande, para la persona cuando se le cumplen; pero hay también profe- cías que son de juicio, de maldición. Y aquí podemos ver que esta profecía, cuando se le cum"
9ab03fbd-a655-4221-8870-29dbb94e241c,1990-04-08,Reconociendo el tiempo de la Visitacion Divina. sencillo,visita,ción,visitación,visita-ción,unir,forma_unida_atestiguada,1013,0,"comprendían'', fue una maldición para ellos. Lo que estaba pasando en cuanto a la visita- ción divina, la primera venida del Señor, para ellos fue una maldición; por cuanto ellos (los"
9ab03fbd-a655-4221-8870-29dbb94e241c,1990-04-08,Reconociendo el tiempo de la Visitacion Divina. sencillo,perso,nas,personas,perso-nas,unir,forma_unida_atestiguada,36227,0,"Juan dijo: ``He aquí el Cordero de Dios, que quita el pecado del mundo.'' Pero algunas perso- nas no comprendían que para quitar el pecado del mundo, tenía que morir, derramar Su Sangre"
9ab03fbd-a655-4221-8870-29dbb94e241c,1990-04-08,Reconociendo el tiempo de la Visitacion Divina. sencillo,recla,mo,reclamo,recla-mo,unir,forma_unida_atestiguada,3514,0,"El viene para llevar a cabo la obra de León de la tribu de Judá, para llevar a cabo el ``recla- mo''; y en Su programa El se manifiesta en Su ===== [PAGINA 17 de 28] ===== RECONOCIENDO EL"
9ab03fbd-a655-4221-8870-29dbb94e241c,1990-04-08,Reconociendo el tiempo de la Visitacion Divina. sencillo,Em,manuel,Emmanuel,Em-manuel,unir,forma_unida_atestiguada,350,0,"a sobre la Tierra, El vendrá sobre un caballo blanco como la nieve, y será completamente Em- manuel, la Palabra encarnada en un hombre.'' Eso será la visitación divina en el cumpl"
9ab03fbd-a655-4221-8870-29dbb94e241c,1990-04-08,Reconociendo el tiempo de la Visitacion Divina. sencillo,cierta,mente,ciertamente,cierta-mente,unir,forma_unida_atestiguada,1129,0,"s Corintios, capítulo 15, verso 51 en adelante: ``He aquí, os digo un misterio: Todos cierta- mente no dormiremos; mas todos seremos trans- formados, en un abrir y cerrar de ojos, a la fina"
9ab03fbd-a655-4221-8870-29dbb94e241c,1990-04-08,Reconociendo el tiempo de la Visitacion Divina. sencillo,trans,formados,transformados,trans-formados,conservar,forma_con_guion_atestiguada,12172,2,": ``He aquí, os digo un misterio: Todos cierta- mente no dormiremos; mas todos seremos trans- formados, en un abrir y cerrar de ojos, a la final trompeta; porque se tocará la trompeta, y los"
9ab03fbd-a655-4221-8870-29dbb94e241c,1990-04-08,Reconociendo el tiempo de la Visitacion Divina. sencillo,muer,tos,muertos,muer-tos,unir,forma_unida_atestiguada,13990,0,", en un abrir y cerrar de ojos, a la final trompeta; porque se tocará la trompeta, y los muer- tos resucitarán primero, y luego nosotros los que vivimos seremos transformados.'' Esta e"
9ab03fbd-a655-4221-8870-29dbb94e241c,1990-04-08,Reconociendo el tiempo de la Visitacion Divina. sencillo,Ange,les,Angeles,Ange-les,unir,forma_unida_atestiguada,3137,0,"SANTIAGO 1 definido.¿¡Error! Marcador no definido.Quién? El Hijo del Hombre) Sus Ange- les con gran voz de trompeta, y juntarán a todos los escogidos.'' Así que podemos ver que"
9ab03fbd-a655-4221-8870-29dbb94e241c,1990-04-08,Reconociendo el tiempo de la Visitacion Divina. sencillo,visita,ción,visitación,visita-ción,unir,forma_unida_atestiguada,1013,0,ste tiempo tan glorioso de la visitación divina. Este fue el tiempo anunciado para la visita- ción divina. Y ninguna persona podrá ver la visitación divina a menos que no viva el tiempo
9ab03fbd-a655-4221-8870-29dbb94e241c,1990-04-08,Reconociendo el tiempo de la Visitacion Divina. sencillo,bendi,ción,bendición,bendi-ción,unir,union_legitima_certificada_piloto,26865,0,"...'' Y también coloca delante de nosotros la maldición, la muerte: ``Escoge la vida, la bendi- ción, para que vivas.'' Y cada uno de nosotros podemos decirle al Señor: ``Nosotros hemos"
9ab03fbd-a655-4221-8870-29dbb94e241c,1990-04-08,Reconociendo el tiempo de la Visitacion Divina. sencillo,reco,nocemos,reconocemos,reco-nocemos,unir,forma_unida_atestiguada,160,0,"n celestial, de la cual nosotros somos parte. Así que somos la Jerusalén celestial. Y reco- nocemos la entrada triunfal del Señor Jesucristo en el cumplimiento de Su Venida, en este tiemp"
9ab03fbd-a655-4221-8870-29dbb94e241c,1990-04-08,Reconociendo el tiempo de la Visitacion Divina. sencillo,ale,gres,alegres,ale-gres,unir,forma_unida_atestiguada,130,0,". Así que la Jerusalén celestial, que somos nosotros, estamos regocijándonos, estamos ale- gres, felices y contentos con la visitación divina, en este día de la visitación divina. Esta"
aac7e58b-e250-48a4-8c71-abe83cb2b40a,1992-11-29,Viendo lo que los Profetas desearon Ver.,Me,sías,Mesías,Me-sías,unir,forma_unida_atestiguada,19537,0,"y los justos? Ellos habían visto en sus sueños y visiones la Primera y Segunda Venida del Me- sías, y todos desearon ver la Venida del Mesías, todos desearon ver a Dios manifestado en carn"
aac7e58b-e250-48a4-8c71-abe83cb2b40a,1992-11-29,Viendo lo que los Profetas desearon Ver.,reden,ción,redención,reden-ción,conservar,forma_con_guion_atestiguada,12007,1,"físico, a Su cuerpo humano, para morar en ese lugar, en ese templo, y realizar la obra de reden- ción por Su Sangre preciosa, de la cual la Escritura daba testimonio a través de aquellos sacr"
aac7e58b-e250-48a4-8c71-abe83cb2b40a,1992-11-29,Viendo lo que los Profetas desearon Ver.,reali,zado,realizado,reali-zado,unir,forma_unida_atestiguada,720,0,"tura daba testimonio a través de aquellos sacrificios que desde el Huerto del Edén se han reali- zado, esos sacrificios de animalitos, de corderos, de becerros, de machos cabríos; todos estos"
aac7e58b-e250-48a4-8c71-abe83cb2b40a,1992-11-29,Viendo lo que los Profetas desearon Ver.,testimo,nio,testimonio,testimo-nio,unir,forma_unida_atestiguada,16255,0,"eros, de becerros, de machos cabríos; todos estos sacrificios por el pecado estaban dando testimo- nio de que algún día vendría el Cordero de Dios y quitaría el pecado del mundo, pues aquellos"
aac7e58b-e250-48a4-8c71-abe83cb2b40a,1992-11-29,Viendo lo que los Profetas desearon Ver.,anun,ciado,anunciado,anun-ciado,unir,forma_unida_atestiguada,843,0,"teciendo en los días de Jesús de Nazaret no era otra cosa sino lo que los profetas habían anun- ciado, lo cual ellos habían recibido de parte de Dios a través de sus sueños, de sus visiones,"
aac7e58b-e250-48a4-8c71-abe83cb2b40a,1992-11-29,Viendo lo que los Profetas desearon Ver.,minis,trar,ministrar,minis-trar,unir,forma_unida_atestiguada,596,0,"desde antes de la fundación del mundo; porque un profeta tiene el espíritu teofánico para minis- trar esa Palabra que corresponde a ese tiempo, y él a través de ese espíritu teofánico es que"
aac7e58b-e250-48a4-8c71-abe83cb2b40a,1992-11-29,Viendo lo que los Profetas desearon Ver.,pre,guntó,preguntó,pre-guntó,unir,forma_unida_atestiguada,974,0,"e estaba aconteciendo, pero lo estaban viendo; y ellos creían. Ellos decían, cuando Jesús pre- guntó: ``¿quién dicen los hombres que es el Hijo del Hombre?'' Ellos dijeron: ``unos dicen que"
aac7e58b-e250-48a4-8c71-abe83cb2b40a,1992-11-29,Viendo lo que los Profetas desearon Ver.,humani,dad,humanidad,humani-dad,unir,forma_unida_atestiguada,3768,0,"echada en el mar (y el mar, las aguas, hablan de naciones, pueblos y lenguas, habla de la humani- dad, la gente), encontramos que El dice que una vez llena la sacan a la orilla, y sentados re"
aac7e58b-e250-48a4-8c71-abe83cb2b40a,1992-11-29,Viendo lo que los Profetas desearon Ver.,biena,venturados,bienaventurados,biena-venturados,unir,forma_unida_atestiguada,1508,0,dos todos los que podrán ver el cumplimiento de estas promesas en el fin del siglo; serán biena- venturados los que verán y escucharán lo que los profetas desearon ver y escuchar; porque estarán vi
aac7e58b-e250-48a4-8c71-abe83cb2b40a,1992-11-29,Viendo lo que los Profetas desearon Ver.,miste,rio,misterio,miste-rio,unir,forma_unida_atestiguada,22293,0,"ado al pueblo en parábolas y visiones, que son símbolos bíblicos, los cuales contienen el miste- rio de la Segunda Venida de Jesucristo como León de la tribu de Judá, como Rey de reyes y Señ"
aac7e58b-e250-48a4-8c71-abe83cb2b40a,1992-11-29,Viendo lo que los Profetas desearon Ver.,revelán,dose,revelándose,revelán-dose,unir,forma_unida_atestiguada,833,0,"se en un velo sencillo, humilde, y luego revelándose a través de ese mismo velo de carne, revelán- dose en grandeza; aunque la gente no vio la grandeza que estaba siendo revelada, porque todo s"
aac7e58b-e250-48a4-8c71-abe83cb2b40a,1992-11-29,Viendo lo que los Profetas desearon Ver.,Dispensa,ción,Dispensación,Dispensa-ción,unir,forma_unida_atestiguada,28784,0,"s es dado conocer los misterios del Reino de Dios, los misterios correspondientes para la Dispensa- ción del Reino, los misterios de la Segunda Venida de Cristo como León de la tribu de Judá, co"
aac7e58b-e250-48a4-8c71-abe83cb2b40a,1992-11-29,Viendo lo que los Profetas desearon Ver.,impre,sa,impresa,impre-sa,unir,forma_unida_atestiguada,124,0,"personas, pero en forma milagrosa, porque Dios, luego que está la Palabra hablada, y está impre- sa, y está colocada en video o en cintas magnetofónicas, El obra para que llegue a todas las"
aac7e58b-e250-48a4-8c71-abe83cb2b40a,1992-11-29,Viendo lo que los Profetas desearon Ver.,entende,rían,entenderían,entende-rían,unir,forma_unida_atestiguada,86,0,"por esa causa somos los escogidos de Dios; porque los entendidos, que son los escogidos, entende- rían, y serían recogidos en el fin del siglo. Por esa causa reconocemos que somos los hijos de"
c201bdef-b710-4260-8ec2-0302cf100cab,1993-05-30,El exodo hacia el Reino Milenial.,oportuni,dad,oportunidad,oportuni-dad,unir,forma_unida_atestiguada,5352,0,"migos presentes; es para mí un privilegio estar con ustedes en esta tarde, y así tener la oportuni- dad de compartir la Palabra, el Mensaje, que Dios nos está dando en nuestra edad y nuestra di"
c201bdef-b710-4260-8ec2-0302cf100cab,1993-05-30,El exodo hacia el Reino Milenial.,tran,quila,tranquila,tran-quila,unir,forma_unida_atestiguada,48,0,"Madián; no tenía las preocupaciones del palacio del Faraón, estaba viviendo una vida muy tran- quila, con una esposa que lo amaba, unos hijos que lo amaban, dos hijos que Dios le había dado"
c201bdef-b710-4260-8ec2-0302cf100cab,1993-05-30,El exodo hacia el Reino Milenial.,escla,vizado,esclavizado,escla-vizado,unir,forma_unida_atestiguada,201,0,"como pastor de ovejas, Dios se la iba a quitar a causa de que Su pueblo en Egipto estaba escla- vizado. Y Moisés estaba muy tranquilo, viviendo una vida de paz, de alegría y como pastor de ove"
c201bdef-b710-4260-8ec2-0302cf100cab,1993-05-30,El exodo hacia el Reino Milenial.,presenta,dos,presentados,presenta-dos,unir,forma_unida_atestiguada,118,0,"r de ovejas; pero con todo y eso, cuando Jacob y sus hermanos llegaron a Egipto, y fueron presenta- dos al Faraón, Jacob dijo: “Tus siervos somos pastores de ovejas.” Así que su padre subsanó e"
c201bdef-b710-4260-8ec2-0302cf100cab,1993-05-30,El exodo hacia el Reino Milenial.,importan,cia,importancia,importan-cia,unir,forma_unida_atestiguada,852,0,"omos pastores de ovejas.” Así que su padre subsanó el error de José. Así que eso ni tiene importan- cia porque más cosas hemos dicho nosotros, y Dios nos ha perdonado también. Abraham también"
c201bdef-b710-4260-8ec2-0302cf100cab,1993-05-30,El exodo hacia el Reino Milenial.,aun,que,aunque,aun-que,unir,forma_unida_atestiguada,10773,0,"r humano a juicio, y cuando llega ese tiempo, el tiempo para esa generación ha terminado, aun- que de momento la gente no vea que termina. Pero vean ustedes, cuando Dios le apareció a Noé"
c201bdef-b710-4260-8ec2-0302cf100cab,1993-05-30,El exodo hacia el Reino Milenial.,sal,dréis,saldréis,sal-dréis,unir,forma_unida_atestiguada,197,0,"os los que teméis mi nombre, nacerá el Sol de justicia, y en sus alas traerá salvación; y sal- dréis, y saltaréis como becerros de la manada. Hollaréis a los malos, los cuales serán ceniza"
c201bdef-b710-4260-8ec2-0302cf100cab,1993-05-30,El exodo hacia el Reino Milenial.,co,menzado,comenzado,co-menzado,unir,forma_unida_atestiguada,1678,0,"e, la Dispensación del Reino sí ha comenzado; así como ha pasado en otros tiempos, que ha co- menzado una dispensación aunque todavía el pueblo no ha entrado de lleno a esa dispensación. Aho"
c201bdef-b710-4260-8ec2-0302cf100cab,1993-05-30,El exodo hacia el Reino Milenial.,encomen,dado,encomendado,encomen-dado,unir,forma_unida_atestiguada,141,0,"os estar tranquilos en ese sentido, pero luchando y trabajando en la obra que Dios nos ha encomen- dado en este tiempo final, como lo hizo el profeta Noé con su familia, trabajando en la obra q"
c201bdef-b710-4260-8ec2-0302cf100cab,1993-05-30,El exodo hacia el Reino Milenial.,tempe,ratura,temperatura,tempe-ratura,unir,forma_unida_atestiguada,107,0,"l Caribe tiene una temperatura en la cual no es muy marcado el frío y el calor, tiene una tempe- ratura en donde se siembra casi todo el año, y la América Latina y el Caribe es el continente qu"
c201bdef-b710-4260-8ec2-0302cf100cab,1993-05-30,El exodo hacia el Reino Milenial.,bendi,ciones,bendiciones,bendi-ciones,unir,forma_unida_atestiguada,14283,0,"ad; las demás ya han terminado, pero la nuestra está vigente delante de Dios, y tiene las bendi- ciones para todos los hijos de Dios. Por lo tanto yo espero y creo de todo corazón que Dios ext"
c201bdef-b710-4260-8ec2-0302cf100cab,1993-05-30,El exodo hacia el Reino Milenial.,prome,tió,prometió,prome-tió,unir,forma_unida_atestiguada,3587,0,de todo corazón que Dios extenderá Su misericordia a la América Latina y al Caribe. El lo prome- tió a Abraham cuando dijo que no destruiría a Sodoma y a Gomorra si en ella encontraba cincue
c201bdef-b710-4260-8ec2-0302cf100cab,1993-05-30,El exodo hacia el Reino Milenial.,Vo,luntad,Voluntad,Vo-luntad,unir,forma_unida_atestiguada,5839,0,"ado en Su Palabra, en Sus promesas; y El dice que si pedimos conforme a Su Voluntad (y Su Vo- luntad es Su Palabra), si pedimos conforme a Su Voluntad, El nos dará lo que nosotros pedimos, n"
c201bdef-b710-4260-8ec2-0302cf100cab,1993-05-30,El exodo hacia el Reino Milenial.,dispensa,ción,dispensación,dispensa-ción,unir,forma_unida_atestiguada,28784,0,"tinoamericanos y caribeños vean el programa divino, vean la edad que estamos viviendo, la dispensa- ción que estamos viviendo, el Mensaje que corresponde a nuestra edad y dispensación; y así que"
9d2daae9-5927-44fb-8b4e-8137dc1f9888,1986-07-06,La verdad libertadora,religio,sos,religiosos,religio-sos,unir,forma_unida_atestiguada,1525,0,la verdad libertadora para ese tiempo. Es necesario en nuestro tiempo que los líderes religio- sos y los feligreses de todas las religiones y sectas ===== [PAGINA 3 de 25] ===== LA VERDAD
9d2daae9-5927-44fb-8b4e-8137dc1f9888,1986-07-06,La verdad libertadora,encomen,dada,encomendada,encomen-dada,unir,forma_unida_atestiguada,126,0,ispensación que había terminado. Pero El conocía la nueva dispensación que le había sido encomen- dada para comenzar y colocar en esa nueva dispensación el mensaje que libertaba al pueblo de
9d2daae9-5927-44fb-8b4e-8137dc1f9888,1986-07-06,La verdad libertadora,Pala,bras,Palabras,Pala-bras,conservar,forma_con_guion_atestiguada,11988,3,"ensaje a través de su mensajero. Por esa razón Jesús decía: ``El que es de Dios, las Pala- bras de Dios oye; por eso no las oís vosotros, porque no sois de Dios''. Esa era la causa por"
9d2daae9-5927-44fb-8b4e-8137dc1f9888,1986-07-06,La verdad libertadora,reverde,ció,reverdeció,reverde-ció,unir,forma_unida_atestiguada,126,0,"ondido en el arca del pacto, en donde estaban las tablas de la Ley, la vara de Aarón que reverde- ció. Allí estaba ese maná escondido; el cual dice Jesús, simbólicamente, que le dará a los v"
9d2daae9-5927-44fb-8b4e-8137dc1f9888,1986-07-06,La verdad libertadora,morire,mos,moriremos,morire-mos,unir,forma_unida_atestiguada,235,0,"través de San Pablo: ``He aquí os digo un misterio: Todos ciertamente no dormiremos, no morire- mos, mas todos seremos transformados''. ¿Cuándo? A la final trompeta; el mensaje final, l"
9d2daae9-5927-44fb-8b4e-8137dc1f9888,1986-07-06,La verdad libertadora,dispen,sación,dispensación,dispen-sación,unir,union_legitima_certificada_piloto,28784,1,"tiempo final, que haya recibido la Verdad libertadora para nuestro tiempo, para nuestra dispen- sación. Ahora, si tú no tienes esa verdad libertadora, si no la puedes ver, y no la puedes"
9d2daae9-5927-44fb-8b4e-8137dc1f9888,1986-07-06,La verdad libertadora,dispen,sación,dispensación,dispen-sación,unir,union_legitima_certificada_piloto,28784,1,"onoceréis la Verdad, la gran voz de trompeta, el mensaje final, el mensaje de la tercera dispen- sación. Conoceréis la Verdad, ese mensaje, y la verdad os libertará. Os libertará de otras"
9d2daae9-5927-44fb-8b4e-8137dc1f9888,1986-07-06,La verdad libertadora,semina,rios,seminarios,semina-rios,unir,forma_unida_atestiguada,99,0,"25] ===== LA VERDAD LIBERTADORA 1 religiones esperan que estudien en algunos de sus semina- rios o de sus institutos, y que reciban las enseñanzas que ellos dan para poder predicarles a"
9d2daae9-5927-44fb-8b4e-8137dc1f9888,1986-07-06,La verdad libertadora,enten,damos,entendamos,enten-damos,unir,forma_unida_atestiguada,304,0,mendas contradicciones unas con otras. Pero es tiempo que despertemos a la realidad y enten- damos que la Verdad solamente la tendrá Aquel que el Señor Jesucristo dice que enviará en el f
9d2daae9-5927-44fb-8b4e-8137dc1f9888,1986-07-06,La verdad libertadora,escu,chen,escuchen,escu-chen,unir,forma_unida_atestiguada,622,0,"iende muy bien, entonces tenga un televisor y coloque las películas de video para que lo escu- chen directamente del mensajero que estará proclamando la Verdad libertadora para el fin del"
9d2daae9-5927-44fb-8b4e-8137dc1f9888,1986-07-06,La verdad libertadora,resu,rrección,resurrección,resu-rrección,conservar,forma_con_guion_atestiguada,14442,1,"que entienda bien que fuera del mensaje para esta nueva dispensación no hay promesas de resu- rrección ni de transformación. Por lo tanto, mantenga usted su fe en la gran voz de trompeta"
9d2daae9-5927-44fb-8b4e-8137dc1f9888,1986-07-06,La verdad libertadora,trans,formados,transformados,trans-formados,conservar,forma_con_guion_atestiguada,12172,2,"Tenemos que creer solamente en la Verdad libertadora, y permanecer ahí hasta que seamos trans- formados. A medida que pasa el tiempo, la Verdad libertadora va abriendo nuestro entendimient"
9d2daae9-5927-44fb-8b4e-8137dc1f9888,1986-07-06,La verdad libertadora,miste,rios,misterios,miste-rios,unir,forma_unida_atestiguada,4627,0,"s misterios del reino de los cielos. Dios no tiene otra forma para dar a conocer Sus miste- rios; por lo tanto, cualquier otra forma, es una mentira que el diablo trata de hacerle creer"
cbb5685f-6b4b-45a9-9c78-1d1790feb24a,1989-06-07,La Salida. sencillo,reci,biendo,recibiendo,reci-biendo,unir,forma_unida_atestiguada,6107,0,"el monte Sinaí, estaba en donde Dios estaba, en otra Dimensión, en una dimensión divina, reci- biendo la Palabra. Y Moisés allí escuchó el ruido, el alboroto del pueblo, cuando tenía que desc"
cbb5685f-6b4b-45a9-9c78-1d1790feb24a,1989-06-07,La Salida. sencillo,encuen,tran,encuentran,encuen-tran,unir,forma_unida_atestiguada,1417,0,"ndo el pueblo hacía diferente a como Dios le había notificado a través de Moisés, ustedes encuen- tran que Dios le dice a Moisés: Tu pueblo. Y cuando el pueblo actúa bien, entonces Dios le dic"
cbb5685f-6b4b-45a9-9c78-1d1790feb24a,1989-06-07,La Salida. sencillo,posi,ción,posición,posi-ción,unir,forma_unida_atestiguada,4030,0,"medio del pueblo, y afectaron al pueblo; porque cuando una persona critica, y está en una posi- ción alta, entonces los demás que oyen, siguen moviendo ese comentario y se mueve en el pueblo"
cbb5685f-6b4b-45a9-9c78-1d1790feb24a,1989-06-07,La Salida. sencillo,hablan,do,hablando,hablan-do,unir,forma_unida_atestiguada,16347,0,"en contra de Moisés y habló en contra de Moisés; y hablando en contra de Moisés, estaban hablan- do en contra de Dios, porque ese era el velo de Dios para esa dispensación. Bueno, Moisés"
cbb5685f-6b4b-45a9-9c78-1d1790feb24a,1989-06-07,La Salida. sencillo,Mien,tras,Mientras,Mien-tras,unir,forma_unida_atestiguada,5512,0,"se cumpla o para ser revelado cómo será todo eso en detalles, para que así lo entendamos. Mien- tras tanto dejamos eso quietecito, ya que eso va a ser para el tiempo que está por delante; pe"
cbb5685f-6b4b-45a9-9c78-1d1790feb24a,1989-06-07,La Salida. sencillo,Men,sajero,Mensajero,Men-sajero,unir,forma_unida_atestiguada,37069,0,"ino que también tenemos que continuar perseverando, escuchando la Palabra, el Mensaje del Men- sajero de esa salida, de ese éxodo, hasta entrar a la Tierra Prometida. Bueno, cuando Dios le"
cbb5685f-6b4b-45a9-9c78-1d1790feb24a,1989-06-07,La Salida. sencillo,Prome,tida,Prometida,Prome-tida,unir,forma_unida_atestiguada,8583,0,Moisés; pero Dios le pasó esa posición a Josué. Josué entró al pueblo hebreo a la Tierra Prome- tida. Josué representa al Espíritu Santo en Su manifestación del tiempo final. ``El Espíritu y
cbb5685f-6b4b-45a9-9c78-1d1790feb24a,1989-06-07,La Salida. sencillo,Pentecos,tés,Pentecostés,Pentecos-tés,unir,forma_unida_atestiguada,5683,0,"que seguían a Jesús, solamente ciento veinte permanecieron fieles a Jesús. Y en el día de Pentecos- tés, en el Aposento Alto, allí estaban esas ciento veinte personas recibiendo a Jesús en form"
cbb5685f-6b4b-45a9-9c78-1d1790feb24a,1989-06-07,La Salida. sencillo,Pro,metida,Prometida,Pro-metida,unir,forma_unida_atestiguada,8583,0,einte personas recibiendo a Jesús en forma de Espíritu Santo. Y allí entraron a la Tierra Pro- metida del bautismo del Espíritu Santo. Luego encontramos que se llevó a cabo la segunda disp
cbb5685f-6b4b-45a9-9c78-1d1790feb24a,1989-06-07,La Salida. sencillo,dis,pensación,dispensación,dis-pensación,unir,forma_unida_atestiguada,28784,0,"otra cosa diferente a la que Pablo predicaba. Trataron de meter la ley, el mensaje de la dis- pensación pasada, en la segunda dispensación, guardando días y comidas y circuncisiones, lunas nuev"
cbb5685f-6b4b-45a9-9c78-1d1790feb24a,1989-06-07,La Salida. sencillo,bendi,ciones,bendiciones,bendi-ciones,unir,forma_unida_atestiguada,14283,0,"i se hace en esa forma. Si se altera la forma en que Dios dice que se haga, no vienen las bendi- ciones, sino los juicios de Dios. Y lo que queremos es la bendición divina. Bueno, ya sabemos"
cbb5685f-6b4b-45a9-9c78-1d1790feb24a,1989-06-07,La Salida. sencillo,antecedién,dole,antecediéndole,antecedién-dole,unir,forma_unida_atestiguada,10,0,"juntando a todos los escogidos, para luego ocurrir la Transformación de nuestros cuerpos, antecedién- dole la Resurrección de los muertos. Fuera de ese Mensaje de gran voz de trompeta no hay Re"
cbb5685f-6b4b-45a9-9c78-1d1790feb24a,1989-06-07,La Salida. sencillo,ayu,dantes,ayudantes,ayu-dantes,unir,forma_unida_atestiguada,180,0,"ministros aquí en Colombia y en cada uno de los países, y así los use poderosamente como ayu- dantes, como colaboradores del Angel mensajero en este tiempo final, y así cada uno de los minis"
f29a44bd-9cdc-4f4a-98a1-7a3b5ef22f6e,1991-02-09,El Despertamiento Latinoamericano. sencillo,que,daban,quedaban,que-daban,unir,forma_unida_atestiguada,535,0,"estaba obrando a través de San Pablo, miraban las cosas en una forma negativa; y otros se que- daban quietos, dejando que todo siguiera funcionando para ver en qué paraba todo ese movimiento"
f29a44bd-9cdc-4f4a-98a1-7a3b5ef22f6e,1991-02-09,El Despertamiento Latinoamericano. sencillo,despertamien,to,despertamiento,despertamien-to,unir,forma_unida_atestiguada,993,0,"píritu de Cristo al tercer mensajero, allí mismo en Europa, y continuó el avivamiento (el despertamien- to) en Europa. Y cuando terminó la tercera Edad, el Espíritu de Cristo se movió al cuarto me"
f29a44bd-9cdc-4f4a-98a1-7a3b5ef22f6e,1991-02-09,El Despertamiento Latinoamericano. sencillo,aviva,miento,avivamiento,aviva-miento,unir,forma_unida_atestiguada,2759,0,"píritu de Cristo manifestándose en la quinta Edad de la Iglesia gentil; y así continuó el aviva- miento, el despertamiento de la Palabra, en Europa. Luego terminó la quinta Edad, y comenzó"
f29a44bd-9cdc-4f4a-98a1-7a3b5ef22f6e,1991-02-09,El Despertamiento Latinoamericano. sencillo,desper,tamiento,despertamiento,desper-tamiento,unir,forma_unida_atestiguada,993,0,"a Sus hijos, a Sus escogidos, en el área, en el lugar, en donde El va a llevar a cabo el desper- tamiento para ese tiempo. Así que esos escogidos que reciben ese despertamiento son los que han"
f29a44bd-9cdc-4f4a-98a1-7a3b5ef22f6e,1991-02-09,El Despertamiento Latinoamericano. sencillo,trom,peta,trompeta,trom-peta,unir,forma_unida_atestiguada,22778,0,"viar en el fin del siglo, en el fin del tiempo, con la trompeta final, con la gran voz de trom- peta, llamando y juntando a los escogidos en este tiempo final. Y este despertamiento final"
f29a44bd-9cdc-4f4a-98a1-7a3b5ef22f6e,1991-02-09,El Despertamiento Latinoamericano. sencillo,bendi,ción,bendición,bendi-ción,unir,union_legitima_certificada_piloto,26865,0,"s, de esa área de Irak y Kuwait, se llevó la bendición para la tierra de Israel. Y así la bendi- ción divina ha ido moviéndose; y Dios ha ido colocando a Sus hijos en donde El tiene esa bendi"
f29a44bd-9cdc-4f4a-98a1-7a3b5ef22f6e,1991-02-09,El Despertamiento Latinoamericano. sencillo,desperta,miento,despertamiento,desperta-miento,unir,forma_unida_atestiguada,993,0,"lidad ha pasado a Latinoamérica, incluyendo a Puerto Rico y el Caribe, produciendo así el desperta- miento latinoamericano, el cual estamos experimentando en el fin del siglo. Así que, latinoam"
f29a44bd-9cdc-4f4a-98a1-7a3b5ef22f6e,1991-02-09,El Despertamiento Latinoamericano. sencillo,des,pertamiento,despertamiento,des-pertamiento,unir,forma_unida_atestiguada,993,0,esurrección de los muertos en Cristo de las siete Edades de la Iglesia gentil. Este es el des- pertamiento que producirá la Transformación de nuestros cuerpos. Este es el despertamiento que produc
f29a44bd-9cdc-4f4a-98a1-7a3b5ef22f6e,1991-02-09,El Despertamiento Latinoamericano. sencillo,escu,char,escuchar,escu-char,unir,forma_unida_atestiguada,6007,0,"ajando en el Reino de Dios, y dándole la oportunidad a todo latinoamericano y caribeño de escu- char y recibir el Agua de la vida eterna, el mensaje del Evangelio del Reino, para que así pue"
f29a44bd-9cdc-4f4a-98a1-7a3b5ef22f6e,1991-02-09,El Despertamiento Latinoamericano. sencillo,desper,tamiento,despertamiento,desper-tamiento,unir,forma_unida_atestiguada,993,0,"el mensaje del Evangelio del Reino, para que así pueda tener la bendición grande de este desper- tamiento latinoamericano y pueda así pasar al glorioso Reino del Señor Jesucristo. Hacia adelan"
f29a44bd-9cdc-4f4a-98a1-7a3b5ef22f6e,1991-02-09,El Despertamiento Latinoamericano. sencillo,refirién,donos,refiriéndonos,refirién-donos,unir,forma_unida_atestiguada,3,0,"stamos incluyendo a todo el Caribe. Así que cuando decimos ``La América Latina'', estamos refirién- donos a Puerto Rico, el Caribe y toda Latinoamérica. Así que vean ustedes por qué Dios está"
f29a44bd-9cdc-4f4a-98a1-7a3b5ef22f6e,1991-02-09,El Despertamiento Latinoamericano. sencillo,Améri,ca,América,Améri-ca,unir,forma_unida_atestiguada,6480,0,"a América Latina, desde que el mensaje final del Señor Jesucristo comenzó a moverse en la Améri- ca Latina. Estamos viendo el programa divino porque hemos sido despertados por el Señor J"
f29a44bd-9cdc-4f4a-98a1-7a3b5ef22f6e,1991-02-09,El Despertamiento Latinoamericano. sencillo,desperta,miento,despertamiento,desperta-miento,unir,forma_unida_atestiguada,993,0,"ndo a Puerto Rico y el Caribe, es el área en donde principalmente se desarrolla todo este desperta- miento espiritual, este despertamiento latinoamericano; pero que también le llega a los latinoam"
8f099274-7596-49f3-96c5-036697e0f72f,1990-12-31,El Hijo de la Palabra. sencillo,mani,festada,manifestada,mani-festada,unir,forma_unida_atestiguada,2911,0,"de la Palabra que se ha manifestado en esa edad. Ahora, la Palabra prometida para ser mani- festada en el fin del tiempo, es la Segunda Venida del Hijo del Hombre con Sus Angeles llamando"
8f099274-7596-49f3-96c5-036697e0f72f,1990-12-31,El Hijo de la Palabra. sencillo,Dispensa,ción,Dispensación,Dispensa-ción,unir,forma_unida_atestiguada,28784,0,"o lo rechace; y pasar así a la Tercera Dispensación, y tener las promesas de la Tercera Dispensa- ción, las promesas del Reino del Señor Jesucristo. Señor, presento a Ti a Puerto Rico, el"
8f099274-7596-49f3-96c5-036697e0f72f,1990-12-31,El Hijo de la Palabra. sencillo,prohibi,do,prohibido,prohibi-do,unir,forma_unida_atestiguada,296,0,"ia diciendo: ``Pasa a Macedonia y ayúdanos.'' Pablo quería ir a Bitinia, pero le fue prohibi- do porque allí no estaban los escogidos que ===== [PAGINA 13 de 23] ===== EL HIJO DE LA PALA"
8f099274-7596-49f3-96c5-036697e0f72f,1990-12-31,El Hijo de la Palabra. sencillo,Mace,donia,Macedonia,Mace-donia,unir,forma_unida_atestiguada,60,0,"a hacia adelante.'' Dios le mostró la visión del varón macedonio; y San Pablo fue hacia Mace- donia; y allí estaban los hijos de Dios, los escogidos. Y al recibir el llamado, la petició"
8f099274-7596-49f3-96c5-036697e0f72f,1990-12-31,El Hijo de la Palabra. sencillo,Dispensa,ción,Dispensación,Dispensa-ción,unir,forma_unida_atestiguada,28784,0,"ribe. Y Dios está llevando a cabo Su obra en la América Latina, la obra de la Tercera Dispensa- ción, la obra que va a producir la resurrección de los muertos en Cristo de las Edades pasad"
8f099274-7596-49f3-96c5-036697e0f72f,1990-12-31,El Hijo de la Palabra. sencillo,perfec,tos,perfectos,perfec-tos,unir,forma_unida_atestiguada,732,0,"no ha terminado: continuará hasta que la obra perfecta de Dios hará hijos de la Palabra perfec- tos, en cuerpos perfectos, para vivir eternamente. Y todo esto porque los escogidos,"
8f099274-7596-49f3-96c5-036697e0f72f,1990-12-31,El Hijo de la Palabra. sencillo,here,dero,heredero,here-dero,unir,forma_unida_atestiguada,4272,0,"a Palabra, el mensaje del Evangelio del Reino. Cada uno de los hijos de la Palabra es here- dero de todas las bendiciones que son habladas en el mensaje del Evangelio del Reino. Por eso"
8f099274-7596-49f3-96c5-036697e0f72f,1990-12-31,El Hijo de la Palabra. sencillo,en,tiende,entiende,en-tiende,unir,forma_unida_atestiguada,1350,0,"iedrecita blanca, que es la Segunda Venida del Señor. Ahí viene el nombre nuevo; y no lo en- tiende nadie, sino aquél que lo recibe. Cada mensajero en cada Edad recibió al Señor en el t"
8f099274-7596-49f3-96c5-036697e0f72f,1990-12-31,El Hijo de la Palabra. sencillo,transfor,mados,transformados,transfor-mados,conservar,forma_con_guion_atestiguada,12172,1,"os. En ese mensaje de los Truenos, que es el Evangelio del Reino, está la fe para ser transfor- mados, para ser raptados, y para la resurrección de los que partieron en el pasado; por"
8f099274-7596-49f3-96c5-036697e0f72f,1990-12-31,El Hijo de la Palabra. sencillo,grande,mente,grandemente,grande-mente,unir,forma_unida_atestiguada,2381,0,"e, en el cual todos nosotros hemos sido bendecidos. Que Dios les continúe bendiciendo grande- mente, Dios les guarde y les use poderosamente en Su obra en este año nuevo 1991. QU"
8f099274-7596-49f3-96c5-036697e0f72f,1990-12-31,El Hijo de la Palabra. sencillo,BENDICIO,NES,BENDICIONES,BENDICIO-NES,unir,forma_unida_atestiguada,14283,0,"en este año nuevo 1991. QUE LAS BENDICIONES ESPIRITUALES, BENDICIONES CELESTIALES, Y BENDICIO- NES MATERIALES, TERRENALES, SEAN SOBRE CADA UNO DE USTEDES EN ESTE AÑO 1991. Muchas grac"
8f099274-7596-49f3-96c5-036697e0f72f,1990-12-31,El Hijo de la Palabra. sencillo,grande,mente,grandemente,grande-mente,unir,forma_unida_atestiguada,2381,0,"n ustedes, el comienzo de este primer día del 1991. Que Dios les bendiga y les guarde grande- mente. Con nosotros nuevamente Miguel Bermúdez Marín para continuar. Como todo es lo prime"
f3557a14-217a-41a0-8e41-981f4bf524ca,1991-07-28,La Juventud Latinoamericana y la Transformacion. sencillo,teofá,nico,teofánico,teofá-nico,unir,forma_unida_atestiguada,9486,0,"le temen, y los defiende.'' Ese ``ángel del Señor'', ``el ángel de Jehová'', es el cuerpo teofá- nico que le corresponde a usted; pero que por causa de la caída usted no pudo obtenerlo antes"
f3557a14-217a-41a0-8e41-981f4bf524ca,1991-07-28,La Juventud Latinoamericana y la Transformacion. sencillo,perma,necen,permanecen,perma-necen,unir,forma_unida_atestiguada,196,0,"nca se pierden; los pierden algunas personas; pero esas bendiciones y privilegios divinos perma- necen; y alguien, en la trayectoria de la vida de la raza humana, los agarra, y los convierte e"
f3557a14-217a-41a0-8e41-981f4bf524ca,1991-07-28,La Juventud Latinoamericana y la Transformacion. sencillo,Trans,formación,Transformación,Trans-formación,conservar,forma_con_guion_atestiguada,10337,1,"eterno: las cosas que deben acontecer para la Resurrección de los muertos en Cristo y la Trans- formación de nuestros cuerpos, para pasar a un cuerpo incorruptible, inmortal, un cuerpo como el de"
f3557a14-217a-41a0-8e41-981f4bf524ca,1991-07-28,La Juventud Latinoamericana y la Transformacion. sencillo,com,prender,comprender,com-prender,unir,forma_unida_atestiguada,3838,0,"e se está llevando a cabo en el programa divino delante de sus propios ojos, no lo pueden com- prender: Y se cumple la profecía que dice: ``Viendo no ven, y oyendo no oyen.'' O sea: ``Viendo n"
f3557a14-217a-41a0-8e41-981f4bf524ca,1991-07-28,La Juventud Latinoamericana y la Transformacion. sencillo,Evan,gelio,Evangelio,Evan-gelio,unir,forma_unida_atestiguada,26740,0,"a Israel en forma actualizada. Y cuando ellos reciban el Evangelio de la gracia, y con el Evan- gelio de la gracia ellos vean todo lo que ha sucedido en el programa divino, comenzando con lo"
f3557a14-217a-41a0-8e41-981f4bf524ca,1991-07-28,La Juventud Latinoamericana y la Transformacion. sencillo,persi,guieron,persiguieron,persi-guieron,unir,forma_unida_atestiguada,181,0,"el pago para la cizaña; el tiempo en que vendrá la venganza divina sobre las naciones que persi- guieron al pueblo de Dios, tanto al pueblo de Dios terrenal como al pueblo de Dios celestial."
f3557a14-217a-41a0-8e41-981f4bf524ca,1991-07-28,La Juventud Latinoamericana y la Transformacion. sencillo,mani,festada,manifestada,mani-festada,unir,forma_unida_atestiguada,2911,0,"s dimensiones, para ver esa quinta dimensión, que es el infierno, porque esa plaga estará mani- festada en otra dimensión. Será algo así como las personas que están dementes, y usted los ve"
f3557a14-217a-41a0-8e41-981f4bf524ca,1991-07-28,La Juventud Latinoamericana y la Transformacion. sencillo,prepa,rado,preparado,prepa-rado,unir,forma_unida_atestiguada,2221,0,"ó. Abraham preparó un becerro tierno de la manada; lo mandó a preparar, se lo trajeron ya prepa- rado con el resto de la comida, y comieron allí debajo de un árbol; y luego encontramos que Di"
f3557a14-217a-41a0-8e41-981f4bf524ca,1991-07-28,La Juventud Latinoamericana y la Transformacion. sencillo,he,breo,hebreo,he-breo,conservar,forma_con_guion_atestiguada,34225,4,"zos de Moisés en alto.'' (Le mantuvieron sus brazos en alto, y la victoria fue del pueblo he- breo). ===== [PAGINA 30 de 35] ===== WILLIAM SOTO SANTIAGO 45 No hay explicación cient"
f3557a14-217a-41a0-8e41-981f4bf524ca,1991-07-28,La Juventud Latinoamericana y la Transformacion. sencillo,Emma,nuel,Emmanuel,Emma-nuel,unir,forma_unida_atestiguada,350,0,"os los carpinteros y de todos los que trabajan en construcción, fue el Mesías, el Cristo, Emma- nuel, Dios manifestado en carne. Las cosas grandes de Dios siempre aparecen en simplicidad"
f3557a14-217a-41a0-8e41-981f4bf524ca,1991-07-28,La Juventud Latinoamericana y la Transformacion. sencillo,latino,americana,latinoamericana,latino-americana,unir,forma_unida_atestiguada,220,0,"la juventud latinoamericana; las cuales les estamos dando a conocer: Son para la Juventud latino- americana, para los niños latinoamericanos y para los adultos latinoamericanos. Pero a Dios le"
f3557a14-217a-41a0-8e41-981f4bf524ca,1991-07-28,La Juventud Latinoamericana y la Transformacion. sencillo,latinoame,ricanos,latinoamericanos,latinoame-ricanos,unir,forma_unida_atestiguada,1521,0,"a la juventud latinoamericana, para todos los ciudadanos latinoamericanos, y aun para los latinoame- ricanos que viven en otros países; también para ellos hay bendición, y le comunicamos a ellos tam"
08c1c77d-b153-4af5-b696-bdfcd8814fd5,1992-01-28,El Poder de la Palabra hablada de Dios.,adelan,ten,adelanten,adelan-ten,unir,forma_unida_atestiguada,9,0,"speramos dos días de bendiciones por adelantado. Siempre esperamos que las bendiciones se adelan- ten y no que se atrasen. Así que esperamos de parte de Dios, en estos días que aquí estamos,"
08c1c77d-b153-4af5-b696-bdfcd8814fd5,1992-01-28,El Poder de la Palabra hablada de Dios.,repre,sentados,representados,repre-sentados,unir,forma_unida_atestiguada,1556,0,"Por y con el poder de la Palabra hablada de Dios será hablado el reino de los gentiles (repre- sentados en los diez dedos de hierro y de barro cocido, en esos pies de hierro y de barro cocido)"
08c1c77d-b153-4af5-b696-bdfcd8814fd5,1992-01-28,El Poder de la Palabra hablada de Dios.,mate,rializa,materializa,mate-rializa,unir,forma_unida_atestiguada,514,0,"Ahora, uno es el momento en donde es hablada esa Palabra, y otro es el momento donde se mate- rializa esa Palabra hablada. Así que vean ustedes, esa Palabra que tiene que ser hablada son los"
08c1c77d-b153-4af5-b696-bdfcd8814fd5,1992-01-28,El Poder de la Palabra hablada de Dios.,característi,cas,características,característi-cas,unir,forma_unida_atestiguada,171,0,". Ahora, para que se materialice algo, tiene que ser hablada la Palabra que contiene las característi- cas que tienen que ser materializadas. Podemos ver que en el tiempo de los apóstoles, los ap"
08c1c77d-b153-4af5-b696-bdfcd8814fd5,1992-01-28,El Poder de la Palabra hablada de Dios.,materializa,das,materializadas,materializa-das,unir,forma_unida_atestiguada,208,0,"ntiene la Palabra; porque los genes de la Palabra contienen las características que serán materializa- das, y luego serán vistas, manifestadas, en la Edad, en la dispensación, y en las personas de"
08c1c77d-b153-4af5-b696-bdfcd8814fd5,1992-01-28,El Poder de la Palabra hablada de Dios.,materializa,dos,materializados,materializa-dos,unir,forma_unida_atestiguada,127,0,"uera de ese Mensaje no se encuentran los genes de la Palabra, los genes divinos, para ser materializa- dos. Buscar fuera de esa Palabra una bendición de Dios para ese tiempo es buscar algo fuera d"
08c1c77d-b153-4af5-b696-bdfcd8814fd5,1992-01-28,El Poder de la Palabra hablada de Dios.,mate,rializara,materializara,mate-rializara,unir,forma_unida_atestiguada,36,0,"e Dios le había dado, porque esa Palabra contenía los genes divinos para que algún día se mate- rializara esa Palabra. Y Abraham fue rejuvenecido y Sara también, por esa Palabra que tenía, que"
08c1c77d-b153-4af5-b696-bdfcd8814fd5,1992-01-28,El Poder de la Palabra hablada de Dios.,trans,formación,transformación,trans-formación,conservar,forma_con_guion_atestiguada,10337,1,"rá. Así que nosotros estamos esperando nuestra transformación. Y no estamos esperando la trans- formación como los tontos, sin tener la base. Tenemos la base donde está depositada nuestra fe: en"
08c1c77d-b153-4af5-b696-bdfcd8814fd5,1992-01-28,El Poder de la Palabra hablada de Dios.,transforma,dos,transformados,transforma-dos,unir,forma_unida_atestiguada,12172,0,ados. Los que serán transformados conforme a las promesas divinas tendrán la fe para ser transforma- dos y raptados. Y la fe para ser transformados y raptados está en los siete truenos de Apocal
08c1c77d-b153-4af5-b696-bdfcd8814fd5,1992-01-28,El Poder de la Palabra hablada de Dios.,tenien,do,teniendo,tenien-do,unir,forma_unida_atestiguada,2129,0,"iempo. ¿Y qué es lo que está aconteciendo cuando nosotros trabajamos en la obra de Dios, tenien- do nosotros la Palabra hablada de Dios, esa Palabra creadora? ¿Saben lo que está aconte- cie"
08c1c77d-b153-4af5-b696-bdfcd8814fd5,1992-01-28,El Poder de la Palabra hablada de Dios.,aconte,ciendo,aconteciendo,aconte-ciendo,unir,forma_unida_atestiguada,1057,0,"tenien- do nosotros la Palabra hablada de Dios, esa Palabra creadora? ¿Saben lo que está aconte- ciendo? A medida que usted trabaja en la obra de Dios, esa Palabra que usted tiene, por cuanto"
08c1c77d-b153-4af5-b696-bdfcd8814fd5,1992-01-28,El Poder de la Palabra hablada de Dios.,corres,ponde,corresponde,corres-ponde,unir,forma_unida_atestiguada,7386,0,"ablada, para materializarse toda promesa divina, toda bendición divina que a nosotros nos corres- ponde como hijos e hijas de Dios. “EL PODER DE LA PALABRA HABLADA.” Y vean lo sencillo que es"
6e1e3bc1-38df-429a-8476-b9b071944053,1992-02-09,La Edad Mesianica.,cumpli,miento,cumplimiento,cumpli-miento,unir,forma_unida_atestiguada,7733,0,"il años atrás se estaba viviendo allí la Edad mesiánica de la Piedra Angular, la Edad del cumpli- miento de las profecías mesiánicas de la Primera Venida de Cristo. Esa Edad o etapa mesiánica"
6e1e3bc1-38df-429a-8476-b9b071944053,1992-02-09,La Edad Mesianica.,Jesucris,to,Jesucristo,Jesucris-to,unir,forma_unida_atestiguada,146878,0,rán limpios de todo pecado con cuerpos eternos; y eso no hubiera sido posible si el Señor Jesucris- to aceptaba los reinos de este mundo cuando el diablo se los ofreció allá. Y si el pueblo
6e1e3bc1-38df-429a-8476-b9b071944053,1992-02-09,La Edad Mesianica.,mesiá,nica,mesiánica,mesiá-nica,unir,forma_unida_atestiguada,729,0,"donde estaba la Luz de Cristo alumbrando a Sus discípulos, los cuales pasaron a esa Edad mesiá- nica. Ahora, encontramos que para el fin del tiempo, el fin del siglo, nuevamente se repite"
6e1e3bc1-38df-429a-8476-b9b071944053,1992-02-09,La Edad Mesianica.,mesiá,nica,mesiánica,mesiá-nica,unir,forma_unida_atestiguada,729,0,"jero mesiánico, la Venida del Mesías, la Venida de Cristo, y para eso se requiere la Edad mesiá- nica; porque solamente la Edad mesiánica puede tener como mensajero a un mensajero mesiánico,"
6e1e3bc1-38df-429a-8476-b9b071944053,1992-02-09,La Edad Mesianica.,Jue,ces,Jueces,Jue-ces,unir,forma_unida_atestiguada,1922,0,e gracias por la bendición que le trajo. Pero el Angel le dijo: ``mi nombre es oculto.'' (Jue- ces 13:17-18). El nombre eterno de Dios ha estado oculto por todas estas dispensaciones pa
6e1e3bc1-38df-429a-8476-b9b071944053,1992-02-09,La Edad Mesianica.,fren,tes,frentes,fren-tes,unir,forma_unida_atestiguada,821,0,"Y encontramos luego en Apocalipsis capítulo 14 esas personas ya selladas; y vemos en sus fren- tes el nombre nuevo del Señor Jesucristo y el nombre eterno de Dios, que es el mismo nombre."
6e1e3bc1-38df-429a-8476-b9b071944053,1992-02-09,La Edad Mesianica.,mesiá,nica,mesiánica,mesiá-nica,unir,forma_unida_atestiguada,729,0,"ica el Señor le revela a todos Sus hijos todos los pormenores de Su programa para la Edad mesiá- nica, incluyendo el gran misterio escondido bajo el Séptimo Sello, que es la Segunda Venida de"
6e1e3bc1-38df-429a-8476-b9b071944053,1992-02-09,La Edad Mesianica.,prome,tido,prometido,prome-tido,unir,forma_unida_atestiguada,13351,0,"pasado, no puede ver nunca el presente, no puede ver siendo materializado todo lo que fue prome- tido para ese tiempo. Y aunque con sus propios ojos puedan ver las cosas que están realizándos"
6e1e3bc1-38df-429a-8476-b9b071944053,1992-02-09,La Edad Mesianica.,continuare,mos,continuaremos,continuare-mos,unir,forma_unida_atestiguada,1838,0,"Reino milenial es el Mensaje de la Edad mesiánica. Y durante ese glorioso Reino milenial continuare- mos con el mismo Mensaje que nosotros tenemos en este tiempo final, en la Edad mesiánica."
6e1e3bc1-38df-429a-8476-b9b071944053,1992-02-09,La Edad Mesianica.,Apoca,lipsis,Apocalipsis,Apoca-lipsis,unir,forma_unida_atestiguada,23750,0,", el que nosotros hemos conocido; en el cual son dados a conocer por los siete truenos de Apoca- lipsis todos los misterios escondidos bajo el Séptimo Sello; revelados a nosotros acá en la Edad"
6e1e3bc1-38df-429a-8476-b9b071944053,1992-02-09,La Edad Mesianica.,movere,mos,moveremos,movere-mos,unir,forma_unida_atestiguada,7,0,"para el fin del tiempo serán cumplidas en la Edad mesiánica. De esa Edad nosotros no nos movere- mos, en esa Edad recibiremos todo lo que Dios ha prometido para nosotros en el fin del tiempo"
6e1e3bc1-38df-429a-8476-b9b071944053,1992-02-09,La Edad Mesianica.,estable,cer,establecer,estable-cer,unir,forma_unida_atestiguada,966,0,"n esas Edades no pueden pasar al glorioso Reino milenial y establecer allí esas Edades, o estable- cer allí alguna secta religiosa que está en una Edad que ya pasó... por eso usted encuentra e"
35744629-1670-4dba-a014-40a2d45b1abd,1986-05-25,Bartimeo que quieres que te haga.,maravi,llados,maravillados,maravi-llados,unir,forma_unida_atestiguada,84,0,"lido esta Escritura delante de vosotros. Y todos daban buen testimonio de él; y estaban maravi- llados de las palabras de gracia que salían de su boca, y decían: ¿No es éste el Hijo de José?"
35744629-1670-4dba-a014-40a2d45b1abd,1986-05-25,Bartimeo que quieres que te haga.,nueva,mente,nuevamente,nueva-mente,unir,forma_unida_atestiguada,6365,0,"del Hijo del Hombre y escuchando aquel mensaje que daba a conocer Su Venida, retumbarán nueva- mente en nuestros oídos y en nuestros corazones, porque escucharemos estas palabras: ``Bienave"
35744629-1670-4dba-a014-40a2d45b1abd,1986-05-25,Bartimeo que quieres que te haga.,Segura,mente,Seguramente,Segura-mente,unir,forma_unida_atestiguada,54,0,"de trompeta en el fin de esta generación. Bartimeo, ¿y cuál es tu deseo en este tiempo? Segura- mente me contestará: ``El mismo deseo''. Porque no hay ===== [PAGINA 6 de 14] ===== WILLIAM SOT"
35744629-1670-4dba-a014-40a2d45b1abd,1986-05-25,Bartimeo que quieres que te haga.,genera,ción,generación,genera-ción,unir,forma_unida_atestiguada,3968,0,Pues para ver lo más grande que un ser humano podrá ver en esta Tierra en el fin de esta genera- ción; para ver lo que todas las generaciones desearon ver; para ver lo que Daniel vio: La ven
35744629-1670-4dba-a014-40a2d45b1abd,1986-05-25,Bartimeo que quieres que te haga.,aconte,cieran,acontecieran,aconte-cieran,unir,forma_unida_atestiguada,10,0,"dose en el fin de esta generación, la cual dijo Jesús que no pasaría sin que estas cosas aconte- cieran''. En el tiempo de Jesús, muchas personas estaban ciegas espiritualmente y no podían ve"
35744629-1670-4dba-a014-40a2d45b1abd,1986-05-25,Bartimeo que quieres que te haga.,Hom,bre,Hombre,Hom-bre,conservar,forma_con_guion_atestiguada,51081,17,"sos del tiempo de Jesús no le podían mostrar al pueblo en la primera Venida del Hijo del Hom- bre. Ellos no podían decirle al pueblo: ``Este Jesús de Nazaret es el Mesías, es el Hijo del"
35744629-1670-4dba-a014-40a2d45b1abd,1986-05-25,Bartimeo que quieres que te haga.,espiritual,mente,espiritualmente,espiritual-mente,conservar,forma_con_guion_atestiguada,2720,1,"almente; pero que para Ti no hay ninguna cosa imposible. Señor, quiero recobrar la vista espiritual- mente''. Entonces el Señor con la Palabra correspondiente para nuestra dispensación, nos abre"
35744629-1670-4dba-a014-40a2d45b1abd,1986-05-25,Bartimeo que quieres que te haga.,cumpli,miento,cumplimiento,cumpli-miento,unir,forma_unida_atestiguada,7733,0,"¿Qué aconteció?'' Solamente podremos decir: ``Una cosa yo sé: que antes yo era ciego al cumpli- miento de estas promesas, pues no las podía ver; pero ahora veo, ahora las entiendo completament"
35744629-1670-4dba-a014-40a2d45b1abd,1986-05-25,Bartimeo que quieres que te haga.,genera,ción,generación,genera-ción,unir,forma_unida_atestiguada,3968,0,el fin de esta generación. No hay otra cosa más grande que podamos ver en el fin de esta genera- ción. Así que lo más grande que Dios ha prometido para el fin de esta generación es la segund
35744629-1670-4dba-a014-40a2d45b1abd,1986-05-25,Bartimeo que quieres que te haga.,genera,ción,generación,genera-ción,unir,forma_unida_atestiguada,3968,0,"verla, ven y ve. Si eso es lo que tú quieres que el Señor haga por ti en el fin de esta genera- ción, El lo hará; y tus ojos te serán abiertos cuando escuches Su voz, Su mensaje, en el fin"
35744629-1670-4dba-a014-40a2d45b1abd,1986-05-25,Bartimeo que quieres que te haga.,escu,chando,escuchando,escu-chando,unir,forma_unida_atestiguada,5556,0,"stuviese en un sitio más cómodo que éste, y con un clima mejor que éste, pero si no está escu- chando lo que corresponde para el fin de esta generación en el programa divino, entonces no vale"
d3cb93cb-5f01-4b13-91cd-a534cc36310f,1992-07-12,Quien es el Hijo del Hombre.,co,menzó,comenzó,co-menzó,unir,forma_unida_atestiguada,4969,0,"Dios, del Señor, y estaba leyendo donde decía: ``El Espíritu del Señor está sobre mí.'' Y co- menzó también a leer, o continuó leyendo: ``para dar buenas nuevas a los pobres; me ha enviado"
d3cb93cb-5f01-4b13-91cd-a534cc36310f,1992-07-12,Quien es el Hijo del Hombre.,sola,mente,solamente,sola-mente,unir,forma_unida_atestiguada,18450,0,"carne humana, y toda persona estaba llamada a recibir esa Palabra del profeta Isaías, no sola- mente en letra, sino en la confirmación en carne humana. Cuando los discípulos recibieron a"
d3cb93cb-5f01-4b13-91cd-a534cc36310f,1992-07-12,Quien es el Hijo del Hombre.,repre,sentado,representado,repre-sentado,unir,forma_unida_atestiguada,2711,0,"ierro y de barro cocido en el cumplimiento del fin del reino de los gentiles, el cual fue repre- sentado en aquella imagen o estatua que vio Nabucodonosor y que la interpretó el profeta Daniel."
d3cb93cb-5f01-4b13-91cd-a534cc36310f,1992-07-12,Quien es el Hijo del Hombre.,mensaje,ro,mensajero,mensaje-ro,unir,forma_unida_atestiguada,37069,0,"ado ese Mensaje para ese pueblo, y así se llevaba a cabo la obra de Dios por medio de ese mensaje- ro. Y ahora cuando el Pilar de fuego voló de Norteamérica, y Dios llamó a Su séptimo ánge"
d3cb93cb-5f01-4b13-91cd-a534cc36310f,1992-07-12,Quien es el Hijo del Hombre.,Dispen,sación,Dispensación,Dispen-sación,unir,union_legitima_certificada_piloto,28784,1,Ley; el mismo hoy: como dijo San Pablo en la Dispensación de la Gracia; y siempre: en la Dispen- sación del Reino. Estamos en la Dispensación del Reino y sigue siendo el mismo Señor Jesucris
d3cb93cb-5f01-4b13-91cd-a534cc36310f,1992-07-12,Quien es el Hijo del Hombre.,dispensa,ciones,dispensaciones,dispensa-ciones,unir,forma_unida_atestiguada,1661,0,"e las tres grandes dispensaciones (aunque son siete dispensaciones, pero las tres grandes dispensa- ciones son la Ley, la Gracia y el Reino)... en la Dispensación de la Ley, la Columna de fuego, e"
d3cb93cb-5f01-4b13-91cd-a534cc36310f,1992-07-12,Quien es el Hijo del Hombre.,dispensaciona,les,dispensacionales,dispensaciona-les,unir,forma_unida_atestiguada,723,0,"Columna de fuego se veló en Moisés; en la segunda se veló en Jesucristo, ambos mensajeros dispensaciona- les; y en la tercera dispensación es visto la Columna de fuego, el Pilar de fuego, entre los"
d3cb93cb-5f01-4b13-91cd-a534cc36310f,1992-07-12,Quien es el Hijo del Hombre.,ánge,les,ángeles,ánge-les,unir,forma_unida_atestiguada,16186,0,"los gentiles en Asia Menor a través de Pablo, a los gentiles en Europa a través de cinco ánge- les mensajeros, a los gentiles en Norteamérica a través de William Marrion Branham, y ahora e"
d3cb93cb-5f01-4b13-91cd-a534cc36310f,1992-07-12,Quien es el Hijo del Hombre.,latino,americanos,latinoamericanos,latino-americanos,unir,forma_unida_atestiguada,1521,0,nsación que el de una Edad. Por lo tanto un programa mayor está desarrollándose entre los latino- americanos y caribeños en el comienzo de la Dispensación del Reino. ¿Y quién está desarrollando e
d3cb93cb-5f01-4b13-91cd-a534cc36310f,1992-07-12,Quien es el Hijo del Hombre.,voso,tros,vosotros,voso-tros,unir,forma_unida_atestiguada,13697,0,"as moradas hay; si no fuera así, yo os lo hubiera dicho; voy, pues, a preparar lugar para voso- tros. Y si me fuere y os preparare lugar, vendré otra vez (Su Segunda Venida, la Segunda Venid"
d3cb93cb-5f01-4b13-91cd-a534cc36310f,1992-07-12,Quien es el Hijo del Hombre.,escu,chando,escuchando,escu-chando,unir,forma_unida_atestiguada,5556,0,"r y no lo vieron, sólo en sueños y visiones. Pero nosotros lo estamos viendo y lo estamos escu- chando; por esa causa somos bienaventurados. Y también dijo: ``A vosotros es concedido conoce"
6deba0dc-77b0-49aa-a942-9941428059a7,1993-01-17,Las llaves del Reino. sencillo,despi,diéndonos,despidiéndonos,despi-diéndonos,unir,forma_unida_atestiguada,5,0,"rmanos presentes; es para mí una bendición muy grande estar con ustedes en esta tarde, ya despi- diéndonos de estas actividades de hoy domingo para continuar hacia otros lugares. En esta tarde qu"
6deba0dc-77b0-49aa-a942-9941428059a7,1993-01-17,Las llaves del Reino. sencillo,Colum,na,Columna,Colum-na,unir,forma_unida_atestiguada,5683,0,"e Jacob, aquella Columna de fuego que le apareció a Moisés, el cual es Dios velado en esa Colum- na de fuego; pero Dios velado en esa Columna de fuego, luego se veló con esa Columna de fueg"
6deba0dc-77b0-49aa-a942-9941428059a7,1993-01-17,Las llaves del Reino. sencillo,Naza,ret,Nazaret,Naza-ret,unir,forma_unida_atestiguada,3139,0,"Columna de fuego, luego se veló con esa Columna de fuego en un cuerpo humano, en Jesús de Naza- ret; por eso descendió el día en que Juan Le estaba bautizando y posó sobre El, vino a ese Te"
6deba0dc-77b0-49aa-a942-9941428059a7,1993-01-17,Las llaves del Reino. sencillo,revela,ción,revelación,revela-ción,unir,forma_unida_atestiguada,19166,0,"acia, era nada menos que el Hijo de Dios, lo cual ninguna persona podía conocer, sino por revela- ción divina. Esa era la revelación divina para aquella dispensación nueva que había comenzado."
6deba0dc-77b0-49aa-a942-9941428059a7,1993-01-17,Las llaves del Reino. sencillo,discí,pulos,discípulos,discí-pulos,unir,forma_unida_atestiguada,8005,0,"omer Su carne y beber Su sangre. Comenzaron a marcharse, y se quedaron solamente los doce discí- pulos. Y Jesús le pregunta a ellos: “¿Quieren ustedes también marcharse?” Y Pedro dice: “¿Y a q"
6deba0dc-77b0-49aa-a942-9941428059a7,1993-01-17,Las llaves del Reino. sencillo,Dispen,sación,Dispensación,Dispen-sación,unir,union_legitima_certificada_piloto,28784,1,"ensación de la Ley: la Dispensación del Padre, y también la Dispensación de la Gracia: la Dispen- sación del Hijo, sabiendo también que ha comenzado, ha amanecido el Día de la Dispensación del R"
6deba0dc-77b0-49aa-a942-9941428059a7,1993-01-17,Las llaves del Reino. sencillo,encar,narse,encarnarse,encar-narse,unir,forma_unida_atestiguada,307,0,"os Sellos en español, dice: “Y noten Uds. Cuando este Espíritu Santo que tenemos llegue a encar- narse, el que está en nuestro medio ahora mismo en la forma del Espíritu Santo, cuando El llegu"
6deba0dc-77b0-49aa-a942-9941428059a7,1993-01-17,Las llaves del Reino. sencillo,Jesu,cristo,Jesucristo,Jesu-cristo,conservar,forma_con_guion_atestiguada,146878,19,"a mismo en la forma del Espíritu Santo, cuando El llegue a ser encarnado en la Persona de Jesu- cristo, entonces nosotros le coronaremos como Rey de Reyes y Señor de Señores.” Y la página 256"
6deba0dc-77b0-49aa-a942-9941428059a7,1993-01-17,Las llaves del Reino. sencillo,dis,pensacional,dispensacional,dis-pensacional,unir,forma_unida_atestiguada,5997,0,"mpo, será completamente la Palabra encarnada en un hombre, cuando venga para un nuevo Día dis- pensacional. Vean ustedes, El viene ahí en Apocalipsis capítulo 19, que es el capítulo que está cita"
6deba0dc-77b0-49aa-a942-9941428059a7,1993-01-17,Las llaves del Reino. sencillo,que,dan,quedan,que-dan,unir,forma_unida_atestiguada,992,0,"n ¿a donde está qué? donde está la vida; los que se quedan en una dispensación pasada, se que- dan donde estuvo la vida en una ocasión; pero cuando se va la vida, la muerte es la que queda"
6deba0dc-77b0-49aa-a942-9941428059a7,1993-01-17,Las llaves del Reino. sencillo,Dispensa,ción,Dispensación,Dispensa-ción,unir,forma_unida_atestiguada,28784,0,"erta del nuevo Día dispensacional que ha comenzado, para todos entrar por esa puerta a la Dispensa- ción del Reino, para entrar al Reino de Dios. Por eso es que tenemos la promesa de ser transf"
93d743da-5505-4e6d-a9f6-959d34d8a9cb,1985-03-01,El Libro de la redención,funcio,nar,funcionar,funcio-nar,unir,forma_unida_atestiguada,203,0,"la casa de nuestro Padre celestial. El Señor Jesucristo vino a la Tierra para poner a funcio- nar ese plan divino. Por eso, Él es nuestro Redentor; porque Él es el que ha estado llevando"
93d743da-5505-4e6d-a9f6-959d34d8a9cb,1985-03-01,El Libro de la redención,reden,ción,redención,reden-ción,conservar,forma_con_guion_atestiguada,12007,1,"Hijo del Hombre, y se levantarán."" Y eso es en este tiempo final en que el día de la reden- ción llega para la redención de los cuerpos de todos los hijos de Dios; pues dice el apóstol"
93d743da-5505-4e6d-a9f6-959d34d8a9cb,1985-03-01,El Libro de la redención,contris,téis,contristéis,contris-téis,unir,forma_unida_atestiguada,257,0,"redención de los cuerpos de todos los hijos de Dios; pues dice el apóstol San Pablo: ""No contris- téis al Espíritu Santo de Dios, con el cual estáis sellados para el día de la redención."""
93d743da-5505-4e6d-a9f6-959d34d8a9cb,1985-03-01,El Libro de la redención,Jesu,cristo,Jesucristo,Jesu-cristo,conservar,forma_con_guion_atestiguada,146878,19,"mensaje de Dios llamando a todo Su pueblo, estarán esperando el mensaje final del Señor Jesu- cristo. Apocalipsis 4:1 dice: ""Después de estas cosas..."" (Después de las siete edades de la"
93d743da-5505-4e6d-a9f6-959d34d8a9cb,1985-03-01,El Libro de la redención,espiri,tual,espiritual,espiri-tual,unir,forma_unida_atestiguada,23670,0,"los seres humanos; es un día de fiesta. Así también es en el programa de Dios. Ese día espiri- tual, representado por el día domingo, es el día de la redención, es el día en que el Libro d"
93d743da-5505-4e6d-a9f6-959d34d8a9cb,1985-03-01,El Libro de la redención,resplande,ciente,resplandeciente,resplande-ciente,unir,forma_unida_atestiguada,1727,0,"divino, en el programa de la redención. Ninguna de las siete edades tuvo la Estrella resplande- ciente de la mañana; porque tener la Estrella resplandeciente de la mañana significa ten"
93d743da-5505-4e6d-a9f6-959d34d8a9cb,1985-03-01,El Libro de la redención,dispensa,ción,dispensación,dispensa-ción,unir,forma_unida_atestiguada,28784,0,"e no quería despertar a esa realidad para levantarse y recibir al mensajero de esa nueva dispensa- ción, y recibir esa revelación en donde mostraba ese programa divino. En este Día el pueb"
93d743da-5505-4e6d-a9f6-959d34d8a9cb,1985-03-01,El Libro de la redención,debe,mos,debemos,debe-mos,unir,forma_unida_atestiguada,1279,0,"r de estas dimensiones de tiempo materia y luz para vivir en la eternidad; por lo tanto, debe- mos preocuparnos por estar en el programa de Dios que corresponde a este tiempo; porque este"
93d743da-5505-4e6d-a9f6-959d34d8a9cb,1985-03-01,El Libro de la redención,Reden,ción,Redención,Reden-ción,conservar,forma_con_guion_atestiguada,12007,1,e Libro sellado con siete sellos. El libro sellado con siete sellos es el Libro de la Reden- ción. Y ése es nuestro tema: EL LIBRO DE LA REDEN- CIÓN. Y sobre ese libro estaremos hablando;
93d743da-5505-4e6d-a9f6-959d34d8a9cb,1985-03-01,El Libro de la redención,REDEN,CIÓN,REDENCIÓN,REDEN-CIÓN,conservar,forma_con_guion_atestiguada,12007,1,ado con siete sellos es el Libro de la Reden- ción. Y ése es nuestro tema: EL LIBRO DE LA REDEN- CIÓN. Y sobre ese libro estaremos hablando; y vamos a ver muchas de las cosas que contiene es
5d399a93-63c1-420d-b43e-99976acabecd,1989-03-05,La Obra del Septimo Sello.,Pro,grama,Programa,Pro-grama,unir,forma_unida_atestiguada,20231,0,"nuevamente con ustedes en este lugar, para continuar hablándoles la Palabra divina, el Pro- grama de Dios, para nuestro tiempo. Leamos en el libro de Apocalipsis, capítulo 8, verso 1:"
5d399a93-63c1-420d-b43e-99976acabecd,1989-03-05,La Obra del Septimo Sello.,Mensaje,que,Mensajeque,Mensaje-que,conservar,sin_evidencia_lexica_suficiente,0,0,"ballo blanco como la nieve, y tiene una espada que sale de Su boca: la Palabra -el Mensaje- que corresponde a ese tiempo. Y tiene escrito un nombre nuevo que ninguno conoce, que ning"
5d399a93-63c1-420d-b43e-99976acabecd,1989-03-05,La Obra del Septimo Sello.,al,guien,alguien,al-guien,unir,forma_unida_atestiguada,2156,0,"s van a matar después de recibir el Mensaje). Y algunas personas piensan: ``Bueno, si al- guien está esperando una bendición, pues no espera que lo vayan a matar.'' Porque muchas pe"
5d399a93-63c1-420d-b43e-99976acabecd,1989-03-05,La Obra del Septimo Sello.,sola,mente,solamente,sola-mente,unir,forma_unida_atestiguada,18450,0,"Los bienes materiales son temporeros, éstos no le aseguran a usted su futuro eterno; sola- mente les dan un poco de comodidad en esta Tierra, un poco de bienestar; pero las cosas etern"
5d399a93-63c1-420d-b43e-99976acabecd,1989-03-05,La Obra del Septimo Sello.,corres,ponde,corresponde,corres-ponde,unir,forma_unida_atestiguada,7386,0,"or otro lado se ve la obra de Dios que se lleva a cabo. Y en nuestro tiempo la obra que corres- ponde para los escogidos de entre los gentiles, es la obra del Séptimo Sello. ¿Y cuál es la ob"
5d399a93-63c1-420d-b43e-99976acabecd,1989-03-05,La Obra del Septimo Sello.,bauti,zaste,bautizaste,bauti-zaste,unir,forma_unida_atestiguada,5,0,"Juan el Bautista sabía quién era Jesús. Por eso, cuando le dicen: ``Mira, aquél que tú bauti- zaste y del cual tú diste testimonio, a El le siguen más gente que a ti, y bautiza más gente"
5d399a93-63c1-420d-b43e-99976acabecd,1989-03-05,La Obra del Septimo Sello.,transfor,mados,transformados,transfor-mados,conservar,forma_con_guion_atestiguada,12172,1,"quí os digo un misterio: Todos ciertamente no dormiremos (moriremos), mas todos seremos transfor- mados.'' Es la Transformación que cada uno necesita para poder vivir eternamente en un cuer"
5d399a93-63c1-420d-b43e-99976acabecd,1989-03-05,La Obra del Septimo Sello.,transfor,mados,transformados,transfor-mados,conservar,forma_con_guion_atestiguada,12172,1,"s; lo cual recibiremos en la obra del Séptimo Sello. Dice San Pablo: ``Todos seremos transfor- mados, en un abrir y cerrar de ojos, a la final ===== [PAGINA 16 de 27] ===== WILLIAM SOTO SA"
5d399a93-63c1-420d-b43e-99976acabecd,1989-03-05,La Obra del Septimo Sello.,Cor,dero,Cordero,Cor-dero,unir,forma_unida_atestiguada,28297,0,"Siendo el Séptimo Sello, la Segunda Venida del Señor con Sus Angeles, ya no como el Cor- dero de Dios, porque esa fue la obra para Su Primera Venida, sino como el León de la tribu d"
5d399a93-63c1-420d-b43e-99976acabecd,1989-03-05,La Obra del Septimo Sello.,recompen,sa,recompensa,recompen-sa,unir,forma_unida_atestiguada,1873,0,brazo con el Séptimo Sello. Y nuestro trabajo en el Señor no es en vano. Recibiremos la recompen- sa de acuerdo a lo que hayamos hecho en la obra del Séptimo Sello. Así que eso corre
43bc21c8-e646-4b1a-9ca0-cbd5d8881baa,1989-10-25,La Venida del Señor en Gloria. sencillo,Pro,piedad,Propiedad,Pro-piedad,unir,forma_unida_atestiguada,5377,0,"a cabo como el León de la Tribu de Judá, y trae nuevamente a la raza humana el Título de Pro- piedad, ese libro de la Redención, para los hijos de Dios tener el derecho y la oportunidad de"
43bc21c8-e646-4b1a-9ca0-cbd5d8881baa,1989-10-25,La Venida del Señor en Gloria. sencillo,noso,tros,nosotros,noso-tros,conservar,forma_con_guion_atestiguada,59292,2,"s mismos esperando la adopción, la redención de nuestro cuerpo (o sea gemimos dentro de noso- tros mismos esperando la Transformación de nuestros cuerpos).'' Cuando eso ocurra, hemos sido"
43bc21c8-e646-4b1a-9ca0-cbd5d8881baa,1989-10-25,La Venida del Señor en Gloria. sencillo,Glo,ria,Gloria,Glo-ria,unir,forma_unida_atestiguada,11447,0,"vosotros. Y si me fuere y os preparare lugar, vendré otra vez (¡La Venida del Señor en Glo- ria!), y os tomaré a mí mismo...'' Somos carne de Su carne y hueso de Sus huesos. Somos part"
43bc21c8-e646-4b1a-9ca0-cbd5d8881baa,1989-10-25,La Venida del Señor en Gloria. sencillo,Jesu,cristo,Jesucristo,Jesu-cristo,conservar,forma_con_guion_atestiguada,146878,19,"Sus huesos. Somos parte del Señor Jesucristo, porque somos el cuerpo místico del Señor Jesu- cristo, la esposa del Cordero. Y dice: ``Os tomaré a mí mismo, para que donde yo estoy, vosotro"
43bc21c8-e646-4b1a-9ca0-cbd5d8881baa,1989-10-25,La Venida del Señor en Gloria. sencillo,pasa,do,pasado,pasa-do,unir,forma_unida_atestiguada,6836,0,".'' Es la única forma en la cual el ser humano puede conocer lo que Dios ha hecho en el pasa- do, lo que Él hace en el presente y lo que hará en el futuro. Porque solamente a los profet"
43bc21c8-e646-4b1a-9ca0-cbd5d8881baa,1989-10-25,La Venida del Señor en Gloria. sencillo,sella,dos,sellados,sella-dos,unir,forma_unida_atestiguada,2014,0,"'' Todo Israel para Dios son 144,000 hebreos, 12,000 de cada tribu, que serán llamados y sella- dos con el Sello del Dios Vivo, por el Ángel del Señor Jesucristo. El cual vemos en Apocalip"
43bc21c8-e646-4b1a-9ca0-cbd5d8881baa,1989-10-25,La Venida del Señor en Gloria. sencillo,corrup,ción,corrupción,corrup-ción,unir,forma_unida_atestiguada,649,0,"iberación, la Obra en la cual Él libertará a cada hijo de Dios de esta etapa de muerte y corrup- ción, y lo colocará en la eternidad. Todos seremos libertados. Así es que como dijo San Pablo"
43bc21c8-e646-4b1a-9ca0-cbd5d8881baa,1989-10-25,La Venida del Señor en Gloria. sencillo,eter,nos,eternos,eter-nos,unir,forma_unida_atestiguada,4485,0,"abo. Éramos, somos y seremos hijos de Dios por toda la eternidad manifestados en cuerpos eter- nos, y no lo sabíamos. Y nos preocupábamos y nos preguntábamos: ¿Seré yo uno de los escogi-"
43bc21c8-e646-4b1a-9ca0-cbd5d8881baa,1989-10-25,La Venida del Señor en Gloria. sencillo,escogi,dos,escogidos,escogi-dos,unir,union_legitima_certificada_piloto,24653,0,"ter- nos, y no lo sabíamos. Y nos preocupábamos y nos preguntábamos: ¿Seré yo uno de los escogi- dos de los cuales habla la Escritura que serán llamados con Gran Voz de trompeta y juntados"
43bc21c8-e646-4b1a-9ca0-cbd5d8881baa,1989-10-25,La Venida del Señor en Gloria. sencillo,pre,destinado,predestinado,pre-destinado,unir,forma_unida_atestiguada,801,0,"Mensaje del Señor Jesucristo para este tiempo final, hemos descubierto lo que Dios había pre- destinado para cada uno de nosotros. Hemos descubierto que éramos hijos de Dios, y no lo sabíamos;"
6a0fbbee-ae69-4cf8-ab87-eec99786f3b3,1992-01-31,La Restauracion del Reino. sencillo,Nabu,codonosor,Nabucodonosor,Nabu-codonosor,unir,forma_unida_atestiguada,1350,0,"ios viene a la Tierra. Vean ustedes la interpretación que le dio el profeta Daniel al rey Nabu- codonosor. En el capítulo 2, verso 44 al 45: ``Y en los días de estos reyes.'' ¿En los días de cuál"
6a0fbbee-ae69-4cf8-ab87-eec99786f3b3,1992-01-31,La Restauracion del Reino. sencillo,junta,mente,juntamente,junta-mente,unir,forma_unida_atestiguada,2405,0,"ez reyes, que aún no han recibido reino; pero por una hora recibirán autoridad como reyes junta- mente con la bestia. Estos tienen un mismo propósito, y entregarán su poder y su autoridad a"
6a0fbbee-ae69-4cf8-ab87-eec99786f3b3,1992-01-31,La Restauracion del Reino. sencillo,ima,gen,imagen,ima-gen,unir,forma_unida_atestiguada,9204,0,"las cuales había engañado a los que recibieron la marca de la bestia, y habían adorado su ima- gen. Estos dos fueron lanzados vivos dentro de un lago de fuego que arde con azufre. Y los"
6a0fbbee-ae69-4cf8-ab87-eec99786f3b3,1992-01-31,La Restauracion del Reino. sencillo,salva,ción,salvación,salva-ción,unir,forma_unida_atestiguada,11891,0,", y verso 10, dice: ``Entonces oí una gran voz en el cielo, que decía: Ahora ha venido la salva- ción, el poder, y el reino de nuestro Dios, y la autoridad de su Cristo; porque ha sido lanzad"
6a0fbbee-ae69-4cf8-ab87-eec99786f3b3,1992-01-31,La Restauracion del Reino. sencillo,Sacer,dotes,Sacerdotes,Sacer-dotes,unir,forma_unida_atestiguada,5846,0,"u Padre; a él sea gloria e imperio por los siglos de los siglos. Amén.'' Nos hizo Reyes y Sacer- dotes. Y aquí en el capítulo 5, versos 9 y 10, dice: ``y cantaban un nuevo cántico, diciend"
6a0fbbee-ae69-4cf8-ab87-eec99786f3b3,1992-01-31,La Restauracion del Reino. sencillo,Ange,les,Angeles,Ange-les,unir,forma_unida_atestiguada,3137,0,"ne la Venida de esa Piedra no cortada de mano, que es la Segunda Venida de Cristo con Sus Ange- les, con el ministerio de Moisés y de Elías para llamar y juntar a todos los escogidos. To"
6a0fbbee-ae69-4cf8-ab87-eec99786f3b3,1992-01-31,La Restauracion del Reino. sencillo,seño,res,señores,seño-res,unir,forma_unida_atestiguada,5986,0,"ano, estaremos viendo la obra de Cristo en Su Segunda Venida como Rey de reyes y Señor de seño- res en la Venida de Cristo para el establecimiento del Reino de Cristo, en donde todos nosotr"
6a0fbbee-ae69-4cf8-ab87-eec99786f3b3,1992-01-31,La Restauracion del Reino. sencillo,mon,te,monte,mon-te,unir,forma_unida_atestiguada,11574,0,"en miniatura, en la Venida de Cristo, y después crece y crece hasta que se forma ese gran mon- te, ese gran Reino sobre la Tierra; pero primero viene como una piedrecita pequeña, lo cual"
6a0fbbee-ae69-4cf8-ab87-eec99786f3b3,1992-01-31,La Restauracion del Reino. sencillo,hom,bres,hombres,hom-bres,conservar,forma_con_guion_atestiguada,7560,3,"as encuentren ahí: la prosperidad, la felicidad, el amor divino, la comprensión entre los hom- bres, esa confraternidad entre seres humanos. Todas estas cosas hermosas las encuentren ahí lo"
6a0fbbee-ae69-4cf8-ab87-eec99786f3b3,1992-01-31,La Restauracion del Reino. sencillo,transforma,dos,transformados,transforma-dos,unir,forma_unida_atestiguada,12172,0,"o con todas las bendiciones del Reino de Cristo; y que pronto nosotros que vivimos seamos transforma- dos y pasemos a la vida eterna, y luego estemos en ese glorioso Reino milenial, y por toda la"
0d8c7955-643e-47b7-b46e-18f6f7e1c49a,1992-12-27,La Voz del Hijo de Dios. sencillo,aparecién,dole,apareciéndole,aparecién-dole,unir,forma_unida_atestiguada,241,0,"isto en la Columna de fuego, a Jesucristo en Espíritu, moviéndose en medio de las edades, aparecién- dole al mensajero que El tendría para la primera edad, el cual ni sabía que él era un instrume"
0d8c7955-643e-47b7-b46e-18f6f7e1c49a,1992-12-27,La Voz del Hijo de Dios. sencillo,sépti,mo,séptimo,sépti-mo,unir,forma_unida_atestiguada,23416,0,"en Norteamérica. Y la Voz de Jesucristo, la Voz del Hijo de Dios, se escuchó a través del sépti- mo ángel mensajero, William Marrion Branham. Y luego la Voz del Hijo de Dios, la Voz de J"
0d8c7955-643e-47b7-b46e-18f6f7e1c49a,1992-12-27,La Voz del Hijo de Dios. sencillo,Sépti,mo,Séptimo,Sépti-mo,unir,forma_unida_atestiguada,23416,0,"po es oída para dar a conocer estos misterios del Reino de Dios. Y en el cumplimiento del Sépti- mo Sello, o sea de la Venida del Angel fuerte, de la Venida de Jesucristo, de la Venida de l"
0d8c7955-643e-47b7-b46e-18f6f7e1c49a,1992-12-27,La Voz del Hijo de Dios. sencillo,Testa,mento,Testamento,Testa-mento,unir,forma_unida_atestiguada,12385,0,"la cumpliría aquí en la Tierra, así como fue mostrada en los tipos y figuras del Antiguo Testa- mento y también del Nuevo Testamento; aunque cuando Juan escuchó los siete Truenos no pudo escr"
0d8c7955-643e-47b7-b46e-18f6f7e1c49a,1992-12-27,La Voz del Hijo de Dios. sencillo,Pro,piedad,Propiedad,Pro-piedad,unir,forma_unida_atestiguada,5377,0,"cto: las tablas de la Ley, fue el Mensaje dado al pueblo; y el contenido de ese Título de Pro- piedad es el Mensaje dado a Su cuerpo místico, a Sus hijos, y en el fin del tiempo es dado el co"
0d8c7955-643e-47b7-b46e-18f6f7e1c49a,1992-12-27,La Voz del Hijo de Dios. sencillo,correspon,diente,correspondiente,correspon-diente,unir,forma_unida_atestiguada,10957,0,"s, pues él no podía hablar con detalles del Lugar Santísimo porque él no tenía el Mensaje correspon- diente al Lugar Santísimo del Templo espiritual del Señor Jesucristo, sino el Mensaje del Lugar"
0d8c7955-643e-47b7-b46e-18f6f7e1c49a,1992-12-27,La Voz del Hijo de Dios. sencillo,correspondien,tes,correspondientes,correspondien-tes,unir,forma_unida_atestiguada,2518,0,"equiere el Mensaje del Evangelio del Reino, en el cual están explicadas todas estas cosas correspondien- tes al Lugar Santísimo, está explicado la Venida de la Shekinah, de la Columna de fuego, del"
0d8c7955-643e-47b7-b46e-18f6f7e1c49a,1992-12-27,La Voz del Hijo de Dios. sencillo,ene,mistad,enemistad,ene-mistad,unir,forma_unida_atestiguada,128,0,"la simiente de la serpiente en la cabeza. Génesis capítulo 3, verso 15, dice: ``Y pondré ene- mistad entre ti y la mujer (o sea entre la serpiente y la mujer), y entre tu simiente y la simie"
0d8c7955-643e-47b7-b46e-18f6f7e1c49a,1992-12-27,La Voz del Hijo de Dios. sencillo,maldi,ción,maldición,maldi-ción,unir,forma_unida_atestiguada,1195,0,"la Segunda Venida de Cristo), no sea que yo venga y hiera la tierra con maldición (con la maldi- ción o maldiciones de la gran tribulación).'' Ahora vean ustedes, también el profeta Zacarí"
0d8c7955-643e-47b7-b46e-18f6f7e1c49a,1992-12-27,La Voz del Hijo de Dios. sencillo,incorrupti,bles,incorruptibles,incorrupti-bles,unir,forma_unida_atestiguada,720,0,"sformados y raptados, y los muertos en Cristo escucharían para ser resucitados en cuerpos incorrupti- bles. ``LA VOZ DEL HIJO DE DIOS.'' Hemos visto lo que es la Voz del Hijo de Dios sonando la"
a776a1ca-b27b-4726-bee0-ac113360b4e4,1985-10-07,La Única esperanza de los elegidos,apa,recieron,aparecieron,apa-recieron,unir,forma_unida_atestiguada,1525,0,figuración apareció un profeta a cada lado del Señor. Como dos poderosas alas apa- recieron Moisés y Elías. Pues el Señor estaba allí mostrando Su venida en el tiempo final en el Oc
a776a1ca-b27b-4726-bee0-ac113360b4e4,1985-10-07,La Única esperanza de los elegidos,plena,mente,plenamente,plena-mente,unir,forma_unida_atestiguada,1074,0,"a todos los elegidos para luego ser transformados en este tiempo final, antes que caigan plena- mente los juicios apocalípticos de la gran tribulación, que comenzarán con la apertura"
a776a1ca-b27b-4726-bee0-ac113360b4e4,1985-10-07,La Única esperanza de los elegidos,manifes,tar,manifestar,manifes-tar,unir,forma_unida_atestiguada,1060,0,", conforme a Apocalipsis capítulo 1:1: ""La revelación de Jesucristo, que Dios le dio para manifes- tar a sus siervos las cosas que deben suceder pronto; y la declaró enviándola por"
a776a1ca-b27b-4726-bee0-ac113360b4e4,1985-10-07,La Única esperanza de los elegidos,re,lámpago,relámpago,re-lámpago,unir,forma_unida_atestiguada,627,0,"de del Señor Jesucristo, que es la manifestación de la venida del Hijo del Hombre como el re- lámpago revelándose en el Occidente, dando esa revelación, a todos los elegidos. Como di"
a776a1ca-b27b-4726-bee0-ac113360b4e4,1985-10-07,La Única esperanza de los elegidos,trans,formación,transformación,trans-formación,conservar,forma_con_guion_atestiguada,10337,1,"te a todos los que tienen sed de la vida eterna, a todos los que tienen sed de recibir la trans- formación de sus cuerpos, para regresar a la eternidad. La Voz del Señor, el mensaje de gran voz d"
a776a1ca-b27b-4726-bee0-ac113360b4e4,1985-10-07,La Única esperanza de los elegidos,cristia,nismo,cristianismo,cristia-nismo,conservar,forma_con_guion_atestiguada,3859,1,ertos y la transformación de los vivos. Ese ha sido el sueño de todos los creyentes en el cristia- nismo. Ese ha sido el sueño de todos los creyentes en el Señor Jesucristo. Y ese es el sueño qu
a776a1ca-b27b-4726-bee0-ac113360b4e4,1985-10-07,La Única esperanza de los elegidos,transfor,mación,transformación,transfor-mación,unir,forma_unida_atestiguada,10337,0,"dos, la única esperanza de los que estén vivos de la Iglesia gentil, los que recibirán la transfor- mación sin ver muerte; y la única esperanza de los muertos en Cristo que han de resucitar; y la"
a776a1ca-b27b-4726-bee0-ac113360b4e4,1985-10-07,La Única esperanza de los elegidos,resurrec,ción,resurrección,resurrec-ción,unir,forma_unida_atestiguada,14442,0,"las faltas que ellos podrían ver en usted; entonces usted podría decirles, después de la resurrec- ción: ""Mira, fue una bendición para mí; porque yo tenía la única esperanza; y yo había creído"
a776a1ca-b27b-4726-bee0-ac113360b4e4,1985-10-07,La Única esperanza de los elegidos,interpret,ado,interpretado,interpret-ado,unir,forma_unida_atestiguada,113,0,"años he visto que es duro el camino, y que algunas veces uno es mal entendido, mal interpret- ado; y que algunas personas en vez de mirar lo que Dios ha prometido y cómo Dios"
60c47d2c-d79a-4936-8d1a-1aad80db9373,1989-05-28,El Amor Divino. sencillo,esta,blecidas,establecidas,esta-blecidas,unir,forma_unida_atestiguada,243,0,"regaciones en los diferentes lugares para que continúen recibiendo el Mensaje, y queden esta- blecidas congregaciones como en la América Latina. ===== [PAGINA 3 de 43] ===== EL AMOR DIVINO Bu"
60c47d2c-d79a-4936-8d1a-1aad80db9373,1989-05-28,El Amor Divino. sencillo,persi,guiendo,persiguiendo,persi-guiendo,unir,forma_unida_atestiguada,241,0,"aulo de Tarso ===== [PAGINA 7 de 43] ===== EL AMOR DIVINO iba por el camino hacia Damasco persi- guiendo a los cristianos, y le apareció una Luz más fuerte que la luz del Sol, y cegó a Saulo;"
60c47d2c-d79a-4936-8d1a-1aad80db9373,1989-05-28,El Amor Divino. sencillo,minis,terio,ministerio,minis-terio,conservar,forma_con_guion_atestiguada,18790,1,"go estaba en él. Y luego, cuando vuela de él, muestra en esa visión que él pasaba de ese minis- terio en la cuarta manifestación de Elías, a una nueva Edad para una nueva mani- festación en"
60c47d2c-d79a-4936-8d1a-1aad80db9373,1989-05-28,El Amor Divino. sencillo,mani,festación,manifestación,mani-festación,unir,forma_unida_atestiguada,9300,0,"de ese minis- terio en la cuarta manifestación de Elías, a una nueva Edad para una nueva mani- festación en un nuevo ministerio, para un nuevo pueblo. Por eso, el séptimo mensajero lo vio vola"
60c47d2c-d79a-4936-8d1a-1aad80db9373,1989-05-28,El Amor Divino. sencillo,mani,festado,manifestado,mani-festado,unir,forma_unida_atestiguada,11465,0,"uego en forma de Espíritu... Y Jesucristo, en forma de Espíritu, fue prometido para ser mani- festado en toda Su plenitud en este tiempo final. Por eso el séptimo mensajero dice: ``Y cuando"
60c47d2c-d79a-4936-8d1a-1aad80db9373,1989-05-28,El Amor Divino. sencillo,manda,miento,mandamiento,manda-miento,unir,forma_unida_atestiguada,1344,0,"Primera Venida, también es en la Segunda Venida del Hijo del Hombre, este es el primer manda- miento: ``Amarás al Señor tu Dios con todo tu corazón, con toda tu alma, con todas tus fuerzas"
60c47d2c-d79a-4936-8d1a-1aad80db9373,1989-05-28,El Amor Divino. sencillo,Apoca,lipsis,Apocalipsis,Apoca-lipsis,unir,forma_unida_atestiguada,23750,0,"que oyen las palabras de la profecía de este Libro; porque el tiempo está cerca.'' Y en Apoca- lipsis 22, dice: ``Bienaventurados los que guardan las Palabras de la profecía de este Libro.''"
60c47d2c-d79a-4936-8d1a-1aad80db9373,1989-05-28,El Amor Divino. sencillo,esta,remos,estaremos,esta-remos,unir,forma_unida_atestiguada,7588,0,"es, con esa manifestación del amor divino en nuestros corazones, en nuestra alma; y así esta- remos seguros de que todos los días de nuestra vida estaremos agradando a Dios en todo moment"
60c47d2c-d79a-4936-8d1a-1aad80db9373,1989-05-28,El Amor Divino. sencillo,Ha,ciendo,Haciendo,Ha-ciendo,unir,forma_unida_atestiguada,11470,0,nuestra Edad. Ya eso sería otro tema: ¿Cómo hacer tesoros en el Reino de los cielos? o Ha- ciendo tesoros en el Reino de los cielos. Lo cual hablaremos en otra ocasión. Pero solamente es
7020089d-edf3-469b-b04d-fd5535ccf7d9,1991-08-18,El Ungido de Dios.,Naza,ret,Nazaret,Naza-ret,unir,forma_unida_atestiguada,3139,0,"cho carne, estaba allí manifestado en la Tierra, y fue conocido por el nombre de Jesús de Naza- ret. Por eso El podía decir: ``Antes que Abraham fuera, Yo soy.'' El podía decir: ``Abraham d"
7020089d-edf3-469b-b04d-fd5535ccf7d9,1991-08-18,El Ungido de Dios.,tam,bién,también,tam-bién,conservar,forma_con_guion_atestiguada,120070,1,"o en el Pilar de fuego, y hablar con Dios en el Pilar de fuego. (Eso fue cara a cara). El tam- bién lo vio, cuando pasó frente a Moisés, y vio las espaldas como las espaldas de un hombre. M"
7020089d-edf3-469b-b04d-fd5535ccf7d9,1991-08-18,El Ungido de Dios.,aconte,ciendo,aconteciendo,aconte-ciendo,unir,forma_unida_atestiguada,1057,0,"go, el Creador de los cielos y de la Tierra; y el pueblo no pudo comprender lo que estaba aconte- ciendo. Estuvo allá en el tiempo de Moisés, y también en el tiempo de Jesús, velada en carne hum"
7020089d-edf3-469b-b04d-fd5535ccf7d9,1991-08-18,El Ungido de Dios.,un,ción,unción,un-ción,unir,forma_unida_atestiguada,475,0,"u del Señor está sobre mí, por cuanto me ha ungido.'' Ungido con la columna de fuego: Esa un- ción, la unción de la columna de fuego para cumplir el programa divino para ese tiempo. Saulo"
7020089d-edf3-469b-b04d-fd5535ccf7d9,1991-08-18,El Ungido de Dios.,tam,bién,también,tam-bién,conservar,forma_con_guion_atestiguada,120070,1,"místico del Señor Jesucristo) ...os tomaré a mí mismo, para que donde yo estoy, vosotros tam- bién estéis.'' Estéis en una morada eterna, en un cuerpo eterno, como Yo también estoy, dice e"
7020089d-edf3-469b-b04d-fd5535ccf7d9,1991-08-18,El Ungido de Dios.,Espíri,tu,Espíritu,Espíri-tu,unir,forma_unida_atestiguada,85803,0,"o la que estaba llevando a cabo esa obra, era la Columna de fuego, el Señor Jesucristo en Espíri- tu, llevando a cabo esa obra por medio de Su ungido para el fin del tiempo: el Ungido de Dio"
7020089d-edf3-469b-b04d-fd5535ccf7d9,1991-08-18,El Ungido de Dios.,trom,peta,trompeta,trom-peta,unir,forma_unida_atestiguada,22778,0,"ioso de todos los tiempos. Y para este tiempo final, para tocar la gran voz de trompeta o trom- peta final y llamar y juntar a todos los escogidos, para que pueda ocurrir la Resurrección de"
7020089d-edf3-469b-b04d-fd5535ccf7d9,1991-08-18,El Ungido de Dios.,Jesu,cristo,Jesucristo,Jesu-cristo,conservar,forma_con_guion_atestiguada,146878,19,"resaremos a la vida eterna. En El, en el Pilar de fuego, está la vida eterna. En el Señor Jesu- cristo está todo lo que nosotros necesitamos. Y El nos está guiando de regreso a la vida eterna,"
7020089d-edf3-469b-b04d-fd5535ccf7d9,1991-08-18,El Ungido de Dios.,bendi,ción,bendición,bendi-ción,unir,union_legitima_certificada_piloto,26865,0,"ta mañana, en este día, nos ha dado. Ha sido algo maravilloso para mí. He disfrutado esta bendi- ción, no solamente desde el momento en que en esta mañana ustedes han comenzado a escuchar est"
01b578b6-069e-4851-b664-a4e7ae86d28f,1992-01-05,Los Genes de la Palabra.,sem,brado,sembrado,sem-brado,unir,forma_unida_atestiguada,1098,0,"entiende, viene el malo, y arrebata lo que fue sembrado en su corazón. Este es el que fue sem- brado junto al camino. Y el que fue sembrado en pedregales, éste es el que oye la palabra, y al"
01b578b6-069e-4851-b664-a4e7ae86d28f,1992-01-05,Los Genes de la Palabra.,si,miente,simiente,si-miente,unir,forma_unida_atestiguada,4701,0,"e; aunque la lluvia temprana es muy importante, pero si ha venido la lluvia temprana y la si- miente nació, creció, y lleva fruto, y no se lleva a cabo la cosecha, se pierde todo ese trabajo"
01b578b6-069e-4851-b664-a4e7ae86d28f,1992-01-05,Los Genes de la Palabra.,razo,namiento,razonamiento,razo-namiento,unir,forma_unida_atestiguada,220,0,"ra los dichos de mi boca. Goteará como la lluvia mi enseñanza; destilará como el rocío mi razo- namiento; como la llovizna sobre la grama, y como las gotas sobre la hierba; porque el nombre de J"
01b578b6-069e-4851-b664-a4e7ae86d28f,1992-01-05,Los Genes de la Palabra.,repro,ducirse,reproducirse,repro-ducirse,unir,forma_unida_atestiguada,450,0,"enes de animales, de aves, de peces, y de seres humanos; pero cada uno está diseñado para repro- ducirse, multiplicarse, y formar aquello para lo cual fue diseñado. Ahora, conociendo que la Pala"
01b578b6-069e-4851-b664-a4e7ae86d28f,1992-01-05,Los Genes de la Palabra.,Deuterono,mio,Deuteronomio,Deuterono-mio,unir,forma_unida_atestiguada,1041,0,"subir al monte, cuando ya estaba cerca de la tierra prometida, le dice Dios a Moisés, en Deuterono- mio, capítulo 32, verso 48 en adelante: ``Y habló Jehová a Moisés aquel mismo día, diciendo:"
01b578b6-069e-4851-b664-a4e7ae86d28f,1992-01-05,Los Genes de la Palabra.,creyen,do,creyendo,creyen-do,unir,forma_unida_atestiguada,2258,0,"leno de ira.'' Eso no justifica a la persona. La persona está llamada a santificar a Dios creyen- do Su Palabra, y echando a un lado la ira y la incredulidad; porque como sea incrédulo a Su"
01b578b6-069e-4851-b664-a4e7ae86d28f,1992-01-05,Los Genes de la Palabra.,volun,tad,voluntad,volun-tad,unir,forma_unida_atestiguada,5839,0,"s, hágalo por fe, y con fe, y con amor divino; no con ira, no de mala gana, sino de buena volun- tad, dándole gracias a Dios por la oportunidad que le ha dado de hacer algo, de trabajar en e"
01b578b6-069e-4851-b664-a4e7ae86d28f,1992-01-05,Los Genes de la Palabra.,represen,taba,representaba,represen-taba,unir,forma_unida_atestiguada,712,0,"sés, y por qué Dios no le perdonó ese pecado; porque la roca que hirió era tipo y figura, represen- taba a Jesucristo; igual que el cordero pascual representaba a Jesucristo, el cordero de la ex"
01b578b6-069e-4851-b664-a4e7ae86d28f,1992-01-05,Los Genes de la Palabra.,gratui,tamente,gratuitamente,gratui-tamente,unir,forma_unida_atestiguada,825,0,"Cristo, y recibiendo Su programa para nuestro tiempo, nos dará Agua: del Agua de la vida gratui- tamente. Nuevamente en Apocalipsis capítulo 22, verso 17 se abre Cristo en Su Segunda Venida: la"
0e58afc2-9f3a-4f23-9ade-5c125de42162,1992-01-10,La Palabra Vivificada hoy. sencillo,corres,ponde,corresponde,corres-ponde,unir,forma_unida_atestiguada,7386,0,"nsación, las cuales son dadas al pueblo que recibe y guarda esa Palabra, ese Mensaje, que corres- ponde a esa dispensación. En la Palabra está toda bendición de Dios. Vean ustedes que dice:"
0e58afc2-9f3a-4f23-9ade-5c125de42162,1992-01-10,La Palabra Vivificada hoy. sencillo,escogi,dos,escogidos,escogi-dos,unir,union_legitima_certificada_piloto,24653,0,"rra y la lluvia cae sobre buenos y sobre los malos también, pero ha sido por causa de los escogi- dos, de los hijos de Dios, que viene la Palabra de Dios para ese tiempo. ===== [PAGINA 3 de 1"
0e58afc2-9f3a-4f23-9ade-5c125de42162,1992-01-10,La Palabra Vivificada hoy. sencillo,Des,truirás,Destruirás,Des-truirás,unir,forma_unida_atestiguada,94,0,uvo intercediendo por Sodoma y Gomorra. Dice la Escritura: ``Y se acercó Abraham y dijo: ¿Des- truirás también al justo con el impío? Quizá haya cincuenta justos dentro de la ciudad: ¿destr
0e58afc2-9f3a-4f23-9ade-5c125de42162,1992-01-10,La Palabra Vivificada hoy. sencillo,Abra,ham,Abraham,Abra-ham,conservar,forma_con_guion_atestiguada,21650,6,"u familia, los cuales conocían el Mensaje de Dios para ese tiempo, y ese Mensaje lo tenía Abra- ham, que era el profeta de Dios para esa etapa, para ese tiempo, el cual tenía todas las bend"
0e58afc2-9f3a-4f23-9ade-5c125de42162,1992-01-10,La Palabra Vivificada hoy. sencillo,men,sajero,mensajero,men-sajero,unir,forma_unida_atestiguada,37069,0,"n el fin del tiempo corresponden a una nueva dispensación con un nuevo Mensaje y un nuevo men- sajero dispensacional, el cual recibe de parte del Señor Jesucristo todo el Mensaje de la nueva"
0e58afc2-9f3a-4f23-9ade-5c125de42162,1992-01-10,La Palabra Vivificada hoy. sencillo,trompe,ta,trompeta,trompe-ta,unir,forma_unida_atestiguada,22778,0,"Edad y nueva dispensación, escuchan la Voz del Señor Jesucristo como una gran Voz como de trompe- ta, revelándole, dándole a conocer todas las cosas que deben acontecer después de las Edades"
0e58afc2-9f3a-4f23-9ade-5c125de42162,1992-01-10,La Palabra Vivificada hoy. sencillo,correspon,den,corresponden,correspon-den,unir,forma_unida_atestiguada,1729,0,"abra a todos los hijos de Dios, cuando le es vivificado el último Mensaje y las cosas que correspon- den para ese último Mensaje, las promesas divinas le son confirmadas a los hijos de Dios en e"
0e58afc2-9f3a-4f23-9ade-5c125de42162,1992-01-10,La Palabra Vivificada hoy. sencillo,enton,ces,entonces,enton-ces,unir,forma_unida_atestiguada,61252,0,"para este tiempo en el cual nosotros vivimos). Y cuando la última Palabra sea vindicada, enton- ces la muerte es sorbida en victoria y los muertos en Cristo se levantarán, y entrará el mile"
0e58afc2-9f3a-4f23-9ade-5c125de42162,1992-01-10,La Palabra Vivificada hoy. sencillo,Pala,bra,Palabra,Pala-bra,conservar,forma_con_guion_atestiguada,66810,11,"e nos ha hablado, nosotros las entendamos correctamente. Para eso estaremos escuchando la Pala- bra, el Mensaje, la Palabra vivificada hoy, hasta que seamos transformados, y luego continuar"
2299d99e-a585-4b93-b069-69dc90c43efb,1992-04-24,La luz de Dios. sencillo,perso,nas,personas,perso-nas,unir,forma_unida_atestiguada,36227,0,"e humana, ahí está la Luz, ahí está Dios manifestado para alumbrar e iluminar a todas las perso- nas, ahí está la Luz de Dios para todos los hijos de Dios, y ahí viene el llamado: ``Levántat"
2299d99e-a585-4b93-b069-69dc90c43efb,1992-04-24,La luz de Dios. sencillo,bendicio,nes,bendiciones,bendicio-nes,unir,forma_unida_atestiguada,14283,0,"que contienen las bendiciones prometidas para los hijos de Dios, ahí está la Luz de esas bendicio- nes, de esas profecías, para que cada hijo de Dios se agarre del cumplimiento de esa Palabra"
2299d99e-a585-4b93-b069-69dc90c43efb,1992-04-24,La luz de Dios. sencillo,Men,saje,Mensaje,Men-saje,unir,forma_unida_atestiguada,43858,0,"las Escrituras que corresponden para el fin del tiempo, significa recibir la Palabra, el Men- saje, de la trompeta final, con el cual la Luz de Cristo es manifestada y nos ilumina el enten"
2299d99e-a585-4b93-b069-69dc90c43efb,1992-04-24,La luz de Dios. sencillo,res,plandece,resplandece,res-plandece,unir,forma_unida_atestiguada,870,0,"isto en el fin del tiempo, para lo cual nosotros somos llamados cuando dice: ``Levántate, res- plandece; porque ha venido tu luz, y la gloria de Jehová ha nacido sobre ti.'' ¿Dónde fue coloc"
2299d99e-a585-4b93-b069-69dc90c43efb,1992-04-24,La luz de Dios. sencillo,res,plandecer,resplandecer,res-plandecer,unir,forma_unida_atestiguada,274,0,"que la Luz de este nuevo Día dispensacional, de la Dispensación del Reino, ha comenzado a res- plandecer e iluminar nuestro entendimiento, nuestra mente, nuestro espíritu, nuestra alma, para que"
2299d99e-a585-4b93-b069-69dc90c43efb,1992-04-24,La luz de Dios. sencillo,dispen,sacional,dispensacional,dispen-sacional,unir,forma_unida_atestiguada,5997,0,"to, nuestra mente, nuestro espíritu, nuestra alma, para que así vivamos en este nuevo Día dispen- sacional, viendo todo el programa divino que se está realizando en este tiempo final; y así podamo"
2299d99e-a585-4b93-b069-69dc90c43efb,1992-04-24,La luz de Dios. sencillo,resplande,ciendo,resplandeciendo,resplande-ciendo,unir,forma_unida_atestiguada,1268,0,"ad de la Piedra Angular, la Luz está manifestada conforme a como El prometió, la Luz está resplande- ciendo. Las Escrituras que corresponden para el fin del tiempo, las bendiciones que correspo"
2299d99e-a585-4b93-b069-69dc90c43efb,1992-04-24,La luz de Dios. sencillo,ilumi,nándolo,iluminándolo,ilumi-nándolo,conservar,sin_evidencia_lexica_suficiente,0,0,"z, para que esa Luz continuara resplandeciendo en su alma y en su mente y en todo su ser, ilumi- nándolo; porque El dijo: ``Yo soy la luz del mundo.'' Y también dijo: ``y el que me sigue no anda"
2299d99e-a585-4b93-b069-69dc90c43efb,1992-04-24,La luz de Dios. sencillo,aconte,ciendo,aconteciendo,aconte-ciendo,unir,forma_unida_atestiguada,1057,0,"r en nuestro tiempo un pueblo que está en la Luz divina, viendo, entendiendo, lo que está aconte- ciendo conforme al programa divino. Así que Dios les continúe bendiciendo con todas las bendi"
bde61678-8fd9-4307-bf31-3f6ad58d7022,1992-06-21,El testimonio del Angel del Señor Jesucristo. sencillo,JESUCRIS,TO,JESUCRISTO,JESUCRIS-TO,unir,forma_unida_atestiguada,146878,0,"jeros, que son profetas mensajeros, en el Antiguo EL TESTIMONIO DEL ANGEL DEL SEÑOR JESUCRIS- TO Por William Soto Santiago 21 de junio de 1992 Villahermosa, México ===== [PAGI"
bde61678-8fd9-4307-bf31-3f6ad58d7022,1992-06-21,El testimonio del Angel del Señor Jesucristo. sencillo,dispen,sacional,dispensacional,dispen-sacional,unir,forma_unida_atestiguada,5997,0,"quier persona, sino el Sumo Sacerdote. Moisés también podía entrar, pues era el mensajero dispen- sacional. Ahora, todo esto nos muestra que en el Templo espiritual del Señor Jesucristo llegarí"
bde61678-8fd9-4307-bf31-3f6ad58d7022,1992-06-21,El testimonio del Angel del Señor Jesucristo. sencillo,com,prender,comprender,com-prender,unir,forma_unida_atestiguada,3838,0,"con el Sol de justicia saliendo, el Sol de justicia alumbrando nuestro entendimiento para com- prender los misterios de Dios correspondientes al Lugar Santísimo. Los demás misterios ya han sid"
bde61678-8fd9-4307-bf31-3f6ad58d7022,1992-06-21,El testimonio del Angel del Señor Jesucristo. sencillo,Jesu,cristo,Jesucristo,Jesu-cristo,conservar,forma_con_guion_atestiguada,146878,19,"20 creyentes que se encontraban en el aposento alto de una casa, así en la Casa del Señor Jesu- cristo, que es Su Templo, en ese Aposento del Lugar Santísimo, ha descendido el Espíritu Santo e"
bde61678-8fd9-4307-bf31-3f6ad58d7022,1992-06-21,El testimonio del Angel del Señor Jesucristo. sencillo,Dispen,sación,Dispensación,Dispen-sación,unir,union_legitima_certificada_piloto,28784,1,", y en donde los escogidos ven un nuevo Día comenzar, un nuevo Día dispensacional, ven la Dispen- sación del Reino comenzar en el Lugar Santísimo del Templo espiritual del Señor Jesucristo, y ve"
bde61678-8fd9-4307-bf31-3f6ad58d7022,1992-06-21,El testimonio del Angel del Señor Jesucristo. sencillo,llama,dos,llamados,llama-dos,unir,forma_unida_atestiguada,5108,0,"a Sus escogidos, en el Lugar Santo; pero ahora los escogidos del fin del tiempo han sido llama- dos, han sido recogidos, en el Lugar Santísimo de Su Templo espiritual, y pronto recibiremos"
bde61678-8fd9-4307-bf31-3f6ad58d7022,1992-06-21,El testimonio del Angel del Señor Jesucristo. sencillo,encontra,do,encontrado,encontra-do,unir,forma_unida_atestiguada,512,0,"d de la Piedra Angular, o sea el Mensaje del Evangelio del Reino, ha encontrado lugar, ha encontra- do cabida, en el alma, en el corazón, de los latinoamericanos y caribeños; porque son la bue"
bde61678-8fd9-4307-bf31-3f6ad58d7022,1992-06-21,El testimonio del Angel del Señor Jesucristo. sencillo,siem,pre,siempre,siem-pre,unir,forma_unida_atestiguada,16867,0,"o escuchando al Espíritu de Dios, escuchando a Jesucristo. Y estaré diciéndoles a ustedes siem- pre una sola cosa: lo que El me diga en el Lugar Santísimo para el Lugar Santísimo. Y para to"
bde61678-8fd9-4307-bf31-3f6ad58d7022,1992-06-21,El testimonio del Angel del Señor Jesucristo. sencillo,Jesucris,to,Jesucristo,Jesucris-to,unir,forma_unida_atestiguada,146878,0,"nuar en esta tarde con el testimonio del Espíritu de Dios, que es el testimonio del Señor Jesucris- to para nosotros en este tiempo final. Que Dios les bendiga y Dios les guarde a todos. Co"
cbfbde21-0c85-40bb-942c-5f61d3c37930,1992-10-18,Raya el Alba.,Bendi,ción,Bendición,Bendi-ción,unir,union_legitima_certificada_piloto,26865,0,"el nombre nuevo que le dio el Angel a Jacob. Y la bendición para Israel está basada en la Bendi- ción de la Primogenitura. Encontramos que Jacob los bendijo después, pero la Bendición de l"
cbfbde21-0c85-40bb-942c-5f61d3c37930,1992-10-18,Raya el Alba.,dis,pensacional,dispensacional,dis-pensacional,unir,forma_unida_atestiguada,5997,0,"en este tiempo final: Hijo del Hombre e Hijo de David; porque raya el alba del nuevo Día dis- pensacional del Reino, raya el alba del próximo Milenio, raya el alba del Reino milenial del Señor Je"
cbfbde21-0c85-40bb-942c-5f61d3c37930,1992-10-18,Raya el Alba.,rayan,do,rayando,rayan-do,unir,forma_unida_atestiguada,326,0,"ios, que para nosotros son mil años el glorioso Reino milenial del Señor Jesucristo. Está rayan- do ese glorioso Reino milenial, está rayando ese glorioso tiempo, está por nacer, por amanec"
cbfbde21-0c85-40bb-942c-5f61d3c37930,1992-10-18,Raya el Alba.,mana,da,manada,mana-da,unir,forma_unida_atestiguada,330,0,"de justicia, y en sus alas traerá salvación; y saldréis, y saltaréis como becerros de la mana- da. Hollaréis a los malos, los cuales serán ceniza debajo de vuestros pies.'' Durante"
cbfbde21-0c85-40bb-942c-5f61d3c37930,1992-10-18,Raya el Alba.,noso,tros,nosotros,noso-tros,conservar,forma_con_guion_atestiguada,59292,2,"gentiles fue prometida la bendición grande al rayar el alba. Y está rayando el alba para noso- tros. Estemos siempre atentos, porque El está y estará bendiciéndonos con Su Palabra hablad"
cbfbde21-0c85-40bb-942c-5f61d3c37930,1992-10-18,Raya el Alba.,dispen,sacional,dispensacional,dispen-sacional,unir,forma_unida_atestiguada,5997,0,", levántate de entre los muertos, y te alumbrará Cristo'' en esta mañana gloriosa del Día dispen- sacional del Reino, en donde está rayando el alba, para recibir nosotros las bendiciones de Jesucr"
cbfbde21-0c85-40bb-942c-5f61d3c37930,1992-10-18,Raya el Alba.,hablan,do,hablando,hablan-do,unir,forma_unida_atestiguada,16347,0,"o les hablo a ustedes las bendiciones de Dios, la Bendición de la Primogenitura, la estoy hablan- do para mí también. Así que en esta mañana Dios me ha bendecido con Su Palabra hablada co"
cbfbde21-0c85-40bb-942c-5f61d3c37930,1992-10-18,Raya el Alba.,vivi,mos,vivimos,vivi-mos,unir,forma_unida_atestiguada,6831,0,"el Brasil, en donde estarán haciendo todo tipo de preguntas relacionadas al tiempo en que vivi- mos, al Mensaje, al ministerio del fin del tiempo, a la labor de los jóvenes en el fin del ti"
cbfbde21-0c85-40bb-942c-5f61d3c37930,1992-10-18,Raya el Alba.,bendi,ciones,bendiciones,bendi-ciones,unir,forma_unida_atestiguada,14283,0,"or Jesucristo que me dé Su Palabra, que ponga Su Palabra en mi boca, que ponga todas esas bendi- ciones que El tiene para Sus escogidos, que las ponga en mi boca para hablarlas a ustedes, para"
41f228a3-284f-47e9-94be-47a09224e1ff,1992-11-15,La Vision Apocalitica en la Dispensacion de la Gracia.,Dis,pensación,Dispensación,Dis-pensación,unir,forma_unida_atestiguada,28784,0,"encontramos la profecía de toda la historia que tendría la Dispensación de la Gracia y la Dis- pensación del Reino, y la entrada a la eternidad. Pero todo esto estaba sellado y cerrado. Al pr"
41f228a3-284f-47e9-94be-47a09224e1ff,1992-11-15,La Vision Apocalitica en la Dispensacion de la Gracia.,levan,taría,levantaría,levan-taría,unir,forma_unida_atestiguada,178,0,"tiempo de Daniel, en aquella Dispensación de la Ley, en donde el reino de los gentiles se levan- taría en la cabeza de oro de esa estatua que vio Nabucodonosor. Y le fue mostrado al profeta Da"
41f228a3-284f-47e9-94be-47a09224e1ff,1992-11-15,La Vision Apocalitica en la Dispensacion de la Gracia.,mues,tra,muestra,mues-tra,unir,forma_unida_atestiguada,4192,0,"ta bestia será un cuarto reino en la tierra (vean ustedes cómo en forma simbólica Dios le mues- tra el cuarto reino que estará en la Tierra en el fin del tiempo), el cual será diferente de"
41f228a3-284f-47e9-94be-47a09224e1ff,1992-11-15,La Vision Apocalitica en la Dispensacion de la Gracia.,entre,gados,entregados,entre-gados,unir,forma_unida_atestiguada,44,0,"a los santos del Altísimo quebrantará, y pensará en cambiar los tiempos y la ley; y serán entre- gados en su mano hasta tiempo, y tiempos, y medio tiempo (o sea la mitad de un tiempo. Tiempo:"
41f228a3-284f-47e9-94be-47a09224e1ff,1992-11-15,La Vision Apocalitica en la Dispensacion de la Gracia.,apoca,lípticos,apocalípticos,apoca-lípticos,unir,forma_unida_atestiguada,372,0,"tas palabras, Dios enviaría a alguien para dar a conocer el significado de estos símbolos apoca- lípticos que vio Juan el discípulo amado, y que vio el profeta Daniel. Sigue diciendo: ``Muchos"
41f228a3-284f-47e9-94be-47a09224e1ff,1992-11-15,La Vision Apocalitica en la Dispensacion de la Gracia.,primera,mente,primeramente,primera-mente,unir,forma_unida_atestiguada,1608,0,"taban cumplidas todavía. Y otra cosa: para ser dadas a conocer al pueblo tienen que venir primera- mente a un profeta mensajero, y luego ese profeta dar a conocer, abrir al público, estas palabr"
41f228a3-284f-47e9-94be-47a09224e1ff,1992-11-15,La Vision Apocalitica en la Dispensacion de la Gracia.,huma,na,humana,huma-na,unir,forma_unida_atestiguada,20462,0,"casualidad, quizás, vieron las cosas desde el punto de vista de la trayectoria de la raza huma- na, sin que estuviera la raza humana señalada a pasar por estas diferentes etapas por las cu"
41f228a3-284f-47e9-94be-47a09224e1ff,1992-11-15,La Vision Apocalitica en la Dispensacion de la Gracia.,esco,gidos,escogidos,esco-gidos,unir,forma_unida_atestiguada,24653,0,"iablo se encarnará y perseguirá a los hijos de Dios de entre los gentiles y también a los esco- gidos del pueblo hebreo. El dijo: ``este sello es un sello predicho, pero su cumplimiento está"
41f228a3-284f-47e9-94be-47a09224e1ff,1992-11-15,La Vision Apocalitica en la Dispensacion de la Gracia.,correspon,diente,correspondiente,correspon-diente,unir,forma_unida_atestiguada,10957,0,", por permitirnos ver la visión apocalíptica cumplida en la Dispensación de la Gracia, lo correspon- diente a esa dispensación, y pedirle que nos permita ver la visión apocalíptica cumpliéndose en"
0ff7e105-898f-4fa9-a422-cb7ad5faeacd,1992-12-06,Herederos de transformacion. sencillo,Norte,américa,Norteamérica,Norte-américa,unir,forma_unida_atestiguada,2656,0,"o, en Guatemala, en Panamá, y en todos los demás lugares de la América Latina, también de Norte- américa y el Canadá. Que las bendiciones de Dios sean sobre cada uno de ustedes, y sobre mí ta"
0ff7e105-898f-4fa9-a422-cb7ad5faeacd,1992-12-06,Herederos de transformacion. sencillo,asusta,dos,asustados,asusta-dos,unir,forma_unida_atestiguada,54,0,"o despiertan: ``¡Mira, que perecemos!'' Y El les dice que tengan fe, no es para estar tan asusta- dos; y viene y reprende los vientos, reprende el mar, y todo se calmó. Y los discípulos estab"
0ff7e105-898f-4fa9-a422-cb7ad5faeacd,1992-12-06,Herederos de transformacion. sencillo,demo,nios,demonios,demo-nios,unir,forma_unida_atestiguada,656,0,"zebú, que tenía demonios, que por el dedo de Beelzebú echaba fuera demonios. Y los mismos demo- nios decían: ``No. Ese no es de los nuestros, Ese es el Hijo de Dios. Si El viene a nosotros,"
0ff7e105-898f-4fa9-a422-cb7ad5faeacd,1992-12-06,Herederos de transformacion. sencillo,arre,piente,arrepiente,arre-piente,unir,forma_unida_atestiguada,275,0,"arrepentir por el pecado de otro y que al otro le cuente ese arrepentimiento. Cada uno se arre- piente de sus propios pecados, cada uno dará cuenta a Dios por sí mismo, por su vida y por todo"
0ff7e105-898f-4fa9-a422-cb7ad5faeacd,1992-12-06,Herederos de transformacion. sencillo,siem,pre,siempre,siem-pre,unir,forma_unida_atestiguada,16867,0,"egar a esa edad de setenta años, entonces ellos dicen: ``No les estoy diciendo adiós para siem- pre, sino hasta luego, hasta muy prontito, porque la Resurrección de los muertos en Cristo es"
0ff7e105-898f-4fa9-a422-cb7ad5faeacd,1992-12-06,Herederos de transformacion. sencillo,discí,pulos,discípulos,discí-pulos,unir,forma_unida_atestiguada,8005,0,"dencia de la Resurrección de todos los santos del Antiguo Testamento? una persona que los discí- pulos conocían: Jesús. Si aparecía Abraham diciendo que era Abraham, los discípulos podían deci"
0ff7e105-898f-4fa9-a422-cb7ad5faeacd,1992-12-06,Herederos de transformacion. sencillo,cora,zones,corazones,cora-zones,unir,forma_unida_atestiguada,2159,0,"do los escogidos de la Edad de la Piedra Angular reciben ese Mensaje en sus almas, en sus cora- zones, y lo creen con toda su alma, se están comiendo ese Librito, como se lo comió Juan el dis"
0ff7e105-898f-4fa9-a422-cb7ad5faeacd,1992-12-06,Herederos de transformacion. sencillo,herede,ros,herederos,herede-ros,unir,forma_unida_atestiguada,2189,0,"cia de los hijos de Dios, la cual perdió Adán, será restaurada en este tiempo final a los herede- ros de Dios con el Título de Propiedad. A nosotros nos garantiza la Herencia el Título de"
0ff7e105-898f-4fa9-a422-cb7ad5faeacd,1992-12-06,Herederos de transformacion. sencillo,Transforma,ción,Transformación,Transforma-ción,unir,forma_unida_atestiguada,10337,0,"ad podemos decir: ``Nosotros seremos transformados.'' ¿Por qué? Porque somos herederos de Transforma- ción. Que Dios nos continúe bendiciendo a todos aquí en Costa Rica, y que Dios siga llamand"
18a9559b-300f-47e1-a307-a71814d775e9,1993-03-28,La luz verdadera que alumbra a todo hombre. sencillo,Dispensa,ción,Dispensación,Dispensa-ción,unir,forma_unida_atestiguada,28784,0,"ías capítulo 60, verso 1 al 3, se repite en la Dispensación del Reino, así como fue en la Dispensa- ción de la Gracia: “Levántate, resplandece; porque ha venido tu luz,” la Luz verdadera que alu"
18a9559b-300f-47e1-a307-a71814d775e9,1993-03-28,La luz verdadera que alumbra a todo hombre. sencillo,prome,sas,promesas,prome-sas,unir,forma_unida_atestiguada,6941,0,erdadera resplandece y alumbra a todo ser humano y lo llena del conocimiento de todas las prome- sas divinas que corresponden a este tiempo final y al glorioso Reino milenial. La Luz verdad
18a9559b-300f-47e1-a307-a71814d775e9,1993-03-28,La luz verdadera que alumbra a todo hombre. sencillo,origina,les,originales,origina-les,unir,forma_unida_atestiguada,88,0,"é quiere decir esta palabra que dijo, o esta frase que está usando, vamos a buscar en los origina- les”; mas bien viene en el lenguaje común del pueblo, usándose las parábolas o dichos comunes"
18a9559b-300f-47e1-a307-a71814d775e9,1993-03-28,La luz verdadera que alumbra a todo hombre. sencillo,ama,necido,amanecido,ama-necido,unir,forma_unida_atestiguada,17,0,"justicia, Cristo, la Palabra, está en este nuevo Día dispensacional que ha nacido, que ha ama- necido, El está alumbrándonos a todos en este nuevo Día dispensacional. Yo he visto Su Luz, yo"
18a9559b-300f-47e1-a307-a71814d775e9,1993-03-28,La luz verdadera que alumbra a todo hombre. sencillo,reden,ción,redención,reden-ción,conservar,forma_con_guion_atestiguada,12007,1,"rio de los dos olivos, dice: “traerá salud, salvación.” Esto tiene que ver también con la reden- ción de nuestros cuerpos, o sea tiene que ver con la transformación de nuestros cuerpos para n"
18a9559b-300f-47e1-a307-a71814d775e9,1993-03-28,La luz verdadera que alumbra a todo hombre. sencillo,resu,rrección,resurrección,resu-rrección,conservar,forma_con_guion_atestiguada,14442,1,"r con la transformación de nuestros cuerpos para nosotros los que estamos vivos, y con la resu- rrección de los muertos en Cristo. Así que los muertos en Cristo se levantarán, así como Jesús se"
18a9559b-300f-47e1-a307-a71814d775e9,1993-03-28,La luz verdadera que alumbra a todo hombre. sencillo,cumpli,das,cumplidas,cumpli-das,unir,forma_unida_atestiguada,1697,0,"ra, la Columna de fuego, ha resplandecido, ha alumbrado, y ahora nosotros las podemos ver cumpli- das. Y las cosas que esperábamos, muchas de ellas ya las tenemos, y hay algunas que faltan p"
18a9559b-300f-47e1-a307-a71814d775e9,1993-03-28,La luz verdadera que alumbra a todo hombre. sencillo,estare,mos,estaremos,estare-mos,unir,forma_unida_atestiguada,7588,0,"odos, Dios nos guarde; y será hasta la tarde, a las cinco de la tarde, Dios mediante, que estare- mos nuevamente aquí con ustedes, y también todos estos días estaré con ustedes en las diferen"
18a9559b-300f-47e1-a307-a71814d775e9,1993-03-28,La luz verdadera que alumbra a todo hombre. sencillo,confor,me,conforme,confor-me,unir,forma_unida_atestiguada,12885,0,"es con el séptimo ángel mensajero, o sea ocho ángeles fueron retratados allí en el cielo, confor- me a como fue revelado por el séptimo ángel mensajero. Fueron allí retratados los siete ánge"
c07a6e5b-3716-4a06-8e4d-82c54d2bb1df,1993-05-30,El Gran misterio del Señor Jesucristo en la Edad de la Piedra Angular. sencillo,mensa,jero,mensajero,mensa-jero,conservar,forma_con_guion_atestiguada,37069,1,"para una dispensación, es señalado también como un ángel o como un arcángel; porque es un mensa- jero mayor que cualquier mensajero de una edad. Ahora, Dios envía un mensajero, así lo ha hec"
c07a6e5b-3716-4a06-8e4d-82c54d2bb1df,1993-05-30,El Gran misterio del Señor Jesucristo en la Edad de la Piedra Angular. sencillo,espiri,tual,espiritual,espiri-tual,unir,forma_unida_atestiguada,23670,0,"ar durante las siete edades de la Iglesia gentil, ocurrieron en el Lugar Santo del Templo espiri- tual del Señor Jesucristo; y las cosas que acontecerían después de esas que acontecieron en el"
c07a6e5b-3716-4a06-8e4d-82c54d2bb1df,1993-05-30,El Gran misterio del Señor Jesucristo en la Edad de la Piedra Angular. sencillo,iz,quierda,izquierda,iz-quierda,unir,forma_unida_atestiguada,1221,0,"Hablé más, y le dije: ¿Qué significan estos dos olivos a la derecha del candelabro y a su iz- quierda? Hablé aún de nuevo, y le dije: ¿Qué significan las dos ramas de olivo que por medio de"
c07a6e5b-3716-4a06-8e4d-82c54d2bb1df,1993-05-30,El Gran misterio del Señor Jesucristo en la Edad de la Piedra Angular. sencillo,Jesu,cristo,Jesucristo,Jesu-cristo,conservar,forma_con_guion_atestiguada,146878,19,"ue representado también en los siete truenos de Apocalipsis capítulo 10, que es la Voz de Jesu- cristo, el Mensaje de Jesucristo como León de la tribu de Judá; por eso dice que clamó como cuan"
c07a6e5b-3716-4a06-8e4d-82c54d2bb1df,1993-05-30,El Gran misterio del Señor Jesucristo en la Edad de la Piedra Angular. sencillo,tam,bién,también,tam-bién,conservar,forma_con_guion_atestiguada,120070,1,"mundo miraba y no veía a Jesucristo, porque El estaba con Su Iglesia y en Su Iglesia, así tam- bién es en el fin del tiempo: Todos están esperando la Venida del Señor, la Venida de Jesucris"
c07a6e5b-3716-4a06-8e4d-82c54d2bb1df,1993-05-30,El Gran misterio del Señor Jesucristo en la Edad de la Piedra Angular. sencillo,Mensa,je,Mensaje,Mensa-je,unir,forma_unida_atestiguada,43858,0,"s recibiendo ese Librito, ese Título de Propiedad, ese Libro de la Redención, en forma de Mensa- je; y esa es la única forma en que uno se puede comer ese Libro, cuando está en forma de Men"
c07a6e5b-3716-4a06-8e4d-82c54d2bb1df,1993-05-30,El Gran misterio del Señor Jesucristo en la Edad de la Piedra Angular. sencillo,latino,americanos,latinoamericanos,latino-americanos,unir,forma_unida_atestiguada,1521,0,"ndo en otras naciones, como Norteamérica, el Canadá o Europa; no importa dónde estén, son latino- americanos y caribeños, son tierra latinoamericana y caribeña, y tienen derecho a escuchar los siete"
c07a6e5b-3716-4a06-8e4d-82c54d2bb1df,1993-05-30,El Gran misterio del Señor Jesucristo en la Edad de la Piedra Angular. sencillo,latino,americanos,latinoamericanos,latino-americanos,unir,forma_unida_atestiguada,1521,0,"s, nosotros formamos esa edad, está formada por seres humanos, está formada por nosotros: latino- americanos y caribeños. “EL GRAN MISTERIO DEL SEÑOR JESUCRISTO EN LA EDAD DE LA PIEDRA ANGULAR.” V"
c07a6e5b-3716-4a06-8e4d-82c54d2bb1df,1993-05-30,El Gran misterio del Señor Jesucristo en la Edad de la Piedra Angular. sencillo,Bermú,dez,Bermúdez,Bermú-dez,unir,forma_unida_atestiguada,4571,0,"arde. Muchas gracias por vuestra amable atención, y dejo nuevamente con nosotros a Miguel Bermú- dez Marín. Adelante Miguel y que Dios te bendiga grandemente. Que Dios les bendiga a todos."
368e0bf4-c9a5-4bcf-bb7f-3d41fc5dabb9,1985-12-22,Cosas que debemos conocer en este tiempo,minis,tros,ministros,minis-tros,unir,forma_unida_atestiguada,6975,0,"que lo identifique como ministro. Juan el Bautista y Jesús de Nazaret eran esa clase de minis- tros. Ahora, aunque Jesús de Nazaret no era un ministro ordenado por la religión hebrea,"
368e0bf4-c9a5-4bcf-bb7f-3d41fc5dabb9,1985-12-22,Cosas que debemos conocer en este tiempo,dis,pensación,dispensación,dis-pensación,unir,forma_unida_atestiguada,28784,0,pensación para que funcione ante la presencia de Dios; ni tampoco podrán cerrar la nueva dis- pensación que El abre. Nadie podrá impedir que funcione esa nueva dispensación ante la presenc
368e0bf4-c9a5-4bcf-bb7f-3d41fc5dabb9,1985-12-22,Cosas que debemos conocer en este tiempo,dispensa,ción,dispensación,dispensa-ción,unir,forma_unida_atestiguada,28784,0,eficios. Tenemos que entender que estamos viviendo en un tiempo donde ha terminado una dispensa- ción y ha comenzado una nueva dispensación. Tenemos que conocer eso y también tenemos que con
368e0bf4-c9a5-4bcf-bb7f-3d41fc5dabb9,1985-12-22,Cosas que debemos conocer en este tiempo,exclusiva,mente,exclusivamente,exclusiva-mente,unir,forma_unida_atestiguada,159,0,"llevará a cabo en este tiempo. Lo que El estará llevando a cabo en nuestro tiempo, será exclusiva- mente lo que El ha prometido para este tiempo. Y fuera de eso no hay quien haga que Dios lleve"
368e0bf4-c9a5-4bcf-bb7f-3d41fc5dabb9,1985-12-22,Cosas que debemos conocer en este tiempo,cumpli,miento,cumplimiento,cumpli-miento,unir,forma_unida_atestiguada,7733,0,"en estos días llamada el COMETA HALLEY? Si en este tiempo final no se puede señalar el cumpli- miento de las promesas bíblicas para este tiempo, a medida que se van cumpliendo, vana es la pr"
368e0bf4-c9a5-4bcf-bb7f-3d41fc5dabb9,1985-12-22,Cosas que debemos conocer en este tiempo,secta,rismo,sectarismo,secta-rismo,unir,forma_unida_atestiguada,36,0,"sas que nosotros debemos conocer en este tiempo. Y fuera de eso lo demás es religión, es secta- rismo, es mera interpretación humana, es religiosidad, es fanatismo religioso. Pero cuand"
368e0bf4-c9a5-4bcf-bb7f-3d41fc5dabb9,1985-12-22,Cosas que debemos conocer en este tiempo,predicacio,nes,predicaciones,predicacio-nes,unir,forma_unida_atestiguada,98,0,"cosas que necesitamos conocer, esas son las cosas que necesitamos oír, las enseñanzas y predicacio- nes que necesitamos oír, para poder recibir la transformación de nuestros cuerpos y l"
368e0bf4-c9a5-4bcf-bb7f-3d41fc5dabb9,1985-12-22,Cosas que debemos conocer en este tiempo,predica,ciones,predicaciones,predica-ciones,unir,forma_unida_atestiguada,98,0,"e tiempo en que vivimos. Fuera de eso, las demás predicaciones no son actualizadas, sino predica- ciones ya pasadas de tiempo; predicaciones que la gente ya han escuchado muchísimas veces, y no"
c54f8966-cfdb-4aae-a1ba-45a3ca4f771e,1989-07-09,La Herencia. sencillo,her,manos,hermanos,her-manos,unir,forma_unida_atestiguada,10363,0,"===== [PAGINA 1 de 17] ===== Muy buenos días, amados amigos y her- manos presentes. Es para mí un privilegio muy grande estar con ustedes en esta ocasión, luego"
c54f8966-cfdb-4aae-a1ba-45a3ca4f771e,1989-07-09,La Herencia. sencillo,Propie,dad,Propiedad,Propie-dad,unir,forma_unida_atestiguada,5377,0,"os de Dios puedan recibir la Herencia de Dios. Para recibir la Herencia, el Título de Propie- dad, que perdió Adán en el Huerto del Edén, el ===== [PAGINA 4 de 17] ===== WILLIAM SOTO SANT"
c54f8966-cfdb-4aae-a1ba-45a3ca4f771e,1989-07-09,La Herencia. sencillo,apare,ciera,apareciera,apare-ciera,unir,forma_unida_atestiguada,195,0,"ser en el ciclo divino que Dios ha establecido. Cuando se llamó en el cielo para que apare- ciera una persona digna de tomar ese Libro, no aparecía ninguna persona; y se le estaba ====="
c54f8966-cfdb-4aae-a1ba-45a3ca4f771e,1989-07-09,La Herencia. sencillo,represen,tando,representando,represen-tando,conservar,forma_con_guion_atestiguada,1054,1,"a Herencia, El trae ese Librito abierto en Su mano. Juan el Discípulo amado está allí represen- tando al profeta mensajero que estaría en la Tierra en el tiempo de la Segunda Venida del Señ"
c54f8966-cfdb-4aae-a1ba-45a3ca4f771e,1989-07-09,La Herencia. sencillo,profé,tico,profético,profé-tico,unir,forma_unida_atestiguada,1376,0,"habiéndose comido ese Librito el Mensajero del tiempo final, su Mensaje será el mensaje profé- tico para muchos pueblos, naciones y lenguas. Y será el Mensaje que él estará dando ya tenie"
c54f8966-cfdb-4aae-a1ba-45a3ca4f771e,1989-07-09,La Herencia. sencillo,mensa,jero,mensajero,mensa-jero,conservar,forma_con_guion_atestiguada,37069,1,"Palabra, esa espada aguda de dos filos, estará saliendo de la boca de un profeta, de un mensa- jero que se habrá comido ese Librito que fue abierto en el cielo. Y él estará hablando las c"
c54f8966-cfdb-4aae-a1ba-45a3ca4f771e,1989-07-09,La Herencia. sencillo,esta,mos,estamos,esta-mos,unir,forma_unida_atestiguada,25838,0,"divina, y le pertenece a cada hijo de Dios; le pertenece a usted y a mí. Y por esa causa esta- mos recibiendo el Título de Propiedad de esa Herencia. Su nombre está escrito en ese Título"
c54f8966-cfdb-4aae-a1ba-45a3ca4f771e,1989-07-09,La Herencia. sencillo,eterna,mente,eternamente,eterna-mente,unir,forma_unida_atestiguada,10667,0,"un Plan ya predestinado, en el cual ya han sido predestinados todos los que van a vivir eterna- mente. Todos los escogidos, los que están ===== [PAGINA 15 de 17] ===== LA HERENCIA 1 esc"
c40f2bdf-d081-44fc-b4d9-9a2b0d42e494,1990-11-18,El testimonio de Jesus.,manifesta,do,manifestado,manifesta-do,unir,forma_unida_atestiguada,11465,0,"í estaba el espíritu de la profecía manifestado. Y el espíritu de la profecía estaba allí manifesta- do, se había cubierto de carne, estaba cubierto de carne el cumplimiento de esa profecía. Cu"
c40f2bdf-d081-44fc-b4d9-9a2b0d42e494,1990-11-18,El testimonio de Jesus.,cum,plimiento,cumplimiento,cum-plimiento,unir,forma_unida_atestiguada,7733,0,"os hijos de Dios las promesas que Dios ha hecho para este tiempo, y dándoles a conocer el cum- plimiento de ellas a medida que se van cumpliendo; porque para esto lo envía el Señor Jesucristo. ¿"
c40f2bdf-d081-44fc-b4d9-9a2b0d42e494,1990-11-18,El testimonio de Jesus.,Transfor,mación,Transformación,Transfor-mación,unir,forma_unida_atestiguada,10337,0,"pronto. Y pronto debe acontecer la Resurrección de los muertos, pronto debe acontecer la Transfor- mación de nosotros los que estamos vivos, pronto debe acontecer el Rapto o Traslación de los esc"
c40f2bdf-d081-44fc-b4d9-9a2b0d42e494,1990-11-18,El testimonio de Jesus.,dormi,remos,dormiremos,dormi-remos,unir,forma_unida_atestiguada,469,0,"nto. Ahora, sigue diciendo, que es un misterio... “He aquí, os digo un misterio: No todos dormi- remos —o sea no todos moriremos—; pero todos seremos transformados... (recibiremos una transfor"
c40f2bdf-d081-44fc-b4d9-9a2b0d42e494,1990-11-18,El testimonio de Jesus.,eterna,mente,eternamente,eterna-mente,unir,forma_unida_atestiguada,10667,0,"ria.” Ya entonces no habrá muerte para los hijos de Dios. Ya de ahí en adelante viviremos eterna- mente, iremos al glorioso Reino Milenial, y no moriremos; pasaremos luego a la eternidad, y con"
c40f2bdf-d081-44fc-b4d9-9a2b0d42e494,1990-11-18,El testimonio de Jesus.,Transforma,ción,Transformación,Transforma-ción,unir,forma_unida_atestiguada,10337,0,"de la trompeta del año del jubileo actualizado, de la Resurrección de los muertos, de la Transforma- ción de los vivos, del Rapto de los escogidos, de la Segunda Venida del Señor con Sus Angeles."
c40f2bdf-d081-44fc-b4d9-9a2b0d42e494,1990-11-18,El testimonio de Jesus.,SIN,NUMERO,SINNUMERO,SIN-NUMERO,conservar,sin_evidencia_lexica_suficiente,0,0,"esa bendición de parte de Dios. ¡OJALA Y SEA ALLI EL LUGAR DONDE EL TENGA PARA CUMPLIR UN SIN- NUMERO DE PROFECIAS, DE COSAS, QUE DEBEN ACONTECER EN ESTE TIEMPO FINAL! Con eso no les"
c40f2bdf-d081-44fc-b4d9-9a2b0d42e494,1990-11-18,El testimonio de Jesus.,bendi,ciendo,bendiciendo,bendi-ciendo,unir,forma_unida_atestiguada,2399,0,"ofecía. Con nosotros Miguel Bermúdez Marín para concluir nuestra parte. Dios les continúe bendi- ciendo. Hasta las seis de la tarde, Dios mediante. Oren mucho por mí para que la garganta esté b"
54c8805e-efe0-414e-9cbb-dd7464cbf00a,1991-04-20,Identificación.,Va,lencia,Valencia,Va-lencia,unir,forma_unida_atestiguada,136,0,"ermanos presentes aquí en Cayey, Puerto Rico, y también a cada uno de ustedes en Tarapío (Va- lencia, Venezuela) y en los diferentes lugares de Venezuela que a través de la línea telefónica"
54c8805e-efe0-414e-9cbb-dd7464cbf00a,1991-04-20,Identificación.,Dispen,sación,Dispensación,Dispen-sación,unir,union_legitima_certificada_piloto,28784,1,"rico, siendo un pueblo esclavo, un pueblo pobre; pero aquí el profeta mensajero para esa Dispen- sación tenía todo el programa divino, porque había sido colocado en él. Dios le dijo: ``Yo pondr"
54c8805e-efe0-414e-9cbb-dd7464cbf00a,1991-04-20,Identificación.,comen,zó,comenzó,comen-zó,unir,forma_unida_atestiguada,4969,0,"que estaban en la Dispensación de la ley continuaron en la ley; pero el Señor Jesucristo comen- zó una nueva Dispensación; y los que siguieron a Jesús, entraron a una nueva Dispensación. E"
54c8805e-efe0-414e-9cbb-dd7464cbf00a,1991-04-20,Identificación.,identi,ficación,identificación,identi-ficación,unir,forma_unida_atestiguada,338,0,"esas de Dios para nosotros, identificación de las promesas de Dios para el fin del siglo, identi- ficación de las promesas de Dios para la tercera Dispensación: la Dispensación del Reino. Identifi"
54c8805e-efe0-414e-9cbb-dd7464cbf00a,1991-04-20,Identificación.,aconte,ciendo,aconteciendo,aconte-ciendo,unir,forma_unida_atestiguada,1057,0,odo lo que debe acontecer en este tiempo final. Por eso El identifica las cosas que están aconte- ciendo. Las identifica con la promesa divina escrita. El identifica lo que está aconteciendo en
54c8805e-efe0-414e-9cbb-dd7464cbf00a,1991-04-20,Identificación.,identifi,có,identificó,identifi-có,unir,forma_unida_atestiguada,453,0,"ación de las promesas de Dios para aquel tiempo, para que el pueblo pudiera creer. Moisés identifi- có las promesas que faltaban por ser cumplidas. Y les dijo: ``Dios nos ha visitado, Dios nos"
54c8805e-efe0-414e-9cbb-dd7464cbf00a,1991-04-20,Identificación.,manifestán,dose,manifestándose,manifestán-dose,unir,forma_unida_atestiguada,1882,0,"siempre se encuentra en medio de Su pueblo el profeta enviado de Dios, en donde Dios está manifestán- dose y visitando a Su pueblo, y está ahí con la Palabra, el mensaje correspondiente para ese t"
54c8805e-efe0-414e-9cbb-dd7464cbf00a,1991-04-20,Identificación.,Jerusa,lén,Jerusalén,Jerusa-lén,unir,forma_unida_atestiguada,12266,0,"rusalén, llénate de alegría, de júbilo...'' Y comenzó a enumerar las cosas por las cuales Jerusa- lén tenía que llenarse de alegría, de regocijo. Los que se llenaron de alegría, de regocijo,"
6879c0b6-686c-40a2-91cf-38aba286096c,1991-04-28,Jesucristo Revelado.,manifes,tarse,manifestarse,manifes-tarse,unir,forma_unida_atestiguada,1171,0,"Dios en toda Su plenitud; porque Dios siendo tan grande, escogió una forma sencilla para manifes- tarse y revelarse a las personas humildes y sencillas que vivían en la Tierra; pero era nada me"
6879c0b6-686c-40a2-91cf-38aba286096c,1991-04-28,Jesucristo Revelado.,predes,tinado,predestinado,predes-tinado,unir,forma_unida_atestiguada,801,0,"en a la realidad de lo que Dios le ha dado a una persona o a una nación, a lo que Dios ha predes- tinado para una nación o un individuo. La bendición de la primogenitura, como nación, le perten"
6879c0b6-686c-40a2-91cf-38aba286096c,1991-04-28,Jesucristo Revelado.,mos,trándole,mostrándole,mos-trándole,unir,forma_unida_atestiguada,264,0,"eñando a Jesucristo revelado, mostrándole a la gente cómo se reveló en este tiempo final; mos- trándole, contándole, la historia durante el Reino milenial. Durante los tiempos pasados, los que"
6879c0b6-686c-40a2-91cf-38aba286096c,1991-04-28,Jesucristo Revelado.,septuagési,ma,septuagésima,septuagési-ma,unir,forma_unida_atestiguada,10,0,"es el ministerio de Moisés y Elías dando comienzo en Israel, y dando comienzo a la semana septuagési- ma de la profecía de Daniel, el séptimo Sello es la Venida del Señor, es la revelación de Je"
6879c0b6-686c-40a2-91cf-38aba286096c,1991-04-28,Jesucristo Revelado.,aclama,ción,aclamación,aclama-ción,unir,forma_unida_atestiguada,340,0,"ca de la Venida del Señor: Uno es el que dice: ``El mismo Señor descenderá del cielo, con aclama- ción, voz de arcángel, y trompeta de Dios; y los muertos en Cristo resucitarán primero; y lueg"
6879c0b6-686c-40a2-91cf-38aba286096c,1991-04-28,Jesucristo Revelado.,tene,mos,tenemos,tene-mos,conservar,forma_con_guion_atestiguada,26700,1,"del Señor en este tiempo? Con Su Palabra, con el mensaje del Evangelio del Reino. ¿Y qué tene- mos nosotros en nuestro tiempo, en nuestra Edad y en nuestra Dispensación? Y como virtud, ¿cu"
6879c0b6-686c-40a2-91cf-38aba286096c,1991-04-28,Jesucristo Revelado.,obten,dremos,obtendremos,obten-dremos,unir,forma_unida_atestiguada,1061,0,"Dios, manifestar el amor divino es manifestar a Dios. Y con ese amor divino, que es Dios, obten- dremos la victoria del amor divino. ===== [PAGINA 12 de 15] ===== WILLIAM SOTO SANTIAGO No estam"
6879c0b6-686c-40a2-91cf-38aba286096c,1991-04-28,Jesucristo Revelado.,Resu,rrección,Resurrección,Resu-rrección,conservar,forma_con_guion_atestiguada,14442,1,"romesas; pero faltan otras promesas que están en proceso de cumplimiento. Entre ellas: la Resu- rrección de los santos y la Transformación de nuestros cuerpos. Así que faltan algunas, pero El es"
691e1fb8-6fa4-4498-8223-dcebb9bc9ffe,1992-07-05,La Señal del fin del siglo. sencillo,reci,bieron,recibieron,reci-bieron,unir,forma_unida_atestiguada,3728,0,"nsajero para aquella generación, no lo conocieron como profeta mensajero de Dios, y no lo reci- bieron, ni recibieron su Mensaje. Y no conocieron lo más importante, que eran estas cosas, y"
691e1fb8-6fa4-4498-8223-dcebb9bc9ffe,1992-07-05,La Señal del fin del siglo. sencillo,Sacer,dotes,Sacerdotes,Sacer-dotes,unir,forma_unida_atestiguada,5846,0,"luego, terminada la gran tribulación, estaremos nuevamente aquí en la Tierra como Reyes y Sacer- dotes, para comenzar con el Señor Jesucristo el glorioso Reino milenial. Mientras la Tierra"
691e1fb8-6fa4-4498-8223-dcebb9bc9ffe,1992-07-05,La Señal del fin del siglo. sencillo,manifestán,dose,manifestándose,manifestán-dose,unir,forma_unida_atestiguada,1882,0,"itu estuvo en cada ángel mensajero, así en el fin del siglo en Su Angel mensajero estaría manifestán- dose y cumpliendo cada promesa que El hizo para el fin del siglo. Así que nosotros en el fi"
691e1fb8-6fa4-4498-8223-dcebb9bc9ffe,1992-07-05,La Señal del fin del siglo. sencillo,sola,mente,solamente,sola-mente,unir,forma_unida_atestiguada,18450,0,ar en la Dispensación de la Gracia es Jesús. Pero El dice que tiene un nombre nuevo. Y El sola- mente puede usar ese nombre nuevo en una nueva dispensación cuando El haga un cambio también de
691e1fb8-6fa4-4498-8223-dcebb9bc9ffe,1992-07-05,La Señal del fin del siglo. sencillo,mani,festado,manifestado,mani-festado,unir,forma_unida_atestiguada,11465,0,ad de la Adopción; siendo la Edad de la Adopción es la Edad en la cual cada escogido será mani- festado en un cuerpo eterno como un hijo e hija de Dios. Cada escogido: hijas e hijos de Dios ser
691e1fb8-6fa4-4498-8223-dcebb9bc9ffe,1992-07-05,La Señal del fin del siglo. sencillo,Dispensa,ción,Dispensación,Dispensa-ción,unir,forma_unida_atestiguada,28784,0,"son colocados en el granero de Dios, son colocados en la Edad de la Piedra Angular en la Dispensa- ción del Reino, para así recibir todas las bendiciones que El ha prometido para Sus escogidos"
691e1fb8-6fa4-4498-8223-dcebb9bc9ffe,1992-07-05,La Señal del fin del siglo. sencillo,Jesu,cristo,Jesucristo,Jesu-cristo,conservar,forma_con_guion_atestiguada,146878,19,"ndo que pronto ocurrirá la transformación de nuestros cuerpos. Yo le doy gracias al Señor Jesu- cristo, porque yo estoy viendo la señal del fin del siglo, y yo sé que cada uno de ustedes tambi"
691e1fb8-6fa4-4498-8223-dcebb9bc9ffe,1992-07-05,La Señal del fin del siglo. sencillo,esta,mos,estamos,esta-mos,unir,forma_unida_atestiguada,25838,0,", pero la hemos de recibir; porque nosotros estamos viendo la señal del fin del tiempo, y esta- mos recibiendo Su Mensaje. Así que la transformación de nuestros cuerpos es una cosa segur"
8b3957e0-3cc8-4400-a441-42999188bd8c,1992-08-30,El Señor Jesucristo resplandeciendo como el Sol. sencillo,dispensa,cional,dispensacional,dispensa-cional,unir,forma_unida_atestiguada,5997,0,"ehová.'' ¿Qué es? la Venida del Señor como el Sol de justicia amaneciendo en un nuevo día dispensa- cional para todos los hijos de Dios. Pero, dice que tinieblas cubrirán la Tierra y oscuridad las"
8b3957e0-3cc8-4400-a441-42999188bd8c,1992-08-30,El Señor Jesucristo resplandeciendo como el Sol. sencillo,entendi,miento,entendimiento,entendi-miento,unir,forma_unida_atestiguada,2283,0,"y Señor de señores, en el fin del tiempo, para así resplandecer e iluminarnos a todos el entendi- miento. Es como en Isaías capítulo 9 y verso 1 al 2, que dice: ``Mas no habrá siempre oscurid"
8b3957e0-3cc8-4400-a441-42999188bd8c,1992-08-30,El Señor Jesucristo resplandeciendo como el Sol. sencillo,Apo,calipsis,Apocalipsis,Apo-calipsis,conservar,forma_con_guion_atestiguada,23750,1,"que temen mi nombre nacerá el Sol de justicia, y en sus alas traerá salud.'' Y también en Apo- calipsis capítulo 10, verso 1 en adelante, encontramos la Venida del Señor, la Venida de Cristo, y"
8b3957e0-3cc8-4400-a441-42999188bd8c,1992-08-30,El Señor Jesucristo resplandeciendo como el Sol. sencillo,res,plandeciendo,resplandeciendo,res-plandeciendo,unir,forma_unida_atestiguada,1268,0,"onal El se presenta, Jesucristo, la Columna de fuego, se presenta como el Sol de justicia res- plandeciendo en este nuevo Día dispensacional, para así iluminarnos el entendimiento, el corazón, llen"
8b3957e0-3cc8-4400-a441-42999188bd8c,1992-08-30,El Señor Jesucristo resplandeciendo como el Sol. sencillo,dispen,sacional,dispensacional,dispen-sacional,unir,forma_unida_atestiguada,5997,0,"al, para así iluminarnos el entendimiento, el corazón, llenarnos de Luz en este nuevo Día dispen- sacional; porque somos hijos del Día, nosotros somos hijos del Día dispensacional de la Dispensaci"
8b3957e0-3cc8-4400-a441-42999188bd8c,1992-08-30,El Señor Jesucristo resplandeciendo como el Sol. sencillo,resplande,ciendo,resplandeciendo,resplande-ciendo,unir,forma_unida_atestiguada,1268,0,"n siendo llamados a despertar a un nuevo Día dispensacional, para ver al Señor Jesucristo resplande- ciendo como el sol, como fue prometido. Así que la América Latina y el Caribe tienen el privi"
8b3957e0-3cc8-4400-a441-42999188bd8c,1992-08-30,El Señor Jesucristo resplandeciendo como el Sol. sencillo,aconte,ciendo,aconteciendo,aconte-ciendo,unir,forma_unida_atestiguada,1057,0,"o a un nuevo Día dispensacional; por esa causa podemos ver, podemos entender, lo que está aconte- ciendo en el programa de Dios en estos días finales; podemos ver, podemos comprender, lo que est"
8b3957e0-3cc8-4400-a441-42999188bd8c,1992-08-30,El Señor Jesucristo resplandeciendo como el Sol. sencillo,cora,zón,corazón,cora-zón,conservar,forma_con_guion_atestiguada,17911,1,"Dios nos guarde, y que siga El resplandeciendo y siga iluminándonos el entendimiento, el cora- zón, el alma, todo nuestro ser, para ver, para entender, todo Su programa para este nuevo Día"
c11f730c-5d79-446c-9f96-5adca459c105,1992-11-08,El liderato del Angel de Dios. sencillo,bus,cáis,buscáis,bus-cáis,unir,forma_unida_atestiguada,493,0,"arará el camino delante de mí; y vendrá súbitamente a su templo el Señor a quien vosotros bus- cáis, y el ángel del pacto, a quien deseáis vosotros. He aquí viene, ha dicho Jehová de los ej"
c11f730c-5d79-446c-9f96-5adca459c105,1992-11-08,El liderato del Angel de Dios. sencillo,perma,nece,permanece,perma-nece,unir,forma_unida_atestiguada,765,0,"e me mandó a bautizar me dijo: Sobre aquel que tú veas al Espíritu Santo descender, y que perma- nece sobre El, ese es El. Y yo vi descender en forma de paloma al Espíritu Santo sobre El, sob"
c11f730c-5d79-446c-9f96-5adca459c105,1992-11-08,El liderato del Angel de Dios. sencillo,dimen,sión,dimensión,dimen-sión,conservar,forma_con_guion_atestiguada,16772,4,"os velado, y en donde el Angel del Pacto, el Angel de Dios, que es el velo de Dios de esa dimen- sión espiritual, el Angel de Dios se veló en carne humana; y el pueblo hebreo y los discípulos"
c11f730c-5d79-446c-9f96-5adca459c105,1992-11-08,El liderato del Angel de Dios. sencillo,Anti,guo,Antiguo,Anti-guo,unir,forma_unida_atestiguada,9540,0,"e fuego, Jesucristo en forma de Columna de fuego, se identifica como Jesús, el YO SOY del Anti- guo Testamento. Vean ustedes, le dice a Pablo: ``Yo soy Jesús.'' Ahí tenemos el YO SOY con el"
c11f730c-5d79-446c-9f96-5adca459c105,1992-11-08,El liderato del Angel de Dios. sencillo,dándo,nos,dándonos,dándo-nos,unir,forma_unida_atestiguada,2602,0,"de fuego, el Pilar de fuego, teniendo el liderato en nuestra Edad y nuestra dispensación, dándo- nos Su Palabra. Por esa causa estas palabras son fieles y verdaderas, y son bienaventurados l"
c11f730c-5d79-446c-9f96-5adca459c105,1992-11-08,El liderato del Angel de Dios. sencillo,correspon,diente,correspondiente,correspon-diente,unir,forma_unida_atestiguada,10957,0,mos sabemos que nuestro trabajo en el Señor no es en vano sino que recibirá la recompensa correspon- diente a nuestra labor. Encontramos que los galardones que Dios ha prometido han sido de acuerdo
c11f730c-5d79-446c-9f96-5adca459c105,1992-11-08,El liderato del Angel de Dios. sencillo,Jesu,cristo,Jesucristo,Jesu-cristo,conservar,forma_con_guion_atestiguada,146878,19,"s: el que tiene el Mensaje es el Angel de Dios, es Dios velado en la Columna de fuego, es Jesu- cristo velado en la Columna de fuego, el cual le trasmite Su Mensaje a Su Angel mensajero para q"
c11f730c-5d79-446c-9f96-5adca459c105,1992-11-08,El liderato del Angel de Dios. sencillo,Jesu,cristo,Jesucristo,Jesu-cristo,conservar,forma_con_guion_atestiguada,146878,19,"trasmite Su Mensaje a Su Angel mensajero para que así él sea la boca de Dios, la boca de Jesu- cristo; y de esa manera Jesucristo pasar Su Mensaje a Su pueblo, para que así podamos recibir la"
cda4a2b9-a652-4688-b440-171591dd53dd,1992-11-15,La Vision del Apocalipsis en la Dispensacion del Reino.,suce,der,suceder,suce-der,unir,forma_unida_atestiguada,12371,0,"la Dispensación del Reino, el Mensaje a través del cual da a conocer las cosas que deben suce- der después de la Dispensación de la Gracia, después de las cosas que sucedieron bajo la Disp"
cda4a2b9-a652-4688-b440-171591dd53dd,1992-11-15,La Vision del Apocalipsis en la Dispensacion del Reino.,Dispen,sación,Dispensación,Dispen-sación,unir,union_legitima_certificada_piloto,28784,1,"n medio de Su Iglesia, y caminando en medio de Su Iglesia, y realizando así la obra de la Dispen- sación de la Gracia. Y ahora en la Dispensación del Reino, El realiza la obra que le correspo"
cda4a2b9-a652-4688-b440-171591dd53dd,1992-11-15,La Vision del Apocalipsis en la Dispensacion del Reino.,Apoca,lipsis,Apocalipsis,Apoca-lipsis,unir,forma_unida_atestiguada,23750,0,"Dios a través de los profetas, a través de Sus ángeles mensajeros, y que en el libro del Apoca- lipsis fue colocada en forma simbólica. Así que nosotros estamos viviendo en el fin del siglo"
cda4a2b9-a652-4688-b440-171591dd53dd,1992-11-15,La Vision del Apocalipsis en la Dispensacion del Reino.,transfor,mados,transformados,transfor-mados,conservar,forma_con_guion_atestiguada,12172,1,"esurrección de los muertos en Cristo, y estamos esperando verlos, y estamos esperando ser transfor- mados nosotros al verlos a ellos; porque esta es una promesa para cada uno de los escogidos que"
cda4a2b9-a652-4688-b440-171591dd53dd,1992-11-15,La Vision del Apocalipsis en la Dispensacion del Reino.,fui,mos,fuimos,fui-mos,unir,forma_unida_atestiguada,707,0,"llevó nuestro pecado, cuando lo juzgaron y lo condenaron y lo crucificaron y murió, allí fui- mos juzgados, condenados y muertos con El; pero cuando El resucitó, resucitamos con El tambié"
cda4a2b9-a652-4688-b440-171591dd53dd,1992-11-15,La Vision del Apocalipsis en la Dispensacion del Reino.,apocalíp,ticas,apocalípticas,apocalíp-ticas,unir,forma_unida_atestiguada,374,0,"erto Rico, el Caribe y toda la América Latina, la visión del Apocalipsis, las bendiciones apocalíp- ticas prometidas para el fin del siglo, las cuales han comenzado a ser derramadas sobre los lat"
cda4a2b9-a652-4688-b440-171591dd53dd,1992-11-15,La Vision del Apocalipsis en la Dispensacion del Reino.,correspon,de,corresponde,correspon-de,unir,forma_unida_atestiguada,7386,0,"pocalíptica correspondiente a la Dispensación de la Gracia se ha cumplido, y falta la que correspon- de a la Dispensación del Reino, la cual ha comenzado a ser cumplida. Estamos en el comienzo,"
cda4a2b9-a652-4688-b440-171591dd53dd,1992-11-15,La Vision del Apocalipsis en la Dispensacion del Reino.,noso,tros,nosotros,noso-tros,conservar,forma_con_guion_atestiguada,59292,2,"esta noche, y así dándole gracias a Dios por la bendición tan grande que nos ha tocado a noso- tros. Hemos visto porqué en la América Latina y el Caribe se está recibiendo el Mensaje del"
98b7715c-7a1b-433d-8c5b-6a065f60f54c,1992-12-13,El Dia Perfecto. sencillo,alum,brando,alumbrando,alum-brando,conservar,forma_con_guion_atestiguada,665,2,"sucristo, la Columna de fuego, la Shekinah, en el Lugar Santísimo de Su Templo espiritual alum- brando a todos en el Lugar Santísimo, alumbrando a todos aquellos que han entrado al Lugar Santí"
98b7715c-7a1b-433d-8c5b-6a065f60f54c,1992-12-13,El Dia Perfecto. sencillo,seño,res,señores,seño-res,unir,forma_unida_atestiguada,5986,0,"Lugar Santísimo en Su Trono, en Su Trono como Hijo de David, como Rey de reyes y Señor de seño- res, y realizar el reclamo de todo lo que El redimió con Su Sangre, y obtener Su lugar en Su"
98b7715c-7a1b-433d-8c5b-6a065f60f54c,1992-12-13,El Dia Perfecto. sencillo,aparente,mente,aparentemente,aparente-mente,unir,forma_unida_atestiguada,668,0,"fariseos, los saduceos, y todas aquellas personas ilustres del pueblo hebreo, conocedores aparente- mente de las cosas religiosas, o las cosas de Dios. ===== [PAGINA 4 de 8] ===== 1 WILLIAM SOTO"
98b7715c-7a1b-433d-8c5b-6a065f60f54c,1992-12-13,El Dia Perfecto. sencillo,Santísi,mo,Santísimo,Santísi-mo,unir,forma_unida_atestiguada,10063,0,"o, el Día de la gran Luz. Por esa causa hemos sido nosotros llamados a entrar a ese Lugar Santísi- mo para ver la Venida de la Columna de fuego, la Venida del Señor Jesucristo en Gloria; porq"
98b7715c-7a1b-433d-8c5b-6a065f60f54c,1992-12-13,El Dia Perfecto. sencillo,transfor,mados,transformados,transfor-mados,conservar,forma_con_guion_atestiguada,12172,1,"ra introducir el glorioso Reino milenial, y para darle la fe a los hijos de Dios para ser transfor- mados. Ese es el Mensaje también para ser predicado durante el glorioso Reino milenial, el Mens"
98b7715c-7a1b-433d-8c5b-6a065f60f54c,1992-12-13,El Dia Perfecto. sencillo,Co,lumna,Columna,Co-lumna,unir,forma_unida_atestiguada,5683,0,"sucristo no estará hablando nada de sí mismo, sino lo que oiga a Jesucristo hablar, a la Co- lumna de fuego, y eso será lo que estará hablando en la Edad de la Piedra Angular, en la Edad d"
98b7715c-7a1b-433d-8c5b-6a065f60f54c,1992-12-13,El Dia Perfecto. sencillo,reve,lándonos,revelándonos,reve-lándonos,unir,forma_unida_atestiguada,481,0,". Y este Día perfecto esté bien alumbrado con la Luz, la gran Luz de la Venida del Señor, reve- lándonos todos estos misterios divinos. El Día de la gran Luz, nuestro Día, el Día octavo, que"
98b7715c-7a1b-433d-8c5b-6a065f60f54c,1992-12-13,El Dia Perfecto. sencillo,cons,trucción,construcción,cons-trucción,unir,forma_unida_atestiguada,2310,0,"itual, tomando personas de entre los latinoamericanos y caribeños, piedras vivas, para la cons- trucción del Lugar Santísimo de Su Templo espiritual. Yo le doy gracias a Dios por estar en med"
5038fb8d-e922-44ab-9c55-61b3272d8f91,1990-04-13,La trayectoria del Cordero de Dios-La Crucifixion del Señor Jesucristo sencillo,mani,festado,manifestado,mani-festado,unir,forma_unida_atestiguada,11465,0,"ual es antes de mí; porque era primero que yo. Y yo no le conocía; mas para que fuese mani- festado a Israel, por esto vine yo bautizando con agua. También dio Juan testimonio, diciendo"
5038fb8d-e922-44ab-9c55-61b3272d8f91,1990-04-13,La trayectoria del Cordero de Dios-La Crucifixion del Señor Jesucristo sencillo,repre,sentado,representado,repre-sentado,unir,forma_unida_atestiguada,2711,0,pieles con las cuales Dios vistió a Adán y a Eva. Encontramos ahí al Cordero de Dios repre- sentado en ese cordero que murió para que Adán y Eva recibieran esas túnicas. Luego cuando Ca
5038fb8d-e922-44ab-9c55-61b3272d8f91,1990-04-13,La trayectoria del Cordero de Dios-La Crucifixion del Señor Jesucristo sencillo,predi,cando,predicando,predi-cando,conservar,forma_con_guion_atestiguada,3319,1,"pecados con la Sangre de este Cordero de Dios. Juan el Bautista apareció bautizando y predi- cando el Reino de Dios, y anunciando que después de él venía Uno, el cual era mayor que él, de"
5038fb8d-e922-44ab-9c55-61b3272d8f91,1990-04-13,La trayectoria del Cordero de Dios-La Crucifixion del Señor Jesucristo sencillo,princi,pio,principio,princi-pio,unir,forma_unida_atestiguada,4708,0,"nombres no estaban escritos en el Libro de la Vida del Cordero que fue inmolado desde el princi- pio del mundo.'' Ahora, vean ustedes que este Cordero fue inmolado desde el principio del"
5038fb8d-e922-44ab-9c55-61b3272d8f91,1990-04-13,La trayectoria del Cordero de Dios-La Crucifixion del Señor Jesucristo sencillo,com,prendían,comprendían,com-prendían,unir,forma_unida_atestiguada,348,0,"en que Dios llamaba a juicio a todo ser humano. Pero las personas de aquel tiempo no com- prendían el momento tan grande, tan importante, que estaban viviendo ante la presencia de Dios."
5038fb8d-e922-44ab-9c55-61b3272d8f91,1990-04-13,La trayectoria del Cordero de Dios-La Crucifixion del Señor Jesucristo sencillo,Apoca,lipsis,Apocalipsis,Apoca-lipsis,unir,forma_unida_atestiguada,23750,0,"ue El llevó a cabo dos mil años atrás, que en Apocalipsis se habla de esa obra. Dice en Apoca- lipsis 5:9: ``...y cantaban un nuevo cántico, diciendo: Digno eres de tomar el Libro y de ab"
5038fb8d-e922-44ab-9c55-61b3272d8f91,1990-04-13,La trayectoria del Cordero de Dios-La Crucifixion del Señor Jesucristo sencillo,Jesu,cristo,Jesucristo,Jesu-cristo,conservar,forma_con_guion_atestiguada,146878,19,"ero de Dios? Yo también estoy muy agradecido a Dios por el Cordero de Dios, por el Señor Jesu- cristo, quien quitó el pecado del mundo en la Cruz del Calvario. Que Dios nos continúe bendi"
6319a2b9-72b9-4ef6-b805-dc171ab4579f,1990-05-06,El Cordero de Dios trae la Bendicion del Primogenito. sencillo,temblan,do,temblando,temblan-do,unir,forma_unida_atestiguada,296,0,"tan terrible era lo que se veía (en el monte Sinaí), que Moisés dijo: Estoy espantado y temblan- do; sino que os habéis acercado al monte de Sión, a la ciudad del Dios vivo, Jerusalén la c"
6319a2b9-72b9-4ef6-b805-dc171ab4579f,1990-05-06,El Cordero de Dios trae la Bendicion del Primogenito. sencillo,primo,génito,primogénito,primo-génito,unir,forma_unida_atestiguada,4297,0,"de Jacob: ``A Jacob amé, y a Esaú aborrecí.'' Así que Jacob recibió la bendición del primo- génito, porque la recibe aquel que es amado de Dios. También del Israel terrenal, Dios dice que"
6319a2b9-72b9-4ef6-b805-dc171ab4579f,1990-05-06,El Cordero de Dios trae la Bendicion del Primogenito. sencillo,primo,genitura,primogenitura,primo-genitura,unir,forma_unida_atestiguada,4259,0,a la descendencia de José: a Efraín y Manasés. Manasés recibió también bendición de primo- genitura; pero la parte mayor de esa bendición cayó sobre Efraín. Y esto es tipo y figura de
6319a2b9-72b9-4ef6-b805-dc171ab4579f,1990-05-06,El Cordero de Dios trae la Bendicion del Primogenito. sencillo,corres,pondiente,correspondiente,corres-pondiente,unir,forma_unida_atestiguada,10957,0,"para cada uno de nosotros en este tiempo final. El Cordero de Dios, en Su trayectoria corres- pondiente a este tiempo, trayéndonos la bendición de la primogenitura, como El lo anunció. ``EL"
6319a2b9-72b9-4ef6-b805-dc171ab4579f,1990-05-06,El Cordero de Dios trae la Bendicion del Primogenito. sencillo,primoge,nitura,primogenitura,primoge-nitura,unir,forma_unida_atestiguada,4259,0,"sto en Su obra, aun estando en cuerpos mortales. Todo esto está en la bendición de la primoge- nitura, por la cual hemos luchado, estamos luchando y lucharemos todo el tiempo que sea necesar"
6319a2b9-72b9-4ef6-b805-dc171ab4579f,1990-05-06,El Cordero de Dios trae la Bendicion del Primogenito. sencillo,trayec,toria,trayectoria,trayec-toria,unir,forma_unida_atestiguada,3048,0,"nes de la primogenitura, porque nos pertenecen. Y el Cordero de Dios ha venido en Su trayec- toria, para traernos las bendiciones de la primo- ===== [PAGINA 30 de 31] ===== WILLIAM SOTO SA"
6319a2b9-72b9-4ef6-b805-dc171ab4579f,1990-05-06,El Cordero de Dios trae la Bendicion del Primogenito. sencillo,primo,genitura,primogenitura,primo-genitura,unir,forma_unida_atestiguada,4259,0,". Tenemos la primogenitura, por lo tanto nos corresponden todas las bendiciones de la primo- genitura. Bueno, con nosotros Miguel Bermúdez Marín, para concluir en esta tarde. Bueno, he"
6dd897b8-04ff-4471-9311-eadb66caaf1d,1990-07-26,El año del Jubileo actualizado en la America Latina. sencillo,sembra,réis,sembraréis,sembra-réis,unir,forma_unida_atestiguada,42,0,"a posesión, y cada cual volverá a su familia. El año cincuenta os será de jubileo; no sembra- réis, ni segaréis lo que naciere de suyo en la tierra, ni vendimiaréis sus viñedos, porque es"
6dd897b8-04ff-4471-9311-eadb66caaf1d,1990-07-26,El año del Jubileo actualizado en la America Latina. sencillo,Jesu,cristo,Jesucristo,Jesu-cristo,conservar,forma_con_guion_atestiguada,146878,19,"n el Evangelio de la gracia, el Evangelio de la segunda dispensación que revela al Señor Jesu- cristo en Su Primera Venida como Redentor, como el Cordero de Dios. Así entró ese mensaje a"
6dd897b8-04ff-4471-9311-eadb66caaf1d,1990-07-26,El año del Jubileo actualizado en la America Latina. sencillo,pue,blo,pueblo,pue-blo,unir,forma_unida_atestiguada,71559,0,"landa. El mensaje fue pasando de mensajero a mensajero, de edad en edad, de pueblo en pue- blo, de idioma a idioma. El pilar de fuego se fue moviendo así como se movió desde Egipto h"
6dd897b8-04ff-4471-9311-eadb66caaf1d,1990-07-26,El año del Jubileo actualizado en la America Latina. sencillo,Igle,sia,Iglesia,Igle-sia,unir,forma_unida_atestiguada,80270,0,"ó de Lutero a John Wesley, mensajero que se movió en Inglaterra, en la sexta edad de la Igle- sia, en la Edad de Filadelfia. Luego pasó de John Wesley a William Ma- rrion Branham, un n"
6dd897b8-04ff-4471-9311-eadb66caaf1d,1990-07-26,El año del Jubileo actualizado en la America Latina. sencillo,Ma,rrion,Marrion,Ma-rrion,unir,forma_unida_atestiguada,774,0,"ta edad de la Igle- sia, en la Edad de Filadelfia. Luego pasó de John Wesley a William Ma- rrion Branham, un norteamericano. Pasó a la séptima edad, la Edad de Laodicea. Pero él fue"
6dd897b8-04ff-4471-9311-eadb66caaf1d,1990-07-26,El año del Jubileo actualizado en la America Latina. sencillo,angu,lar,angular,angu-lar,unir,forma_unida_atestiguada,17606,0,"e fueron actualizadas en las edades del pasado. Por esa causa en la Edad de la Piedra angu- lar, bajo el año del jubileo actualizado, siete etapas se manifiestan consecutivamente, con"
6dd897b8-04ff-4471-9311-eadb66caaf1d,1990-07-26,El año del Jubileo actualizado en la America Latina. sencillo,descien,den,descienden,descien-den,unir,forma_unida_atestiguada,117,0,"cada uno regresaba a su familia y a su herencia, a su posesión. Y la familia de la cual descien- den los hijos de Dios, es la familia celestial. Regresaremos a nuestra familia, regresaremos"
8cc20e34-b741-4bbc-a054-8231d6053b93,1991-05-19,La Gran Voz como de Trompeta en el dia del Señor.,anuncia,da,anunciada,anuncia-da,unir,forma_unida_atestiguada,187,0,a para llamar y juntar a todos los escogidos. Y esa gran voz como de trompeta también fue anuncia- da por San Pablo en 1 Corintios 15:51-52: ``He aquí os digo un misterio. Todos ciertamente n
8cc20e34-b741-4bbc-a054-8231d6053b93,1991-05-19,La Gran Voz como de Trompeta en el dia del Señor.,infor,mado,informado,infor-mado,unir,forma_unida_atestiguada,19,0,"onando con estos sentidos terrenales que están limitados, y según científicamente, le han infor- mado a los seres humanos, solamente puede usar un diez por ciento de su cerebro. Y si con un d"
8cc20e34-b741-4bbc-a054-8231d6053b93,1991-05-19,La Gran Voz como de Trompeta en el dia del Señor.,transpor,tado,transportado,transpor-tado,unir,forma_unida_atestiguada,232,0,"estas visiones apocalípticas. Pues él estuvo en espíritu en el día del Señor. O sea, fue transpor- tado al día del Señor; y entonces pudo ver y escuchar. Pudo escuchar la gran voz de trompeta,"
8cc20e34-b741-4bbc-a054-8231d6053b93,1991-05-19,La Gran Voz como de Trompeta en el dia del Señor.,genti,les,gentiles,genti-les,unir,forma_unida_atestiguada,14369,0,"da aguda para herir con ella a las naciones. (Las naciones: los gentiles, el reino de los genti- les, en la etapa de los pies de hierro y de barro cocido de esa imagen que vio Nabucodonosor,"
8cc20e34-b741-4bbc-a054-8231d6053b93,1991-05-19,La Gran Voz como de Trompeta en el dia del Señor.,Evange,lio,Evangelio,Evange-lio,unir,forma_unida_atestiguada,26740,0,"alabra, que es la gran voz de trompeta, o esa voz como de trompeta, que es el mensaje del Evange- lio del Reino, estamos conectados con nuestro espíritu teofánico. Por eso se requiere que cad"
8cc20e34-b741-4bbc-a054-8231d6053b93,1991-05-19,La Gran Voz como de Trompeta en el dia del Señor.,escu,ché,escuché,escu-ché,unir,forma_unida_atestiguada,1194,0,"creyendo ese mensaje. Mejor les digo que ya no creo este mensaje, sino que solamente fui, escu- ché y he leído algunos folletos, pero que yo no lo creo... que yo creo como ellos creen, y no"
8cc20e34-b741-4bbc-a054-8231d6053b93,1991-05-19,La Gran Voz como de Trompeta en el dia del Señor.,noso,tros,nosotros,noso-tros,conservar,forma_con_guion_atestiguada,59292,2,"portante y tan decisivo para los hijos de Dios, y tan decisivo para la raza humana, que a noso- tros no nos queda otra cosa más importante que estar como estuvo Juan el Discípulo amado. ¿Y"
6db6fa9d-2a02-49da-97b3-955bfa64d393,1991-08-11,El Arca de Salvacion.,impor,tante,importante,impor-tante,unir,forma_unida_atestiguada,14876,0,"que aconteció miles de años atrás, en el tiempo de Noé, para cada uno de nosotros? Es tan impor- tante este evento pasado para este tiempo final, que el Señor Jesucristo dijo: ``Como fue en lo"
6db6fa9d-2a02-49da-97b3-955bfa64d393,1991-08-11,El Arca de Salvacion.,por,que,porque,por-que,unir,forma_unida_atestiguada,137979,0,"empo con Sus Angeles, que es el ministerio de Moisés y Elías, es con un propósito divino, por- que ese es el tiempo en que el fin del reino de los gentiles ha llegado, es el fin del tiempo"
6db6fa9d-2a02-49da-97b3-955bfa64d393,1991-08-11,El Arca de Salvacion.,ante,riores,anteriores,ante-riores,unir,forma_unida_atestiguada,577,0,"ítulo 6, que es el diablo encarnado (Apocalipsis 6:7-8)... Vean ustedes que en las etapas ante- riores el anticristo no tuvo un nombre; pero aquí aparece con un nombre. ===== [PAGINA 5 de 21]"
6db6fa9d-2a02-49da-97b3-955bfa64d393,1991-08-11,El Arca de Salvacion.,manifesta,do,manifestado,manifesta-do,unir,forma_unida_atestiguada,11465,0,"éptima etapa o Edad de la Iglesia gentil, en el cual estuvo el espíritu y virtud de Elías manifesta- do en su cuarta manifestación, él vino en el espíritu ministerial de Elías; y siendo ese min"
6db6fa9d-2a02-49da-97b3-955bfa64d393,1991-08-11,El Arca de Salvacion.,miseri,cordia,misericordia,miseri-cordia,conservar,forma_con_guion_atestiguada,4831,1,"e de Dios, al comunicarle a su familia todo el programa divino, también ellos alcanzan la miseri- cordia de Dios. Vean ustedes que alcanzó misericordia Noé y su familia: su esposa, sus hijos, y"
6db6fa9d-2a02-49da-97b3-955bfa64d393,1991-08-11,El Arca de Salvacion.,corres,ponde,corresponde,corres-ponde,unir,forma_unida_atestiguada,7386,0,", como individuo, un galardón grande en el Reino de Dios; y yo también recibiré el que me corres- ponde a mí, conforme a la labor que me ha sido encomendada en este tiempo final. Bueno, todo es"
6db6fa9d-2a02-49da-97b3-955bfa64d393,1991-08-11,El Arca de Salvacion.,hablan,do,hablando,hablan-do,unir,forma_unida_atestiguada,16347,0,"os, Dios nos guarde. Muchas gracias por vuestra amable atención. Y en la noche les estaré hablan- do un poquito más claro del privilegio de sentarse en el Trono de David, como Hijo de David,"
edde7ccc-01f8-4b56-8a7f-d35487af8822,1991-12-24,La Luz de la Palabra prometida.,dis,pensación,dispensación,dis-pensación,unir,forma_unida_atestiguada,28784,0,a para esa dispensación. Dios estaba manifestado en Moisés. La Palabra prometida para esa dis- pensación estaba manifestada y cumplida en Moisés y a través de Moisés. El fue la Luz para esa Disp
edde7ccc-01f8-4b56-8a7f-d35487af8822,1991-12-24,La Luz de la Palabra prometida.,arrepenti,miento,arrepentimiento,arrepenti-miento,unir,forma_unida_atestiguada,1087,0,spensación de la Ley apareció Juan el Bautista predicando a todos y llamando el pueblo al arrepenti- miento. Y él dio testimonio al pueblo de que él no era esa Luz grande que el pueblo hebreo estab
edde7ccc-01f8-4b56-8a7f-d35487af8822,1991-12-24,La Luz de la Palabra prometida.,Pala,bra,Palabra,Pala-bra,conservar,forma_con_guion_atestiguada,66810,11,"de Dios para ese tiempo, para que así lo puedan ver las personas que reciben la Luz de la Pala- bra prometida para ese tiempo. Ahora, podemos ver que una cosa es la Luz de la Palabra promet"
edde7ccc-01f8-4b56-8a7f-d35487af8822,1991-12-24,La Luz de la Palabra prometida.,dispensa,ción,dispensación,dispensa-ción,unir,forma_unida_atestiguada,28784,0,la forma correcta? Porque no había visto esa Luz de la Palabra prometida para esa Edad o dispensa- ción. Por esa causa no podía ver el programa de Dios para ese tiempo. Pero cuando ve la Luz de
edde7ccc-01f8-4b56-8a7f-d35487af8822,1991-12-24,La Luz de la Palabra prometida.,conse,guir,conseguir,conse-guir,unir,forma_unida_atestiguada,759,0,neraciones han ignorado las personas pensando que por su propia sabiduría terrenal pueden conse- guir las cosas de Dios; pero eso es imposible. Si no lo pudo lograr el Sumo Pontífice y los do
edde7ccc-01f8-4b56-8a7f-d35487af8822,1991-12-24,La Luz de la Palabra prometida.,Dis,pensación,Dispensación,Dis-pensación,unir,forma_unida_atestiguada,28784,0,"como la Luz del mundo, como la Luz para todo ser humano, y hemos visto que a través de la Dis- pensación de la Gracia, que ha durado aproximadamente dos mil años, el Señor Jesucristo ha estado m"
edde7ccc-01f8-4b56-8a7f-d35487af8822,1991-12-24,La Luz de la Palabra prometida.,Bran,ham,Branham,Bran-ham,conservar,forma_con_guion_atestiguada,12860,1,"a prometida, manifestada en carne humana; o sea Jesucristo manifestado en William Marrion Bran- ham, cumpliendo las promesas finales para la Dispensación de la Gracia en la Edad de Laodicea"
5e523af4-5870-4b86-bd97-fa20d34d6b31,1992-03-01,La Vid Verdadera.,genti,les,gentiles,genti-les,unir,forma_unida_atestiguada,14369,0,"ea del Señor Jesucristo, también lo representó en el Olivo (a Cristo), y las ramas en los genti- les. Ahora, para cada Edad encontramos que la Vid verdadera dio fruto a través de ese pámp"
5e523af4-5870-4b86-bd97-fa20d34d6b31,1992-03-01,La Vid Verdadera.,pámpa,nos,pámpanos,pámpa-nos,unir,forma_unida_atestiguada,235,0,"to, el resultado, el cumplimiento, de lo que Dios prometió para el fin del tiempo? En los pámpa- nos que están en la Vid verdadera, porque en esos pámpanos aparecerá el fruto de toda promesa"
5e523af4-5870-4b86-bd97-fa20d34d6b31,1992-03-01,La Vid Verdadera.,Eda,des,Edades,Eda-des,unir,forma_unida_atestiguada,16749,0,"s ramas produce los frutos en contra de la Vid verdadera, persiguiéndolos a través de las Eda- des y matándolos, y levantándose en contra de la obra que se está llevando a cabo en la Vid v"
5e523af4-5870-4b86-bd97-fa20d34d6b31,1992-03-01,La Vid Verdadera.,produ,ciendo,produciendo,produ-ciendo,unir,forma_unida_atestiguada,746,0,"da la planta de la Vid verdadera con Sus pámpanos esté resucitada y transformada? Seguirá produ- ciendo frutos para toda la eternidad, porque somos Reyes y Sacerdotes, y reinaremos con Cristo m"
5e523af4-5870-4b86-bd97-fa20d34d6b31,1992-03-01,La Vid Verdadera.,indivi,duos,individuos,indivi-duos,unir,forma_unida_atestiguada,2545,0,"para nuestro tiempo las veremos manifestadas en nosotros, porque somos los pámpanos (como indivi- duos) de la Vid verdadera. Y como grupo de creyentes, el grupo de la Edad de la Piedra Angular"
5e523af4-5870-4b86-bd97-fa20d34d6b31,1992-03-01,La Vid Verdadera.,colo,có,colocó,colo-có,unir,forma_unida_atestiguada,3247,0,"a vida que El vivificaría en el fin del tiempo. Por esa causa las grandes promesas El las colo- có para el fin del tiempo. ¿Dónde? En la Edad de la Piedra Angular, en el pámpano de la Vid"
5e523af4-5870-4b86-bd97-fa20d34d6b31,1992-03-01,La Vid Verdadera.,progra,ma,programa,progra-ma,unir,forma_unida_atestiguada,20231,0,"peramos que Dios nos continúe bendiciendo a todos, y así crezcamos en el conocimiento del progra- ma divino para nuestro tiempo y llevemos más fruto del que hemos llevado el año pasado y año"
8b2a5782-0b2f-4bce-afe8-7e5366f4472f,1992-04-19,La Gran Victoria del Amor Divino. sencillo,ade,lante,adelante,ade-lante,unir,forma_unida_atestiguada,27581,0,"l siglo, porque el Señor Jesucristo murió en la Cruz del Calvario y luego resucitó, y más ade- lante ascendió al cielo y se colocó en el Lugar de Intercesión; Su cuerpo fue colocado en ese L"
8b2a5782-0b2f-4bce-afe8-7e5366f4472f,1992-04-19,La Gran Victoria del Amor Divino. sencillo,voso,tros,vosotros,voso-tros,unir,forma_unida_atestiguada,13697,0,"el desierto y le dijo: ``YO SOY EL QUE SOY. Y le dices al pueblo: YO SOY me ha enviado a voso- tros.'' Luego cuando le apareció a Saulo, éste le preguntó: ``¿Quién eres Señor?'' Porque S"
8b2a5782-0b2f-4bce-afe8-7e5366f4472f,1992-04-19,La Gran Victoria del Amor Divino. sencillo,Jehová,sama,Jehovásama,Jehová-sama,conservar,forma_con_guion_atestiguada,0,22,": ``En derredor tendrá dieciocho mil cañas. Y el nombre de la ciudad desde aquel día será Jehová- sama.'' La ciudad tendrá el nombre de Dios también, pero también los escogidos tendrán el nomb"
8b2a5782-0b2f-4bce-afe8-7e5366f4472f,1992-04-19,La Gran Victoria del Amor Divino. sencillo,pala,bra,palabra,pala-bra,conservar,forma_con_guion_atestiguada,66810,11,"o de incorrupción, y esto mortal se haya vestido de inmortalidad, entonces se cumplirá la pala- bra que está escrita: Sorbida es la muerte en victoria.'' Porque esa será la victoria del amo"
8b2a5782-0b2f-4bce-afe8-7e5366f4472f,1992-04-19,La Gran Victoria del Amor Divino. sencillo,echa,ban,echaban,echa-ban,unir,forma_unida_atestiguada,114,0,"s del oscurantismo, encontramos que mataban a los creyentes, a los cristianos. A unos los echa- ban a los leones (aún desde el tiempo de los apóstoles los echaban a los leones), a otros los"
8b2a5782-0b2f-4bce-afe8-7e5366f4472f,1992-04-19,La Gran Victoria del Amor Divino. sencillo,nuevamen,te,nuevamente,nuevamen-te,unir,forma_unida_atestiguada,6365,0,"todos, que Dios nos guarde. Y ya a las cinco de la tarde, hora de Puerto Rico, estaremos nuevamen- te aquí en Cayey, Puerto Rico. Y todos los lugares de los diferentes países de la Améric"
8b2a5782-0b2f-4bce-afe8-7e5366f4472f,1992-04-19,La Gran Victoria del Amor Divino. sencillo,noso,tros,nosotros,noso-tros,conservar,forma_con_guion_atestiguada,59292,2,"eñor Jesucristo. El no tuvo problemas en cuanto a la alimentación de miles de personas, y noso- tros tampoco tendremos problemas. Ahora, si alguno cree que puede tener problemas, entonces"
e7f8168e-eec2-485e-b589-cac87a38d72c,1992-05-31,El Gran misterio del Septimo Sello. sencillo,transfor,mación,transformación,transfor-mación,unir,forma_unida_atestiguada,10337,0,"estaría proclamando, dando a conocer a todos los escogidos, para así prepararlos para la transfor- mación de sus cuerpos; porque bajo la obra de la Venida de Cristo como León de la tribu de Judá,"
e7f8168e-eec2-485e-b589-cac87a38d72c,1992-05-31,El Gran misterio del Septimo Sello. sencillo,transforma,ción,transformación,transforma-ción,unir,forma_unida_atestiguada,10337,0,"obra de la Venida de Cristo como León de la tribu de Judá, en Su obra de reclamo, está la transforma- ción de nuestros cuerpos. Por lo tanto este es el gran misterio del Reino de Dios que todos lo"
e7f8168e-eec2-485e-b589-cac87a38d72c,1992-05-31,El Gran misterio del Septimo Sello. sencillo,sola,mente,solamente,sola-mente,unir,forma_unida_atestiguada,18450,0,"a Cristo reflejándose, manifestándose, y mostrando lo que será en Su Segunda Venida. Fue sola- mente un reflejo de la Segunda Venida en los mensajeros, por cuanto se estaba viviendo en aquel"
e7f8168e-eec2-485e-b589-cac87a38d72c,1992-05-31,El Gran misterio del Septimo Sello. sencillo,bendi,ciones,bendiciones,bendi-ciones,unir,forma_unida_atestiguada,14283,0,"mos conocer lo que Dios está realizando en este tiempo final, y podamos todos recibir las bendi- ciones de Dios, que son las que enriquecen. Y a vosotros es dado conocer los misterios del Re"
e7f8168e-eec2-485e-b589-cac87a38d72c,1992-05-31,El Gran misterio del Septimo Sello. sencillo,encon,traremos,encontraremos,encon-traremos,unir,forma_unida_atestiguada,606,0,"el Señor Jesucristo a Su pueblo para el fin del tiempo y para el glorioso Reino milenial, encon- traremos que será administrada por el siervo fiel y prudente. Y cuando se dice toda promesa, n"
e7f8168e-eec2-485e-b589-cac87a38d72c,1992-05-31,El Gran misterio del Septimo Sello. sencillo,arreba,tados,arrebatados,arreba-tados,unir,forma_unida_atestiguada,338,0,"onicenses, capítulo 4: ``Luego nosotros los que vivimos, los que hayamos quedado, seremos arreba- tados juntamente con ellos (con los que resucitaron) en las nubes para recibir al Señor en el a"
e7f8168e-eec2-485e-b589-cac87a38d72c,1992-05-31,El Gran misterio del Septimo Sello. sencillo,cam,biaron,cambiaron,cam-biaron,unir,forma_unida_atestiguada,46,0,"n las 5 de la tarde en Puerto Rico, y las 4 de la tarde hora de Colombia; aunque no sé si cam- biaron la hora en Colombia. De todas formas cuando acá en México son las 3 de la tarde, en Puert"
fdae8036-c29b-4a91-a720-f1b62f739798,1992-06-21,El Señor Jesucristo y su esposa en la dispensacion del Reino. sencillo,prome,sas,promesas,prome-sas,unir,forma_unida_atestiguada,6941,0,"raslación de los santos, la repartición de los galardones a todos los santos, todas estas prome- sas están en nuestra Edad, para esta Edad joven a la cual nosotros pertenecemos. Ya hemos"
fdae8036-c29b-4a91-a720-f1b62f739798,1992-06-21,El Señor Jesucristo y su esposa en la dispensacion del Reino. sencillo,generacio,nes,generaciones,generacio-nes,unir,forma_unida_atestiguada,444,0,"y nada nuevo debajo del cielo. Lo que es, dice, ya fue, ya fue en el pasado, fue en otras generacio- nes, en otras Edades, en otras dispensaciones. Y lo que será, ya es, o sea que se repiten eso"
fdae8036-c29b-4a91-a720-f1b62f739798,1992-06-21,El Señor Jesucristo y su esposa en la dispensacion del Reino. sencillo,Escritu,ras,Escrituras,Escritu-ras,unir,forma_unida_atestiguada,3777,0,"no, yo estuvo en el comienzo y vi cómo se movió cada Escritura en el cumplimiento de esas Escritu- ras.'' Los apóstoles decían que ellos habían tocado y habían visto... y ellos daban testim"
fdae8036-c29b-4a91-a720-f1b62f739798,1992-06-21,El Señor Jesucristo y su esposa en la dispensacion del Reino. sencillo,multipli,cada,multiplicada,multipli-cada,unir,forma_unida_atestiguada,52,0,"nada? Lo mismo que ha hecho lo recibirá en forma multiplicada. Si no hizo nada, en forma multipli- cada le será dado nada, le será dado mucho menos, porque tuvo la oportunidad y no la aprovechó"
fdae8036-c29b-4a91-a720-f1b62f739798,1992-06-21,El Señor Jesucristo y su esposa en la dispensacion del Reino. sencillo,esta,blecido,establecido,esta-blecido,unir,forma_unida_atestiguada,3929,0,no de Dios todos los que quieran recibir grandes galardones en ese Reino de Dios que será esta- blecido en este planeta Tierra. ===== [PAGINA 8 de 9] ===== 31 WILLIAM SOTO SANTIAGO Ante
fdae8036-c29b-4a91-a720-f1b62f739798,1992-06-21,El Señor Jesucristo y su esposa en la dispensacion del Reino. sencillo,trayec,toria,trayectoria,trayec-toria,unir,forma_unida_atestiguada,3048,0,"ración de la imprenta; y después de eso saldremos hacia Cd. México para continuar nuestra trayec- toria, y continuar pidiéndole a Dios Sus bendiciones para cada uno de ustedes y para cada uno d"
fdae8036-c29b-4a91-a720-f1b62f739798,1992-06-21,El Señor Jesucristo y su esposa en la dispensacion del Reino. sencillo,primogéni,tos,primogénitos,primogéni-tos,unir,forma_unida_atestiguada,4307,0,"jos de Dios, aunque no sean los primogénitos. Pero la bendición mayor la pedimos para los primogéni- tos, porque pidiéndola estamos pidiendo bien, porque estamos pidiendo que Dios nos dé la bend"
eed9dce0-6150-488a-84cc-f58b4aca638c,1992-08-11,El misterio Revelado del Reino de Dios. sencillo,por,qué,porqué,por-qué,unir,forma_unida_atestiguada,2335,0,o desde el oriente hasta el occidente. Y la gente humanamente no tiene una explicación de por- qué el Mensaje del Evangelio de la Gracia ha recorrido desde oriente hasta el occidente; y po
eed9dce0-6150-488a-84cc-f58b4aca638c,1992-08-11,El misterio Revelado del Reino de Dios. sencillo,dispen,sación,dispensación,dispen-sación,unir,union_legitima_certificada_piloto,28784,1,"n Mensaje para una dispensación, lo envía completo, y lo da a través del mensajero de esa dispen- sación. Luego los demás profetas que vinieron después de Moisés, solamente lo que hicieron de"
eed9dce0-6150-488a-84cc-f58b4aca638c,1992-08-11,El misterio Revelado del Reino de Dios. sencillo,pesca,dores,pescadores,pesca-dores,unir,forma_unida_atestiguada,460,0,"nocieron. Y sin embargo Pedro, Jacobo, Juan, y todas estas personas sencillas y humildes, pesca- dores y personas del campo, sí lo reconocieron, lo entendieron. En una ocasión uno de los di"
eed9dce0-6150-488a-84cc-f58b4aca638c,1992-08-11,El misterio Revelado del Reino de Dios. sencillo,Dis,pensación,Dispensación,Dis-pensación,unir,forma_unida_atestiguada,28784,0,"o León de la tribu de Judá, como Rey de reyes y Señor de señores, para ser revelado en la Dis- pensación del Reino a todos los hijos de Dios. Los hijos de Dios en el fin del siglo tienen la p"
eed9dce0-6150-488a-84cc-f58b4aca638c,1992-08-11,El misterio Revelado del Reino de Dios. sencillo,Dispen,sación,Dispensación,Dispen-sación,unir,union_legitima_certificada_piloto,28784,1,"e un mensajero de una Edad y se va a un mensajero de una dispensación, al Mensajero de la Dispen- sación del Reino, para abrir el misterio de esa Dispensación del Reino, el misterio de la Venida"
eed9dce0-6150-488a-84cc-f58b4aca638c,1992-08-11,El misterio Revelado del Reino de Dios. sencillo,Testa,mento,Testamento,Testa-mento,unir,forma_unida_atestiguada,12385,0,"s santos profetas y apóstoles, santos profetas del Antiguo Testamento y también del Nuevo Testa- mento, se van convirtiendo en una realidad abierta, en unos misterios abiertos al público, a lo"
eed9dce0-6150-488a-84cc-f58b4aca638c,1992-08-11,El misterio Revelado del Reino de Dios. sencillo,uste,des,ustedes,uste-des,unir,forma_unida_atestiguada,58433,0,"o verlo, entenderlo, oírlo. Por esa causa podemos decir nuevamente, acerca de cada uno de uste- des, incluyéndome a mí: ``A vosotros...'' O sea ``A nosotros ha sido concedido conocer los mi"
af216321-facb-405c-8983-8769eea56564,1992-11-22,Herederos de las promesas Divinas,bendi,ciones,bendiciones,bendi-ciones,unir,forma_unida_atestiguada,14283,0,"nte da Su Palabra de bendición. Cuando Abraham recibió esa Palabra, él recibió todas esas bendi- ciones que fueron ahí habladas; por esa causa él recibió también el cambio de nombre, en su nomb"
af216321-facb-405c-8983-8769eea56564,1992-11-22,Herederos de las promesas Divinas,discí,pulos,discípulos,discí-pulos,unir,forma_unida_atestiguada,8005,0,", se le había materializado, había sido creada esa promesa en carne humana. Y Pedro y los discí- pulos podían ver esa promesa cumplida, y tenían esa promesa con ellos. Ahora, vean ustedes,"
af216321-facb-405c-8983-8769eea56564,1992-11-22,Herederos de las promesas Divinas,cumpli,miento,cumplimiento,cumpli-miento,unir,forma_unida_atestiguada,7733,0,"l mundo puede ver, no todo el mundo puede comprender, no todo el mundo puede reconocer el cumpli- miento de una o más promesas divinas cumplidas en el tiempo en que viven. Se requiere tener en e"
af216321-facb-405c-8983-8769eea56564,1992-11-22,Herederos de las promesas Divinas,diferen,tes,diferentes,diferen-tes,unir,forma_unida_atestiguada,12623,0,"el Milenio, y luego para toda la eternidad. Y en esos símbolos apocalípticos aparecen las diferen- tes naciones donde la Columna de fuego se manifestaría y realizaría la obra correspondiente p"
af216321-facb-405c-8983-8769eea56564,1992-11-22,Herederos de las promesas Divinas,pro,mesa,promesa,pro-mesa,unir,forma_unida_atestiguada,16096,0,"dado ya muchísimas promesas:'' la promesa de la trompeta final o gran Voz de trompeta, la pro- mesa del ministerio de los Angeles, que con gran Voz de trompeta juntan a los escogidos, la pr"
af216321-facb-405c-8983-8769eea56564,1992-11-22,Herederos de las promesas Divinas,Men,saje,Mensaje,Men-saje,unir,forma_unida_atestiguada,43858,0,"eñor Jesucristo, ¿qué parte? el Lugar Santísimo. Hemos heredado, recibido por heredad, el Men- saje del Evangelio del Reino; hemos recibido por heredad la Dispensación del Reino. Y por c"
af216321-facb-405c-8983-8769eea56564,1992-11-22,Herederos de las promesas Divinas,tene,mos,tenemos,tene-mos,conservar,forma_con_guion_atestiguada,26700,1,"un sinnúmero de promesas, y faltan otras promesas que no hemos heredado todavía, pero que tene- mos esa Palabra creadora acá dentro, en el alma; y para nosotros son reales esas promesas, au"
30075be2-56d9-4dee-b51c-13d30e667ac2,1993-12-12,El Tiempo de estar despiertos. sencillo,corres,pondiente,correspondiente,corres-pondiente,unir,forma_unida_atestiguada,10957,0,"ada edad. En cada edad de la Iglesia gentil se ha reflejado una parte del programa divino corres- pondiente a la vida eterna. Por eso Dios, así como colocó Su arco iris en las nubes, que vino a se"
30075be2-56d9-4dee-b51c-13d30e667ac2,1993-12-12,El Tiempo de estar despiertos. sencillo,encontra,mos,encontramos,encontra-mos,unir,forma_unida_atestiguada,24357,0,"ris en las nubes, que vino a ser tipo y figura del arco iris alrededor del Trono de Dios, encontra- mos que también ha colocado Su arco iris en Su Iglesia, el cual representa el Pacto de vida e"
30075be2-56d9-4dee-b51c-13d30e667ac2,1993-12-12,El Tiempo de estar despiertos. sencillo,bata,llas,batallas,bata-llas,unir,forma_unida_atestiguada,149,0,"para todos los hijos de Dios, pues Jesucristo es El Poderoso y El Victorioso en todas las bata- llas. Ahora, este Librito lo tuvo Adán antes de la caída; por eso Adán podía seguir viviendo"
30075be2-56d9-4dee-b51c-13d30e667ac2,1993-12-12,El Tiempo de estar despiertos. sencillo,convir,tiéndose,convirtiéndose,convir-tiéndose,unir,forma_unida_atestiguada,55,0,"umana, velada en el mensajero de cada edad y en el pueblo, en los escogidos de cada edad, convir- tiéndose en una realidad las cosas que están en el cielo y que están escritas en la Biblia. Así q"
30075be2-56d9-4dee-b51c-13d30e667ac2,1993-12-12,El Tiempo de estar despiertos. sencillo,dimen,siones,dimensiones,dimen-siones,conservar,forma_con_guion_atestiguada,703,3,"uede morar: hay cuerpos celestiales, hay cuerpos terrenales también, hay cuerpos de otras dimen- siones. “En la Casa de mi Padre muchas moradas hay; si no fuera así yo lo hubiera dicho antes (d"
30075be2-56d9-4dee-b51c-13d30e667ac2,1993-12-12,El Tiempo de estar despiertos. sencillo,mani,fiesto,manifiesto,mani-fiesto,unir,forma_unida_atestiguada,529,0,"ibles a la mente humana, excepto en momentos en que la persona tenga una visión o se haga mani- fiesto ese cuerpo o cuerpos teofánicos a algunas personas, como aconteció con Abraham, el cual r"
30075be2-56d9-4dee-b51c-13d30e667ac2,1993-12-12,El Tiempo de estar despiertos. sencillo,mate,rializándose,materializándose,mate-rializándose,conservar,forma_con_guion_atestiguada,159,1,"la Tierra las cosas que están en el cielo, es necesario estar despierto para ver el cielo mate- rializándose en la Tierra. Estamos examinando este capítulo 10 de Apocalipsis, el cual nos presenta a"
ee83f4b8-e641-4bc1-8d29-ac12f5a9f364,1990-04-28,La Bendicion del Primogenito en la trayectoria del Cordero.,pre,cauciones,precauciones,pre-cauciones,unir,forma_unida_atestiguada,67,0,"raron con El a las bodas, y se cerró la Puerta. Vea usted que hay que tomar todas las pre- cauciones necesarias para uno no perder la bendición de Dios. Y la bendición en cada edad y en ca"
ee83f4b8-e641-4bc1-8d29-ac12f5a9f364,1990-04-28,La Bendicion del Primogenito en la trayectoria del Cordero.,recibi,mos,recibimos,recibi-mos,unir,forma_unida_atestiguada,2967,0,bendición de Dios. Y la bendición en cada edad y en cada dispensación se recibe cuando recibi- mos el Mensaje que Dios envía por el mensajero enviado para ese tiempo. ===== [PAGINA 6 de 1
ee83f4b8-e641-4bc1-8d29-ac12f5a9f364,1990-04-28,La Bendicion del Primogenito en la trayectoria del Cordero.,bendi,ción,bendición,bendi-ción,unir,union_legitima_certificada_piloto,26865,0,"INA 6 de 12] ===== WILLIAM SOTO SANTIAGO 123 Así es la forma en que Dios envía Su bendi- ción, porque Dios sella en la persona, en el mensajero, esa bendición que corresponde para e"
ee83f4b8-e641-4bc1-8d29-ac12f5a9f364,1990-04-28,La Bendicion del Primogenito en la trayectoria del Cordero.,dere,cho,derecho,dere-cho,unir,forma_unida_atestiguada,2998,0,"hijos, principalmente a José y sus dos hijos. Pues el hijo mayor de Jacob, que tenía dere- cho a la bendición del primogénito, la perdió por descuidado. El no tomó todas las pr"
ee83f4b8-e641-4bc1-8d29-ac12f5a9f364,1990-04-28,La Bendicion del Primogenito en la trayectoria del Cordero.,Econo,mía,Economía,Econo-mía,unir,forma_unida_atestiguada,67,0,s grandes y más importantes en la Economía divina. No habrá nada más importante en la Econo- mía divina que el Señor Jesucristo y los escogi- dos. Así que podemos ver lo grande que es
ee83f4b8-e641-4bc1-8d29-ac12f5a9f364,1990-04-28,La Bendicion del Primogenito en la trayectoria del Cordero.,escogi,dos,escogidos,escogi-dos,unir,union_legitima_certificada_piloto,24653,0,na. No habrá nada más importante en la Econo- mía divina que el Señor Jesucristo y los escogi- dos. Así que podemos ver lo grande que es el ===== [PAGINA 9 de 12] ===== LA BENDICION DEL
cf346e0b-4795-4b55-b5b5-d637397f49f8,1990-07-27,El Ministerio segun el orden de Melquisedec manifestado en la America Latina. sencillo,Melquise,dec,Melquisedec,Melquise-dec,unir,forma_unida_atestiguada,5355,0,"DE MELQUISEDEC MANIFESTADO EN LA AMERICA LATINA.'' Este ministerio según el orden de Melquise- dec fue manifestado en la tierra de Israel, en la Primera Venida del Hijo del Hombre. Per"
cf346e0b-4795-4b55-b5b5-d637397f49f8,1990-07-27,El Ministerio segun el orden de Melquisedec manifestado en la America Latina. sencillo,encontra,mos,encontramos,encontra-mos,unir,forma_unida_atestiguada,24357,0,"pareció a Abraham, conforme a la historia bíblica. Aquí en el capítulo 14 de Génesis, encontra- mos este glorioso momento en que Melquisedec le apareció a Abraham. ``Entonces Melqu"
cf346e0b-4795-4b55-b5b5-d637397f49f8,1990-07-27,El Ministerio segun el orden de Melquisedec manifestado en la America Latina. sencillo,Sacer,dote,Sacerdote,Sacer-dote,unir,forma_unida_atestiguada,11185,0,"to en que Melquisedec le apareció a Abraham. ``Entonces Melquisedec, Rey de Salem y Sacer- dote del Dios Altísimo, sacó pan y vino; le bendijo (¡Error! Marcador no definido.¿¡Error!"
cf346e0b-4795-4b55-b5b5-d637397f49f8,1990-07-27,El Ministerio segun el orden de Melquisedec manifestado en la America Latina. sencillo,conoci,do,conocido,conoci-do,unir,forma_unida_atestiguada,2194,0,"os. Por eso este ministerio según el orden de Melquisedec, manifestado en la Tierra y conoci- do como Jesús de Nazaret, era el único que podía entrar al Lugar Santísimo del Templo que"
cf346e0b-4795-4b55-b5b5-d637397f49f8,1990-07-27,El Ministerio segun el orden de Melquisedec manifestado en la America Latina. sencillo,recha,zar,rechazar,recha-zar,unir,forma_unida_atestiguada,326,0,"as bendiciones divinas bajo ese ministerio... Encontramos que el pueblo hebreo al recha- zar al Señor Jesucristo, rechazó todas las bendi- ciones divinas que traía ese ministerio par"
cf346e0b-4795-4b55-b5b5-d637397f49f8,1990-07-27,El Ministerio segun el orden de Melquisedec manifestado en la America Latina. sencillo,bendi,ciones,bendiciones,bendi-ciones,unir,forma_unida_atestiguada,14283,0,"Encontramos que el pueblo hebreo al recha- zar al Señor Jesucristo, rechazó todas las bendi- ciones divinas que traía ese ministerio para el pueblo; y entonces vinieron los juicios sobre"
dbb14ff2-ff5d-4507-88fd-9d8432f81b87,1991-08-16,El Dia de la Redencion.,bendi,ción,bendición,bendi-ción,unir,union_legitima_certificada_piloto,26865,0,"del reino de los gentiles, una investigación de juicio divino; para los escogidos es de bendi- ción divina; y nuestras teofanías entrarán a nuestros cuerpos, esas luces místicas, y transfo"
dbb14ff2-ff5d-4507-88fd-9d8432f81b87,1991-08-16,El Dia de la Redencion.,convir,tió,convirtió,convir-tió,unir,forma_unida_atestiguada,349,0,"los gentiles, a la casa de su suegro y de su cuñado. (O sea, a la casa de su tío, que se convir- tió en su suegro). Y José tuvo que irse porque pensaron en matarlo, o irse sin él querer; o"
dbb14ff2-ff5d-4507-88fd-9d8432f81b87,1991-08-16,El Dia de la Redencion.,Jesu,cristo,Jesucristo,Jesu-cristo,conservar,forma_con_guion_atestiguada,146878,19,"e nuevo del Señor Jesucristo. Y ellos recibirán ese nombre en la manifestación del Señor Jesu- cristo en el día de la Redención. Ahora, el Israel espiritual también recibe un cambio de nomb"
dbb14ff2-ff5d-4507-88fd-9d8432f81b87,1991-08-16,El Dia de la Redencion.,corres,ponde,corresponde,corres-ponde,unir,forma_unida_atestiguada,7386,0,"o la Transformación de nuestros cuerpos en este tiempo final, y toda la herencia que nos corres- ponde como herederos de Dios: este planeta Tierra con todo lo que tiene, y también la herencia"
dbb14ff2-ff5d-4507-88fd-9d8432f81b87,1991-08-16,El Dia de la Redencion.,mo,mento,momento,mo-mento,unir,forma_unida_atestiguada,7974,0,"ba en su corazón, y conmovió las entrañas y sus sentimientos, y se reveló a ellos en ese mo- mento, y les dijo: ``Yo soy vuestro hermano, yo soy José, al cual ustedes vendieron...'' Ahor"
dbb14ff2-ff5d-4507-88fd-9d8432f81b87,1991-08-16,El Dia de la Redencion.,dispen,sacional,dispensacional,dispen-sacional,unir,forma_unida_atestiguada,5997,0,"o a una nueva Dispensación, con un nuevo mensaje dispensacional y con un nuevo mensajero dispen- sacional, para traer a ese día de Redención las personas que han de recibir las bendiciones de es"
394b2dbe-b340-4f06-bc22-32a725096123,1991-11-03,Los derechos de los Primogénitos de Dios.,clama,mos,clamamos,clama-mos,unir,forma_unida_atestiguada,168,0,"ra estar otra vez en temor, sino que habéis recibido el espíritu de adopción, por el cual clama- mos: ¡Abba, Padre! El Espíritu mismo da testimonio a nuestro espíritu, de que somos hijos de"
394b2dbe-b340-4f06-bc22-32a725096123,1991-11-03,Los derechos de los Primogénitos de Dios.,primogé,nito,primogénito,primogé-nito,unir,forma_unida_atestiguada,4297,0,"mogénito de Dios, tuvo todos los derechos de la Primogenitura, también cada hijo de Dios, primogé- nito de Dios, cada hijo de Dios perteneciente a los escogidos de Dios de entre los gentiles, p"
394b2dbe-b340-4f06-bc22-32a725096123,1991-11-03,Los derechos de los Primogénitos de Dios.,primogé,nitos,primogénitos,primogé-nitos,unir,forma_unida_atestiguada,4307,0,"que El obtuvo en la Primogenitura, los mismos derechos que El tiene, pasan también a los primogé- nitos de Dios. El cuerpo místico del Señor Jesucristo, compuesto por los primogénitos de Dios,"
394b2dbe-b340-4f06-bc22-32a725096123,1991-11-03,Los derechos de los Primogénitos de Dios.,corres,ponde,corresponde,corres-ponde,unir,forma_unida_atestiguada,7386,0,"erpo místico del Señor Jesucristo, a las promesas de la Visión de la Carpa en la Edad que corres- ponde para este tiempo, luego que han pasado las siete etapas o Edades de la Iglesia gentil y l"
394b2dbe-b340-4f06-bc22-32a725096123,1991-11-03,Los derechos de los Primogénitos de Dios.,Dis,pensación,Dispensación,Dis-pensación,unir,forma_unida_atestiguada,28784,0,"o Rey de reyes y Señor de señores, llevando a cabo Su obra en esta nueva dispensación, la Dis- pensación del Reino, en la Edad de la Piedra Angular. También tienen derecho los primogénitos de Di"
394b2dbe-b340-4f06-bc22-32a725096123,1991-11-03,Los derechos de los Primogénitos de Dios.,primo,génitos,primogénitos,primo-génitos,unir,forma_unida_atestiguada,4307,0,"ue el Pilar de fuego vuele a él, y le hable, y lo use. Y el cuerpo místico del Señor, los primo- génitos, tienen derecho a que el Pilar de fuego vuele a ellos, a su Edad y dispensación, y se man"
c1a00646-8657-4b5d-91ea-915061be1257,1991-12-29,La Eternidad Reflejandose.,miseri,cordia,misericordia,miseri-cordia,conservar,forma_con_guion_atestiguada,4831,1,"vino; pero también los que están escritos en el Libro de la Vida del Cordero recibirán la miseri- cordia de Dios y serán raptados, trasladados, luego de la transformación de sus cuerpos; y recib"
c1a00646-8657-4b5d-91ea-915061be1257,1991-12-29,La Eternidad Reflejandose.,Sata,nás,Satanás,Sata-nás,unir,forma_unida_atestiguada,1120,0,"ecerá? ¿Qué acontecerá cuando termine el Reino milenial?) Cuando los mil años se cumplan, Sata- nás será suelto de su prisión, y saldrá a engañar a las naciones que están en los cuatro ángu"
c1a00646-8657-4b5d-91ea-915061be1257,1991-12-29,La Eternidad Reflejandose.,organi,zar,organizar,organi-zar,unir,forma_unida_atestiguada,6,0,"d, el diablo es suelto para que, a través del instrumento que él estará utilizando, pueda organi- zar, reunir y formar esos pies de hierro y de barro cocido, los cuales están ahí en la imagen"
c1a00646-8657-4b5d-91ea-915061be1257,1991-12-29,La Eternidad Reflejandose.,aproxi,madamente,aproximadamente,aproxi-madamente,unir,forma_unida_atestiguada,769,0,el tiempo final se cumplen más cosas que todas las que se cumplieron durante dos mil años aproxi- madamente. Así que han comenzado en una forma rápida y consecutiva a cumplirse las profecías que co
c1a00646-8657-4b5d-91ea-915061be1257,1991-12-29,La Eternidad Reflejandose.,me,diante,mediante,me-diante,unir,forma_unida_atestiguada,1760,0,"os nuevamente Miguel Bermúdez Marín. Y estaré viéndolos a ustedes el próximo martes, Dios me- diante, en la despedida del año. A las nueve de la noche estaremos aquí para comenzar nuestra ac"
c1a00646-8657-4b5d-91ea-915061be1257,1991-12-29,La Eternidad Reflejandose.,Resu,rrección,Resurrección,Resu-rrección,conservar,forma_con_guion_atestiguada,14442,1,"cuerdo al programa divino. Pero en algunos de los años, desde el `74 en adelante, será la Resu- rrección de los muertos y la Transformación de nosotros los que vivimos. Así que estamos por ahí m"
e0efdae8-3458-49a3-87c7-778273e8abec,1992-02-23,Toda la creacion gira alrededor de la Palabra de Dios.,cumpli,miento,cumplimiento,cumpli-miento,unir,forma_unida_atestiguada,7733,0,"para esa labor, pero el pueblo hebreo no estaba preparado todavía para la realización del cumpli- miento de esa promesa. Y por cuanto el pueblo no estaba preparado, aunque podía llevarse a ca"
e0efdae8-3458-49a3-87c7-778273e8abec,1992-02-23,Toda la creacion gira alrededor de la Palabra de Dios.,con,fianza,confianza,con-fianza,unir,forma_unida_atestiguada,312,0,"ndo uno de los discípulos del Señor, y siendo el hombre en el cual se había depositado la con- fianza de la parte económica del grupo de los discípulos del Señor, aún con tener una posición t"
e0efdae8-3458-49a3-87c7-778273e8abec,1992-02-23,Toda la creacion gira alrededor de la Palabra de Dios.,minis,terio,ministerio,minis-terio,conservar,forma_con_guion_atestiguada,18790,1,"gún otro medio, por medios humanos no puede ser recogido, sino por medios divinos, por un minis- terio de parte del Señor Jesucristo que estará operando aquí en la Tierra como El prometió. Y D"
e0efdae8-3458-49a3-87c7-778273e8abec,1992-02-23,Toda la creacion gira alrededor de la Palabra de Dios.,dispen,sación,dispensación,dispen-sación,unir,union_legitima_certificada_piloto,28784,1,"a Edad o en una dispensación si no está ordenado, prometido, por Dios para esa Edad o esa dispen- sación. Si no está en el programa divino no puede aparecer. Si no está en el programa divino"
e0efdae8-3458-49a3-87c7-778273e8abec,1992-02-23,Toda la creacion gira alrededor de la Palabra de Dios.,inmortali,dad,inmortalidad,inmortali-dad,unir,forma_unida_atestiguada,1174,0,"dos los beneficios de Cristo, la Palabra. Y pronto seremos transformados y recibiremos la inmortali- dad, porque es una promesa para el fin del siglo, es una promesa correspondiente al tiempo fi"
e0efdae8-3458-49a3-87c7-778273e8abec,1992-02-23,Toda la creacion gira alrededor de la Palabra de Dios.,Jesu,cristo,Jesucristo,Jesu-cristo,conservar,forma_con_guion_atestiguada,146878,19,"ción tan grande que El me ha dado. Y mi deseo es que el glorioso Reino milenial del Señor Jesu- cristo esté lleno de latinoamericanos y caribeños. Y el que oye y entiende la Palabra del Reino,"
477bc7b3-1006-40c0-99ab-1cd7c3d6c356,1992-05-24,La Palabra que tiene que materializarse. sencillo,inspi,rados,inspirados,inspi-rados,unir,forma_unida_atestiguada,150,0,"empos pasados traída por voluntad humana, sino los santos hombres de Dios hablaron siendo inspi- rados del Espíritu Santo.'' Ahora, a través de la profecía bíblica traída por los santos hom"
477bc7b3-1006-40c0-99ab-1cd7c3d6c356,1992-05-24,La Palabra que tiene que materializarse. sencillo,corres,pondiente,correspondiente,corres-pondiente,unir,forma_unida_atestiguada,10957,0,"s cielos y la Tierra, así crearía la liberación del pueblo hebreo, y crearía cada promesa corres- pondiente para aquel tiempo. Pero el pueblo hebreo tenía que recibir esa Palabra original, el pu"
477bc7b3-1006-40c0-99ab-1cd7c3d6c356,1992-05-24,La Palabra que tiene que materializarse. sencillo,recogi,miento,recogimiento,recogi-miento,unir,forma_unida_atestiguada,738,0,"a que se materialice la Resurrección de los muertos en Cristo, para que se materialice el recogi- miento de los escogidos, para que se materialice la Transformación de nosotros los que estamos v"
477bc7b3-1006-40c0-99ab-1cd7c3d6c356,1992-05-24,La Palabra que tiene que materializarse. sencillo,trompe,ta,trompeta,trompe-ta,unir,forma_unida_atestiguada,22778,0,"te de Dios, que pueda venir, aparte del Mensaje final, de la trompeta final o gran Voz de trompe- ta, para todos los escogidos; porque es el último Mensaje, es el último toque de Dios, es la"
477bc7b3-1006-40c0-99ab-1cd7c3d6c356,1992-05-24,La Palabra que tiene que materializarse. sencillo,materiali,zarse,materializarse,materiali-zarse,unir,forma_unida_atestiguada,409,0,que tiene que ser materializada. Esa es la forma en que vendría la Palabra que tiene que materiali- zarse. No hay otra forma. Si alguna persona se levanta en el fin del tiempo diciéndole al pu
477bc7b3-1006-40c0-99ab-1cd7c3d6c356,1992-05-24,La Palabra que tiene que materializarse. sencillo,igle,sias,iglesias,igle-sias,unir,forma_unida_atestiguada,4720,0,"verso 16, dice: ``Yo Jesús he enviado mi ángel para dar testimonio de estas cosas en las igle- sias.'' Ahora, vean que no dice que ha enviado a muchos mensajeros, no dice que ha enviado"
71780169-e4be-4ac3-83f2-395fa886d39b,1992-05-24,La Revelacion de Jesucristo. sencillo,termi,nando,terminando,termi-nando,unir,forma_unida_atestiguada,385,0,"Dispensación de la Ley, comenzando por el Sumo Sacerdote, no se dieron cuenta que estaba termi- nando y que terminó en aquel tiempo la Dispensación de la Ley, así es en la actualidad: los gra"
71780169-e4be-4ac3-83f2-395fa886d39b,1992-05-24,La Revelacion de Jesucristo. sencillo,transfor,mados,transformados,transfor-mados,conservar,forma_con_guion_atestiguada,12172,1,"deseado ser como los profetas, o un profeta, que estén tranquilos; porque cuando estemos transfor- mados no solamente tendremos las dos consciencias juntas, sino que tendremos un cuerpo eterno,"
71780169-e4be-4ac3-83f2-395fa886d39b,1992-05-24,La Revelacion de Jesucristo. sencillo,cohere,deros,coherederos,cohere-deros,unir,forma_unida_atestiguada,1337,0,"o de nosotros, para los hijos e hijas del Dios Altísimo; porque somos herederos de Dios y cohere- deros con Cristo Jesús, Señor nuestro. Por esa causa nosotros seremos a imagen y semejanza del"
71780169-e4be-4ac3-83f2-395fa886d39b,1992-05-24,La Revelacion de Jesucristo. sencillo,mensa,jero,mensajero,mensa-jero,conservar,forma_con_guion_atestiguada,37069,1,"e reveló a través de cada mensajero, se revela en el fin del tiempo por medio de Su Angel mensa- jero, y nos habla todas estas cosas, para que nosotros conozcamos todo lo que El tiene para no"
71780169-e4be-4ac3-83f2-395fa886d39b,1992-05-24,La Revelacion de Jesucristo. sencillo,Dispensa,ción,Dispensación,Dispensa-ción,unir,forma_unida_atestiguada,28784,0,"que nosotros conozcamos todo lo que El tiene para nosotros en ese glorioso Reino, en esa Dispensa- ción del Reino, la cual ya ha comenzado, aunque no ha comenzado el Reino milenial; porque ese"
71780169-e4be-4ac3-83f2-395fa886d39b,1992-05-24,La Revelacion de Jesucristo. sencillo,Jesu,cristo,Jesucristo,Jesu-cristo,conservar,forma_con_guion_atestiguada,146878,19,"ar delante del Angel, porque vio la revelación de Jesucristo en Su Angel mensajero, vio a Jesu- cristo revelado en Su Angel mensajero; pero le fue prohibido, porque a quien tenemos que adorar"
12ebc096-2249-492c-9fdd-82770568b22c,1992-06-28,Jesucristo Revelado en la Dispensacion del Reino. sencillo,DIS,PENSACION,DISPENSACION,DIS-PENSACION,unir,forma_unida_atestiguada,106,0,"Sus mensajeros, y ellos lo comunican a los seres humanos. JESUCRISTO REVELADO EN LA DIS- PENSACION DEL REINO Por William Soto Santiago 28 de junio de 1992 Cayey, Puerto Rico"
12ebc096-2249-492c-9fdd-82770568b22c,1992-06-28,Jesucristo Revelado en la Dispensacion del Reino. sencillo,reve,lación,revelación,reve-lación,conservar,forma_con_guion_atestiguada,19166,1,"de la ley dada por Dios al pueblo hebreo, a menos que no mencione a Moisés y mencione la reve- lación que Dios tuvo en Moisés. Así que vean ustedes, queda ligado totalmente todo el program"
12ebc096-2249-492c-9fdd-82770568b22c,1992-06-28,Jesucristo Revelado en la Dispensacion del Reino. sencillo,incorrupti,bles,incorruptibles,incorrupti-bles,unir,forma_unida_atestiguada,720,0,"as Edades pasadas, y algunos de los nuestros que han partido, hayan resucitado en cuerpos incorrupti- bles. Así que todavía faltan esos eventos, los cuales se cumplirán en el comienzo de la Dis"
12ebc096-2249-492c-9fdd-82770568b22c,1992-06-28,Jesucristo Revelado en la Dispensacion del Reino. sencillo,dispen,sación,dispensación,dispen-sación,unir,union_legitima_certificada_piloto,28784,1,"or de lo que Dios ha prometido para ese tiempo, el mensajero que El envía para una Edad o dispen- sación es también una promesa para esa Edad o para esa dispensación. Por eso encontramos que"
12ebc096-2249-492c-9fdd-82770568b22c,1992-06-28,Jesucristo Revelado en la Dispensacion del Reino. sencillo,dispensa,ciones,dispensaciones,dispensa-ciones,unir,forma_unida_atestiguada,1661,0,"manifestación de Dios en el Señor Jesucristo; porque fueron manifestaciones que cubrieron dispensa- ciones, o sea que cubrió la dispensación en que fue llevada a cabo. Y cuando esto acontece, l"
12ebc096-2249-492c-9fdd-82770568b22c,1992-06-28,Jesucristo Revelado en la Dispensacion del Reino. sencillo,Dispensa,ción,Dispensación,Dispensa-ción,unir,forma_unida_atestiguada,28784,0,"ucristo será cumplida en la Dispensación del Reino; porque será Jesucristo revelado en la Dispensa- ción del Reino; y nadie podrá comprender, podrá ver a Jesucristo, sino revelado a través de Su"
1b5ae77d-4c14-4444-a5da-d414c4b485d4,1992-09-23,Viendo al Señor Jesucristo en Gloria. sencillo,ama,do,amado,ama-do,unir,forma_unida_atestiguada,10527,0,"nra y gloria, le fue enviada desde la magnífica gloria una voz que decía: Este es mi Hijo ama- do, en el cual tengo complacencia. Y nosotros oímos esta voz enviada del cielo, cuando es"
1b5ae77d-4c14-4444-a5da-d414c4b485d4,1992-09-23,Viendo al Señor Jesucristo en Gloria. sencillo,transfi,gurado,transfigurado,transfi-gurado,unir,forma_unida_atestiguada,171,0,"ia, al Señor Jesucristo glorificado. Se transfiguró delante de ellos; el Señor Jesucristo transfi- gurado estaba allí. Los discípulos viendo al Señor Jesucristo en gloria. Y eso es lo que en e"
1b5ae77d-4c14-4444-a5da-d414c4b485d4,1992-09-23,Viendo al Señor Jesucristo en Gloria. sencillo,dispensa,ción,dispensación,dispensa-ción,unir,forma_unida_atestiguada,28784,0,"e Dios no hace nada a menos que no sea en una edad, y esa edad tiene que pertenecer a una dispensa- ción. Así que toda la labor de Dios es hecha en una dispensación, y esa dispensación tiene"
1b5ae77d-4c14-4444-a5da-d414c4b485d4,1992-09-23,Viendo al Señor Jesucristo en Gloria. sencillo,dispensa,cional,dispensacional,dispensa-cional,unir,forma_unida_atestiguada,5997,0,"de Su Templo espiritual, cumpliendo así las promesas que El ha hecho para este nuevo día dispensa- cional. El ha comenzado a cumplir Sus promesas, y continuará cumpliendo Sus promesas, y continua"
1b5ae77d-4c14-4444-a5da-d414c4b485d4,1992-09-23,Viendo al Señor Jesucristo en Gloria. sencillo,Angu,lar,Angular,Angu-lar,unir,forma_unida_atestiguada,17606,0,"nte es el velo de carne que El usa en la Dispensación del Reino y en la Edad de la Piedra Angu- lar para revelarse a Sus hijos en este tiempo final, y darle a conocer a Sus hijos la edad y"
1b5ae77d-4c14-4444-a5da-d414c4b485d4,1992-09-23,Viendo al Señor Jesucristo en Gloria. sencillo,bendi,ciones,bendiciones,bendi-ciones,unir,forma_unida_atestiguada,14283,0,"s las bendiciones que Dios tiene para nosotros, y cómo obtener la materialización de esas bendi- ciones. Así que hacia adelante viendo al Señor Jesucristo en Gloria sobre el monte de Sión."
038b2fbd-b7fc-4071-882e-20cdeafd4605,1992-10-08,La Vision del fin del Siglo.,dispensa,ción,dispensación,dispensa-ción,unir,forma_unida_atestiguada,28784,0,"omesas para algunas personas le es de tropiezo, porque no comprenden que para cada edad o dispensa- ción Dios usa seres humanos, y así cumple Su programa para ese tiempo. El programa que El h"
038b2fbd-b7fc-4071-882e-20cdeafd4605,1992-10-08,La Vision del fin del Siglo.,gradual,mente,gradualmente,gradual-mente,unir,forma_unida_atestiguada,388,0,"esado en Palabra hablada, en Palabra profética, ese programa, y luego ha ido cumpliéndose gradual- mente ese programa en cada edad y en cada dispensación. Ahora, podemos ver la historia de la"
038b2fbd-b7fc-4071-882e-20cdeafd4605,1992-10-08,La Vision del fin del Siglo.,Testa,mento,Testamento,Testa-mento,unir,forma_unida_atestiguada,12385,0,éticas mostradas a los santos profetas de Dios del Antiguo Testamento y también del Nuevo Testa- mento. Y por esa causa nosotros como hijos de Dios hemos sido enviados a este planeta Tierra
038b2fbd-b7fc-4071-882e-20cdeafd4605,1992-10-08,La Vision del fin del Siglo.,suce,der,suceder,suce-der,unir,forma_unida_atestiguada,12371,0,"del contenido de ese Libro a todos los hijos de Dios, para que sepan las cosas que deben suce- der pronto, en el fin del siglo, entre las cuales está la transformación de nuestros cuerpos,"
038b2fbd-b7fc-4071-882e-20cdeafd4605,1992-10-08,La Vision del fin del Siglo.,cumpli,miento,cumplimiento,cumpli-miento,unir,forma_unida_atestiguada,7733,0,"comprender estos misterios del Reino de Dios; pero por cuanto hemos llegado al tiempo del cumpli- miento de la visión del fin del siglo, El por Su Palabra revelada ha estado abriendo nuestro ent"
038b2fbd-b7fc-4071-882e-20cdeafd4605,1992-10-08,La Vision del fin del Siglo.,en,cuentren,encuentren,en-cuentren,unir,forma_unida_atestiguada,268,0,"n y no reciben porque piden mal. Si yo le pido a Dios en esta forma: ``Señor, permite que en- cuentren mucha madera para que haga un arca.'' Esa es una petición errónea; porque eso fue para el"
7a526395-77f4-4136-867e-b06b580b8b62,1993-11-26,La Visita de Dios a su Pueblo.,pue,blo,pueblo,pue-blo,unir,forma_unida_atestiguada,71559,0,"Dios, diciendo: Un gran profeta se ha levantado entre nosotros; y: Dios ha visitado a su pue- blo.” “LA VISITA DE DIOS A SU PUEBLO.” Pueden tomar asiento, los presentes aquí, y que las"
7a526395-77f4-4136-867e-b06b580b8b62,1993-11-26,La Visita de Dios a su Pueblo.,espe,rando,esperando,espe-rando,unir,forma_unida_atestiguada,9317,0,"imperio egipcio, una señal que hablaba conforme a la promesa que el pueblo hebreo estaba espe- rando, hablaba esa señal de un Libertador que vendría en medio del pueblo hebreo. Por lo tanto"
7a526395-77f4-4136-867e-b06b580b8b62,1993-11-26,La Visita de Dios a su Pueblo.,voso,tros,vosotros,voso-tros,unir,forma_unida_atestiguada,13697,0,"ijo que el que vendría sería el Señor: “Y vendrá súbitamente a su templo el Señor a quien voso- tros buscáis, el Angel del Pacto, a quien deseáis vosotros.” Era nada menos que el Angel del"
7a526395-77f4-4136-867e-b06b580b8b62,1993-11-26,La Visita de Dios a su Pueblo.,teofáni,cos,teofánicos,teofáni-cos,unir,forma_unida_atestiguada,741,0,"Jehová acampa en derredor de los que le temen y los defiende.” Estos son estos espíritus teofáni- cos que tienen los profetas de Dios, y que también cada hijo de Dios con el nuevo nacimiento"
7a526395-77f4-4136-867e-b06b580b8b62,1993-11-26,La Visita de Dios a su Pueblo.,trayén,dole,trayéndole,trayén-dole,unir,forma_unida_atestiguada,99,0,"n del tiempo conocerá las cosas que deben suceder pronto, a través del Mensaje que estará trayén- dole a Su pueblo el Angel del Señor Jesucristo. El Angel del Señor Jesucristo es un siervo o"
7a526395-77f4-4136-867e-b06b580b8b62,1993-11-26,La Visita de Dios a su Pueblo.,minis,trándole,ministrándole,minis-trándole,unir,forma_unida_atestiguada,19,0,"as revelaciones apocalípticas en otra dimensión; y este Angel del Señor Jesucristo estuvo minis- trándole esta revelación apocalíptica, aún estando en un cuerpo teofánico. Pero en el fin del tie"
05e081d5-e1bb-4f13-aa42-2be5df6757df,1995-11-17,La Voz de Dios en el Monte Santo.,recompen,sas,recompensas,recompen-sas,unir,forma_unida_atestiguada,320,0,"e se merecen en el Día Postrero: pues les dará la gran tribulación, donde están todas las recompen- sas para los malos; son los juicios divinos que les caerán encima. Porque eso es lo que corre"
05e081d5-e1bb-4f13-aa42-2be5df6757df,1995-11-17,La Voz de Dios en el Monte Santo.,Transfigura,ción,Transfiguración,Transfigura-ción,unir,forma_unida_atestiguada,1730,0,ue vean al Hijo del Hombre viniendo a Su Reino: y ellos van a ser llevados al Monte de la Transfigura- ción para ver al Hijo del Hombre viniendo en Su Reino. Todo eso será mostrado en visión: la vi
05e081d5-e1bb-4f13-aa42-2be5df6757df,1995-11-17,La Voz de Dios en el Monte Santo.,Transfigu,ración,Transfiguración,Transfigu-ración,unir,forma_unida_atestiguada,1730,0,"Monte correcto: en el Monte Santo. Y ya no es el Monte Sinaí, y tampoco es el Monte de la Transfigu- ración. En ellos se reflejó la Venida del Hijo del Hombre correspondiente al Día Postrero. Hay q"
05e081d5-e1bb-4f13-aa42-2be5df6757df,1995-11-17,La Voz de Dios en el Monte Santo.,nueva,mente,nuevamente,nueva-mente,unir,forma_unida_atestiguada,6365,0,"Elías sería el próximo profeta enviado para el pueblo hebreo, con el ministerio de Elías nueva- mente, en una doble porción. Cuando dobló el manto y dijo: “¿Dónde está el Dios de Elías?” E hi"
05e081d5-e1bb-4f13-aa42-2be5df6757df,1995-11-17,La Voz de Dios en el Monte Santo.,dispensacio,nal,dispensacional,dispensacio-nal,unir,forma_unida_atestiguada,5997,0,"no soy digno de desatar la correa de Su calzado, El es mayor que yo.” Porque un Mensajero dispensacio- nal es mayor que un mensajero de una edad, y tiene una luz mayor para alumbrar al pueblo, y v"
05e081d5-e1bb-4f13-aa42-2be5df6757df,1995-11-17,La Voz de Dios en el Monte Santo.,dispensa,ción,dispensación,dispensa-ción,unir,forma_unida_atestiguada,28784,0,"sas profundas, prometidas para el Día Postrero, para el séptimo milenio y para la séptima dispensa- ción. Podemos decir: Los siete ángeles de las siete edades de la Iglesia gentil fueron retrat"
0294a068-749e-4026-8064-047258d04c11,1998-04-29,Las Grandes profecias de la biblia.,profe,cías,profecías,profe-cías,unir,forma_unida_atestiguada,3541,0,"lesia con esa Gran Voz de Trompeta y mostrándole, revelándole a Su Iglesia estas grandes profe- cías de la Biblia correspondientes al Día Postrero; y esto es para la América Latina y el Car"
0294a068-749e-4026-8064-047258d04c11,1998-04-29,Las Grandes profecias de la biblia.,medo,persa,medopersa,medo-persa,conservar,forma_con_guion_atestiguada,124,223,"que era el rey de ese tiempo; luego el pecho y los brazos de plata representa el imperio medo- persa; luego el vientre y los muslos de bronce representa el imperio de Grecia, con Alejandro"
0294a068-749e-4026-8064-047258d04c11,1998-04-29,Las Grandes profecias de la biblia.,com,puesto,compuesto,com-puesto,unir,forma_unida_atestiguada,578,0,"mperio romano; los pies de hierro y de barro cocido es el reino del anticristo, que está com- puesto de diez reyes que le darán su poder y su autoridad a la bestia, pues son los pies de hie"
0294a068-749e-4026-8064-047258d04c11,1998-04-29,Las Grandes profecias de la biblia.,ha,blar,hablar,ha-blar,unir,forma_unida_atestiguada,6304,0,"rsonas dicen4: “¿No son, todos estos que hablan, galileos? ¿Cómo les escuchamos nosotros ha- blar en nuestra propia lengua en la cual nosotros hemos nacido?”; y estaban maravillados de l"
0294a068-749e-4026-8064-047258d04c11,1998-04-29,Las Grandes profecias de la biblia.,su,cediendo,sucediendo,su-cediendo,unir,forma_unida_atestiguada,2114,0,lengua en la cual nosotros hemos nacido?”; y estaban maravillados de lo que allí estaba su- cediendo porque estaban hablando las maravillas de Dios en otros idiomas. El Espíritu de Dios era
0294a068-749e-4026-8064-047258d04c11,1998-04-29,Las Grandes profecias de la biblia.,qui,tados,quitados,qui-tados,unir,forma_unida_atestiguada,528,0,"tados de eso, que será el juicio divino sobre ellos, la condenación eterna; o sea, serán qui- tados de existencia de sobre la faz de la Tierra, conforme a las Escrituras, dejarán de existi"
8d9a8370-531c-4abf-9593-2cd3a277ab5f,2002-04-21,Los Grandes Hombres de Dios.,ante,diluviano,antediluviano,ante-diluviano,conservar,forma_con_guion_atestiguada,221,54,"s hombres de Dios, podemos ver quiénes fueron los primeros: el primero fue Adán del mundo ante- diluviano y del Antiguo Testamento, y del Nuevo Testamento el primero es Jesús y el último: el Ange"
8d9a8370-531c-4abf-9593-2cd3a277ab5f,2002-04-21,Los Grandes Hombres de Dios.,ante,diluvianos,antediluvianos,ante-diluvianos,conservar,forma_con_guion_atestiguada,58,17,"s tipo y figura de Cristo. Esos son los creyentes del Antiguo Testamento, donde están los ante- diluvianos, y luego los después del diluvio, que son Noé también que pasó luego al nuevo mundo, y lu"
8d9a8370-531c-4abf-9593-2cd3a277ab5f,2002-04-21,Los Grandes Hombres de Dios.,ante,diluviana,antediluviana,ante-diluviana,conservar,forma_con_guion_atestiguada,76,18,"la venida del Hijo del Hombre.” Y ahora, en el tiempo de Noé encontramos que la humanidad ante- diluviana había llegado a su fin y no lo sabían, y Noé diciéndoselo y no lo creían tampoco; podían"
8d9a8370-531c-4abf-9593-2cd3a277ab5f,2002-04-21,Los Grandes Hombres de Dios.,ante,diluviana,antediluviana,ante-diluviana,conservar,forma_con_guion_atestiguada,76,18,"por parte de Dios, a través del Profeta Moisés, el Mensaje final para aquella generación ante- diluviana, la cual estaba condenada por Dios ya. Ya Dios había juzgado aquella generación y la habí"
8d9a8370-531c-4abf-9593-2cd3a277ab5f,2002-04-21,Los Grandes Hombres de Dios.,ante,diluviano,antediluviano,ante-diluviano,conservar,forma_con_guion_atestiguada,221,54,"eel, Jared, Enoc, Matusalén, Lamec y Noé. Estos son los grandes hombres de Dios del mundo ante- diluviano. Pero hubo otros hombres de Dios pero no tan grandes como estos que hemos mencionados. Y"
8d9a8370-531c-4abf-9593-2cd3a277ab5f,2002-04-21,Los Grandes Hombres de Dios.,ante,diluvianos,antediluvianos,ante-diluvianos,conservar,forma_con_guion_atestiguada,58,17,"das del Cordero en el Cielo. Ahora, del mundo ante-diluviano hemos visto estos patriarcas ante- diluvianos, hemos visto estos hombres, estos grandes hombres de Dios ante-diluvianos, también vimos"
b496b8ef-d4f3-450c-97ad-43bbedb7fede,2009-02-14,RM Caminando en fe en los mega proyectos físicos del Programa Divino.,MEGA,PROYECTOS,MEGAPROYECTOS,MEGA-PROYECTOS,conservar,forma_con_guion_atestiguada,0,15,"N F E E N L O S MEGA-PROYECTOS FÍSICOS DEL PROGRAMA DIVINO.” CAMINANDO EN FE EN LOS MEGA- PROYECTOS FÍSICOS DEL PROGRAMA DIVINO (Reunión de Ministros) Rev. William Soto Santiago, Ph.D. Sába"
b496b8ef-d4f3-450c-97ad-43bbedb7fede,2009-02-14,RM Caminando en fe en los mega proyectos físicos del Programa Divino.,mega,proyectos,megaproyectos,mega-proyectos,conservar,forma_con_guion_atestiguada,0,15,"diente a este tiempo final, en donde estaremos hablando de los proyectos divinos y de los mega- proyectos divinos físicos y cómo han sido llevados a cabo. Siempre los proyectos divinos antes de s"
b496b8ef-d4f3-450c-97ad-43bbedb7fede,2009-02-14,RM Caminando en fe en los mega proyectos físicos del Programa Divino.,Carpa,Catedral,CarpaCatedral,Carpa-Catedral,conservar,forma_con_guion_atestiguada,0,1063,"paldar ese proyecto que en Puerto Rico se está llevando a cabo, en la construcción de una Carpa- Catedral, una gran Carpa-Catedral y sus terrenos para la gloria de Dios, y esperamos que la presen"
b496b8ef-d4f3-450c-97ad-43bbedb7fede,2009-02-14,RM Caminando en fe en los mega proyectos físicos del Programa Divino.,mega,proyecto,megaproyecto,mega-proyecto,conservar,forma_con_guion_atestiguada,0,30,"é, un profeta dispensacional, el tercer profeta dispensacional, y le reveló el proyecto o mega- proyecto que estaba en la mente de Dios para la salvación de un grupo de personas y de animales, p"
b496b8ef-d4f3-450c-97ad-43bbedb7fede,2009-02-14,RM Caminando en fe en los mega proyectos físicos del Programa Divino.,mega,proyecto,megaproyecto,mega-proyecto,conservar,forma_con_guion_atestiguada,0,30,"razón, él creyó, lo proclamó y Dios le dijo que preparara un arca, lo preparó, ese era el mega- proyecto, la construcción física, la parte física que Noé tenía que hacer para la salvación suya y"
b496b8ef-d4f3-450c-97ad-43bbedb7fede,2009-02-14,RM Caminando en fe en los mega proyectos físicos del Programa Divino.,mega,proyecto,megaproyecto,mega-proyecto,conservar,forma_con_guion_atestiguada,0,30,"endo la revelación divina al mensajero de cada edad, y dándole o poniendo en Sus manos el mega- proyecto correspondiente a la edad en que están viviendo, para cumplir Dios el programa que Él tie"
32e861ee-ff23-458b-bd06-0819bdd55652,1985-12-29,Escudriñando las escrituras,divi,na,divina,divi-na,unir,forma_unida_atestiguada,9250,0,"a también. Ambas estarán dando testimonio de la visita celestial a esta Tierra de la obra divi- na, de el programa divino, que será para usted y para mí; porque no será para otro, sino par"
32e861ee-ff23-458b-bd06-0819bdd55652,1985-12-29,Escudriñando las escrituras,dispensa,ción,dispensación,dispensa-ción,unir,forma_unida_atestiguada,28784,0,"ifiesta en cada edad o dispensación, a través del mensajero que El tiene para cada edad o dispensa- ción). Así que no es cualquier cosa lo que está haciendo una persona que no cree a la Palabra"
32e861ee-ff23-458b-bd06-0819bdd55652,1985-12-29,Escudriñando las escrituras,administra,dores,administradores,administra-dores,unir,forma_unida_atestiguada,149,0,"que dice la Escritura que los ángeles son mensajeros, enviados de Dios, para administrar: administra- dores a los herederos de salud, para administrarles la Palabra, para traerles la Palabra... cua"
32e861ee-ff23-458b-bd06-0819bdd55652,1985-12-29,Escudriñando las escrituras,pode,mos,podemos,pode-mos,unir,forma_unida_atestiguada,20093,0,"odemos ver a esos ángeles como mensajeros de Dios, enviados en cada Edad y dispensación y pode- mos verlos como seres humanos en esta Tierra trayéndoles el mensaje a los hijos de Dios, real"
32e861ee-ff23-458b-bd06-0819bdd55652,1985-12-29,Escudriñando las escrituras,mate,rializado,materializado,mate-rializado,unir,forma_unida_atestiguada,560,0,"rimer Biblia, el cielo; lo que dice la segunda y lo que dice la tercera... lo podemos ver mate- rializado. Los magos que vinieron a Jerusalén y después pasaron a Belén, estaban viendo la Estrell"
ab68a772-20d7-4264-909d-cda0cbaa81f4,1989-02-11,RM Conociendo el Tiempo. sencillo,resu,citaron,resucitaron,resu-citaron,unir,forma_unida_atestiguada,577,0,"r Jesucristo pasó al paraíso, y trajo consigo a los escogidos del Antiguo Testamento; y resu- citaron después de la Resurrección de El; por lo tanto, las personas que estaban en el paraíso,"
ab68a772-20d7-4264-909d-cda0cbaa81f4,1989-02-11,RM Conociendo el Tiempo. sencillo,transfor,mados,transformados,transfor-mados,conservar,forma_con_guion_atestiguada,12172,1,"s terrenales. Ahora, ¿Cómo será lo que se va a llevar a cabo estando en esos cuerpos transfor- mados? Esperemos que llegue ese momento, pero mientras tanto aproveche- mos el tiempo mien"
ab68a772-20d7-4264-909d-cda0cbaa81f4,1989-02-11,RM Conociendo el Tiempo. sencillo,aproveche,mos,aprovechemos,aproveche-mos,unir,forma_unida_atestiguada,90,0,"esos cuerpos transfor- mados? Esperemos que llegue ese momento, pero mientras tanto aproveche- mos el tiempo mientras estamos en estos cuerpos terrenales; porque nuestro trabajo en el Se"
ab68a772-20d7-4264-909d-cda0cbaa81f4,1989-02-11,RM Conociendo el Tiempo. sencillo,relam,pagueando,relampagueando,relam-pagueando,unir,forma_unida_atestiguada,16,0,no de mano. La Segunda Venida del Hijo del Hombre es la Piedra no cortada de mano; y relam- pagueando es la Segunda Venida del Hijo del Hombre como el relámpago. Cuando la Segunda Venida
ab68a772-20d7-4264-909d-cda0cbaa81f4,1989-02-11,RM Conociendo el Tiempo. sencillo,descu,brimientos,descubrimientos,descu-brimientos,unir,forma_unida_atestiguada,48,0,"n un tiempo bastante avanzado, ya faltan cuatro años para el año 2000, de acuerdo a los descu- brimientos científicos que han probado que el calendario nuestro tiene siete años de atraso. Tr"
58542c5a-d90b-41b2-af95-7c5c84a4d69b,1989-06-16,Dios el hombre y la creacion. sencillo,dispensa,ciones,dispensaciones,dispensa-ciones,unir,forma_unida_atestiguada,1661,0,"3 de 17] ===== DIOS, EL HOMBRE Y LA CREACIÓN 1 diferentes edades, de las diferentes dispensa- ciones, de los diferentes tiempos, de las diferentes generaciones, para así poder comprend"
58542c5a-d90b-41b2-af95-7c5c84a4d69b,1989-06-16,Dios el hombre y la creacion. sencillo,estu,diar,estudiar,estu-diar,unir,forma_unida_atestiguada,416,0,"es en divinidad y en teología de aquel tiempo. Usted puede ver que no es una cosa de estu- diar mucho, sino de recibir la revelación divina para el tiempo en que uno vive, recibir la"
58542c5a-d90b-41b2-af95-7c5c84a4d69b,1989-06-16,Dios el hombre y la creacion. sencillo,puer,ta,puerta,puer-ta,unir,forma_unida_atestiguada,11186,0,"===== DIOS, EL HOMBRE Y LA CREACIÓN 1 familia. Y dice la Biblia: ``Y Dios cerró la puer- ta''. La Puerta del arca se cerró. La misericordia de Dios se cerró para aquella generación"
58542c5a-d90b-41b2-af95-7c5c84a4d69b,1989-06-16,Dios el hombre y la creacion. sencillo,Trans,formación,Transformación,Trans-formación,conservar,forma_con_guion_atestiguada,10337,1,"n voz de trompeta, los prepara y luego lleva a cabo la Resurrección de los muertos y la Trans- formación de los vivos. De esto habló el apóstol San Pablo, escribiendo a los Corintios, en su"
58542c5a-d90b-41b2-af95-7c5c84a4d69b,1989-06-16,Dios el hombre y la creacion. sencillo,bendi,ción,bendición,bendi-ción,unir,union_legitima_certificada_piloto,26865,0,"lo reciben, y de juicio para los que lo rechazan. Así como fue el Mensaje de Noé: de bendi- ción para los que creyeron, porque entraron al arca y se salvaron; y de juicio y maldición pa"
eb582467-e036-4b97-b48b-3db475d011d7,1974-02-13,La Estatura del Hombre Perfecto,más,más,másmás,más-más,conservar,repeticion_literal,0,0,"algo ahí que nosotros deberíamos conocer ahora de inmediato; luego entraremos a cositas más- más sencillas, pero más hondas también. Dice en el capítulo 1, verso 22 y 23, hablando de Cr"
ac27414e-6f09-46f6-a43f-ecef23ade9d2,1980-01-06,El juez,Sacerdote,Abogado,SacerdoteAbogado,Sacerdote-Abogado,conservar,sin_evidencia_lexica_suficiente,0,0,"lo hay de Juez, que viene a ser un Rey-Juez, como también el título de Abogado es de un Sacerdote- Abogado. Aquí podemos ver que como Abogado, como Sacerdote, ===== [PAGINA 7 de 28] ===== EL JUEZ"
91990527-ca49-4a65-aa14-6aef70a46fa2,2010-01-02,RM La Venida del Mesias.,Carpa,Catedral,CarpaCatedral,Carpa-Catedral,conservar,forma_con_guion_atestiguada,0,1063,"ndemente en Su Obra en este tiempo final. Y adelante trabajando en el proyecto de La gran Carpa- Catedral en Puerto Rico, y también trabajando en la obra misionera y la obra evangelística, en la"
91990527-ca49-4a65-aa14-6aef70a46fa2,2010-01-02,RM La Venida del Mesias.,Carpa,Catedral,CarpaCatedral,Carpa-Catedral,conservar,forma_con_guion_atestiguada,0,1063,"precio y agradezco mucho todo lo que están haciendo por el importante proyecto de La gran Carpa- Catedral, en donde esperamos tener la visita de los dos Olivos, los ministerios de Moisés y Elías"
139a8c22-94a1-4d21-ad99-5f20d61d4d1d,2009-12-31,Los Exodos y sus propositos.,Carpa,Catedral,CarpaCatedral,Carpa-Catedral,conservar,forma_con_guion_atestiguada,0,1063,"miso, Señor, obra para que pronto ya esté en nuestros manos, en las manos acá, de la Gran Carpa- Catedral. Dios eterno, Te pido bendigas a cada persona que ha contribuido para este gran proyecto"
139a8c22-94a1-4d21-ad99-5f20d61d4d1d,2009-12-31,Los Exodos y sus propositos.,Carpa,Catedral,CarpaCatedral,Carpa-Catedral,conservar,forma_con_guion_atestiguada,0,1063,"no, Te pido bendigas a cada persona que ha contribuido para este gran proyecto de la Gran Carpa- Catedral, a cada ministro, y a cada congregación, y les recompenses grandemente en Tu Reino en est"
9e7429f1-9c52-4bb8-b502-0d2bb28bee16,1974-05-05,Tales Adoradores Busca el Padre que Le Adoren Ponce Pr,yo,yo,yoyo,yo-yo,conservar,repeticion_literal,0,2,"legaron a parar porque le tenía esa tablilla vieja puesta al frente. Y yo le dije: “Pero yo- yo tengo la tablilla buena puesta atrás”. “Sí, pero no puede tener esa, porque ya esa, aunq"
a8b7aeee-3e75-475e-b222-7683b2df2cf8,1974-05-26,Los tres éxodos y la señal en ellos,no,no,nono,no-no,conservar,repeticion_literal,0,26,"ar de meterle miedo al pueblo de Dios, diciéndole: “¡Tenga cuidado con eso, no-no toque, no- no se meta en eso, no crea…!”. 102. ¡Que Dios lo ha dicho por Su profeta en el primer éxo"
a903caf7-1f4e-4f8b-9dbe-5c9c15cb02a8,1974-06-13,Rm Preguntas y Respuestas en Reunion de Pastores Venezuela,pági,nas,páginas,pági-nas,unir,forma_unida_atestiguada,240,0,"ace mención a este diagrama. En el dibujo que encontrará en la parte inferior de algunas pági- nas de esta conferencia, aparecerán unos números que corresponden a las etapas mostradas en"
3c1233a3-9ea6-4ba2-99f3-c69e0899b92c,1974-07-31,El Misterio de los Siete Truenos del Septimo Sello y de la Fe de Rapto,Reina,Valera,ReinaValera,Reina-Valera,conservar,forma_con_guion_atestiguada,0,45,"E.U.A. 31 Apocalipsis 19:7 32 San Mateo 25:6. El Hermano William está usando la Biblia Reina- Valera Antigua, versión 1909 ===== [PAGINA 45 de 64] ===== EL MISTERIO DE LOS SIETE TRUENOS, DEL"
dad088fc-c407-448f-83e0-48d9a3d436e6,1974-08-28,Informe (aclarando Conceptos),anos,de,anosde,anos-de,conservar,url,0,2,de diciembre de 1965. https://www. cuevadelprofeta.com/2015/12/william-marrion-branham-50-anos- de-su-partida.html?m=1 9 San Juan 14:13 ===== [PAGINA 20 de 48] ===== Dr. William Soto Sant
7abe4a6e-b2b9-4831-83c2-0755d1ec6c1e,1974-09-22,Muchos Son los Llamados y Pocos Escogidos,no,no,nono,no-no,conservar,repeticion_literal,0,26,"cer, porque ya no tiene más entusiasmo para vivir la vida, ya sabe que… que-que-que, que no- no, no debe ni vivir más. Y espiritualmente, después que sus nombres sean borrados espiritu"
85c48c11-383e-47b3-9e91-b7e3a6979bab,1974-09-29,La Gavilla Mecida,eso,eso,esoeso,eso-eso,conservar,repeticion_literal,0,3,"Algunas veces nos impacientamos. Como los niños, la excitación nos hace adelantarnos, y eso- eso tan solo atrasa la obra, y tenemos que esperar entonces hasta que la obra llegue a su ti"
b31a45a7-2243-4b00-b445-72ceee67a2a6,1974-11-17,El Tiempo de Hablar la Palabra,vez,tal,veztal,vez-tal,conservar,sin_evidencia_lexica_suficiente,0,0,"o una idea de que “tal vez…”. Mire cuando usted empieza a pensar: “Bueno, yo no sé…, tal vez- tal vez, pues... yo no llegue a ese tiempo”. Bueno, eso está diciendo lo que usted tiene por"
dd942586-e0f4-4fa5-b472-cd45a7de4119,1974-12-29,Comiendo del Pan de Vida Eterna Hoy,Jehová,Salvador,JehováSalvador,Jehová-Salvador,conservar,forma_con_guion_atestiguada,0,8,"Nuestra tierra prometida está apareciendo aun como la de ellos. Ahora, Josué significa: ‘Jehová- Salvador”, y él representa el líder del ultimo día, quien vendrá a la Iglesia como vino Pablo com"
49db69dc-c8df-43c4-a9b4-68cf1d8d7c33,1975-05-21,Nuestro Regreso al Este del Edén,anti,Palabra,antiPalabra,anti-Palabra,conservar,forma_con_guion_atestiguada,96,39,"un hijo a Eva18. ¿Ve? Luego vino Adán y le engendró otro hijo a Eva; uno era hijo de la anti- Palabra, el otro era hijo de la Palabra, (que era Adán), pero por la vía permisiva, la Palabra,"
248b4ae4-013f-476a-b14c-94e556b36af9,1976-01-08,La Señal del Mesías (el Mesias Discierne),Reina,Valera,ReinaValera,Reina-Valera,conservar,forma_con_guion_atestiguada,0,45,"ama a tu marido, y ven acá. 2 San Juan 4:6-39 El Hermano William está leyendo la Biblia Reina- Valera, versión antigua 1909 ===== [PAGINA 5 de 68] ===== DESPERTAD 5 Respondió la mujer y dijo:"
0eb3c530-dfd4-4de9-a7f9-631779391932,1976-02-22,Las Tres Etapas del Rapto,anti,Cristo,antiCristo,anti-Cristo,conservar,forma_con_guion_atestiguada,2656,7,"e los llamaran Jesuses) sino “ falsos” ungidos. Ellos están ungidos, sí, señor, pero son anti- Cristo. Ellos están ungidos con el Espíritu, para hacer las señales y maravillas que hizo Crist"
847faa43-e1a1-43ed-b5e7-91d09eecaa0c,1976-02-29,La Buena Simiente y la Buena Tierra,anti,Palabra,antiPalabra,anti-Palabra,conservar,forma_con_guion_atestiguada,96,39,"es no…la persona pues dejó, dejó que las cosas de esta Tierra, dejó que toda cosa que es anti- Palabra, ahogara esa Palabra. ¿Ve usted? 34. Entonces usted no puede tener alrededor de la Pala"
fd92b95d-c710-417d-980a-04481108f534,1975-03-09,El Evangelio del Reino y los Falsos Profetas,Mensaje,Palabra,MensajePalabra,Mensaje-Palabra,conservar,sin_evidencia_lexica_suficiente,0,0,"la Palabra (a cualquier predicador, por la Palabra), y saber qué es su mensaje: si es un Mensaje- Palabra, o es un mensaje anticristo. Y podemos también por la Palabra del profeta, saber quiénes"
da929c76-d073-48f1-a2f5-c5602cd72d34,1978-04-09,La Corona,de,de,dede,de-de,conservar,repeticion_literal,0,3,"empo de un mensaje, teológicamente, según los teólogos y según la… no recuerdo el nombre de- de…, no sé si es una ciencia, una ciencia teológica, una ciencia religiosa, hemena… ¿Hermen"
92a1451e-0ff1-47d4-911d-1a1575bad1d9,1991-11-24,1 Los hechos del Espíritu Santo en el movimiento milenial,derra,mó,derramó,derra-mó,unir,union_legitima_certificada_piloto,384,0,"es necesario que examinemos otras Edades y otras dispensaciones en donde Dios se movió y derra- mó Sus bendiciones. Por ejemplo, tenemos la Dispensación de la Ley, bajo Moisés, en donde"
92a1451e-0ff1-47d4-911d-1a1575bad1d9,1991-11-24,1 Los hechos del Espíritu Santo en el movimiento milenial,escogi,dos,escogidos,escogi-dos,unir,union_legitima_certificada_piloto,24653,0,"ficio de todos los escogidos en el movimiento milenial, en donde son colocados todos los escogi- dos al ser llamados con el Mensaje de la gran Voz de trompeta y ser juntados en la Dispensac"
92a1451e-0ff1-47d4-911d-1a1575bad1d9,1991-11-24,1 Los hechos del Espíritu Santo en el movimiento milenial,bendi,ción,bendición,bendi-ción,unir,union_legitima_certificada_piloto,26865,0,"ara Él llevar a cabo la obra que Él prometió. Comienza con el mensajero y se extiende la bendi- ción a todos los escogidos. Por lo tanto todos trabajamos unidos en el amor divino, en el Re"
92a1451e-0ff1-47d4-911d-1a1575bad1d9,1991-11-24,1 Los hechos del Espíritu Santo en el movimiento milenial,Dispen,sación,Dispensación,Dispen-sación,unir,union_legitima_certificada_piloto,28784,1,DR. WILLIAM SOTO SANTIAGO 20 Espíritu Santo lleve a cabo la obra prometida para esta Dispen- sación del Reino; y que así todos podamos ver los Hechos del Espíritu Santo en la Dispensación
92a1451e-0ff1-47d4-911d-1a1575bad1d9,1991-11-24,1 Los hechos del Espíritu Santo en el movimiento milenial,conde,nación,condenación,conde-nación,unir,union_legitima_certificada_piloto,849,0,"y les predicó a ellos, condenando la incredulidad de ellos, no para salvación, sino para conde- nación. Él apareció allá y los condenó por no creer en Noé y su Mensaje. Las obras del Espírit"
74fcd146-80fb-4090-a449-07ef624dc497,2005-04-09,Prosigo a la meta al Premio de Dios.,Nota,corte,Notacorte,Nota-corte,conservar,anotacion_corchetes,0,0,"edio metro o un poquito más. Y para llegar a la meta hay que pasar por ese tablón, si... [Nota- corte de cinta] ...precipicio. Si uno mira los problemas que hay para ===== [PAGINA 5 de 30] =="
6891eaa0-80e9-4da8-aa9a-ebce711ad9d4,2010-09-04,1 Dios dando sabiduria e inteligencia a sus hijos.,setenta,semanas,setentasemanas,setenta-semanas,conservar,url,0,0,Angular. Tan sencillo como eso. 13 Daniel 9:24-26 / https://imprenta.carpa.com/es/las-setenta- semanas-de-daniel/ ===== [PAGINA 18 de 32] ===== Dr. William Soto Santiago 18 Pero por cuanto s
6891eaa0-80e9-4da8-aa9a-ebce711ad9d4,2010-09-04,1 Dios dando sabiduria e inteligencia a sus hijos.,de,cristo,decristo,de-cristo,conservar,url,0,0,"págs. 301 a la 341 - https:// imprenta.carpa.com/es/la-introduccion-de-la-segunda-venida-de- cristo-a-su-iglesia/ 19 “La introducción de la Segunda Venida…”. Pág. 334, párr. 162 / La R"
681f94a8-4cf3-4da9-9d2a-3cacc26f23c0,2017-01-08,1 La Piedra con un Nombre Nuevo,medo,persa,medopersa,medo-persa,conservar,forma_con_guion_atestiguada,124,223,"pocalipsis y también en Daniel, capítulo 2. Luego vino el reino medo-persa, el imperio medo- persa, en los hombros y brazos de plata; luego, más adelante, vino la tercera etapa de ese rei"
