ruta,documento_id,conferencia_id,fecha,titulo,paginas,estado_control,sha256_pdf,normalizador,sha256_lexico,orden_logico,paginas_numeradas,desfase_folios,consistencia_orden,inicio,cierre,duplicacion,jaccard_maximo
C:\Users\USUARIO\Documents\Downloads\BASE DE DATOS 1974-2018 PDFs. WSS\1974\1974-02-13 LA ESTATURA DEL HOMBRE PERFECTO AClaib-cel.pdf,eb582467-e036-4b97-b48b-3db475d011d7,355f1cd5-4882-4d34-8e11-93e15ffb92d2,1974-02-13,La Estatura del Hombre Perfecto,64,APROBADO,8847E708678CD89F878A5E79FA5DBDC83B6BF19CF0336697C73B2446AFAD8A88,normalizacion_paginada_v2_1_guiones_lexico_20260811,B75821DCA7E73A9A59289274E77E823F84436591E15C224011B0ECD7D1694ABC,PASS,58,0,0.982759,PASS,PASS,PASS,0.000000
C:\Users\USUARIO\Documents\Downloads\BASE DE DATOS 1974-2018 PDFs. WSS\1974\1974-04-24 ROMPIENDO LA BARRERA DEL TIEMPO AClaib-cel.pdf,f844343f-86bf-4819-9166-3e06c95627e6,0174af79-0d8c-49d7-a46a-eef47806a59b,1974-04-24,Rompiendo la Barrera del Tiempo,72,APROBADO,C01482C1DEC60B418904C259D26044AF41D2048188E6D8FF58BBC2A1786C9C5A,normalizacion_paginada_v2_1_guiones_lexico_20260811,B75821DCA7E73A9A59289274E77E823F84436591E15C224011B0ECD7D1694ABC,PASS,69,0,0.985507,PASS,PASS,PASS,0.002848
C:\Users\USUARIO\Documents\Downloads\BASE DE DATOS 1974-2018 PDFs. WSS\1974\1974-05-03 TIEMPO DE ESTAR UNÁNIMES AClaib-cel.pdf,c95e0f05-d6d5-4abe-be2a-e83149085d9d,08225c7f-d560-4ffc-a650-29190a5fb050,1974-05-03,Tiempo de Estar Unánimes,84,APROBADO,E9C6B0C8D91650BA9A169B6324123A7C5B0310D34B024A9ECEEF89C36367CC07,normalizacion_paginada_v2_1_guiones_lexico_20260811,B75821DCA7E73A9A59289274E77E823F84436591E15C224011B0ECD7D1694ABC,PASS,80,0,0.9875,PASS,PASS,PASS,0.007683
C:\Users\USUARIO\Documents\Downloads\BASE DE DATOS 1974-2018 PDFs. WSS\1974\1974-05-05 TALES ADORADORES BUSCA EL PADRE QUE LE ADOREN PONCE PR  AClaib cel.pdf,9e7429f1-9c52-4bb8-b502-0d2bb28bee16,87662a12-566c-4bc0-9699-ed1b76a1da07,1974-05-05,Tales Adoradores Busca el Padre que Le Adoren Ponce Pr,52,APROBADO,4EC5524C5911A8A5F8E6B0A28F892F6F0BCE945BD23A555CA7C96579F8D5AC06,normalizacion_paginada_v2_1_guiones_lexico_20260811,B75821DCA7E73A9A59289274E77E823F84436591E15C224011B0ECD7D1694ABC,PASS,48,0,0.979167,PASS,PASS,PASS,0.003651
C:\Users\USUARIO\Documents\Downloads\BASE DE DATOS 1974-2018 PDFs. WSS\1974\1974-06-13 RM PREGUNTAS Y RESPUESTAS EN REUNION DE PASTORES VENEZUELA AClaib-cel.pdf,a903caf7-1f4e-4f8b-9dbe-5c9c15cb02a8,ef8c41bd-4986-4a90-97cb-76409b5c2834,1974-06-13,Rm Preguntas y Respuestas en Reunion de Pastores Venezuela,44,APROBADO,F8ACBECBBADC601CC0D0B0B47D5663A460B76E884BA5988C0CBC663281971FF4,normalizacion_paginada_v2_1_guiones_lexico_20260811,B75821DCA7E73A9A59289274E77E823F84436591E15C224011B0ECD7D1694ABC,PASS,34,0,1.0,PASS,PASS,PASS,0.001702
C:\Users\USUARIO\Documents\Downloads\BASE DE DATOS 1974-2018 PDFs. WSS\1974\1974-07-14 LO QUE HEMOS VISTO Y OIDO AClaib-cel.pdf,5e42709d-558b-410d-a1a3-c84eadc351c5,436ccd5d-7114-49be-8a52-65388099e6d6,1974-07-14,Lo que Hemos Visto y Oido,36,APROBADO,BF7C3B8244E8BBF83108DF8017F8C5E8013FC929DF2DE64C05F6C2313D8C35BC,normalizacion_paginada_v2_1_guiones_lexico_20260811,B75821DCA7E73A9A59289274E77E823F84436591E15C224011B0ECD7D1694ABC,PASS,34,0,0.970588,PASS,PASS,PASS,0.002824
"C:\Users\USUARIO\Documents\Downloads\BASE DE DATOS 1974-2018 PDFs. WSS\1974\1974-07-17 Mirando el Cuadro completo - RM (WSS) Valencia, Venezuela (movil) AClaib-cel.pdf",a8636398-114d-48b2-a93f-29b4923cf218,aeeda71c-1683-4230-aadb-33f121d87c63,1974-07-17,Rm Mirando el Cuadro Completo,72,APROBADO,EC5C6600295B5B20942E8D238174DE524E26C3BE6AFDC99402738C6843CD0818,normalizacion_paginada_v2_1_guiones_lexico_20260811,B75821DCA7E73A9A59289274E77E823F84436591E15C224011B0ECD7D1694ABC,PASS,69,0,1.0,PASS,PASS,PASS,0.008758
C:\Users\USUARIO\Documents\Downloads\BASE DE DATOS 1974-2018 PDFs. WSS\1974\1974-07-20 QUIEN DICEN LOS HOMBRES QUE ES EL HIJO DEL HOMBRE HOY AClaib-cel.pdf,44096dff-0063-4449-9f75-92ee201690c8,743f41e4-88f9-468b-9a03-391f890ad5be,1974-07-20,Quien Dicen los Hombres que es el Hijo del Hombre Hoy,60,APROBADO,1604D962FBD8A822CA807E1BF1DA032D8DC0EE8B23BC770085D569870B208654,normalizacion_paginada_v2_1_guiones_lexico_20260811,B75821DCA7E73A9A59289274E77E823F84436591E15C224011B0ECD7D1694ABC,PASS,54,0,0.981481,PASS,PASS,PASS,0.029063
C:\Users\USUARIO\Documents\Downloads\BASE DE DATOS 1974-2018 PDFs. WSS\1974\1974-08-28 INFORME (ACLARANDO CONCEPTOS) AClaib-cel.pdf,dad088fc-c407-448f-83e0-48d9a3d436e6,d66bcfd0-8171-4892-bda2-27bd430811d6,1974-08-28,Informe (aclarando Conceptos),48,APROBADO,74B9E6370CA5E93253F5F48DE4BE293B5F770A619072D2131D3B0E259C83562E,normalizacion_paginada_v2_1_guiones_lexico_20260811,B75821DCA7E73A9A59289274E77E823F84436591E15C224011B0ECD7D1694ABC,PASS,41,0,1.0,PASS,PASS,PASS,0.008652
C:\Users\USUARIO\Documents\Downloads\BASE DE DATOS 1974-2018 PDFs. WSS\1974\1974-09-01 LA POSICION DE LA CASADA CON CRISTO AClaib-cel.pdf,989ee8e7-8bda-4e54-ad4f-91c7c71144f3,da9061b0-ba5c-452e-8354-0e47e2148309,1974-09-01,La Posicion de la Casada con Cristo,44,APROBADO,11D2434AAE3CDEB389A887E72E93293F6202C0BC57C84780D307EECB29A1FB35,normalizacion_paginada_v2_1_guiones_lexico_20260811,B75821DCA7E73A9A59289274E77E823F84436591E15C224011B0ECD7D1694ABC,PASS,38,0,0.973684,PASS,PASS,PASS,0.013195
C:\Users\USUARIO\Documents\Downloads\BASE DE DATOS 1974-2018 PDFs. WSS\1974\1974-09-22 MUCHOS SON LOS LLAMADOS Y POCOS ESCOGIDOS AClaib-cel.pdf,7abe4a6e-b2b9-4831-83c2-0755d1ec6c1e,6be964e3-4d32-4632-b618-f04da44c4a12,1974-09-22,Muchos Son los Llamados y Pocos Escogidos,64,APROBADO,E4589FCC2370CB890C9DADD5D09A93DAE015B26898854871B51DF968967574B9,normalizacion_paginada_v2_1_guiones_lexico_20260811,B75821DCA7E73A9A59289274E77E823F84436591E15C224011B0ECD7D1694ABC,PASS,61,0,0.983607,PASS,PASS,PASS,0.004114
C:\Users\USUARIO\Documents\Downloads\BASE DE DATOS 1974-2018 PDFs. WSS\1974\1974-09-27 LA GAVILLA MECIDA lectura.pdf,fc3313e0-16c5-460d-9aab-8925d68a243b,f2d34e83-a3d4-4109-8553-043baab13202,1974-09-27,La Gavilla Mecida,13,APROBADO,6D39A86A402E3EFFB2AF823DBA50E8E8FB24264482414F46DA4EFD42B7D008EC,normalizacion_paginada_v2_1_guiones_lexico_20260811,B75821DCA7E73A9A59289274E77E823F84436591E15C224011B0ECD7D1694ABC,PASS,10,0,1.0,PASS,PASS,PASS,0.000000
C:\Users\USUARIO\Documents\Downloads\BASE DE DATOS 1974-2018 PDFs. WSS\1974\1974-09-29 LA GAVILLA MECIDA AClaib-cel.pdf,85c48c11-383e-47b3-9e91-b7e3a6979bab,3af6a0eb-0ae6-44ca-95fd-5b16a1cd613b,1974-09-29,La Gavilla Mecida,60,APROBADO,FB4771D2CA95A48CB13C629CB69CAF84E9231BA0EAD3AF941CA7C8908C6866C1,normalizacion_paginada_v2_1_guiones_lexico_20260811,B75821DCA7E73A9A59289274E77E823F84436591E15C224011B0ECD7D1694ABC,PASS,56,0,1.0,PASS,PASS,PASS,0.004968
C:\Users\USUARIO\Documents\Downloads\BASE DE DATOS 1974-2018 PDFs. WSS\1974\1974-10-30 DOLORES DE PARTO AClaib-cel.pdf,dc65370d-54cb-4fac-98ce-57b4646fcef0,36ce5b3b-8a75-4dbb-8eef-30838d3e06e6,1974-10-30,Dolores de Parto,114,APROBADO,43B71FA651EFAAC33BD69D6ECC676FEDC847C2862DF80021563E504684DC5245,normalizacion_paginada_v2_1_guiones_lexico_20260811,B75821DCA7E73A9A59289274E77E823F84436591E15C224011B0ECD7D1694ABC,PASS,108,0,0.990741,PASS,PASS,PASS,0.001436
C:\Users\USUARIO\Documents\Downloads\BASE DE DATOS 1974-2018 PDFs. WSS\1974\1974-11-17 EL TIEMPO DE HABLAR LA PALABRA AClaib-cel.pdf,b31a45a7-2243-4b00-b445-72ceee67a2a6,268519ce-cb6a-4a21-bcce-7deae0ab3b30,1974-11-17,El Tiempo de Hablar la Palabra,52,APROBADO,5EAD8144EE66A37A454D0BCA38F862615962D7573ABF990B4FE273D359475918,normalizacion_paginada_v2_1_guiones_lexico_20260811,B75821DCA7E73A9A59289274E77E823F84436591E15C224011B0ECD7D1694ABC,PASS,47,0,0.978723,PASS,PASS,PASS,0.027989
C:\Users\USUARIO\Documents\Downloads\BASE DE DATOS 1974-2018 PDFs. WSS\1974\1974-12-01 TIEMPO DE SEPARACION PARA RECIBIR LA PROMESA (700) lectura.pdf,f832927e-ab22-4f4e-a067-5a3424a1467a,47fbf058-aed8-47c8-8cb2-8d178ef933f7,1974-12-01,Tiempo de Separacion para Recibir la Promesa (700),52,APROBADO,5ED9E2A87E8F8FA900ABBB337136B4819DD95D0299F446F36C77CCCEE56D70CE,normalizacion_paginada_v2_1_guiones_lexico_20260811,B75821DCA7E73A9A59289274E77E823F84436591E15C224011B0ECD7D1694ABC,PASS,48,0,0.979167,PASS,PASS,PASS,0.008915
"C:\Users\USUARIO\Documents\Downloads\BASE DE DATOS 1974-2018 PDFs. WSS\1974\1974-12-29 Comiendo del Pan de vida eterna hoy (WSS) Ponce, Puerto Rico (movil) AClaib-cel.pdf",dd942586-e0f4-4fa5-b472-cd45a7de4119,46add84c-7e59-4a5a-a020-087a74d2f387,1974-12-29,Comiendo del Pan de Vida Eterna Hoy,48,APROBADO,DC67B4A52635D116A2E786447E312AE54A18D0BA5E7791E8A0C6AA54C925881B,normalizacion_paginada_v2_1_guiones_lexico_20260811,B75821DCA7E73A9A59289274E77E823F84436591E15C224011B0ECD7D1694ABC,PASS,45,0,1.0,PASS,PASS,PASS,0.003764
C:\Users\USUARIO\Documents\Downloads\BASE DE DATOS 1974-2018 PDFs. WSS\1975\1975-01-19 EL PADRE Y SUS HIJOS lectura.pdf,c7fb2ee7-5266-486f-aa3f-7ac260135a67,639692de-42a7-4a49-aa90-5af374b2dbe4,1975-01-19,El Padre y Sus Hijos,31,APROBADO,5326D207D45B76A8EB28709AE53A062E8A18D846EF7F93A3E17A9B148C1398EC,normalizacion_paginada_v2_1_guiones_lexico_20260811,B75821DCA7E73A9A59289274E77E823F84436591E15C224011B0ECD7D1694ABC,PASS,28,0,1.0,PASS,PASS,PASS,0.001060
C:\Users\USUARIO\Documents\Downloads\BASE DE DATOS 1974-2018 PDFs. WSS\1975\1975-02-09  LA SIMIENTE DE DIOS ES LA PALABRA lectura.pdf,b90eb43f-572d-4d84-b68a-f414357b293e,097063cf-b309-410b-821f-80b8f1820fbd,1975-02-09,La Simiente de Dios es la Palabra,40,APROBADO,1161942BBABF15A563C8838F00D66E9E6B0E362C2C0CE7AE36B8FB3544EC6299,normalizacion_paginada_v2_1_guiones_lexico_20260811,B75821DCA7E73A9A59289274E77E823F84436591E15C224011B0ECD7D1694ABC,PASS,34,0,1.0,PASS,PASS,PASS,0.015227
C:\Users\USUARIO\Documents\Downloads\BASE DE DATOS 1974-2018 PDFs. WSS\1975\1975-02-16 LA MENTE DE CRISTO EN OPERACION lectura.pdf,781ea4a1-b188-4cc5-ba96-cb27db491a42,b5bda96e-a581-4776-91b3-1fc740394de5,1975-02-16,La Mente de Cristo en Operacion,56,APROBADO,83B9E0029DB5673D4F534E09731B0FF7CF4F4544B8A8F2ADB58178940323A9FF,normalizacion_paginada_v2_1_guiones_lexico_20260811,B75821DCA7E73A9A59289274E77E823F84436591E15C224011B0ECD7D1694ABC,PASS,54,0,0.981481,PASS,PASS,PASS,0.009201
C:\Users\USUARIO\Documents\Downloads\BASE DE DATOS 1974-2018 PDFs. WSS\1975\1975-03-16 AHORA VEO lectura.pdf,099a7cb4-28d1-4edc-b881-e45372edc6b4,d3ee36f8-a99d-4b21-a759-ddfc8d72aa1d,1975-03-16,Ahora Veo,44,APROBADO,4777A81DE3C62965CBD0A9E9916753023F4BBB96108DF4CCC402970A803109E7,normalizacion_paginada_v2_1_guiones_lexico_20260811,B75821DCA7E73A9A59289274E77E823F84436591E15C224011B0ECD7D1694ABC,PASS,41,0,1.0,PASS,PASS,PASS,0.011410
C:\Users\USUARIO\Documents\Downloads\BASE DE DATOS 1974-2018 PDFs. WSS\1975\1975-04-06 UN POQUITO Y ME VERÉIS lectura.pdf,0b7c4c2a-9d04-48de-815f-15f1ffb6a136,e41815f8-a094-4d43-bc1e-32d45c726ab4,1975-04-06,Un Poquito y Me Veréis,34,APROBADO,91B3F4528C482CAAF63519A0F0DE62A0AF56B8C885CAEE1EBB465CDAA8C9FBB5,normalizacion_paginada_v2_1_guiones_lexico_20260811,B75821DCA7E73A9A59289274E77E823F84436591E15C224011B0ECD7D1694ABC,PASS,31,0,1.0,PASS,PASS,PASS,0.000897
C:\Users\USUARIO\Documents\Downloads\BASE DE DATOS 1974-2018 PDFs. WSS\1975\1975-04-20 EL ORIGEN DE LOS HIJOS DE DIOS lectura.pdf,a4a20ad4-a0d9-4723-aa49-da44038bd63f,473f28c9-f32b-4141-ad25-36ef88b43356,1975-04-20,El Origen de los Hijos de Dios,40,APROBADO,C20063C176CAB01619A7FBFB1F6F9BCEA98F4448DCDBD2D0495454EE3B200D3E,normalizacion_paginada_v2_1_guiones_lexico_20260811,B75821DCA7E73A9A59289274E77E823F84436591E15C224011B0ECD7D1694ABC,PASS,36,0,0.972222,PASS,PASS,PASS,0.009958
C:\Users\USUARIO\Documents\Downloads\BASE DE DATOS 1974-2018 PDFs. WSS\1975\1975-05-01 BEBIENDO DEL AGUA DE VIDA ETERNA lectura.pdf,d3a3bdd6-24f7-4602-a63e-14d9bbca2f59,f0ce2494-284f-46f3-83b7-1e21f57b10e0,1975-05-01,Bebiendo del Agua de Vida Eterna,37,APROBADO,21946707D8E42B26F57980A7C787A08110CAD02EB5AEB37D9A9C506AD3F486ED,normalizacion_paginada_v2_1_guiones_lexico_20260811,B75821DCA7E73A9A59289274E77E823F84436591E15C224011B0ECD7D1694ABC,PASS,34,0,1.0,PASS,PASS,PASS,0.008880
C:\Users\USUARIO\Documents\Downloads\BASE DE DATOS 1974-2018 PDFs. WSS\1975\1975-05-21 NUESTRO REGRESO AL ESTE DEL EDÉN lectura.pdf,49db69dc-c8df-43c4-a9b4-68cf1d8d7c33,0e1a3e85-770c-44c9-8195-75dd10369467,1975-05-21,Nuestro Regreso al Este del Edén,56,APROBADO,5B4F37F244534AD4AF74410186BB5FFFD430F813BFFE0C4D752290B928F4A32E,normalizacion_paginada_v2_1_guiones_lexico_20260811,B75821DCA7E73A9A59289274E77E823F84436591E15C224011B0ECD7D1694ABC,PASS,52,0,1.0,PASS,PASS,PASS,0.010758
C:\Users\USUARIO\Documents\Downloads\BASE DE DATOS 1974-2018 PDFs. WSS\1975\1975-06-08 LA SEÑAL DE BIENVENIDA PARA LOS HIJOS DE DIOS lectura.pdf,adb5cf1c-834c-4f83-abbd-c7b46891028f,6ec385a8-ca88-4194-8005-b591742b9a2d,1975-06-08,La Señal de Bienvenida para los Hijos de Dios,31,APROBADO,9AA827BB44B6D99BAD9DBDC3116E922B2AB3FFE5570B0023A5C8DEB63D61165F,normalizacion_paginada_v2_1_guiones_lexico_20260811,B75821DCA7E73A9A59289274E77E823F84436591E15C224011B0ECD7D1694ABC,PASS,28,0,1.0,PASS,PASS,PASS,0.005836
C:\Users\USUARIO\Documents\Downloads\BASE DE DATOS 1974-2018 PDFs. WSS\1975\1975-06-13 EL JEFE INGENIERO Y DISEÑADOR lectura.pdf,f5c279fd-9650-4d7d-bd80-a48940f3fa7f,27f89781-2892-4160-afc0-3915e12071ee,1975-06-13,El Jefe Ingeniero y Diseñador,33,APROBADO,27F22236DF1BFA14335159E396DB53B8A29ABB44DEB4107A728A3B42FED7AE3B,normalizacion_paginada_v2_1_guiones_lexico_20260811,B75821DCA7E73A9A59289274E77E823F84436591E15C224011B0ECD7D1694ABC,PASS,30,0,1.0,PASS,PASS,PASS,0.002287
C:\Users\USUARIO\Documents\Downloads\BASE DE DATOS 1974-2018 PDFs. WSS\1975\1975-06-15 LA RESTAURACIÓN DE LOS HIJOS DE DIOS lectura.pdf,d97e26fa-a49e-4cd5-a47c-43b34c87d6f0,ab577602-c7dc-488b-bae2-4e3779100c59,1975-06-15,La Restauración de los Hijos de Dios,32,APROBADO,6F873F2FC14DC909F97C1F23D5B5ED0BA08603CA3F0A06F442AA2EC3DA031E08,normalizacion_paginada_v2_1_guiones_lexico_20260811,B75821DCA7E73A9A59289274E77E823F84436591E15C224011B0ECD7D1694ABC,PASS,29,0,1.0,PASS,PASS,PASS,0.010067
C:\Users\USUARIO\Documents\Downloads\BASE DE DATOS 1974-2018 PDFs. WSS\1975\1975-06-20 SOBRE QUIÉN SE HA MANIFESTADO EL BRAZO DEL SEÑOR lectura.pdf,f1a51e8f-da1a-4233-87c0-4d93c90cd375,f3d2c212-bd61-4bd4-9275-d06e90ee8583,1975-06-20,Sobre Quien Se Ha Manifestado el Brazo del Señor,34,APROBADO,9DB772F9C2BE2B64ACB63BE213CDCECA22FB16CFF4EEDBE7E0E0C30AF7D0BBF7,normalizacion_paginada_v2_1_guiones_lexico_20260811,B75821DCA7E73A9A59289274E77E823F84436591E15C224011B0ECD7D1694ABC,PASS,31,0,1.0,PASS,PASS,PASS,0.012336
C:\Users\USUARIO\Documents\Downloads\BASE DE DATOS 1974-2018 PDFs. WSS\1975\1975-06-22 EL RAPTO ESPIRITUAL lectura.pdf,a1709fd4-621d-4351-86dd-aef8e1825342,2e53e9aa-4b5e-42fe-b2d5-0d1486aa6657,1975-06-22,El Rapto Espiritual,40,APROBADO,7B00024C6E2AD1F9B7E41DC284C8F26C936FE1E3713C88FFA4103D1D79F4227D,normalizacion_paginada_v2_1_guiones_lexico_20260811,B75821DCA7E73A9A59289274E77E823F84436591E15C224011B0ECD7D1694ABC,PASS,37,0,0.972973,PASS,PASS,PASS,0.009712
C:\Users\USUARIO\Documents\Downloads\BASE DE DATOS 1974-2018 PDFs. WSS\1975\1975-06-28 HAMBRE EN LA TIERRA lectura.pdf,78425f2f-d956-4816-908a-79b6440e112c,198f6b16-228a-4e51-832d-282799783b1c,1975-06-28,Hambre en la Tierra,33,APROBADO,FBF929E3BAB6DDA2776B3FC46AF7B9BC6AC8D68059DE6FBD2E3962BF0ED1E27F,normalizacion_paginada_v2_1_guiones_lexico_20260811,B75821DCA7E73A9A59289274E77E823F84436591E15C224011B0ECD7D1694ABC,PASS,30,0,1.0,PASS,PASS,PASS,0.002608
C:\Users\USUARIO\Documents\Downloads\BASE DE DATOS 1974-2018 PDFs. WSS\1975\1975-06-29 EL JUICIO FINAL lectura.pdf,691b1595-c134-4dda-b27e-23d89d6a24f9,5dfe0385-d2c9-4c96-8c83-9f8029fb874a,1975-06-29,El Juicio Final,31,APROBADO,621CB5C11DCDBBFCE60574526222D508690E11BF3F7B947C3652BC9B15392DCA,normalizacion_paginada_v2_1_guiones_lexico_20260811,B75821DCA7E73A9A59289274E77E823F84436591E15C224011B0ECD7D1694ABC,PASS,28,0,1.0,PASS,PASS,PASS,0.001858
C:\Users\USUARIO\Documents\Downloads\BASE DE DATOS 1974-2018 PDFs. WSS\1975\1975-07-07 EL JUICIO FINAL Y EL LAGO DE FUEGO lectura.pdf,ef07c1aa-ed96-4774-9e58-c7f3e6070342,96f3ba9d-6716-4d2f-b114-679d0ea51d5b,1975-07-07,El Juicio Final y el Lago de Fuego,36,APROBADO,FA3B065200A0CD15982D13C0D16185560DBDB68B001AE7AC52B798113156AFE7,normalizacion_paginada_v2_1_guiones_lexico_20260811,B75821DCA7E73A9A59289274E77E823F84436591E15C224011B0ECD7D1694ABC,PASS,33,0,1.0,PASS,PASS,PASS,0.015692
C:\Users\USUARIO\Documents\Downloads\BASE DE DATOS 1974-2018 PDFs. WSS\1975\1975-07-13 LA LEY DE REPRODUCCIÓN lectura.pdf,da9a5bef-67cb-4685-9252-a482e16c9e52,b292464c-1182-4e26-adc2-61185d0f701c,1975-07-13,La Ley de Reproducción,32,APROBADO,79247BEF0C7D1E88BE7E05985A4038A57F5966055E8FABED425C533AF590E41F,normalizacion_paginada_v2_1_guiones_lexico_20260811,B75821DCA7E73A9A59289274E77E823F84436591E15C224011B0ECD7D1694ABC,PASS,29,0,1.0,PASS,PASS,PASS,0.001733
C:\Users\USUARIO\Documents\Downloads\BASE DE DATOS 1974-2018 PDFs. WSS\1975\1975-07-18 ADÁN Y LA LEY DE REPRODUCCIÓN lectura.pdf,aea21cb2-6cc5-4b16-8f3a-360790653796,c9502ebe-c094-40cc-b561-c5a82a8b4859,1975-07-18,Adán y la Ley de Reproducción,26,APROBADO,67A73407FB158D17BBC4BED21BD434E0F89D3D6A31AFCFC24EDBD715E90F0E1B,normalizacion_paginada_v2_1_guiones_lexico_20260811,B75821DCA7E73A9A59289274E77E823F84436591E15C224011B0ECD7D1694ABC,PASS,23,0,1.0,PASS,PASS,PASS,0.001310
C:\Users\USUARIO\Documents\Downloads\BASE DE DATOS 1974-2018 PDFs. WSS\1975\1975-07-20 ADÁN Y LA LEY DE REPRODUCCIÓN lectura.pdf,045a638d-e5bf-4057-b481-fb1111b2896d,4bab51cf-2f46-4a5e-a1d4-79aaefe02b0f,1975-07-20,Adan y la Ley de Reproducción,44,APROBADO,67B65E931CD326765D7E6932A614A459B4033C4B9F4920D9A4087AAC2B356395,normalizacion_paginada_v2_1_guiones_lexico_20260811,B75821DCA7E73A9A59289274E77E823F84436591E15C224011B0ECD7D1694ABC,PASS,41,0,1.0,PASS,PASS,PASS,0.002245
"C:\Users\USUARIO\Documents\Downloads\BASE DE DATOS 1974-2018 PDFs. WSS\1975\1975-07-24 LA VIDA, MUERTE, SEPULTURA Y RESURRECCION DEL TRIGO EN ESTA TERCERA DISPENSACIÓN lectura.pdf",ea71bd0f-918b-4b11-9529-9b643f8d4417,699211d0-bc5a-4740-9267-91c4d339f7ad,1975-07-24,"La Vida, Muerte, Sepultura y Resurreccion del Trigo en Esta Tercera Dispensación",42,APROBADO,1437C028014BCC5902EEB890256AE8C500A7E67EC991791E75E76CA409FB10DF,normalizacion_paginada_v2_1_guiones_lexico_20260811,B75821DCA7E73A9A59289274E77E823F84436591E15C224011B0ECD7D1694ABC,PASS,23,0,1.0,PASS,PASS,PASS,0.008249
"C:\Users\USUARIO\Documents\Downloads\BASE DE DATOS 1974-2018 PDFs. WSS\1975\1975-07-27 LA VIDA, MUERTE, SEPULTURA Y RESURRECCION DEL GRANO DE TRIGO EN LA NUEVA CREACION lectura.pdf",4f0ab53f-3573-44d0-ab07-c477289fe616,34a7c2cf-6868-4793-81ea-6e6d971b4e9f,1975-07-27,"La Vida, Muerte, Sepultura y Resurreccion del Grano de Trigo en la Nueva Creacion",42,APROBADO,FCEC84E532E443E679DE8D96DAF51A593610FCFE1FDF57E530692FC2426FCE25,normalizacion_paginada_v2_1_guiones_lexico_20260811,B75821DCA7E73A9A59289274E77E823F84436591E15C224011B0ECD7D1694ABC,PASS,23,0,1.0,PASS,PASS,PASS,0.001418
C:\Users\USUARIO\Documents\Downloads\BASE DE DATOS 1974-2018 PDFs. WSS\1975\1975-08-03 SU ESTRELLA HEMOS VISTO EN EL ORIENTE Y VENIMOS A ADORARLE lectura.pdf,aabaae1c-951b-4655-aed8-844ca9a70dd8,a545a794-eccc-4335-9c44-0945af433091,1975-08-03,Su Estrella Hemos Visto en el Oriente y Venimos a Adorarle,45,APROBADO,48FE1341A6315C5FF93FC07D984DC8E13BC7D458ABEB5EEB9C869140984EB01B,normalizacion_paginada_v2_1_guiones_lexico_20260811,B75821DCA7E73A9A59289274E77E823F84436591E15C224011B0ECD7D1694ABC,PASS,42,0,1.0,PASS,PASS,PASS,0.004898
C:\Users\USUARIO\Documents\Downloads\BASE DE DATOS 1974-2018 PDFs. WSS\1975\1975-08-08 SU ESTRELLA HEMOS VISTO EN EL ORIENTE lectura.pdf,f58da2cb-27bb-45ce-8c5f-f3a060cbfb9a,d2dff3c0-ed2b-494f-94af-8273f612e7e3,1975-08-08,Su Estrella Hemos Visto en el Oriente,30,APROBADO,955856D7662307028DDD7ABD6CDB9A51443A8358C478ADD237DA1BFB0C3BD857,normalizacion_paginada_v2_1_guiones_lexico_20260811,B75821DCA7E73A9A59289274E77E823F84436591E15C224011B0ECD7D1694ABC,PASS,27,0,1.0,PASS,PASS,PASS,0.007722
C:\Users\USUARIO\Documents\Downloads\BASE DE DATOS 1974-2018 PDFs. WSS\1975\1975-08-10 LA PUERTA DE SALVACIÓN (LA PUERTA PARA SER SALVOS) lectura.pdf,ff28c70e-fe74-40a3-928c-d02c0ef15c5a,720d6c46-c258-4bf4-81af-22eb87e12734,1975-08-10,La Puerta de Salvación (la Puerta para Ser Salvos),32,APROBADO,1432876D19B7B8BD544FC63025B99823B0EED6D0894F6692772C5757A28CB7CE,normalizacion_paginada_v2_1_guiones_lexico_20260811,B75821DCA7E73A9A59289274E77E823F84436591E15C224011B0ECD7D1694ABC,PASS,29,0,1.0,PASS,PASS,PASS,0.002859
C:\Users\USUARIO\Documents\Downloads\BASE DE DATOS 1974-2018 PDFs. WSS\1975\1975-08-17 EL AGUA DE LA ENSEÑANZA lectura.pdf,b4790ec3-a731-43b1-a5f5-bfbb4b3f954d,9a9c3065-3537-46f9-8bf7-bb611fd5f48d,1975-08-17,El Agua de la Enseñanza,34,APROBADO,745F723A04EDAAA3413224995F16A91812272E33BA1A0D2515F7E32DD9718837,normalizacion_paginada_v2_1_guiones_lexico_20260811,B75821DCA7E73A9A59289274E77E823F84436591E15C224011B0ECD7D1694ABC,PASS,31,0,1.0,PASS,PASS,PASS,0.009966
C:\Users\USUARIO\Documents\Downloads\BASE DE DATOS 1974-2018 PDFs. WSS\1975\1975-08-22 EL MENSAJE DE INTRODUCCIÓN lectura.pdf,20ea0dfa-7af9-497d-8780-24f3c55adc80,64781b24-89df-44a1-9003-25e6effdcf12,1975-08-22,El Mensaje de Introducción,40,APROBADO,8BBBB81D44F8D3BE7DEBB98699E8E38E5F5DAF695582F087E235EBD494DE2A1F,normalizacion_paginada_v2_1_guiones_lexico_20260811,B75821DCA7E73A9A59289274E77E823F84436591E15C224011B0ECD7D1694ABC,PASS,38,0,0.973684,PASS,PASS,PASS,0.009906
C:\Users\USUARIO\Documents\Downloads\BASE DE DATOS 1974-2018 PDFs. WSS\1975\1975-09-07 EL PODER DE LA REVELACIÓN lectura.pdf,9fa14cc7-90c1-47ff-8ed2-0e7212fbcde5,5e3c33a5-7fb9-4a12-8e93-f7eab253265a,1975-09-07,El Poder de la Revelación,40,APROBADO,BA759102DE1786F80A879586C77917D905DFE5C2F547E600CC456298C00263A1,normalizacion_paginada_v2_1_guiones_lexico_20260811,B75821DCA7E73A9A59289274E77E823F84436591E15C224011B0ECD7D1694ABC,PASS,37,0,1.0,PASS,PASS,PASS,0.003460
C:\Users\USUARIO\Documents\Downloads\BASE DE DATOS 1974-2018 PDFs. WSS\1975\1975-09-21 LA EXPIACIÓN (EL AÑO DEL JUBILEO) lectura.pdf,d5671bd0-2501-4b3d-846e-cde0e7486ff4,4a7b0520-f6d5-4073-85b6-8886781bcbdc,1975-09-21,La Expiación (el Año del Jubileo).,34,APROBADO,7D56258DA29DC7EC99257905EAA7C3C33429616AD610E4908189044B68100807,normalizacion_paginada_v2_1_guiones_lexico_20260811,B75821DCA7E73A9A59289274E77E823F84436591E15C224011B0ECD7D1694ABC,PASS,31,0,1.0,PASS,PASS,PASS,0.002369
C:\Users\USUARIO\Documents\Downloads\BASE DE DATOS 1974-2018 PDFs. WSS\1975\1975-09-28 POR QUÉ DOMINGO (POR QUÉ FUE DOMINGO) lectura.pdf,1af463f6-6bbc-4718-8624-0627aecc64f6,105bed24-a94e-4675-8a96-55a64a915a64,1975-09-28,Por Qué Domingo (por Qué Fue Domingo),64,APROBADO,AB80C5C3CD4E6A8E04701DF1D0DA4333E00915E7638CFB1ABFAD5357D4EC963B,normalizacion_paginada_v2_1_guiones_lexico_20260811,B75821DCA7E73A9A59289274E77E823F84436591E15C224011B0ECD7D1694ABC,PASS,62,0,0.983871,PASS,PASS,PASS,0.010410
C:\Users\USUARIO\Documents\Downloads\BASE DE DATOS 1974-2018 PDFs. WSS\1975\1975-10-12 SOBRE LAS ALAS DE UN ÁGUILA BLANCA lectura.pdf,821bcea9-5e94-4606-98a8-fbc6705eab37,9eb71381-0db7-431a-92ad-8171a9890d85,1975-10-12,Sobre las Alas de un Águila Blanca,48,APROBADO,34AD29AAC7CF9189B98EFED4908A9D11CD42B49656DF4D3C884254842854F63B,normalizacion_paginada_v2_1_guiones_lexico_20260811,B75821DCA7E73A9A59289274E77E823F84436591E15C224011B0ECD7D1694ABC,PASS,43,0,0.976744,PASS,PASS,PASS,0.014625
C:\Users\USUARIO\Documents\Downloads\BASE DE DATOS 1974-2018 PDFs. WSS\1975\1975-10-25 RAPTADO PORQUE CAMINÓ CON DIOS lectura.pdf,69fb8d11-a186-4acf-bca7-076061cbf3c0,d453f3a0-d240-4dae-b0d8-356e34b64f4c,1975-10-25,Raptado Porque Caminó con Dios,56,APROBADO,46485E668383C6A444381A0E9195123454CE4A931BC163664F3878B15B799091,normalizacion_paginada_v2_1_guiones_lexico_20260811,B75821DCA7E73A9A59289274E77E823F84436591E15C224011B0ECD7D1694ABC,PASS,51,0,0.980392,PASS,PASS,PASS,0.013706
C:\Users\USUARIO\Documents\Downloads\BASE DE DATOS 1974-2018 PDFs. WSS\1975\1975-10-27 DOLORES DE PARTO lectura.pdf,3f13b398-8622-4e02-97f6-3a1f54bf9e7b,01373ab2-6e44-4f24-b49b-c768b7a84f3b,1975-10-27,Dolores de Parto,40,APROBADO,9A293EFAE77127779673095119D8D3A319CAC88D8F034EAEAC1C3ADFE0A9C6B4,normalizacion_paginada_v2_1_guiones_lexico_20260811,B75821DCA7E73A9A59289274E77E823F84436591E15C224011B0ECD7D1694ABC,PASS,36,0,1.0,PASS,PASS,PASS,0.010744
C:\Users\USUARIO\Documents\Downloads\BASE DE DATOS 1974-2018 PDFs. WSS\1975\1975-11-07 EL RIO DE AGUA DE VIDA lectura.pdf,1b9f9620-5fba-4610-a2bd-1c4dff781834,b7c6d4d8-510c-4af9-affb-717c21cb34e6,1975-11-07,El Rio de Agua de Vida,40,APROBADO,FB9018733DE49262F5047C47D493C444473E810EA71C7E123B700BA6A1FFCA90,normalizacion_paginada_v2_1_guiones_lexico_20260811,B75821DCA7E73A9A59289274E77E823F84436591E15C224011B0ECD7D1694ABC,PASS,37,0,1.0,PASS,PASS,PASS,0.012494
C:\Users\USUARIO\Documents\Downloads\BASE DE DATOS 1974-2018 PDFs. WSS\1975\1975-11-09 EL NUEVO TABERNÁCULO lectura.pdf,d84e53d4-5fe9-4211-a220-f6cf4e75e787,a6fdd480-35dd-49c3-adae-d356c8ad15aa,1975-11-09,El Nuevo Tabernáculo,52,APROBADO,BA519C8557F7C6A50780CFAE46C146871C047BB394A6C7324B3B4B22262AA628,normalizacion_paginada_v2_1_guiones_lexico_20260811,B75821DCA7E73A9A59289274E77E823F84436591E15C224011B0ECD7D1694ABC,PASS,47,0,0.978723,PASS,PASS,PASS,0.010710
C:\Users\USUARIO\Documents\Downloads\BASE DE DATOS 1974-2018 PDFs. WSS\1975\1975-12-14 EL NOMBRE ESTÁ EN LOS SELLOS lectura.pdf,1f643894-97ef-4a1b-b129-b2621c37fa3e,a51bc155-b43b-48e4-9537-14b1b8ca3741,1975-12-14,El Nombre Está en los Sellos,56,APROBADO,54CF796293798939372FE147B39896F443EB42A9DCCABEC7B7D5943755592E62,normalizacion_paginada_v2_1_guiones_lexico_20260811,B75821DCA7E73A9A59289274E77E823F84436591E15C224011B0ECD7D1694ABC,PASS,51,0,0.980392,PASS,PASS,PASS,0.008608
C:\Users\USUARIO\Documents\Downloads\BASE DE DATOS 1974-2018 PDFs. WSS\1975\1975-12-21 EL LIDERATO DEL PILAR DE FUEGO (DE LA COLUMNA DE FUEGO) lectura.pdf,09a5de27-c538-4a9a-9608-74448790576c,0a58d7b3-5252-459c-a9f5-aa8c2233000a,1975-12-21,El Liderato del Pilar de Fuego (de la Columna de Fuego),60,APROBADO,4012AFA99E4A4B92A2F8DF6CEED5F8E44E5A292C9A33892CDB3830B73ED498D0,normalizacion_paginada_v2_1_guiones_lexico_20260811,B75821DCA7E73A9A59289274E77E823F84436591E15C224011B0ECD7D1694ABC,PASS,57,0,1.0,PASS,PASS,PASS,0.010256
C:\Users\USUARIO\Documents\Downloads\BASE DE DATOS 1974-2018 PDFs. WSS\1975\1975-12-25 LA SANTA CONVOCACIÓN lectura.pdf,3d7c0df7-33cc-4f70-bdad-efdac6dee0a4,b507bd9f-3dd3-429f-9083-fd51c391c12f,1975-12-25,La Santa Convocación,72,APROBADO,BD5E94CCC9E7E2B3FFED1A7DA87A5318F587371B076B365981990FC684C673DB,normalizacion_paginada_v2_1_guiones_lexico_20260811,B75821DCA7E73A9A59289274E77E823F84436591E15C224011B0ECD7D1694ABC,PASS,68,0,1.0,PASS,PASS,PASS,0.011485
C:\Users\USUARIO\Documents\Downloads\BASE DE DATOS 1974-2018 PDFs. WSS\1975\1975-12-28 RM LA INFLUENCIA DE OTRO lectura.pdf,2a993149-de04-4f03-8d87-a461c7dbcec1,f77de207-48a0-421d-b4cf-dbf5d61e4fe7,1975-12-28,Rm la Influencia de Otro,68,APROBADO,2A38D25843B8279E7183F791A1EA2AB02F807163DF4FE21A0E57E31E0C6AE081,normalizacion_paginada_v2_1_guiones_lexico_20260811,B75821DCA7E73A9A59289274E77E823F84436591E15C224011B0ECD7D1694ABC,PASS,63,0,1.0,PASS,PASS,PASS,0.009580
C:\Users\USUARIO\Documents\Downloads\BASE DE DATOS 1974-2018 PDFs. WSS\1976\1976-01-01 EL MENSAJE DE AÑO NUEVO lectura.pdf,f0d073fa-a550-4c40-92a6-cfeb13cd4101,dd582a6f-9dda-40e6-8d2e-f923d3f8b113,1976-01-01,El Mensaje de Año Nuevo,60,APROBADO,FF0CE0630FB8FC750030C6D9B4CAEF0F85CF3DB377B4CA62FE285D4C324C0CA8,normalizacion_paginada_v2_1_guiones_lexico_20260811,B75821DCA7E73A9A59289274E77E823F84436591E15C224011B0ECD7D1694ABC,PASS,58,0,0.982759,PASS,PASS,PASS,0.014181
C:\Users\USUARIO\Documents\Downloads\BASE DE DATOS 1974-2018 PDFs. WSS\1976\1976-01-04 DISCERNIMIENTO POR LA PALABRA lectura.pdf,2dffc3e1-0a56-415b-a0d4-ab4d017540c1,3298d8c0-2d1d-4a38-8439-fecfae05b566,1976-01-04,Discernimiento por la Palabra,60,APROBADO,CA99A04D0A83896C9B99563D8BD4C7683FE4E429E3AB06770E9FB09E56E0323A,normalizacion_paginada_v2_1_guiones_lexico_20260811,B75821DCA7E73A9A59289274E77E823F84436591E15C224011B0ECD7D1694ABC,PASS,55,0,1.0,PASS,PASS,PASS,0.009118
C:\Users\USUARIO\Documents\Downloads\BASE DE DATOS 1974-2018 PDFs. WSS\1976\1976-01-08 LA SEÑAL DEL MESÍAS (EL MESIAS DISCIERNE) lectura.pdf,248b4ae4-013f-476a-b14c-94e556b36af9,3e5a37bf-bf8f-4f73-9012-ef58afd7a53b,1976-01-08,La Señal del Mesías (el Mesias Discierne),68,APROBADO,DE4B25143949CE5A202F8A442F1600CD606BE8C2C9050862B6F220BB6E1D188D,normalizacion_paginada_v2_1_guiones_lexico_20260811,B75821DCA7E73A9A59289274E77E823F84436591E15C224011B0ECD7D1694ABC,PASS,66,0,0.984848,PASS,PASS,PASS,0.012758
C:\Users\USUARIO\Documents\Downloads\BASE DE DATOS 1974-2018 PDFs. WSS\1976\1976-01-11 TENEMOS QUE DISCERNIR LA PALABRA lectura.pdf,1c136b58-202f-4b1f-a34b-52a3f54f3bdd,cfbc35f6-9cdb-4d26-acbd-f96bebfd859d,1976-01-11,Tenemos que Discernir la Palabra,52,APROBADO,F6B905E3F0F00BF7399DCFA10B4C88DBFDBDCAE1ED8F2CE516782732EBA475AD,normalizacion_paginada_v2_1_guiones_lexico_20260811,B75821DCA7E73A9A59289274E77E823F84436591E15C224011B0ECD7D1694ABC,PASS,48,0,1.0,PASS,PASS,PASS,0.018535
C:\Users\USUARIO\Documents\Downloads\BASE DE DATOS 1974-2018 PDFs. WSS\1976\1976-01-29 EL MENSAJE DE REDENCIÓN HOY (otro) lectura.pdf,b830602c-e5c2-448b-874c-b2f6cbc00ce7,33a19b08-87cd-4db6-b392-ba0b19e84a73,1976-01-29,EL MENSAJE DE REDENCIÓN HOY (otro),46,APROBADO,7E39C8D6DF1A3DDFE2E897A41D0AF11B3422C95FDC3BF94F19298777B3C4E127,normalizacion_paginada_v2_1_guiones_lexico_20260811,B75821DCA7E73A9A59289274E77E823F84436591E15C224011B0ECD7D1694ABC,PASS,43,0,1.0,PASS,PASS,PASS,0.011085
C:\Users\USUARIO\Documents\Downloads\BASE DE DATOS 1974-2018 PDFs. WSS\1976\1976-02-06 LA VIDA NUEVA EN LA TIERRA NUEVA lectura.pdf,a2d6b4a4-d413-4ff6-ad21-8931cc6cf4cd,d41a59a5-44ad-4e08-b7eb-03a1870f99b9,1976-02-06,La Vida Nueva en la Tierra Nueva,36,APROBADO,1A89585427EE7AEFF8F83FDB967083DBE377314ADC81AB3E5FCB74FA3FC37792,normalizacion_paginada_v2_1_guiones_lexico_20260811,B75821DCA7E73A9A59289274E77E823F84436591E15C224011B0ECD7D1694ABC,PASS,33,0,1.0,PASS,PASS,PASS,0.012059
C:\Users\USUARIO\Documents\Downloads\BASE DE DATOS 1974-2018 PDFs. WSS\1976\1976-02-08 LA NUEVA ALIMENTACIÓN EN LA NUEVA TIERRA lectura.pdf,6762bad8-3c06-4730-b2fa-f294d8583efe,c641d516-1dc2-4611-a7f9-dd6de7b9a441,1976-02-08,La Nueva Alimentación en la Nueva Tierra,41,APROBADO,F5C57D3239959CCF16B77418F8272B5378A899E80051A58024848FF2E88EBF4B,normalizacion_paginada_v2_1_guiones_lexico_20260811,B75821DCA7E73A9A59289274E77E823F84436591E15C224011B0ECD7D1694ABC,PASS,38,0,1.0,PASS,PASS,PASS,0.001429
C:\Users\USUARIO\Documents\Downloads\BASE DE DATOS 1974-2018 PDFs. WSS\1976\1976-02-22 LAS TRES ETAPAS DEL RAPTO lectura.pdf,0eb3c530-dfd4-4de9-a7f9-631779391932,57ad0871-a671-4f93-80ca-79e16b1a058d,1976-02-22,Las Tres Etapas del Rapto,68,APROBADO,D9651AE6B5CADAB797F2615148F3489ECEC4BE62936F446D27AD832A218597B4,normalizacion_paginada_v2_1_guiones_lexico_20260811,B75821DCA7E73A9A59289274E77E823F84436591E15C224011B0ECD7D1694ABC,PASS,66,0,0.984848,PASS,PASS,PASS,0.008222
C:\Users\USUARIO\Documents\Downloads\BASE DE DATOS 1974-2018 PDFs. WSS\1976\1976-02-26 EL PODER DE LA RESURRECCIÓN lectura.pdf,5308fb81-bf9b-4ffd-ac22-a284d8f8fcd3,52372668-66c0-404a-8897-ed03000ff080,1976-02-26,El Poder de la Resurrección,48,APROBADO,4B7024FF0D7042BBEECC2B20A85238049F5C9D12484F7E4118E52E9320FA6C66,normalizacion_paginada_v2_1_guiones_lexico_20260811,B75821DCA7E73A9A59289274E77E823F84436591E15C224011B0ECD7D1694ABC,PASS,44,0,1.0,PASS,PASS,PASS,0.013436
C:\Users\USUARIO\Documents\Downloads\BASE DE DATOS 1974-2018 PDFs. WSS\1976\1976-02-29 LA BUENA SIMIENTE Y LA BUENA TIERRA lectura.pdf,847faa43-e1a1-43ed-b5e7-91d09eecaa0c,69783b3e-efa6-43bf-b66c-c146a6ff637c,1976-02-29,La Buena Simiente y la Buena Tierra,44,APROBADO,9A8C05A68F66AC2FB35E3E7A3903FB622DDCDBE36247DDE9052519ED2C3962BA,normalizacion_paginada_v2_1_guiones_lexico_20260811,B75821DCA7E73A9A59289274E77E823F84436591E15C224011B0ECD7D1694ABC,PASS,41,0,1.0,PASS,PASS,PASS,0.010617
C:\Users\USUARIO\Documents\Downloads\BASE DE DATOS 1974-2018 PDFs. WSS\1976\1976-03-04 LAS TRES FASES DE SU VENIDA lectura.pdf,e5e34875-3315-4444-86ba-d6d9993c49c5,a4d87c6a-d982-49b6-8e94-cd1163d0cd74,1976-03-04,Las Tres Fases de su Venida,64,APROBADO,D761DB9EA9E682937B8CAD772D5967247FEC8ED0A27CD691A6F9E7A00CDD88AF,normalizacion_paginada_v2_1_guiones_lexico_20260811,B75821DCA7E73A9A59289274E77E823F84436591E15C224011B0ECD7D1694ABC,PASS,60,0,1.0,PASS,PASS,PASS,0.017783
C:\Users\USUARIO\Documents\Downloads\BASE DE DATOS 1974-2018 PDFs. WSS\1976\1976-03-15 EL ESTREMECIMIENTO AClaib-cel.pdf,e9423dbe-1e8a-49d6-ae3e-afc232315391,052c2a67-49d2-49e0-94ce-3e1faa1cbef4,1976-03-15,El Estremecimiento,28,APROBADO,E0F1587FB926219AFFAEE6F59B584B359E765A35B7726658DACC2DEBD7358470,normalizacion_paginada_v2_1_guiones_lexico_20260811,B75821DCA7E73A9A59289274E77E823F84436591E15C224011B0ECD7D1694ABC,PASS,22,0,1.0,PASS,PASS,PASS,0.003285
"C:\Users\USUARIO\Documents\Downloads\BASE DE DATOS 1974-2018 PDFs. WSS\1976\1976-04-10 Por que clamas - habla (WSS) Ponce, Puerto Rico (movil).pdf",62332808-e757-4d31-8c03-5c6b20cb02fb,2215d216-b962-4743-9780-3d5a9d9cd5bf,1976-04-10,POR QUÉ CLAMAS HABLA AClaib-,22,APROBADO,E6F33E590A16A4DAF13B189C558B5CA08DDF1DC5F1DA0240393ABBF2B4AB8003,normalizacion_paginada_v2_1_guiones_lexico_20260811,B75821DCA7E73A9A59289274E77E823F84436591E15C224011B0ECD7D1694ABC,PASS,19,0,1.0,PASS,PASS,PASS,0.001060
C:\Users\USUARIO\Documents\Downloads\BASE DE DATOS 1974-2018 PDFs. WSS\1976\1976-04-18 IDENTIFICADOS CON ÉL lectura.pdf,b7805b81-2c5a-4f45-9334-c5697ea8fc27,a1cbb3a8-9ba5-4927-953f-f9522470b63b,1976-04-18,Identificados con Él,40,APROBADO,497F8FBF9B0AC94953EA3B164852508AACF3B678168E3A2A8BA39FF6C92BB735,normalizacion_paginada_v2_1_guiones_lexico_20260811,B75821DCA7E73A9A59289274E77E823F84436591E15C224011B0ECD7D1694ABC,PASS,35,0,0.971429,PASS,PASS,PASS,0.012075
C:\Users\USUARIO\Documents\Downloads\BASE DE DATOS 1974-2018 PDFs. WSS\1976\1976-04-23 LA GLORIA DE DIOS MANIFESTADA AL CUARTO DÍA lectura.pdf,2919ca26-25e7-4bce-be4f-76fa926ecc1b,c606c0b5-605d-405a-9524-2df61d92064f,1976-04-23,La Gloria de Dios Manifestada al Cuarto Día,60,APROBADO,D807B7DA0C065BCF84A6DF4572261F9B8327C118EC359451F0F41EF429E4227D,normalizacion_paginada_v2_1_guiones_lexico_20260811,B75821DCA7E73A9A59289274E77E823F84436591E15C224011B0ECD7D1694ABC,PASS,57,0,1.0,PASS,PASS,PASS,0.009608
C:\Users\USUARIO\Documents\Downloads\BASE DE DATOS 1974-2018 PDFs. WSS\1976\1976-05-02 LOS ESCOGIDOS SON LA CAUSA lectura.pdf,f983e277-8c74-446d-8853-fecd5191b3fb,8dafef6c-217e-4357-bab1-6cea615adff1,1976-05-02,Los Escogidos Son la Causa,56,APROBADO,0122B7B4A4086E48C7FE0DD177FDD26AB2B462B51FD13D7A8C04091EF9D003B1,normalizacion_paginada_v2_1_guiones_lexico_20260811,B75821DCA7E73A9A59289274E77E823F84436591E15C224011B0ECD7D1694ABC,PASS,52,0,0.980769,PASS,PASS,PASS,0.013254
C:\Users\USUARIO\Documents\Downloads\BASE DE DATOS 1974-2018 PDFs. WSS\1976\1976-05-14 La trompeta del año del Jubileo (WSS) Puerto Rico (movil).pdf,7863d84b-417b-4f4a-8caa-21d08ecf3eb4,6489dcec-75d2-4583-8110-daa0d4cc8024,1976-05-14,La Trompeta del Año del Jubileo,20,APROBADO,8518084D6631C83645DF50FFA00551F9C93A876418131826FEAAEA3A37DF18DB,normalizacion_paginada_v2_1_guiones_lexico_20260811,B75821DCA7E73A9A59289274E77E823F84436591E15C224011B0ECD7D1694ABC,PASS,20,0,1.0,PASS,PASS,PASS,0.006338
C:\Users\USUARIO\Documents\Downloads\BASE DE DATOS 1974-2018 PDFs. WSS\1976\1976-05-16 LA PUERTA DEL REINO DE DIOS lectura.pdf,00997506-c24b-4907-9cf7-5bd9eb3d6863,23de1756-99ea-493d-9b5f-e5d1c2fe67ae,1976-05-16,La Puerta del Reino de Dios,40,APROBADO,B0441C587F971F2677A23748A7E02916B86182B954E89AB132E73208AAD1381A,normalizacion_paginada_v2_1_guiones_lexico_20260811,B75821DCA7E73A9A59289274E77E823F84436591E15C224011B0ECD7D1694ABC,PASS,36,0,1.0,PASS,PASS,PASS,0.021633
C:\Users\USUARIO\Documents\Downloads\BASE DE DATOS 1974-2018 PDFs. WSS\1976\1976-05-27 UN NUEVO AMANECER lectura.pdf,047e9d23-2d26-4b30-b677-264c59e19524,8d97c19f-bf46-468f-9c77-d567042899e6,1976-05-27,Un Nuevo Amanecer,48,APROBADO,880470334D6A3C00DEF7410DD3508C3FAD1A78895926AC101FC4B40F542629A1,normalizacion_paginada_v2_1_guiones_lexico_20260811,B75821DCA7E73A9A59289274E77E823F84436591E15C224011B0ECD7D1694ABC,PASS,45,0,1.0,PASS,PASS,PASS,0.011433
C:\Users\USUARIO\Documents\Downloads\BASE DE DATOS 1974-2018 PDFs. WSS\1976\1976-06-03 EL SOL PARA MADURAR EL TRIGO lectura.pdf,9fe6504b-66c1-4aca-9c2a-00b24842ec97,8d6ebe64-14d4-4eca-a4a0-d307fdc2834f,1976-06-03,El Sol para Madurar el Trigo,48,APROBADO,D8A76C9A71C670E7875CF6B09C4D868AB048D3B56A9C40E8475A52412BBE66B1,normalizacion_paginada_v2_1_guiones_lexico_20260811,B75821DCA7E73A9A59289274E77E823F84436591E15C224011B0ECD7D1694ABC,PASS,43,0,1.0,PASS,PASS,PASS,0.011389
C:\Users\USUARIO\Documents\Downloads\BASE DE DATOS 1974-2018 PDFs. WSS\1976\1976-06-09 EL TIEMPO DE LA SIEGA lectura.pdf,5c3e4208-12a6-403a-8ace-4978c3e1f599,fc419b5e-700a-4390-8b2f-f9c7cff64993,1976-06-09,El Tiempo de la Siega,47,APROBADO,7155D853220B66C18912D2A666C94E2B8A36DD99DF2C5EAC724F627FC350CCD3,normalizacion_paginada_v2_1_guiones_lexico_20260811,B75821DCA7E73A9A59289274E77E823F84436591E15C224011B0ECD7D1694ABC,PASS,44,0,1.0,PASS,PASS,PASS,0.010205
C:\Users\USUARIO\Documents\Downloads\BASE DE DATOS 1974-2018 PDFs. WSS\1976\1976-06-17 LA VENIDA DEL REINO lectura.pdf,99b286ab-939a-4480-be75-bc3b40b923cf,73f04ede-dbb7-48f5-85ee-b87ccb7cc433,1976-06-17,La Venida del Reino,65,APROBADO,06E01500EA7735BBB44FBAF68F7600B9908174F71297FB1C90399CA91867E362,normalizacion_paginada_v2_1_guiones_lexico_20260811,B75821DCA7E73A9A59289274E77E823F84436591E15C224011B0ECD7D1694ABC,PASS,62,0,1.0,PASS,PASS,PASS,0.007110
C:\Users\USUARIO\Documents\Downloads\BASE DE DATOS 1974-2018 PDFs. WSS\1976\1976-06-24 SOBRE LAS ALAS DE UN AGUILA BLANCA lectura.pdf,8c300ecd-5026-40a8-94ce-ed3905fa5812,dd07a088-67f7-4605-99a9-ddb54769bc1a,1976-06-24,Sobre las Alas de un Aguila Blanca,72,APROBADO,F03CA493D9008AEDC8A44D7EB0105DB191A4CECCCB0A136AC2A57A2AF9E999C8,normalizacion_paginada_v2_1_guiones_lexico_20260811,B75821DCA7E73A9A59289274E77E823F84436591E15C224011B0ECD7D1694ABC,PASS,67,0,1.0,PASS,PASS,PASS,0.008800
C:\Users\USUARIO\Documents\Downloads\BASE DE DATOS 1974-2018 PDFs. WSS\1976\1976-06-25 LA TIERRA NUEVA lectura.pdf,f7ec48aa-943e-4c9c-ba45-db24817092ad,1f095f48-6767-4dc8-886c-894ad8c04817,1976-06-25,La Tierra Nueva,40,APROBADO,859CECF6BC35B547C9A8A873311E6A54B2DDAC1BB70BF4ADCAEBDC390D0E366C,normalizacion_paginada_v2_1_guiones_lexico_20260811,B75821DCA7E73A9A59289274E77E823F84436591E15C224011B0ECD7D1694ABC,PASS,37,0,1.0,PASS,PASS,PASS,0.012892
C:\Users\USUARIO\Documents\Downloads\BASE DE DATOS 1974-2018 PDFs. WSS\1976\1976-07-02 LA VICTORIA DEL AMOR DIVINO lectura.pdf,5b24514a-8739-4db3-bad8-d96e1af27b9d,05ffae0b-5110-43ab-ad33-6a1182394d52,1976-07-02,La Victoria del Amor Divino,52,APROBADO,B4EF926DBC9AC0FCF8B5617E8675941C51B5E861FD315FC11D3A38530EB1A070,normalizacion_paginada_v2_1_guiones_lexico_20260811,B75821DCA7E73A9A59289274E77E823F84436591E15C224011B0ECD7D1694ABC,PASS,47,0,1.0,PASS,PASS,PASS,0.016520
C:\Users\USUARIO\Documents\Downloads\BASE DE DATOS 1974-2018 PDFs. WSS\1976\1976-08-01 EL UNGIDO lectura.pdf,52da3b9d-9a78-420b-994c-25779761f9ef,897dd0ed-1add-45af-b291-cc512c87ed3e,1976-08-01,El Ungido,88,APROBADO,B52E5BBF3CA9DBABFD12BC80840F23430CD04D986F574AA17AF23973F7DBB151,normalizacion_paginada_v2_1_guiones_lexico_20260811,B75821DCA7E73A9A59289274E77E823F84436591E15C224011B0ECD7D1694ABC,PASS,85,0,1.0,PASS,PASS,PASS,0.006164
C:\Users\USUARIO\Documents\Downloads\BASE DE DATOS 1974-2018 PDFs. WSS\1976\1976-08-13 DIOS INTERPRETANDO SU PALABRA lectura.pdf,861ff55f-73a6-4daf-9eed-14dd51c38cc7,7b1e65fb-88a6-4293-a91d-b584489ba316,1976-08-13,Dios Interpretando su Palabra,96,APROBADO,98207BCB8A63E5304E43FA3869A364CFE683661BDF6BC39F100F44FE9FDC2CCE,normalizacion_paginada_v2_1_guiones_lexico_20260811,B75821DCA7E73A9A59289274E77E823F84436591E15C224011B0ECD7D1694ABC,PASS,91,0,1.0,PASS,PASS,PASS,0.015682
C:\Users\USUARIO\Documents\Downloads\BASE DE DATOS 1974-2018 PDFs. WSS\1976\1976-08-20 PALABRAS DE SALUDO EL AMOR DIVINO lectura.pdf,2f64c152-19b0-4f80-95d6-eabe88c2b36c,a95568aa-ff57-4b1d-b916-638368b7b369,1976-08-20,Palabras de Saludo el Amor Divino,10,APROBADO,2CB25E40F14B3B45EEEA450B9E76CAD9F685BB7EDAC77C213B0FF39FCE37C414,normalizacion_paginada_v2_1_guiones_lexico_20260811,B75821DCA7E73A9A59289274E77E823F84436591E15C224011B0ECD7D1694ABC,PASS,7,0,1.0,PASS,PASS,PASS,0.000000
C:\Users\USUARIO\Documents\Downloads\BASE DE DATOS 1974-2018 PDFs. WSS\1976\1976-09-03 TRONO DE JUICIO lectura.pdf,a4dbb5df-8869-4468-b29e-677c53b9dee8,593ece1f-c688-4569-aae4-d064ff6a31b4,1976-09-03,Trono de Juicio,33,APROBADO,F73A8113911781E2EAC08B1E5C4FB5EAE0D039AF50C7BB99DBDE0371D114BE2F,normalizacion_paginada_v2_1_guiones_lexico_20260811,B75821DCA7E73A9A59289274E77E823F84436591E15C224011B0ECD7D1694ABC,PASS,30,0,1.0,PASS,PASS,PASS,0.022767
C:\Users\USUARIO\Documents\Downloads\BASE DE DATOS 1974-2018 PDFs. WSS\1976\1976-09-09 SEGÚN EL ORDEN DE MELQUISEDEC lectura.pdf,1ad7976d-9627-4954-9a71-dfa0b46361ba,1269d85a-ba7b-4d28-9f32-5be69569d4c2,1976-09-09,Según el Orden de Melquisedec,52,APROBADO,C4A9AF5CB236E220678DB6BF7A632A9BB85ED960F482C9650A00315A0A6D4400,normalizacion_paginada_v2_1_guiones_lexico_20260811,B75821DCA7E73A9A59289274E77E823F84436591E15C224011B0ECD7D1694ABC,PASS,49,0,1.0,PASS,PASS,PASS,0.001309
C:\Users\USUARIO\Documents\Downloads\BASE DE DATOS 1974-2018 PDFs. WSS\1976\1976-09-12 LA VENIDA DEL SEÑOR Y SU MINISTERIO AClaib-cel.pdf,bd16e797-6b7f-4be2-8ad8-4359d98def77,3c6829a1-5fca-43ba-ad45-d8dbb06ecc6e,1976-09-12,La Venida del Señor y su Ministerio,60,APROBADO,1BAEAC9CFD586D574AF5A34B6686F1C7489E9C0E8A54BE89A028ACE046CA2316,normalizacion_paginada_v2_1_guiones_lexico_20260811,B75821DCA7E73A9A59289274E77E823F84436591E15C224011B0ECD7D1694ABC,PASS,57,0,1.0,PASS,PASS,PASS,0.009933
C:\Users\USUARIO\Documents\Downloads\BASE DE DATOS 1974-2018 PDFs. WSS\1976\1976-10-06 LA VISITA DE ELOHIM Y LA DESTRUCCIÓN DEL MUNDO lectura.pdf,8d03a00f-8c76-41ca-bbfd-71749c78a034,e12c6fc0-b757-42b2-b93b-a096690df2c1,1976-10-06,La Visita de Elohim y la Destrucción del Mundo,56,APROBADO,7CE3F83AC8005C1CA655EDEBE308373B3270D7BAD7EEA454038624AD76BD866A,normalizacion_paginada_v2_1_guiones_lexico_20260811,B75821DCA7E73A9A59289274E77E823F84436591E15C224011B0ECD7D1694ABC,PASS,51,0,0.980392,PASS,PASS,PASS,0.008046
"C:\Users\USUARIO\Documents\Downloads\BASE DE DATOS 1974-2018 PDFs. WSS\1976\1976-10-24 LO QUE NADIE CONOCE (ojo con el tema, este es el correcto) lectura.pdf",cfb4b1bc-f871-4613-8b46-da91e647dc6b,e82f9ba3-1d0e-4953-aebb-40ac5e79ba90,1976-10-24,"LO QUE NADIE CONOCE (ojo con el tema, este es el correcto)",45,APROBADO,4BDA7699D4CCFB7042A1E5FB06D2BBE20312A71249CC7F7322B77BCAF8FAF832,normalizacion_paginada_v2_1_guiones_lexico_20260811,B75821DCA7E73A9A59289274E77E823F84436591E15C224011B0ECD7D1694ABC,PASS,42,0,1.0,PASS,PASS,PASS,0.018760
C:\Users\USUARIO\Documents\Downloads\BASE DE DATOS 1974-2018 PDFs. WSS\1976\1976-10-31 LA SEÑAL DEL HIJO DEL HOMBRE EN EL CIELO lectura.pdf,2fa3b25a-a702-4b02-bfd2-c691ddee27b1,eca1aee9-25f7-4ef6-97d1-e650dbd043bf,1976-10-31,La Señal del Hijo del Hombre en el Cielo,36,APROBADO,A3295B0089437523AD10C4774F0A5E2D6F86A7FF664D47CA4503C69EE8AD0158,normalizacion_paginada_v2_1_guiones_lexico_20260811,B75821DCA7E73A9A59289274E77E823F84436591E15C224011B0ECD7D1694ABC,PASS,33,0,1.0,PASS,PASS,PASS,0.016501
C:\Users\USUARIO\Documents\Downloads\BASE DE DATOS 1974-2018 PDFs. WSS\1976\1976-11-10 LOS TRUENOS Y SU PROPÓSITO lectura.pdf,f79dfc51-c4e1-4e18-bf57-847c2d391de4,e61341cc-654a-4eeb-965d-265087bf4197,1976-11-10,Los Truenos y su Propósito,68,APROBADO,6BC96D67C98CDE71E97CCB1B7C24D616C1CFACFCE7CB3B0AB908DB6BFADE586B,normalizacion_paginada_v2_1_guiones_lexico_20260811,B75821DCA7E73A9A59289274E77E823F84436591E15C224011B0ECD7D1694ABC,PASS,64,0,1.0,PASS,PASS,PASS,0.035324
C:\Users\USUARIO\Documents\Downloads\BASE DE DATOS 1974-2018 PDFs. WSS\1977\1977-01-02 LA BIENAVENTURANZA DE SER INVITADO lectura.pdf,af7e674d-547c-4873-a080-c2aed350a53b,8d91c00c-9154-4bc5-a724-02eb579a88d0,1977-01-02,La Bienaventuranza de Ser Invitado,72,APROBADO,267BF7F210952552686F9C6C2D12E9BAE12FCFC7364C49F8A79045F69A5A36F2,normalizacion_paginada_v2_1_guiones_lexico_20260811,B75821DCA7E73A9A59289274E77E823F84436591E15C224011B0ECD7D1694ABC,PASS,67,0,1.0,PASS,PASS,PASS,0.007135
C:\Users\USUARIO\Documents\Downloads\BASE DE DATOS 1974-2018 PDFs. WSS\1977\1977-01-07 LA EDAD PERFECTA AClaib-lectura.pdf,8c2e9fa5-fcc6-4723-b7aa-0daeaf150de2,787a7f47-920b-49d2-b5fe-3d06fdb411bf,1977-01-07,LA EDAD PERFECTA AClaib-,49,APROBADO,02C9E2B96A4ED11735EAFD6B8A1C644F294A72D2915E3BFBD64B2524F1202A5F,normalizacion_paginada_v2_1_guiones_lexico_20260811,B75821DCA7E73A9A59289274E77E823F84436591E15C224011B0ECD7D1694ABC,PASS,46,0,1.0,PASS,PASS,PASS,0.002155
C:\Users\USUARIO\Documents\Downloads\BASE DE DATOS 1974-2018 PDFs. WSS\1977\1977-03-18 LA RESTAURACIÓN DEL REINO A ISRAEL lectura.pdf,9646118a-a18c-4259-8343-ea610df6a144,07b63033-6b1f-4c3a-8f70-97ab877119c4,1977-03-18,La Restauración del Reino a Israel,47,APROBADO,D8B0D38C0920F329C8F133F9CB4E32A266E1BD3252E26FB48DCE1E017FB85FDD,normalizacion_paginada_v2_1_guiones_lexico_20260811,B75821DCA7E73A9A59289274E77E823F84436591E15C224011B0ECD7D1694ABC,PASS,44,0,1.0,PASS,PASS,PASS,0.002096
"C:\Users\USUARIO\Documents\Downloads\BASE DE DATOS 1974-2018 PDFs. WSS\1977\1977-03-27 El Fin de Todo (WSS) Cayey, Puerto Rico (MOVIL).pdf",9a342d0b-578e-4bfa-8a35-90ca8dc5de40,dabc1b05-ac10-4573-a040-1c2ac5c5eafd,1977-03-27,EL FIN DE TODO AClaib-,92,APROBADO,C90A260D9F957EEEAE5F0DC6228DAAD36872F7D1F031CCC579E7A235C764F821,normalizacion_paginada_v2_1_guiones_lexico_20260811,B75821DCA7E73A9A59289274E77E823F84436591E15C224011B0ECD7D1694ABC,PASS,89,0,1.0,PASS,PASS,PASS,0.011784
C:\Users\USUARIO\Documents\Downloads\BASE DE DATOS 1974-2018 PDFs. WSS\1977\1977-04-03 EL JUICIO DEL SEXTO SELLO lectura.pdf,6bde19f1-7c5b-4705-8bd5-ef7bdc0a48bb,349038c2-7bb6-4e06-848e-ebca4b90bca3,1977-04-03,El Juicio del Sexto Sello,64,APROBADO,9CFA9F32868C86BE82148BDDD84A4B9BE26FD7FEEE68C217EAEB7848733FE088,normalizacion_paginada_v2_1_guiones_lexico_20260811,B75821DCA7E73A9A59289274E77E823F84436591E15C224011B0ECD7D1694ABC,PASS,61,0,1.0,PASS,PASS,PASS,0.011431
"C:\Users\USUARIO\Documents\Downloads\BASE DE DATOS 1974-2018 PDFs. WSS\1977\1977-04-10 Cuando la fe es ungida (WSS) Cayey, Puerto Rico (MOVIL).pdf",646c1b25-c2f0-4189-b1df-d92b8f4252c7,04a47c8b-72c8-49ba-8286-d717c9a01d15,1977-04-10,Cuando la Fe es Ungida,30,APROBADO,FB301CFAD320CE031341EFC40441EB5ED9FE9882BBCFFF4B4426A7E5FB13A295,normalizacion_paginada_v2_1_guiones_lexico_20260811,B75821DCA7E73A9A59289274E77E823F84436591E15C224011B0ECD7D1694ABC,PASS,29,0,1.0,PASS,PASS,PASS,0.003583
C:\Users\USUARIO\Documents\Downloads\BASE DE DATOS 1974-2018 PDFs. WSS\1977\1977-04-17 LO QUE ESTÁ EN EL SIETE lectura.pdf,46386431-c756-4bc5-8576-3dba962b0b47,6c5ecc96-9ff3-4c4c-b480-f68a4427ceca,1977-04-17,Lo que Está en el Siete,56,APROBADO,D1EBFF963A085C107AE85C45BC26D21223248FEA251EC14B23896095EBD7DB6F,normalizacion_paginada_v2_1_guiones_lexico_20260811,B75821DCA7E73A9A59289274E77E823F84436591E15C224011B0ECD7D1694ABC,PASS,50,0,1.0,PASS,PASS,PASS,0.011646
C:\Users\USUARIO\Documents\Downloads\BASE DE DATOS 1974-2018 PDFs. WSS\1977\1977-04-29 OBRAS DE FE lectura.pdf,bdc39499-2465-476b-b1c6-2008ea8a9591,0f82347a-88cc-48d5-826f-cbae1dcbdd28,1977-04-29,Obras de Fe,75,APROBADO,8BB560B650DE4800F772594322386AD55E1E0C7ABFC86E16CD2A91481E7847D2,normalizacion_paginada_v2_1_guiones_lexico_20260811,B75821DCA7E73A9A59289274E77E823F84436591E15C224011B0ECD7D1694ABC,PASS,72,0,1.0,PASS,PASS,PASS,0.003659
C:\Users\USUARIO\Documents\Downloads\BASE DE DATOS 1974-2018 PDFs. WSS\1977\1977-05-08 CONSOLAOS EN ESTAS PALABRAS lectura antiguo.pdf,50474e23-f6d3-4bd1-9220-32fa7010eb4e,8b49c7e8-5a48-4018-9331-87bbec55c753,1977-05-08,CONSOLAOS EN ESTAS PALABRAS lectura antiguo,26,APROBADO,49935532A78A7CB2EAE033D5F8445512F16269D12C2C1957B3874EAAD5EF2151,normalizacion_paginada_v2_1_guiones_lexico_20260811,B75821DCA7E73A9A59289274E77E823F84436591E15C224011B0ECD7D1694ABC,PASS,25,0,1.0,PASS,PASS,PASS,0.005209
C:\Users\USUARIO\Documents\Downloads\BASE DE DATOS 1974-2018 PDFs. WSS\1977\1977-05-13 GIMIENDO POR LA SOLUCIÓN lectura.pdf,ad46fc89-b989-4787-9b5b-9ec683b801b4,01e19f4d-c4fe-404f-8a8e-b16056cc63c3,1977-05-13,Gimiendo por la Solución,60,APROBADO,120EEA0F1525AB282D9AEDD0BEBA750BAC7591A849F594CAEDFFC7AB5355D9B6,normalizacion_paginada_v2_1_guiones_lexico_20260811,B75821DCA7E73A9A59289274E77E823F84436591E15C224011B0ECD7D1694ABC,PASS,55,0,1.0,PASS,PASS,PASS,0.012571
C:\Users\USUARIO\Documents\Downloads\BASE DE DATOS 1974-2018 PDFs. WSS\1977\1977-05-15 LO QUE ESTÁ EN LA PUERTA DEL ESTE lectura.pdf,aed5f681-2d4a-4f42-b9b0-9a8999bb61d8,63919b91-2875-4f98-87e1-e3913b3054e7,1977-05-15,Lo que Está en la Puerta del Este,51,APROBADO,6E7098C772C3FFAD34FF78B5D61B832B3D5EE4E99B4F6D7FAFCB85FE30FDF510,normalizacion_paginada_v2_1_guiones_lexico_20260811,B75821DCA7E73A9A59289274E77E823F84436591E15C224011B0ECD7D1694ABC,PASS,48,0,1.0,PASS,PASS,PASS,0.016727
C:\Users\USUARIO\Documents\Downloads\BASE DE DATOS 1974-2018 PDFs. WSS\1977\1977-05-22 LO ESCRITO CUMPLIMIENTO TIENE lectura.pdf,2330a5f2-4957-4a10-90ac-891a027c6356,ccf6d897-56bd-4789-b9c6-28ef397302ed,1977-05-22,Lo Escrito Cumplimiento Tiene,60,APROBADO,3D6E8FC66A6921BF039316062D61F43BA526C0596A750E32DC8B387443195E35,normalizacion_paginada_v2_1_guiones_lexico_20260811,B75821DCA7E73A9A59289274E77E823F84436591E15C224011B0ECD7D1694ABC,PASS,57,0,1.0,PASS,PASS,PASS,0.008191
C:\Users\USUARIO\Documents\Downloads\BASE DE DATOS 1974-2018 PDFs. WSS\1977\1977-05-27 LA SEÑAL DE SU VENIDA AClaib-lectura.pdf,3f0373c0-3529-43c2-ad02-11802aa94b1c,da2b8d2e-00b3-4b06-85f1-85cf4be81f48,1977-05-27,LA SEÑAL DE SU VENIDA AClaib-,47,APROBADO,95DD298CB55329968FEB71C8B7605B89900746EC5ACB87A44AC33849418C42C1,normalizacion_paginada_v2_1_guiones_lexico_20260811,B75821DCA7E73A9A59289274E77E823F84436591E15C224011B0ECD7D1694ABC,PASS,44,0,1.0,PASS,PASS,PASS,0.010022
C:\Users\USUARIO\Documents\Downloads\BASE DE DATOS 1974-2018 PDFs. WSS\1977\1977-06-24 LA ENSEÑANZA DE UN PADRE AClaib-lectura.pdf,eef98f4e-dbc6-4d25-8ee8-604805918d9f,30982fb5-f21d-4a1c-9a0e-4e06e5c92cca,1977-06-24,LA ENSEÑANZA DE UN PADRE AClaib-,32,APROBADO,1913EDB9690273CDC8F718CB9F777E041FC49A0D15086C3F1EE0FF04494221AB,normalizacion_paginada_v2_1_guiones_lexico_20260811,B75821DCA7E73A9A59289274E77E823F84436591E15C224011B0ECD7D1694ABC,PASS,29,0,1.0,PASS,PASS,PASS,0.000438
C:\Users\USUARIO\Documents\Downloads\BASE DE DATOS 1974-2018 PDFs. WSS\1977\1977-06-26 AL RECODO DEL CAMINO AClaib-lectura.pdf,618ed46c-ee29-4365-a627-fbd19d860145,a5fb5072-9aad-4512-942a-549bc10f36c3,1977-06-26,AL RECODO DEL CAMINO AClaib-,43,APROBADO,B70DC06644BBE3F9CA28E2386E71AD07E3EFA62F371394B4B3F6C10CEB91D38F,normalizacion_paginada_v2_1_guiones_lexico_20260811,B75821DCA7E73A9A59289274E77E823F84436591E15C224011B0ECD7D1694ABC,PASS,40,0,1.0,PASS,PASS,PASS,0.001713
C:\Users\USUARIO\Documents\Downloads\BASE DE DATOS 1974-2018 PDFs. WSS\1977\1977-07-14 MENSAJES A ISRAEL AClaib-cel.pdf,a3116a16-0341-4fe3-b4bb-b9e96bb8af56,4794a473-752c-4981-90a7-2ada8962ab29,1977-07-14,Mensajes a Israel,28,APROBADO,E683C9AF573329DA31F732FB8740767175FC6D6D0E9EA79E9B69264DF2810618,normalizacion_paginada_v2_1_guiones_lexico_20260811,B75821DCA7E73A9A59289274E77E823F84436591E15C224011B0ECD7D1694ABC,PASS,24,0,0.958333,PASS,PASS,PASS,0.003147
C:\Users\USUARIO\Documents\Downloads\BASE DE DATOS 1974-2018 PDFs. WSS\1977\1977-07-22 Cómo entenderemos AClaib-cel.pdf,8966a33b-a7f4-4997-8950-551317fdbfa3,c09b10e0-8cef-42c3-9fea-414f8b826fb6,1977-07-22,Cómo entenderemos,20,APROBADO,8460010306D900D617C1FDB4188D82A5612C6FB0B93C49E2C6DD2901753081C8,normalizacion_paginada_v2_1_guiones_lexico_20260811,B75821DCA7E73A9A59289274E77E823F84436591E15C224011B0ECD7D1694ABC,PASS,15,0,1.0,PASS,PASS,PASS,0.004839
C:\Users\USUARIO\Documents\Downloads\BASE DE DATOS 1974-2018 PDFs. WSS\1977\1977-08-12 LA INTRODUCCION AL MILENIO lectura.pdf,ba1fdbec-0a52-49f0-beed-08e5644b02c6,1620e4df-8d50-4b25-9a88-3ee3746c83fc,1977-08-12,La Introduccion al Milenio,56,APROBADO,621732F9A8EEBD72DBC8FBA679CBC04BD4EF4E8424F4756440B4ECEEB1B83F5B,normalizacion_paginada_v2_1_guiones_lexico_20260811,B75821DCA7E73A9A59289274E77E823F84436591E15C224011B0ECD7D1694ABC,PASS,52,0,1.0,PASS,PASS,PASS,0.015799
C:\Users\USUARIO\Documents\Downloads\BASE DE DATOS 1974-2018 PDFs. WSS\1977\1977-08-14 JOSÉ ENTRE LOS GENTILES lectura.pdf,7ced83ae-ebbb-4425-b074-56ece8d9e9b5,7f22e236-f88d-4c37-add7-c58ea79ba7b1,1977-08-14,José Entre los Gentiles,80,APROBADO,EC201105A8842B9DCE1F8F2360A9F85F6454FBF3219F90FC3BF890F689D9717E,normalizacion_paginada_v2_1_guiones_lexico_20260811,B75821DCA7E73A9A59289274E77E823F84436591E15C224011B0ECD7D1694ABC,PASS,75,0,1.0,PASS,PASS,PASS,0.008199
C:\Users\USUARIO\Documents\Downloads\BASE DE DATOS 1974-2018 PDFs. WSS\1977\1977-09-04 TIEMPO DE REDENCIÓN AClaib-lectura.pdf,43505935-77d8-4de3-a592-0a38152d129b,411ba9fa-d63c-4e37-b1bd-fc531a5eeb5d,1977-09-04,TIEMPO DE REDENCIÓN AClaib-,44,APROBADO,F4D5E89AA82BDE7EE05D5C84A5FAB5B2D129BC4571BBBD911759A3685FACD7A5,normalizacion_paginada_v2_1_guiones_lexico_20260811,B75821DCA7E73A9A59289274E77E823F84436591E15C224011B0ECD7D1694ABC,PASS,40,0,1.0,PASS,PASS,PASS,0.024908
C:\Users\USUARIO\Documents\Downloads\BASE DE DATOS 1974-2018 PDFs. WSS\1977\1977-10-08 TIEMPO DE LA TROMPETA DEL AÑO DEL JUBILEO SONAR lectura.pdf,a97f789c-ae99-4770-8e2a-09d953adc23b,b563b727-58b6-4218-b947-0839cd9aae01,1977-10-08,Tiempo de la Trompeta del Año del Jubileo Sonar,26,APROBADO,E0C941F65601335E78EE233B7E472D0114ABD2C8E10422BE001CD366F9BAFAE1,normalizacion_paginada_v2_1_guiones_lexico_20260811,B75821DCA7E73A9A59289274E77E823F84436591E15C224011B0ECD7D1694ABC,PASS,23,0,1.0,PASS,PASS,PASS,0.017372
C:\Users\USUARIO\Documents\Downloads\BASE DE DATOS 1974-2018 PDFs. WSS\1977\1977-10-16 LA HORA CERO lectura.pdf,65509121-37e6-46ec-81fa-2260271a7f9f,5dede54f-ebb7-4429-a678-a348860c58a4,1977-10-16,La Hora Cero,49,APROBADO,0FB191CC44C53B7A55E054467988835E7A2F29DEE3719BD034F4BA65A57E275C,normalizacion_paginada_v2_1_guiones_lexico_20260811,B75821DCA7E73A9A59289274E77E823F84436591E15C224011B0ECD7D1694ABC,PASS,46,0,1.0,PASS,PASS,PASS,0.005268
C:\Users\USUARIO\Documents\Downloads\BASE DE DATOS 1974-2018 PDFs. WSS\1977\1977-11-06 LA VINDICACIÓN DE DIOS lectura.pdf,bd908aac-f2a7-4bee-8889-fcd9198014a3,eee83f82-c62e-421f-8fc1-1c8bc37001d2,1977-11-06,La Vindicación de Dios,55,APROBADO,01C509A379BA3D3991BA6F3D4DAC87D815CB7B41472A5375950ACCD6278DC875,normalizacion_paginada_v2_1_guiones_lexico_20260811,B75821DCA7E73A9A59289274E77E823F84436591E15C224011B0ECD7D1694ABC,PASS,52,0,1.0,PASS,PASS,PASS,0.005069
C:\Users\USUARIO\Documents\Downloads\BASE DE DATOS 1974-2018 PDFs. WSS\1977\1977-12-25 EL NUEVO TEMPLO lectura.pdf,8cdddbb4-e025-41e3-96e4-e88524e9a980,babbac4e-f884-4444-a14c-618ec63d1f1e,1977-12-25,El Nuevo Templo,77,APROBADO,54F7DA616F750A4118401BD6B3EFBA8CD1038ED9FDEAD3A91CE70C6856872BED,normalizacion_paginada_v2_1_guiones_lexico_20260811,B75821DCA7E73A9A59289274E77E823F84436591E15C224011B0ECD7D1694ABC,PASS,74,0,1.0,PASS,PASS,PASS,0.020616
"C:\Users\USUARIO\Documents\Downloads\BASE DE DATOS 1974-2018 PDFs. WSS\1978\1978-05-14 La Eternidad (WSS) Cayey, Puerto Rico (MOVIL).pdf",dcc39b24-b40b-48d6-857f-7b47093d6b65,f5092a73-11b2-4391-8b50-5989416d537c,1978-05-14,La eternidad,44,APROBADO,5D9E0C1716B5703A939BDAB775F521CD035F004DF8B492AEC672619017D494C2,normalizacion_paginada_v2_1_guiones_lexico_20260811,B75821DCA7E73A9A59289274E77E823F84436591E15C224011B0ECD7D1694ABC,PASS,41,0,1.0,PASS,PASS,PASS,0.001347
"C:\Users\USUARIO\Documents\Downloads\BASE DE DATOS 1974-2018 PDFs. WSS\1978\1978-08-27 El reino del Rey (WSS) Ponce, Puerto Rico - AClaib (movil).pdf",4b255cae-6784-48e7-956b-d26a7fc4b59d,0b7e6a8e-37b4-4945-81f9-ef2492c9e78d,1978-08-27,El reino del rey,52,APROBADO,D81677BB768E36937CB2D562DD9E24AC9598E172AAF641D0211A37E24133016D,normalizacion_paginada_v2_1_guiones_lexico_20260811,B75821DCA7E73A9A59289274E77E823F84436591E15C224011B0ECD7D1694ABC,PASS,48,0,1.0,PASS,PASS,PASS,0.005223
C:\Users\USUARIO\Documents\Downloads\BASE DE DATOS 1974-2018 PDFs. WSS\1978\1978-10-02 Tiempo de Transformacion (WSS) Puerto Rico (MOVIL).pdf,91677ee5-d7ce-4730-bd29-0f539fd24cf0,0fbcb2c4-f51b-4d2c-8e4c-92b1ea6d59b6,1978-10-02,Tiempo de transformación,46,APROBADO,86056C73A2DD81741B10DC89785C28C5215618FDCAC522230A332AFD0DF59A76,normalizacion_paginada_v2_1_guiones_lexico_20260811,B75821DCA7E73A9A59289274E77E823F84436591E15C224011B0ECD7D1694ABC,PASS,43,0,1.0,PASS,PASS,PASS,0.002700
C:\Users\USUARIO\Documents\Downloads\BASE DE DATOS 1974-2018 PDFs. WSS\1978\1978-12-31 ANTE SU PRESENCIA AClaib-cel.pdf,a9f95ec8-1771-4c66-9dd3-0ee09c804506,a816467f-0b87-4e1a-b6b3-5af48e422a8c,1978-12-31,Ante su Presencia,48,APROBADO,84F6B902EC03191C99E039AFC52A861B848B532EECF97277332D6500B3F3E567,normalizacion_paginada_v2_1_guiones_lexico_20260811,B75821DCA7E73A9A59289274E77E823F84436591E15C224011B0ECD7D1694ABC,PASS,45,0,1.0,PASS,PASS,PASS,0.003865
C:\Users\USUARIO\Documents\Downloads\BASE DE DATOS 1974-2018 PDFs. WSS\1979\1979-01-21 La Gran Cena (MOVIL) AClaib.pdf,4b3ec820-bff2-4603-807d-d17f0e60a77c,7b6e3190-2a87-43cc-80fd-a47a1fe46642,1979-01-21,La Gran Cena,40,APROBADO,C44E016810F50D70A7CC02AAEB0B847881177AB73840E3ADA9975C2BE9315848,normalizacion_paginada_v2_1_guiones_lexico_20260811,B75821DCA7E73A9A59289274E77E823F84436591E15C224011B0ECD7D1694ABC,PASS,37,0,1.0,PASS,PASS,PASS,0.006446
C:\Users\USUARIO\Documents\Downloads\BASE DE DATOS 1974-2018 PDFs. WSS\1979\1979-03-11 El fruto del vientre de la Virgen AClaib-cel.pdf,0a1f3b11-9550-4ac3-8be9-e53c6672a99a,07d5dd06-766b-402d-9c8b-6394aa9ef3d9,1979-03-11,El fruto del vientre de la Virgen,56,APROBADO,9955A04117C34DFC99F7444857197B874455199C8F42E55FA8806F2EBCA548C0,normalizacion_paginada_v2_1_guiones_lexico_20260811,B75821DCA7E73A9A59289274E77E823F84436591E15C224011B0ECD7D1694ABC,PASS,53,0,1.0,PASS,PASS,PASS,0.008239
C:\Users\USUARIO\Documents\Downloads\BASE DE DATOS 1974-2018 PDFs. WSS\1979\1979-04-15 RM Camino a Emaus (MOVIL) AClaib.pdf,92ad2dc7-607e-4284-aa4c-8347234093b0,1d0f396c-4fb8-4aa1-ae0c-965c60e27709,1979-04-15,RM Camino a Emaus,36,APROBADO,CAD8C10FA8A6D3532DD6769F0536AD9F20B05087A50DEF5546EFA965F60F2136,normalizacion_paginada_v2_1_guiones_lexico_20260811,B75821DCA7E73A9A59289274E77E823F84436591E15C224011B0ECD7D1694ABC,PASS,33,0,1.0,PASS,PASS,PASS,0.005662
C:\Users\USUARIO\Documents\Downloads\BASE DE DATOS 1974-2018 PDFs. WSS\1979\1979-05-13 En los negocios de mi Padre me conviene estar AClaib-cel.pdf,63adfab7-e80b-4ed2-b242-278b7153eb83,96eff1ef-c248-48a2-8da9-a8693f34183d,1979-05-13,En los negocios de mi Padre me conviene estar,44,APROBADO,1C4320DA097EE14D58999C8825CB845A306D935945DC7A9E601C74A8B43ECC69,normalizacion_paginada_v2_1_guiones_lexico_20260811,B75821DCA7E73A9A59289274E77E823F84436591E15C224011B0ECD7D1694ABC,PASS,41,0,1.0,PASS,PASS,PASS,0.005920
"C:\Users\USUARIO\Documents\Downloads\BASE DE DATOS 1974-2018 PDFs. WSS\1979\1979-05-20 La Trompeta final (WSS) Cayey, Puerto Rico (movil).pdf",d4214b06-7b7d-48f1-85e1-68c01f67e7a6,4cbeda59-3a1b-40fb-badf-5a406cf1568d,1979-05-20,La Trompeta Final,26,APROBADO,102B431339DF031877AF2A67AA5F22D8AC63648DB265908527269C257E6B51A4,normalizacion_paginada_v2_1_guiones_lexico_20260811,B75821DCA7E73A9A59289274E77E823F84436591E15C224011B0ECD7D1694ABC,PASS,23,0,1.0,PASS,PASS,PASS,0.004434
C:\Users\USUARIO\Documents\Downloads\BASE DE DATOS 1974-2018 PDFs. WSS\1979\1979-05-27 La Trompeta de Liberación AClaib-cel.pdf,7dbfb978-3895-4b86-9e25-ec9ec9ed7887,02044ce0-9e80-4856-9100-458d0e0725d4,1979-05-27,La Trompeta de Liberación,44,APROBADO,9DE4E3CE6FEB64D71E4992BB7B3B7C13230A755618CB2C83D3F3C9EE99CCA678,normalizacion_paginada_v2_1_guiones_lexico_20260811,B75821DCA7E73A9A59289274E77E823F84436591E15C224011B0ECD7D1694ABC,PASS,42,0,0.97619,PASS,PASS,PASS,0.006756
C:\Users\USUARIO\Documents\Downloads\BASE DE DATOS 1974-2018 PDFs. WSS\1979\1979-07-01 Vida al Tercer Día AClaib-cel.pdf,eef14f6b-0fa3-457d-a1ba-20e304e55600,afdef35f-0a17-4813-9aad-ad622a470dd1,1979-07-01,Vida al Tercer Día,44,APROBADO,F7E8EDBFCF762DBE6ECFC56D3B9940395200FC940E4168F376A8C52F784B7B0E,normalizacion_paginada_v2_1_guiones_lexico_20260811,B75821DCA7E73A9A59289274E77E823F84436591E15C224011B0ECD7D1694ABC,PASS,39,0,1.0,PASS,PASS,PASS,0.008470
C:\Users\USUARIO\Documents\Downloads\BASE DE DATOS 1974-2018 PDFs. WSS\1979\1979-08-26 La espada del Rey (MOVIL).pdf,0c5fe6ca-07f0-4477-8aef-e694026c4789,f77eb920-55c4-474b-bbb1-1df0aa8155a4,1979-08-26,La Espada del Rey,30,APROBADO,9CD6CB7E22097689854CFA4E2C7FB275BA4C1820C9AE9E2A7A2D05E48B571DFF,normalizacion_paginada_v2_1_guiones_lexico_20260811,B75821DCA7E73A9A59289274E77E823F84436591E15C224011B0ECD7D1694ABC,PASS,27,0,1.0,PASS,PASS,PASS,0.008975
"C:\Users\USUARIO\Documents\Downloads\BASE DE DATOS 1974-2018 PDFs. WSS\1980\1980-01-06 El Juez (WSS) Cayey, Puerto Rico (movil).pdf",ac27414e-6f09-46f6-a43f-ecef23ade9d2,2813ab4c-f3a8-4837-8170-c1eb69c1da3a,1980-01-06,El juez,28,APROBADO,90E3F204F6A5105E8001858A9CFBAF0AD2B2681B56094E2D0903B778FF67B59B,normalizacion_paginada_v2_1_guiones_lexico_20260811,B75821DCA7E73A9A59289274E77E823F84436591E15C224011B0ECD7D1694ABC,PASS,22,0,1.0,PASS,PASS,PASS,0.013496
"C:\Users\USUARIO\Documents\Downloads\BASE DE DATOS 1974-2018 PDFs. WSS\1980\1980-01-28 El tiempo de la Vida (WSS) Bogotá, Colombia (movil) AClaib.pdf",a275ce23-b31f-4bf9-b935-d69632acab81,8c970538-4069-4d07-a94e-ffb1364ddf2b,1980-01-28,El tiempo de la vida,28,APROBADO,E33A2BE661D4E1A6C132A48248F64186389201FE4EB1E9F66826483CBDBE6391,normalizacion_paginada_v2_1_guiones_lexico_20260811,B75821DCA7E73A9A59289274E77E823F84436591E15C224011B0ECD7D1694ABC,PASS,25,0,1.0,PASS,PASS,PASS,0.004838
"C:\Users\USUARIO\Documents\Downloads\BASE DE DATOS 1974-2018 PDFs. WSS\1980\1980-02-06 La Gran Crisis Mundial (WSS) San Felipe, Yaracuy, Venezuela (movil) AClaib.pdf",60369391-5a6f-4b1f-af32-86e0684fcf5b,0f0e2016-1c65-47be-bf7a-4795429f4323,1980-02-06,La Gran crisis mundial,28,APROBADO,95FBADA72743D4D1E0E998F13399960AD25D2B322D5A84169206084A1764CCD1,normalizacion_paginada_v2_1_guiones_lexico_20260811,B75821DCA7E73A9A59289274E77E823F84436591E15C224011B0ECD7D1694ABC,PASS,26,0,0.961538,PASS,PASS,PASS,0.003221
"C:\Users\USUARIO\Documents\Downloads\BASE DE DATOS 1974-2018 PDFs. WSS\1980\1980-03-16 El que Juan vio (WSS) Cayey, Puerto Rico (movil) AClaib.pdf",d9975d75-3ae4-422e-a79d-82c575573932,c08b673c-900c-42b0-89e7-900c02d8a8a6,1980-03-16,El que Juan vio,36,APROBADO,8C5D92D3D3EE6503244FA309E7F5C3D1E237E4EBF2B901BA5931334AF10E6346,normalizacion_paginada_v2_1_guiones_lexico_20260811,B75821DCA7E73A9A59289274E77E823F84436591E15C224011B0ECD7D1694ABC,PASS,34,0,0.970588,PASS,PASS,PASS,0.007428
"C:\Users\USUARIO\Documents\Downloads\BASE DE DATOS 1974-2018 PDFs. WSS\1980\1980-05-04 La Preservación de Vida (WSS) Cayey, Puerto Rico (movil).pdf",5134ac86-e91c-409d-90df-498e6d066c01,bef331fb-347c-4598-88f2-f678cd6a3e9d,1980-05-04,La preservación de vida.,46,APROBADO,0B0D76A1CB85F7E3080B4D584A553CB869CFC338B5DC22B248A29AEA0D2D7065,normalizacion_paginada_v2_1_guiones_lexico_20260811,B75821DCA7E73A9A59289274E77E823F84436591E15C224011B0ECD7D1694ABC,PASS,36,0,1.0,PASS,PASS,PASS,0.013147
"C:\Users\USUARIO\Documents\Downloads\BASE DE DATOS 1974-2018 PDFs. WSS\1980\1980-06-22 La misión de un Hombre (WSS) San Felipe, Venezuela (movil).PDF",412dfd0f-5b30-468e-826c-bcafd5663118,d15d6a4c-9248-4e15-9c62-0b0861230724,1980-06-22,La mision de un Hombre.,14,APROBADO,6EDC5E3C5CFF8B1CB874FA8C983BC18792C249524C0B9F7B6408ABF4155B38B6,normalizacion_paginada_v2_1_guiones_lexico_20260811,B75821DCA7E73A9A59289274E77E823F84436591E15C224011B0ECD7D1694ABC,PASS,13,0,1.0,PASS,PASS,PASS,0.006950
"C:\Users\USUARIO\Documents\Downloads\BASE DE DATOS 1974-2018 PDFs. WSS\1980\1980-07-20 El dia del hijo del hombre (WSS) Cayey, Puerto Rico (movil).pdf",19645059-ee67-466d-8fd9-bac88b0f3304,7023365e-b046-493b-b13e-4bf6569811f3,1980-07-20,El dia del Hijo del Hombre.,36,APROBADO,18A142AA27CED465B3C6C7384226973E7A8760CD61D5BFEC36DA228D048A024F,normalizacion_paginada_v2_1_guiones_lexico_20260811,B75821DCA7E73A9A59289274E77E823F84436591E15C224011B0ECD7D1694ABC,PASS,33,0,1.0,PASS,PASS,PASS,0.006820
C:\Users\USUARIO\Documents\Downloads\BASE DE DATOS 1974-2018 PDFs. WSS\1980\1980-09-14 La Trompeta final (MOVIL).pdf,10ca82ac-bf4a-4be7-8c38-db60fa2a8596,05b1d25d-cbbc-491d-96cc-1cfb57ba63bf,1980-09-14,La Trompeta final,16,APROBADO,DC1F64844965682A624F4009202CE1A90FE90898DBFB59257B87092948682797,normalizacion_paginada_v2_1_guiones_lexico_20260811,B75821DCA7E73A9A59289274E77E823F84436591E15C224011B0ECD7D1694ABC,PASS,13,0,1.0,PASS,PASS,PASS,0.016788
"C:\Users\USUARIO\Documents\Downloads\BASE DE DATOS 1974-2018 PDFs. WSS\1980\1980-11-01 Tiempo de confusión (WSS) Cayey, Puerto Rico (movil).pdf",253a5968-f4bb-4b8f-806d-c7868ec98be2,57a3aec4-3c31-4dce-8ef4-51a7e0a2a2fd,1980-11-01,Tiempo de confusión,24,APROBADO,ABD81DAD4C6FBD92DE9A6C450C005A8D6E0AE5AA62B45E5D439E98C9A19E44FC,normalizacion_paginada_v2_1_guiones_lexico_20260811,B75821DCA7E73A9A59289274E77E823F84436591E15C224011B0ECD7D1694ABC,PASS,19,0,1.0,PASS,PASS,PASS,0.007472
C:\Users\USUARIO\Documents\Downloads\BASE DE DATOS 1974-2018 PDFs. WSS\1980\1980-11-30 He aquí el Hombre AClaib-cel.pdf,fe9c84f7-edf9-4f20-976d-25ed65e3dbbc,e5198d5b-e288-4c9d-9d07-ccb2fd38914c,1980-11-30,He aquí el hombre -,32,APROBADO,E459CB688D2F4382A67976247F8CCCDAFAA2766395BA4E96427747BBF46309DD,normalizacion_paginada_v2_1_guiones_lexico_20260811,B75821DCA7E73A9A59289274E77E823F84436591E15C224011B0ECD7D1694ABC,PASS,26,0,1.0,PASS,PASS,PASS,0.008776
"C:\Users\USUARIO\Documents\Downloads\BASE DE DATOS 1974-2018 PDFs. WSS\1980\1980-12-14 El tiempo de la Promesa (WSS) Cayey, Puerto Rico (movil).pdf",495072f9-c654-49ab-aa23-4a493326e4c6,f514e482-70e0-4566-9fef-496592512d08,1980-12-14,El tiempo de la Promesa.,15,APROBADO,8BC69A0E154349062A39806A833743512E8DEFBDBE4ED2826FBB36B49F3EA890,normalizacion_paginada_v2_1_guiones_lexico_20260811,B75821DCA7E73A9A59289274E77E823F84436591E15C224011B0ECD7D1694ABC,PASS,12,0,1.0,PASS,PASS,PASS,0.000338
"C:\Users\USUARIO\Documents\Downloads\BASE DE DATOS 1974-2018 PDFs. WSS\1980\1980-12-21 El juicio está listo (WSS) Cayey, Puerto Rico (movil).pdf",1f3b41f8-7daa-43ed-bfdc-75c408a4f69c,ee5ffe36-f00f-4885-99e9-511753f2fed5,1980-12-21,El juicio está listo,16,APROBADO,711597BE5962386CF69D49C9FBCA28CA20DFFB7D24C3163766D238263E548037,normalizacion_paginada_v2_1_guiones_lexico_20260811,B75821DCA7E73A9A59289274E77E823F84436591E15C224011B0ECD7D1694ABC,PASS,11,0,1.0,PASS,PASS,PASS,0.000775
"C:\Users\USUARIO\Documents\Downloads\BASE DE DATOS 1974-2018 PDFs. WSS\1981\1981-07-05 El Avivamiento (WSS) Cayey, Puerto Rico (movil).pdf",5a28a192-b59a-4f37-a3a8-86b46837a0dd,2a1e41fe-7750-4c83-99ef-2d245ab5379b,1981-07-05,El Avivamiento.,26,APROBADO,5839137E2603EC996A07FCD9F6641AC4A7CBE77C475332B7F65625C47CA83FE2,normalizacion_paginada_v2_1_guiones_lexico_20260811,B75821DCA7E73A9A59289274E77E823F84436591E15C224011B0ECD7D1694ABC,PASS,22,0,1.0,PASS,PASS,PASS,0.001427
C:\Users\USUARIO\Documents\Downloads\BASE DE DATOS 1974-2018 PDFs. WSS\1982\1982-01-03 Jacob en Egipto AClaib-cel.pdf,0f3e30ed-32f2-4558-a66b-774f412ab91d,ec4faec1-c4ff-475d-8254-b7493bb72e7f,1982-01-03,Jacob en Egipto,52,APROBADO,85721E7367305CB67FE158497754DC75999CB3FFEEBAA061B01373EE2F1E76FE,normalizacion_paginada_v2_1_guiones_lexico_20260811,B75821DCA7E73A9A59289274E77E823F84436591E15C224011B0ECD7D1694ABC,PASS,49,0,1.0,PASS,PASS,PASS,0.005184
C:\Users\USUARIO\Documents\Downloads\BASE DE DATOS 1974-2018 PDFs. WSS\1982\1982-01-24 Seguros en Dios (MOVIL).pdf,33250493-c0d7-46ae-93e3-42dd9ecdd1f8,4a3b99cc-1d76-434f-aca7-4edec68a674f,1982-01-24,Seguros en Dios,19,APROBADO,FD56211440CCF9ABF0528A36003B98EDDBD81A2BACE6E68B5B5FC7A8E290DD5F,normalizacion_paginada_v2_1_guiones_lexico_20260811,B75821DCA7E73A9A59289274E77E823F84436591E15C224011B0ECD7D1694ABC,PASS,16,0,1.0,PASS,PASS,PASS,0.007083
C:\Users\USUARIO\Documents\Downloads\BASE DE DATOS 1974-2018 PDFs. WSS\1982\1982-03-14 Conociendo el Tiempo AClaib-cel.pdf,a308ed78-bc46-4943-91dc-cf42a8fa2d0d,39ef38b9-42b2-4d20-8788-9c7b082a9a2e,1982-03-14,Conociendo el Tiempo,32,APROBADO,12DBE85FD427D418DF1DA2C156C5D3A76724D5332386789701D0624211121350,normalizacion_paginada_v2_1_guiones_lexico_20260811,B75821DCA7E73A9A59289274E77E823F84436591E15C224011B0ECD7D1694ABC,PASS,28,0,1.0,PASS,PASS,PASS,0.007696
"C:\Users\USUARIO\Documents\Downloads\BASE DE DATOS 1974-2018 PDFs. WSS\1982\1982-04-19 Palabras de saludo (WSS) Maturín, Venezuela (movil).pdf",8a9696bb-33d5-469a-83e8-d400333b2bad,bae7c997-88c0-4ac5-a363-3f006ab8bd27,1982-04-19,Palabras de saludo,20,APROBADO,CAF1C361380E1FB58334CDA5358C28965180E68A2671567A6C62B3CC46C2AE40,normalizacion_paginada_v2_1_guiones_lexico_20260811,B75821DCA7E73A9A59289274E77E823F84436591E15C224011B0ECD7D1694ABC,PASS,16,0,1.0,PASS,PASS,PASS,0.003077
"C:\Users\USUARIO\Documents\Downloads\BASE DE DATOS 1974-2018 PDFs. WSS\1982\1982-05-16 Vigilando el tiempo (WSS) Cayey, Puerto Rico (movil).pdf",9a0c0690-ba6f-4961-9f96-e884bd13a946,e054e0f0-cd4a-461e-af12-fa2636ae3da8,1982-05-16,Vigilando el tiempo,29,APROBADO,003CE581CBC66E53D4FBF972ECA864941761E3B0CF54953687A60206490C791E,normalizacion_paginada_v2_1_guiones_lexico_20260811,B75821DCA7E73A9A59289274E77E823F84436591E15C224011B0ECD7D1694ABC,PASS,23,0,1.0,PASS,PASS,PASS,0.001190
"C:\Users\USUARIO\Documents\Downloads\BASE DE DATOS 1974-2018 PDFs. WSS\1982\1982-07-04 Señal de Juicio (WSS) Villahermosa, Tabasco, Mexico (movil) Aclaib-cel.pdf",e4b12d5a-8ce0-4f50-bc20-205b06bb3822,5db1c12e-1e2b-47b0-8eea-b15035a8d501,1982-07-04,Señal de Juicio,40,APROBADO,4D549299A485E57F0713A2F9E5067A1E55E3AEF76E72AA4186C09825B322874F,normalizacion_paginada_v2_1_guiones_lexico_20260811,B75821DCA7E73A9A59289274E77E823F84436591E15C224011B0ECD7D1694ABC,PASS,35,0,0.971429,PASS,PASS,PASS,0.008728
"C:\Users\USUARIO\Documents\Downloads\BASE DE DATOS 1974-2018 PDFs. WSS\1982\1982-10-17 Para la gloria de Dios (WSS) Cayey, Puerto Rico (movil).pdf",15a749c0-b38d-4c4d-a70e-e9a84704883e,a422dd7b-0fd1-4f1a-b5fc-602331c393a1,1982-10-17,Para la Gloria de Dios,37,APROBADO,FE445E4FE831FE5C24EFBFBBDE8E25132C79F8084195D6A50BCF7CD22AA42BC3,normalizacion_paginada_v2_1_guiones_lexico_20260811,B75821DCA7E73A9A59289274E77E823F84436591E15C224011B0ECD7D1694ABC,PASS,32,0,1.0,PASS,PASS,PASS,0.003124
"C:\Users\USUARIO\Documents\Downloads\BASE DE DATOS 1974-2018 PDFs. WSS\1982\1982-10-31 El líder (WSS) Cayey, Puerto Rico (movil).pdf",587beb5f-7aca-47ce-b094-485f5fc979b8,ff319367-d13f-4678-be23-8676835546fc,1982-10-31,El líder,36,APROBADO,C63B8C3C389B24C4C486CB7BD17138F80A79C3DBBC1D562981AE8E90BA4D7D49,normalizacion_paginada_v2_1_guiones_lexico_20260811,B75821DCA7E73A9A59289274E77E823F84436591E15C224011B0ECD7D1694ABC,PASS,32,0,1.0,PASS,PASS,PASS,0.004105
"C:\Users\USUARIO\Documents\Downloads\BASE DE DATOS 1974-2018 PDFs. WSS\1982\1982-12-05 La Vida es un Sueño (WSS) Cayey, Puerto Rico (movil).pdf",ac80c047-3f0c-49fe-8edd-263c3c3d35b5,b4e936d8-5c1e-445e-9dca-e12644863ef0,1982-12-05,La Vida es un Sueño,25,APROBADO,0176C1907FFC550FA81D8E9E6DB58415F075A63AB0CBB85DAFB020291693BB34,normalizacion_paginada_v2_1_guiones_lexico_20260811,B75821DCA7E73A9A59289274E77E823F84436591E15C224011B0ECD7D1694ABC,PASS,18,0,1.0,PASS,PASS,PASS,0.000476
"C:\Users\USUARIO\Documents\Downloads\BASE DE DATOS 1974-2018 PDFs. WSS\1982\1982-12-26 Eventos sobrenaturales (WSS) Cayey, Puerto Rico (movil).pdf",38964181-e89d-4cfd-bd7d-5da339d72f2a,c306cc0c-f891-48f0-96d5-25915415fd8a,1982-12-26,Eventos Sobrenaturales,28,APROBADO,149E5FE48CA83D753243F05163BC919B110760D7ACBEB186BA63219D966FF51A,normalizacion_paginada_v2_1_guiones_lexico_20260811,B75821DCA7E73A9A59289274E77E823F84436591E15C224011B0ECD7D1694ABC,PASS,24,0,1.0,PASS,PASS,PASS,0.005490
"C:\Users\USUARIO\Documents\Downloads\BASE DE DATOS 1974-2018 PDFs. WSS\1983\1983-02-20 La Meta Divina (WSS) Cayey, Puerto Rico (movil).pdf",8c7db7c7-73ef-49ec-8bbf-039c9ddb4e79,a6603586-0a73-450c-87d5-b4b03e8f6b97,1983-02-20,La Meta Divina.,26,APROBADO,ED335F3320F8CA880476DDBFBAB319E1DBD83BEDFFFB66394FF651A19844B073,normalizacion_paginada_v2_1_guiones_lexico_20260811,B75821DCA7E73A9A59289274E77E823F84436591E15C224011B0ECD7D1694ABC,PASS,14,0,1.0,PASS,PASS,PASS,0.016920
"C:\Users\USUARIO\Documents\Downloads\BASE DE DATOS 1974-2018 PDFs. WSS\1983\1983-03-06 Por revelacion (WSS) Cayey, Puerto Rico (movil).pdf",1eb47171-90ba-4c42-8652-d902c6b435f0,b91cd84b-f2ef-436d-8d8d-eba330f07cd1,1983-03-06,por Revelacion.,15,APROBADO,6E71CED72B5CC56AA943DF7BBF3B4A295D43AD73F2E2922EDDE9D993BC59AA78,normalizacion_paginada_v2_1_guiones_lexico_20260811,B75821DCA7E73A9A59289274E77E823F84436591E15C224011B0ECD7D1694ABC,PASS,12,0,1.0,PASS,PASS,PASS,0.004874
"C:\Users\USUARIO\Documents\Downloads\BASE DE DATOS 1974-2018 PDFs. WSS\1983\1983-04-17 Serie La Ley de la Adopción, El Tutor (WSS) Cayey, Puerto Rico (movil).pdf",c8731256-7bde-451a-b549-89f686973eca,6a0c7a75-b906-412b-b688-7c995cf20817,1983-04-17,Serie La Ley de la Adopcion El Tutor.,32,APROBADO,CD34E0A7B404CC4C8C778FB419CA5282C12147FAC7691DD71C53C5D6E90A2E5A,normalizacion_paginada_v2_1_guiones_lexico_20260811,B75821DCA7E73A9A59289274E77E823F84436591E15C224011B0ECD7D1694ABC,PASS,30,0,1.0,PASS,PASS,PASS,0.000959
"C:\Users\USUARIO\Documents\Downloads\BASE DE DATOS 1974-2018 PDFs. WSS\1984\1984-04-29 El trono del hijo (WSS) Cayey, Puerto Rico (movil).pdf",8f905e6c-82be-4bbd-b821-1421447686a7,53d3aac1-ad1b-4520-9064-e00c616623e7,1984-04-29,El trono del hijo,40,APROBADO,D8809537E1884651C3F60801E063933B2E670E86178A511C2CFAE00563A4E966,normalizacion_paginada_v2_1_guiones_lexico_20260811,B75821DCA7E73A9A59289274E77E823F84436591E15C224011B0ECD7D1694ABC,PASS,34,0,1.0,PASS,PASS,PASS,0.006383
"C:\Users\USUARIO\Documents\Downloads\BASE DE DATOS 1974-2018 PDFs. WSS\1985\1985-01-04 El misterio del Reino de Dios (WSS) Maturín, Venezuela (movil).pdf",e90a36b8-37ab-4c1d-8847-e46d78100f41,9d308746-fb1d-42fc-8bf4-f33855e98cfc,1985-01-04,El misterio del Reino de Dios,24,APROBADO,0285B6A6316735895EAD364A4380C667E9DE26E8A092378FFFDA390A94A4BD3A,normalizacion_paginada_v2_1_guiones_lexico_20260811,B75821DCA7E73A9A59289274E77E823F84436591E15C224011B0ECD7D1694ABC,PASS,22,0,1.0,PASS,PASS,PASS,0.009404
"C:\Users\USUARIO\Documents\Downloads\BASE DE DATOS 1974-2018 PDFs. WSS\1985\1985-01-05 El Hombre Prudente (WSS) Maturín, Venezuela (movil).pdf",2c76fbdb-56c2-4631-bd63-0c1970318552,2e4f6dd7-356d-402a-9e1a-aacbc91cfed0,1985-01-05,El hombre prudente,18,APROBADO,128FBF0D618661F7FBA554D135AADEABB4062C56AD4D278D7B56C634C49D8194,normalizacion_paginada_v2_1_guiones_lexico_20260811,B75821DCA7E73A9A59289274E77E823F84436591E15C224011B0ECD7D1694ABC,PASS,15,0,1.0,PASS,PASS,PASS,0.004610
"C:\Users\USUARIO\Documents\Downloads\BASE DE DATOS 1974-2018 PDFs. WSS\1985\1985-03-17 Una brecha de veinte años (WSS) Cayey, Puerto Rico (movil).pdf",fec88a10-cd0b-4538-ae5b-96d4bad9e4e9,39d9ca88-ff7f-475d-8813-996cb3dc68b1,1985-03-17,Una brecha de veinte años,63,APROBADO,D9595FBD461B300DD561F55D62993FB673C3C8B109B6243F1FCD40FC2FA65882,normalizacion_paginada_v2_1_guiones_lexico_20260811,B75821DCA7E73A9A59289274E77E823F84436591E15C224011B0ECD7D1694ABC,PASS,57,0,1.0,PASS,PASS,PASS,0.003220
"C:\Users\USUARIO\Documents\Downloads\BASE DE DATOS 1974-2018 PDFs. WSS\1985\1985-05-26 La voz del cielo al final del siglo XX (WSS) Cayey, Puerto Rico (movil).pdf",5a558189-9997-4fd5-9111-242806ab992f,af985e01-5150-44e7-ad3d-62c1832d6fe7,1985-05-26,La voz del cielo al final del siglo XX,47,APROBADO,1DA87AA57E5AD54E752DB3199CD56BD8AA388B13C7367D1C123E0BD47A111A9D,normalizacion_paginada_v2_1_guiones_lexico_20260811,B75821DCA7E73A9A59289274E77E823F84436591E15C224011B0ECD7D1694ABC,PASS,44,0,1.0,PASS,PASS,PASS,0.009357
"C:\Users\USUARIO\Documents\Downloads\BASE DE DATOS 1974-2018 PDFs. WSS\1985\1985-07-19 Tiempo de ver cara a cara (WSS) Maturín, Venezuela (movil).pdf",487b5112-f274-47cc-9ff4-c62db2706a94,fa4c2f39-efa5-4a3e-9246-e4aa5f8c4f5c,1985-07-19,Tiempo de ver cara a cara,20,APROBADO,70AD72748F99A8F92DA64DD542D549B8D440EAC96C46393A33F590B1ECC09DF7,normalizacion_paginada_v2_1_guiones_lexico_20260811,B75821DCA7E73A9A59289274E77E823F84436591E15C224011B0ECD7D1694ABC,PASS,17,0,1.0,PASS,PASS,PASS,0.007248
"C:\Users\USUARIO\Documents\Downloads\BASE DE DATOS 1974-2018 PDFs. WSS\1985\1985-10-13 El Creador (WSS) Maturín, Venezuela (movil).pdf",129f2555-a1d3-4c49-9de7-3953ed03b1a1,6de31f30-2479-46e9-9e3b-aae33cd7b6d0,1985-10-13,El Creador.,28,APROBADO,26CF95C0144A1D4626477ADEC12157088E71E84CD1A1E52996985203F59B4D56,normalizacion_paginada_v2_1_guiones_lexico_20260811,B75821DCA7E73A9A59289274E77E823F84436591E15C224011B0ECD7D1694ABC,PASS,20,0,1.0,PASS,PASS,PASS,0.002596
"C:\Users\USUARIO\Documents\Downloads\BASE DE DATOS 1974-2018 PDFs. WSS\1985\1985-10-24 ¿A quién debemos oir (WSS) Maracaibo, Venezuela (movil).pdf",2ea6d1a7-764d-4b38-9451-0a76710bd776,37c396f7-0eda-4726-bb36-bcdbccfeaa57,1985-10-24,A quien debemos oir,16,APROBADO,60D14FDB34ACCBE35884C3EAC9154041DC0AE0905D043FCEB25F4886F92613DE,normalizacion_paginada_v2_1_guiones_lexico_20260811,B75821DCA7E73A9A59289274E77E823F84436591E15C224011B0ECD7D1694ABC,PASS,13,0,1.0,PASS,PASS,PASS,0.007950
"C:\Users\USUARIO\Documents\Downloads\BASE DE DATOS 1974-2018 PDFs. WSS\1985\1985-11-10 Enfrentando la realidad del Mensajero Celestial (WSS) Cayey, Puerto Rico (movil).pdf",a8e8f0f7-c776-4ac5-9afc-08c5586bcf2c,4095ba04-a988-45f9-b173-860ab34e8fc1,1985-11-10,Enfrentando la realidad del Mensajero Celestial,20,APROBADO,F7E43F1E97CA3E130B3987902CB65647B88F7B64304566747284C0F42BFD0505,normalizacion_paginada_v2_1_guiones_lexico_20260811,B75821DCA7E73A9A59289274E77E823F84436591E15C224011B0ECD7D1694ABC,PASS,17,0,1.0,PASS,PASS,PASS,0.011830
"C:\Users\USUARIO\Documents\Downloads\BASE DE DATOS 1974-2018 PDFs. WSS\1986\1986-03-30 Jesus el hombre perfecto resucitado (WSS) Maturin, Monagas, Venezuela (movil).pdf",03497709-74a5-4684-a21b-405b1cdbd410,341a7d32-6c9b-4446-ab32-eaf927924ba6,1986-03-30,Jesus el Hombre Perfecto Resucitado.,36,APROBADO,F1ED6675272FE0406C116AFEBB6A0C080FE105A9118D74CCC6497324089DA76B,normalizacion_paginada_v2_1_guiones_lexico_20260811,B75821DCA7E73A9A59289274E77E823F84436591E15C224011B0ECD7D1694ABC,PASS,33,0,1.0,PASS,PASS,PASS,0.003552
"C:\Users\USUARIO\Documents\Downloads\BASE DE DATOS 1974-2018 PDFs. WSS\1986\1986-04-06 La Palabra Profetica (WSS) San Felipe, Yaracuy, Venezuela (movil).pdf",25f3b0ba-9b31-466f-8da3-a11c26332525,6631b889-6ab7-42e6-bf50-b1190e73b288,1986-04-06,La Palabra profética.,28,APROBADO,3272E401E449FED3A5B8E231375BD6F32BEC1522C28E28C521C18B3E2840B777,normalizacion_paginada_v2_1_guiones_lexico_20260811,B75821DCA7E73A9A59289274E77E823F84436591E15C224011B0ECD7D1694ABC,PASS,26,0,1.0,PASS,PASS,PASS,0.004100
"C:\Users\USUARIO\Documents\Downloads\BASE DE DATOS 1974-2018 PDFs. WSS\1986\1986-05-18 El ministerio del fin del siglo (WSS) Cayey, Puerto Rico (MOVIL).pdf",9c60a8c9-5246-4ca2-9772-53d21f79be81,0a0539dd-ceff-4e65-907c-2913269e9c2c,1986-05-18,El Ministerio del fin del Siglo.,12,APROBADO,36DA8D353054DACC1D78F123CD78745B45AC97B46E3E7ADE16D6144E17B3A751,normalizacion_paginada_v2_1_guiones_lexico_20260811,B75821DCA7E73A9A59289274E77E823F84436591E15C224011B0ECD7D1694ABC,PASS,12,0,1.0,PASS,PASS,PASS,0.002941
"C:\Users\USUARIO\Documents\Downloads\BASE DE DATOS 1974-2018 PDFs. WSS\1986\1986-06-29 El enviado de Jesús y su obra (WSS) Bogotá, Colombia (movil).pdf",2a4c6c77-7e92-4f2b-a93d-92527c8279fd,6596d7d7-ed98-46aa-ab35-6aa99809fc5e,1986-06-29,El enviado de Jesús y su obra,32,APROBADO,63863D84A3CEDE6AE7876C2BB4F2F84C2D6689E94F6244B49BD33540C8E226B4,normalizacion_paginada_v2_1_guiones_lexico_20260811,B75821DCA7E73A9A59289274E77E823F84436591E15C224011B0ECD7D1694ABC,PASS,28,0,1.0,PASS,PASS,PASS,0.005848
"C:\Users\USUARIO\Documents\Downloads\BASE DE DATOS 1974-2018 PDFs. WSS\1986\1986-12-07 Una Vez Mas (WSS) Cayey, Puerto Rico (movil).pdf",16695f2b-738d-420b-8f33-08b7bdfcc7c2,4fbc16ee-ff79-4aff-96ae-c97b31a1ba17,1986-12-07,Una Vez mas.,12,APROBADO,763A074735C9E34CE0AFB2138E2D574EFC8A74152EE1378637248B4F3C346E5C,normalizacion_paginada_v2_1_guiones_lexico_20260811,B75821DCA7E73A9A59289274E77E823F84436591E15C224011B0ECD7D1694ABC,PASS,12,0,1.0,PASS,PASS,PASS,0.003102
"C:\Users\USUARIO\Documents\Downloads\BASE DE DATOS 1974-2018 PDFs. WSS\1986\1986-12-21 En el Monte de Sion (WSS) Cayey, Puerto Rico (movil).pdf",94bdea2b-8050-4c97-b9d8-658d56cd95f0,0058419d-7535-4d33-9cfd-da7638e8960b,1986-12-21,En el Monte de Sion.,32,APROBADO,A258D4B37CA06335E639F9A18D0F66D5D58E1DE1EA0148D63BB471873E8C2789,normalizacion_paginada_v2_1_guiones_lexico_20260811,B75821DCA7E73A9A59289274E77E823F84436591E15C224011B0ECD7D1694ABC,PASS,29,0,1.0,PASS,PASS,PASS,0.005657
"C:\Users\USUARIO\Documents\Downloads\BASE DE DATOS 1974-2018 PDFs. WSS\1987\1987-01-04 Frente al Jordan (WSS) Cayey, Puerto Rico (movil).pdf",e8a236f9-7689-431b-a9ce-e8db1287ee53,583223d2-01a4-42e1-bf8b-5674ee777c0e,1987-01-04,Frente al Jordan,49,APROBADO,CAFA2B1A099427F7DEF2EC6B1E77E107ED8DB002233D7843C5DDD65204851C17,normalizacion_paginada_v2_1_guiones_lexico_20260811,B75821DCA7E73A9A59289274E77E823F84436591E15C224011B0ECD7D1694ABC,PASS,31,0,1.0,PASS,PASS,PASS,0.001723
"C:\Users\USUARIO\Documents\Downloads\BASE DE DATOS 1974-2018 PDFs. WSS\1987\1987-01-11 El ministerio del fin del siglo (WSS) Cartagena, Colombia (movil) AClaib-cel.pdf",40f522ee-be9e-4c0c-9e2e-682a92e600ef,d534b49f-43d8-4fec-8b74-e97debd3aa00,1987-01-11,El ministerio del fin del siglo,28,APROBADO,D754E9B63839539A685EA38B7BAFED7CC132983EAFB569E318A2B32552B20620,normalizacion_paginada_v2_1_guiones_lexico_20260811,B75821DCA7E73A9A59289274E77E823F84436591E15C224011B0ECD7D1694ABC,PASS,23,0,1.0,PASS,PASS,PASS,0.010642
"C:\Users\USUARIO\Documents\Downloads\BASE DE DATOS 1974-2018 PDFs. WSS\1987\1987-02-01 La profecía viva (WSS) Cayey, Puerto Rico (movil).pdf",cfa75ff4-2ad6-465a-be4e-59c8ce646027,1878d75a-2adc-4d26-be25-bbafbccf1c39,1987-02-01,La profecía viva,24,APROBADO,6C94E9B1BF82D1BB59939059549634AACC696DEFC810BEDD4229E49D454C7E99,normalizacion_paginada_v2_1_guiones_lexico_20260811,B75821DCA7E73A9A59289274E77E823F84436591E15C224011B0ECD7D1694ABC,PASS,21,0,1.0,PASS,PASS,PASS,0.008949
"C:\Users\USUARIO\Documents\Downloads\BASE DE DATOS 1974-2018 PDFs. WSS\1987\1987-04-12 Serie la semana mayor La Entrada triunfal de Jesus a Jerusalen y al templo (WSS) Villahermosa, México (movil).PDF",9c96f515-f6d0-45af-99c1-fd147630384e,46ecbf1c-6df0-4270-81bc-dc1f979aad1d,1987-04-12,Serie la semana mayor La Entrada triunfal de Jesus a Jerusalen y al templo. sencillo,9,APROBADO,ECFDC2D44A8C33115302F5D24685E0018A68A49233602E3688480FAFFCB7FB42,normalizacion_paginada_v2_1_guiones_lexico_20260811,B75821DCA7E73A9A59289274E77E823F84436591E15C224011B0ECD7D1694ABC,PASS,9,0,1.0,PASS,PASS,PASS,0.003541
"C:\Users\USUARIO\Documents\Downloads\BASE DE DATOS 1974-2018 PDFs. WSS\1987\1987-04-23 La voz de la resurreccion (WSS) San José, Costa Rica (movil).pdf",57c5bf90-cc09-4f30-afff-53b7ef574a7f,69864504-3e25-4cb8-91fc-c6931a2e1ca0,1987-04-23,La Voz de la Resurreccion.,13,APROBADO,1DAF0C955B188441FD44437996C1F28F307492092654D3EC4CBFCEB3E5AC86BA,normalizacion_paginada_v2_1_guiones_lexico_20260811,B75821DCA7E73A9A59289274E77E823F84436591E15C224011B0ECD7D1694ABC,PASS,10,0,1.0,PASS,PASS,PASS,0.016209
"C:\Users\USUARIO\Documents\Downloads\BASE DE DATOS 1974-2018 PDFs. WSS\1987\1987-06-07 Unánimes juntos en el aposento alto (WSS) Cayey, Puerto Rico (movil).pdf",9355322c-7d42-4706-ae13-47873c841efe,7e737d56-a794-40e4-8c8e-caae05b800ce,1987-06-07,Unánimes juntos en el aposento alto,36,APROBADO,586FD26E1C73DA3161D14CA9A1312FAB7B5E2999F624722D0CFE900E4FC5A8B6,normalizacion_paginada_v2_1_guiones_lexico_20260811,B75821DCA7E73A9A59289274E77E823F84436591E15C224011B0ECD7D1694ABC,PASS,33,0,1.0,PASS,PASS,PASS,0.008738
"C:\Users\USUARIO\Documents\Downloads\BASE DE DATOS 1974-2018 PDFs. WSS\1987\1987-07-24 Vosotros soís mis amigos (WSS) Ciudad Victoria, México (movil).pdf",6d29d389-10f9-4dcb-b664-9017296bad9c,459eed4b-52b3-492e-a0dd-36b9c0dde9bc,1987-07-24,Vosotros sois mis Amigos.,9,APROBADO,427F47CEFC3162F3169E25D3E500457CD0FF83FD5ECB3D456D2D61B5FCEE725F,normalizacion_paginada_v2_1_guiones_lexico_20260811,B75821DCA7E73A9A59289274E77E823F84436591E15C224011B0ECD7D1694ABC,PASS,5,0,1.0,PASS,PASS,PASS,0.000000
"C:\Users\USUARIO\Documents\Downloads\BASE DE DATOS 1974-2018 PDFs. WSS\1987\1987-09-20 La Gran Piramide del Señor Jesucristo (WSS) Cayey, Puerto Rico (movil).pdf",1abf2843-4d8b-489f-a5fc-cf0df87a9ee0,80056906-e519-4624-af90-940334d286c1,1987-09-20,La Gran Piramide del Señor Jesucristo.,30,APROBADO,A4F861887CD1D4948FAD58CA39946171BBC54B4EA567B32F9AB3315031518A6E,normalizacion_paginada_v2_1_guiones_lexico_20260811,B75821DCA7E73A9A59289274E77E823F84436591E15C224011B0ECD7D1694ABC,PASS,25,0,1.0,PASS,PASS,PASS,0.004901
"C:\Users\USUARIO\Documents\Downloads\BASE DE DATOS 1974-2018 PDFs. WSS\1987\1987-10-18 El misterio Divino de este siglo (WSS) Cali, Colombia (movil).pdf",70520341-9e77-4b8a-be9d-0ac5d44d22a1,45c4f217-ebc7-4519-ab58-feba383c31d6,1987-10-18,El misterio Divino de este siglo.,33,APROBADO,6FDF8C163A3A5C03FB6E088A78B5025358865F443460693B2010D78DECE1939D,normalizacion_paginada_v2_1_guiones_lexico_20260811,B75821DCA7E73A9A59289274E77E823F84436591E15C224011B0ECD7D1694ABC,PASS,26,0,1.0,PASS,PASS,PASS,0.003217
"C:\Users\USUARIO\Documents\Downloads\BASE DE DATOS 1974-2018 PDFs. WSS\1987\1987-12-20 El Templo del Hijo de la Virgen Maria (WSS) Cayey, Puerto Rico (movil).pdf",2e94f5d2-3ae2-4119-a1ec-8d8564cde6dd,b327b4e7-ced4-45e3-b496-58275f686e28,1987-12-20,El Templo del Hijo de la Virgen Maria.,19,APROBADO,A809500C957465EF922086A921E42449CB2E8F7AFE47365F7A423A3E174887A1,normalizacion_paginada_v2_1_guiones_lexico_20260811,B75821DCA7E73A9A59289274E77E823F84436591E15C224011B0ECD7D1694ABC,PASS,19,0,1.0,PASS,PASS,PASS,0.004061
"C:\Users\USUARIO\Documents\Downloads\BASE DE DATOS 1974-2018 PDFs. WSS\1988\1988-01-24 Perseverando en pie (WSS) Cayey, Puerto Rico(movil).pdf",0d4b33c0-a385-410a-8df6-3c5f52325d0a,1f0eaa25-c6bf-4be3-b057-403e6ef71486,1988-01-24,Perseverando en pie,20,APROBADO,892A8579076AAB56854B33407F161BDB47F6B738872966627DC87BB858E8432D,normalizacion_paginada_v2_1_guiones_lexico_20260811,B75821DCA7E73A9A59289274E77E823F84436591E15C224011B0ECD7D1694ABC,PASS,15,0,1.0,PASS,PASS,PASS,0.013852
"C:\Users\USUARIO\Documents\Downloads\BASE DE DATOS 1974-2018 PDFs. WSS\1988\1988-01-24 El bien de todas las cosas (WSS) Lima, Perú (movil).pdf",eb293ace-b534-4d7f-b4d6-edfea48ecaf9,a48dc320-96a0-4286-8cf8-6058280fa503,1988-01-24,El bien de todas las cosas,16,APROBADO,8F715912D033269920D3304D445A3120FB641958F65B0938D40BB5F1A179B230,normalizacion_paginada_v2_1_guiones_lexico_20260811,B75821DCA7E73A9A59289274E77E823F84436591E15C224011B0ECD7D1694ABC,PASS,12,0,1.0,PASS,PASS,PASS,0.013215
C:\Users\USUARIO\Documents\Downloads\BASE DE DATOS 1974-2018 PDFs. WSS\1988\1988-03-24 Serie Los 8 grandes eventos La señal del Hijo del Hombre en el cielo (WSS) México (movil).pdf,ea26728e-e50e-4abd-b5c8-33b85581355a,20e48e2b-c846-4b63-ac5b-54c6c145aeca,1988-03-24,Serie Los 8 grandes eventos La señal del Hijo del Hombre en el cielo,16,APROBADO,3363E83F721AD6A43772526F14FC4DDE3F3A426E754FAE254A2AF875E405E574,normalizacion_paginada_v2_1_guiones_lexico_20260811,B75821DCA7E73A9A59289274E77E823F84436591E15C224011B0ECD7D1694ABC,PASS,13,0,1.0,PASS,PASS,PASS,0.013387
"C:\Users\USUARIO\Documents\Downloads\BASE DE DATOS 1974-2018 PDFs. WSS\1988\1988-03-28 La Gran Voz de Trompeta (ocho eventos) (WSS) Minatitlan, Mexico (movil) AClaib-cel.pdf",67baacc0-1a81-4906-ad3a-27e965ed6c24,edcbbc76-706f-4e17-99bd-f972bff3ebd9,1988-03-28,La Gran Voz de Trompeta (ocho eventos),16,APROBADO,CFD1EFACD7A582E53C23F0A94D4FEFC203F0242A8802560A4D43E7FE0CBA104C,normalizacion_paginada_v2_1_guiones_lexico_20260811,B75821DCA7E73A9A59289274E77E823F84436591E15C224011B0ECD7D1694ABC,PASS,13,0,1.0,PASS,PASS,PASS,0.018657
"C:\Users\USUARIO\Documents\Downloads\BASE DE DATOS 1974-2018 PDFs. WSS\1988\1988-04-17 El verdadero Ungido y enviado de Dios (WSS) Cayey, Puerto Rico (movil).pdf",c7c63640-b6e3-48e7-a4f0-10b1be00770c,336bafac-0d91-4bbe-96f8-150b5f63939a,1988-04-17,El verdadero ungido y enviado de Dios.,28,APROBADO,689280F4C9E78F7812AE90D9F08FA5D59F7FDC75C1F4122459DDF6D8284A888E,normalizacion_paginada_v2_1_guiones_lexico_20260811,B75821DCA7E73A9A59289274E77E823F84436591E15C224011B0ECD7D1694ABC,PASS,25,0,1.0,PASS,PASS,PASS,0.007384
"C:\Users\USUARIO\Documents\Downloads\BASE DE DATOS 1974-2018 PDFs. WSS\1988\1988-09-08 El Librito Abierto (WSS) Franca, Brasil (movil) -  AClaib-cel.pdf",581b18f7-d035-4f0e-ab21-e71a055c600e,90310806-871d-4d5e-abb1-bd55b28baf54,1988-09-08,El Librito Abierto,20,APROBADO,4B1B10FBE2150B7425C2DCE9BDA495CE0E79DBD43A2680002447C15E0331AD88,normalizacion_paginada_v2_1_guiones_lexico_20260811,B75821DCA7E73A9A59289274E77E823F84436591E15C224011B0ECD7D1694ABC,PASS,14,0,1.0,PASS,PASS,PASS,0.018501
C:\Users\USUARIO\Documents\Downloads\BASE DE DATOS 1974-2018 PDFs. WSS\1988\1988-10-30 El Angel de Jesus (WSS) Guatemala (MOVIL).pdf,f7018c30-2af4-4800-8aae-b2b79ba73881,28473061-cca8-4f3e-a817-93b0eb274644,1988-10-30,El Angel de Jesus.,28,APROBADO,6E77C1D4E905392D8C3E980A687C64827D3DAD5D7D9A3291D6BB7E745C654E18,normalizacion_paginada_v2_1_guiones_lexico_20260811,B75821DCA7E73A9A59289274E77E823F84436591E15C224011B0ECD7D1694ABC,PASS,25,0,1.0,PASS,PASS,PASS,0.009884
"C:\Users\USUARIO\Documents\Downloads\BASE DE DATOS 1974-2018 PDFs. WSS\1989\1989-01-01 El Angel de Jesus y su Mision en la tierra (WSS) Cayey, Puerto Rico (movil).pdf",af672545-05b7-4250-b76e-8d67081e3e51,bbae4fcc-3102-4f15-b140-33e2d9c53ae2,1989-01-01,El Angel de Jesus y su mision en la Tierra.,11,APROBADO,1B724CCF5C0AC5797FA819361760417E47DBF924087CAA4D8C58188625BDE3A1,normalizacion_paginada_v2_1_guiones_lexico_20260811,B75821DCA7E73A9A59289274E77E823F84436591E15C224011B0ECD7D1694ABC,PASS,11,0,1.0,PASS,PASS,PASS,0.007351
"C:\Users\USUARIO\Documents\Downloads\BASE DE DATOS 1974-2018 PDFs. WSS\1989\1989-01-08 La Palabra Vivificada de Dios (WSS) Cayey, Puerto Rico (movil).pdf",f722cc19-e520-461b-ac0e-090af7086f08,988a2e37-856d-4fde-882e-8089692126ce,1989-01-08,La Palabra Vivificada de Dios.,10,APROBADO,A697AE65AAC34D721D0AC4B75DF48F84DC583CAC3D21EB76539A692B3CEAE950,normalizacion_paginada_v2_1_guiones_lexico_20260811,B75821DCA7E73A9A59289274E77E823F84436591E15C224011B0ECD7D1694ABC,PASS,10,0,1.0,PASS,PASS,PASS,0.006174
"C:\Users\USUARIO\Documents\Downloads\BASE DE DATOS 1974-2018 PDFs. WSS\1989\1989-01-22 La luz en la cima del monte de Sion (WSS) Cayey, Puerto Rico (movil).pdf",f824054f-032b-4002-9cf3-9175eccb9d94,e054c5b2-a5c9-42a9-9b9f-4f4583dd510a,1989-01-22,La luz en la cima del monte de Sion,32,APROBADO,EA5546F8C8DA743AFDA559BC5D2033AF0D76E90644F9DF04FB6A28F05F9B98E9,normalizacion_paginada_v2_1_guiones_lexico_20260811,B75821DCA7E73A9A59289274E77E823F84436591E15C224011B0ECD7D1694ABC,PASS,29,0,1.0,PASS,PASS,PASS,0.008460
"C:\Users\USUARIO\Documents\Downloads\BASE DE DATOS 1974-2018 PDFs. WSS\1989\1989-01-29 La cuarta generacion (WSS) Cayey, Puerto Rico (MOVIL).pdf",67d69eb8-2f3b-4e23-a817-d320d71720a4,e20a4b44-2c39-47b3-b53e-217d8c72f3d1,1989-01-29,La cuarta Generacion.,16,APROBADO,2F2158E7C405ACC9B54ABCAC0E0FD551A1D8C712CCA27A17BACD106C33FA988B,normalizacion_paginada_v2_1_guiones_lexico_20260811,B75821DCA7E73A9A59289274E77E823F84436591E15C224011B0ECD7D1694ABC,PASS,16,0,1.0,PASS,PASS,PASS,0.003629
"C:\Users\USUARIO\Documents\Downloads\BASE DE DATOS 1974-2018 PDFs. WSS\1989\1989-02-05 Los Primogenitos (WSS) Cayey, Puerto Rico (movil).pdf",a8e2868e-f6cb-4442-b813-e3c09ee0507e,adbb9b3d-a356-403d-a96e-04e702f0d30c,1989-02-05,Los Primogenitos.,12,APROBADO,084B583BD750F364B15DDD1FAF74A04E45A0CDF482F1804C3E0138D23556720D,normalizacion_paginada_v2_1_guiones_lexico_20260811,B75821DCA7E73A9A59289274E77E823F84436591E15C224011B0ECD7D1694ABC,PASS,12,0,1.0,PASS,PASS,PASS,0.003382
"C:\Users\USUARIO\Documents\Downloads\BASE DE DATOS 1974-2018 PDFs. WSS\1989\1989-04-02 El Tiempo de conocer la Visitacion Divina (WSS) Cayey, Puerto Rico (movil).pdf",6933277d-7cfe-4c86-b7df-834ea9428c07,dc6a9294-e54d-42e0-bd9f-33c7849b7ab8,1989-04-02,El Tiempo de conocer la Visitacion Divina.,11,APROBADO,8A3899E278587C886FC5B007EA6AF908CD3F5A196015191716D852E4A1348694,normalizacion_paginada_v2_1_guiones_lexico_20260811,B75821DCA7E73A9A59289274E77E823F84436591E15C224011B0ECD7D1694ABC,PASS,11,0,1.0,PASS,PASS,PASS,0.011156
"C:\Users\USUARIO\Documents\Downloads\BASE DE DATOS 1974-2018 PDFs. WSS\1989\1989-04-20 La Palabra de Dios bien trazada (WSS) Bogotá, Colombia (movil).pdf",c6219b7a-1ddc-4a02-9d8e-c280831f2895,f0934be5-ce4e-4d61-b739-4b1b63e43eb9,1989-04-20,La Palabra de Dios bien trazada.,17,APROBADO,210DCE8731DE604CE63FC53328A114415FC3AB884DFEBFE2383A1BF80A2016EC,normalizacion_paginada_v2_1_guiones_lexico_20260811,B75821DCA7E73A9A59289274E77E823F84436591E15C224011B0ECD7D1694ABC,PASS,14,0,1.0,PASS,PASS,PASS,0.012165
"C:\Users\USUARIO\Documents\Downloads\BASE DE DATOS 1974-2018 PDFs. WSS\1989\1989-06-22 Jesucristo Revelado como el Leon de la Tribu de Juda  (WSS) Franca, Brasil (movil).PDF",b880bbce-eb1b-4d8b-879e-79da2413480d,d227abbc-1ef5-453f-88d5-d37d37375907,1989-06-22,Jesucristo Revelado como el Leon de la Tribu de Juda. sencillo,11,APROBADO,06E129D40ED57BD39417909F4C80EFD364921BFDD92B449924DD21A9B1694D0E,normalizacion_paginada_v2_1_guiones_lexico_20260811,B75821DCA7E73A9A59289274E77E823F84436591E15C224011B0ECD7D1694ABC,PASS,11,0,1.0,PASS,PASS,PASS,0.009909
"C:\Users\USUARIO\Documents\Downloads\BASE DE DATOS 1974-2018 PDFs. WSS\1989\1989-07-13 El mayordomo fiel y prudente (WSS) Bogotá, Colombia (movil).pdf",2f31d50c-0b4a-4ce0-a921-b2f25075d404,405a59ac-748b-4e51-9d5d-08c86c55d95f,1989-07-13,El mayordomo fiel y prudente,20,APROBADO,F6D7FD646D67146834B5AE6B6F2B50C652EE4A5E9B7B2B3DA4BB1405713E9027,normalizacion_paginada_v2_1_guiones_lexico_20260811,B75821DCA7E73A9A59289274E77E823F84436591E15C224011B0ECD7D1694ABC,PASS,16,0,1.0,PASS,PASS,PASS,0.012355
C:\Users\USUARIO\Documents\Downloads\BASE DE DATOS 1974-2018 PDFs. WSS\1989\1989-08-01 Nuestro Propósito Divino AClaib-cel.pdf,a7c68b20-9af9-4b74-b794-1164f8a5b7c9,2bd7fdf9-a9be-4e17-8531-f6b895dbed38,1989-08-01,Nuestro Proposito Divino.,16,APROBADO,7C7155CBB25D70CFA6BD6FC3C3B443714E2960CFF0CD7C0626BD111D72DBB196,normalizacion_paginada_v2_1_guiones_lexico_20260811,B75821DCA7E73A9A59289274E77E823F84436591E15C224011B0ECD7D1694ABC,PASS,13,0,1.0,PASS,PASS,PASS,0.017356
C:\Users\USUARIO\Documents\Downloads\BASE DE DATOS 1974-2018 PDFs. WSS\1989\1989-08-04 La Misericordia de Dios por ultima vez (MOVIL).pdf,2316518e-6cb4-41de-8c4a-d0f3ac228fea,f9522e08-a0e5-4b7d-9ff6-24eb641c1630,1989-08-04,La Misericordia de Dios por ultima vez.,10,APROBADO,2ECB2ECC6E5250C13DEE41EC9EDD92D06199ECB67FDE560DE8EC1C4FA1A5AD5D,normalizacion_paginada_v2_1_guiones_lexico_20260811,B75821DCA7E73A9A59289274E77E823F84436591E15C224011B0ECD7D1694ABC,PASS,7,0,1.0,PASS,PASS,PASS,0.016756
"C:\Users\USUARIO\Documents\Downloads\BASE DE DATOS 1974-2018 PDFs. WSS\1989\1989-08-06 La obra del Séptimo Sello (WSS) Bogotá, Colombia (movil).pdf",a5ab10f5-ed99-4726-a5ef-4dba4aa903e8,91a66fc2-7443-411c-b27c-1eff3261e079,1989-08-06,La obra del Séptimo Sello,37,APROBADO,BECEF1C4F09AC2579D3E8DB23A45B0E12228D9147C66ACA56CC29A6AE1DAF001,normalizacion_paginada_v2_1_guiones_lexico_20260811,B75821DCA7E73A9A59289274E77E823F84436591E15C224011B0ECD7D1694ABC,PASS,34,0,1.0,PASS,PASS,PASS,0.015426
"C:\Users\USUARIO\Documents\Downloads\BASE DE DATOS 1974-2018 PDFs. WSS\1989\1989-08-13 La Trayectoria y Obra de la Columna de Fuego (WSS) Cayey, Puerto Rico (movil) AClaib.pdf",f785aa7a-52ee-4477-96b4-d67d40a030a8,ffead32b-5f9f-4604-acea-ac3f60d61e0b,1989-08-13,La Trayectoria y Obra de la Columna de Fuego book,28,APROBADO,296DF8905CB35167BA736499FCB2700E65875F352F37269D0C4DEA543FC9ECA8,normalizacion_paginada_v2_1_guiones_lexico_20260811,B75821DCA7E73A9A59289274E77E823F84436591E15C224011B0ECD7D1694ABC,PASS,25,0,1.0,PASS,PASS,PASS,0.007709
"C:\Users\USUARIO\Documents\Downloads\BASE DE DATOS 1974-2018 PDFs. WSS\1989\1989-12-17 El gran misterio del Reino de los Cielos hoy (WSS) Cayey, Puerto Rico (movil).pdf",ee4d7892-a5c4-42dc-8c4f-2b449eb9dd90,80229ecf-05b0-406a-9ecc-9bbc4d34028b,1989-12-17,El Gran misterio del Reino de los Cielos hoy.,35,APROBADO,999C146DF06390E017B201AA1F5E15F1FDE9FCE229101BE1D7AEF038285AA994,normalizacion_paginada_v2_1_guiones_lexico_20260811,B75821DCA7E73A9A59289274E77E823F84436591E15C224011B0ECD7D1694ABC,PASS,32,0,1.0,PASS,PASS,PASS,0.009913
"C:\Users\USUARIO\Documents\Downloads\BASE DE DATOS 1974-2018 PDFs. WSS\1990\1990-01-14 El linaje de Abraham (WSS) Cayey, Puerto Rico (movil).pdf",6698cd8b-1916-4d31-8033-e3fbff6153d2,c60bf773-6d78-448e-b8f1-2556e9d2cf87,1990-01-14,El linaje de Abraham,9,APROBADO,E03A436CF98888B3E0EAA2159A6443AE444CC93E6594FF8F0891821FFB75281F,normalizacion_paginada_v2_1_guiones_lexico_20260811,B75821DCA7E73A9A59289274E77E823F84436591E15C224011B0ECD7D1694ABC,PASS,6,0,1.0,PASS,PASS,PASS,0.015277
"C:\Users\USUARIO\Documents\Downloads\BASE DE DATOS 1974-2018 PDFs. WSS\1990\1990-01-21 La consolacion de sion (WSS) Cayey, Puerto Rico (movil).pdf",dfa17941-6680-443f-83ce-52aa1901660d,d6caa207-3f51-4c4e-960d-44528e76ca9a,1990-01-21,La Consolacion de Sion.,30,APROBADO,FE338FAA539F6C9A66B4BD3DAF266B89B0C88583F4A773984D314A8F294CF903,normalizacion_paginada_v2_1_guiones_lexico_20260811,B75821DCA7E73A9A59289274E77E823F84436591E15C224011B0ECD7D1694ABC,PASS,27,0,1.0,PASS,PASS,PASS,0.007998
"C:\Users\USUARIO\Documents\Downloads\BASE DE DATOS 1974-2018 PDFs. WSS\1990\1990-02-14 El Mensaje de Bendicion del Primogenito (WSS) Bogotá, Colombia (movil).pdf",dbb76ec6-6cfe-45c8-8e93-d7ebeadced2d,5361de79-1df4-43e6-9c52-671071eda057,1990-02-14,El Mensaje de Bendición del Primogénito.,29,APROBADO,16DDE5DB3947754C8B22F7270F9FDE3259BCC06C01228A8771B409A1ABA66151,normalizacion_paginada_v2_1_guiones_lexico_20260811,B75821DCA7E73A9A59289274E77E823F84436591E15C224011B0ECD7D1694ABC,PASS,25,0,1.0,PASS,PASS,PASS,0.019711
"C:\Users\USUARIO\Documents\Downloads\BASE DE DATOS 1974-2018 PDFs. WSS\1990\1990-02-18 La restauración de los hijos de Dios (WSS) Cartagena, Colombia (movil).pdf",a9a7e581-364f-4284-81f7-7be9ecde32f3,a99ea1fd-7e00-461b-ad5f-e6e4b58df6b3,1990-02-18,La restauración de los hijos de Dios,20,APROBADO,6965E225C1089E9FEE127C8BFFB55B8B991C37F9B7D239668063AD54D6F8252F,normalizacion_paginada_v2_1_guiones_lexico_20260811,B75821DCA7E73A9A59289274E77E823F84436591E15C224011B0ECD7D1694ABC,PASS,16,0,1.0,PASS,PASS,PASS,0.011594
"C:\Users\USUARIO\Documents\Downloads\BASE DE DATOS 1974-2018 PDFs. WSS\1990\1990-03-01 La tercera dispensación (WSS) La hormiga, Colombia (movil).pdf",53dcf362-3bdf-45a8-9717-2d29bb1988e7,b7a7b4bd-f527-40e6-851a-4e844ceb0a34,1990-03-01,La tercera dispensacion,32,APROBADO,A965001A2DF3873639EE8F81923CB9BCC72F7CEA4215EAC7E89DF03C33DDCBF1,normalizacion_paginada_v2_1_guiones_lexico_20260811,B75821DCA7E73A9A59289274E77E823F84436591E15C224011B0ECD7D1694ABC,PASS,29,0,1.0,PASS,PASS,PASS,0.015214
"C:\Users\USUARIO\Documents\Downloads\BASE DE DATOS 1974-2018 PDFs. WSS\1990\1990-04-27 El Cordero de Dios en el Día de Pentecostés (WSS) Minatitlán, México (movil).pdf",39a2c780-0eef-4e7c-a79f-9c943993a94f,728d26f1-15d1-411c-a221-e203a6339842,1990-04-27,El Cordero de Dios en el día de Pentecostes.,12,APROBADO,FE3D71E1F828ACE633AD10AEDAAD49BFAB2243311FD6E784A8E39DDB62D16F32,normalizacion_paginada_v2_1_guiones_lexico_20260811,B75821DCA7E73A9A59289274E77E823F84436591E15C224011B0ECD7D1694ABC,PASS,8,0,1.0,PASS,PASS,PASS,0.002540
C:\Users\USUARIO\Documents\Downloads\BASE DE DATOS 1974-2018 PDFs. WSS\1990\1990-05-01 Palabras de Saludo reunión de Jóvenes (WSS) México (movil).pdf,f59cb49d-bc37-4633-acc5-6c5fadd0eb0f,c0f378af-761b-4ca8-b944-907eb9404128,1990-05-01,Palabras de Saludo reunion de Jovenes. sencillo,10,APROBADO,9FD85888FC4F2097419C9E6D77B45EEE67F0D9FEAD8637AA318F322633FE6F02,normalizacion_paginada_v2_1_guiones_lexico_20260811,B75821DCA7E73A9A59289274E77E823F84436591E15C224011B0ECD7D1694ABC,PASS,9,0,1.0,PASS,PASS,PASS,0.002084
"C:\Users\USUARIO\Documents\Downloads\BASE DE DATOS 1974-2018 PDFs. WSS\1990\1990-05-27 Expresando el Pensamiento Divino (WSS) Cayey, Puerto Rico (movil).pdf",9b680196-c561-49c8-9ead-d8b9da0a6267,991e3aef-ac24-4adf-a12e-551d9d030f71,1990-05-27,Expresando el Pensamiento Divino.,31,APROBADO,C2222A819A9BA073CB72AEF94971E976E571C219D5BAC6830DD74DFFB213D757,normalizacion_paginada_v2_1_guiones_lexico_20260811,B75821DCA7E73A9A59289274E77E823F84436591E15C224011B0ECD7D1694ABC,PASS,22,0,1.0,PASS,PASS,PASS,0.006100
"C:\Users\USUARIO\Documents\Downloads\BASE DE DATOS 1974-2018 PDFs. WSS\1990\1990-06-03 Nacidos para vida eterna (WSS) Cayey, Puerto R⁪ico (movil).pdf",0b2a2f1d-1e1e-433a-9bf7-d45e1da039be,b33122d0-da96-45dc-bc15-ef19f5f2e27b,1990-06-03,Nacidos para vida eterna,40,APROBADO,1DD085388FDCFB7CCC0B6A56B5D10B3E045CB9761D35F6C264377F1651ED6072,normalizacion_paginada_v2_1_guiones_lexico_20260811,B75821DCA7E73A9A59289274E77E823F84436591E15C224011B0ECD7D1694ABC,PASS,34,0,1.0,PASS,PASS,PASS,0.010018
C:\Users\USUARIO\Documents\Downloads\BASE DE DATOS 1974-2018 PDFs. WSS\1990\1990-09-30 El despertamiento en la america latina (MOVIL).pdf,40ee4631-8039-49bb-9bbb-ac131d1369df,e59ffebe-4c3d-4e8e-8d42-727fdd53e1dc,1990-09-30,El Despertamiento en la America Latina. sencillo,30,APROBADO,BF21A8277C1056CE0F4E1E127E36DA42405E7D3454AAEBE2B11A318671776362,normalizacion_paginada_v2_1_guiones_lexico_20260811,B75821DCA7E73A9A59289274E77E823F84436591E15C224011B0ECD7D1694ABC,PASS,27,0,1.0,PASS,PASS,PASS,0.007040
C:\Users\USUARIO\Documents\Downloads\BASE DE DATOS 1974-2018 PDFs. WSS\1990\1990-10-08 Una obra sobrenatural bajo condiciones naturales (MOVIL).pdf,dd0f935d-b593-4668-aa0b-356e79da9e30,6db8fa17-7dab-4faf-8521-25c8d5abd1c9,1990-10-08,Una Obra Sobrenatural bajo condiciones naturales. sencillo,17,APROBADO,65E186C0FE7522B82595144F5F259B040EC252E4020A4A45ED7DF24789CC6EFA,normalizacion_paginada_v2_1_guiones_lexico_20260811,B75821DCA7E73A9A59289274E77E823F84436591E15C224011B0ECD7D1694ABC,PASS,14,0,1.0,PASS,PASS,PASS,0.008525
"C:\Users\USUARIO\Documents\Downloads\BASE DE DATOS 1974-2018 PDFs. WSS\1990\1990-11-18 El Testimonio de Jesus (WSS) Santiago de Chile, Chile (movil).pdf",c40f2bdf-d081-44fc-b4d9-9a2b0d42e494,cff1ae6e-fb20-4e48-ad6e-55be8e8ee8a2,1990-11-18,El testimonio de Jesus.,9,APROBADO,6AC09FC0CF943450370835CD6DB2B1839BC87F8B5F88D9C700A5A6487222CCC3,normalizacion_paginada_v2_1_guiones_lexico_20260811,B75821DCA7E73A9A59289274E77E823F84436591E15C224011B0ECD7D1694ABC,PASS,7,0,1.0,PASS,PASS,PASS,0.009181
"C:\Users\USUARIO\Documents\Downloads\BASE DE DATOS 1974-2018 PDFs. WSS\1990\1990-12-23 El dia de la manifestacion del hijo del hombre (WSS) Ciudad de México, México (movil).pdf",accc1d57-bbf6-413a-8934-84277022b2e0,9827c0e1-4266-443c-8b76-4ae1d035f5d7,1990-12-23,El dia de la manifestacion del Hijo Del Hombre.,42,APROBADO,3655A38C545D7E4F9E3CB2EEF3AA7A5D82067A76DD9DFAD9718201BFC401B3B3,normalizacion_paginada_v2_1_guiones_lexico_20260811,B75821DCA7E73A9A59289274E77E823F84436591E15C224011B0ECD7D1694ABC,PASS,39,0,1.0,PASS,PASS,PASS,0.008563
"C:\Users\USUARIO\Documents\Downloads\BASE DE DATOS 1974-2018 PDFs. WSS\1991\1991-01-06 El Liderato de Cristo (WSS) Cayey, Puerto Rico (movil).pdf",c86cec9f-5dab-424c-9699-3375c04c496e,501e39e7-7d1d-48ce-8dd0-e25ab828af7d,1991-01-06,El Liderato de Cristo.,30,APROBADO,3334D021907782804047D6450C782F6A36101E8BD72023BD57E11545E483918E,normalizacion_paginada_v2_1_guiones_lexico_20260811,B75821DCA7E73A9A59289274E77E823F84436591E15C224011B0ECD7D1694ABC,PASS,27,0,1.0,PASS,PASS,PASS,0.002035
"C:\Users\USUARIO\Documents\Downloads\BASE DE DATOS 1974-2018 PDFs. WSS\1991\1991-02-03 El Angel de Jesus en Latinoamerica (WSS) Ciudad de Mexico, Mexico (movil).pdf",05128939-e48f-4010-9c9e-f0d273af909d,90e9b299-6bee-4c1c-85c4-dfe37261eaf2,1991-02-03,El Angel de Jesus en Latinoamerica,53,APROBADO,AF9783AC632F260ADD42E2504FAABB3AF2EB658A9BB4A915C2A1D715EBCF6972,normalizacion_paginada_v2_1_guiones_lexico_20260811,B75821DCA7E73A9A59289274E77E823F84436591E15C224011B0ECD7D1694ABC,PASS,49,0,1.0,PASS,PASS,PASS,0.005500
"C:\Users\USUARIO\Documents\Downloads\BASE DE DATOS 1974-2018 PDFs. WSS\1991\1991-04-21 El Aposento Alto (WSS) Cayey, Puerto Rico (movil).pdf",bf69105f-c2f0-49d6-aa42-074a7101f4ad,911da5d3-81a0-48a2-aace-31102621c6e9,1991-04-21,El Aposento Alto.,20,APROBADO,333C492AB55241A890888A6816E5F40BA6B1D77D0C4975863E068F6F30F2F74F,normalizacion_paginada_v2_1_guiones_lexico_20260811,B75821DCA7E73A9A59289274E77E823F84436591E15C224011B0ECD7D1694ABC,PASS,17,0,1.0,PASS,PASS,PASS,0.013220
"C:\Users\USUARIO\Documents\Downloads\BASE DE DATOS 1974-2018 PDFs. WSS\1991\1991-04-28 La apertura del Septimo Sello (WSS) Cayey, Puerto Rico (movil).pdf",3a6788fc-842e-4652-9cdf-2dc6c81b19a8,1c4c4a82-217b-4b08-8fa1-022ec3c27a9f,1991-04-28,La Apertura del Septimo Sello,24,APROBADO,128B850A3F644F1A4E0CD85123FEAE5B25CC1A11D807E1BA6B5BD7A9D16089FD,normalizacion_paginada_v2_1_guiones_lexico_20260811,B75821DCA7E73A9A59289274E77E823F84436591E15C224011B0ECD7D1694ABC,PASS,18,0,1.0,PASS,PASS,PASS,0.009303
C:\Users\USUARIO\Documents\Downloads\BASE DE DATOS 1974-2018 PDFs. WSS\1991\1991-05-27 Hijos de Prosperidad  (WSS) Guatemala (movil).pdf,e31a179e-6332-4027-b8cd-42637b539011,371165cd-f94b-471a-9e2a-62c24199e55b,1991-05-27,Hijos de Prosperidad.,12,APROBADO,33F71684064916534342E289CA4A080928AC08813ACB863CFC9CA90774CA7363,normalizacion_paginada_v2_1_guiones_lexico_20260811,B75821DCA7E73A9A59289274E77E823F84436591E15C224011B0ECD7D1694ABC,PASS,8,0,1.0,PASS,PASS,PASS,0.001506
"C:\Users\USUARIO\Documents\Downloads\BASE DE DATOS 1974-2018 PDFs. WSS\1991\1991-09-08 El Angel Registrador (WSS) Lima, Perú (movil).pdf",17420bde-6b58-4547-962a-3bc879482da9,261616ad-28ff-480a-9d47-dfefd3b00ca3,1991-09-08,El Angel Registrador.,20,APROBADO,A0D0C0522DB4C5F28CCCF02D9EBB7864D28C246283658FF697071A49041D3791,normalizacion_paginada_v2_1_guiones_lexico_20260811,B75821DCA7E73A9A59289274E77E823F84436591E15C224011B0ECD7D1694ABC,PASS,12,0,1.0,PASS,PASS,PASS,0.009303
"C:\Users\USUARIO\Documents\Downloads\BASE DE DATOS 1974-2018 PDFs. WSS\1991\1991-10-06 La Obra bajo el Septimo Sello (WSS) Bogotá, Colombia (movil).pdf",bee972eb-2ab4-4a35-a7dc-0c6f3b40a0ca,c2003f36-b4bf-433b-9576-e147ae861025,1991-10-06,La Obra bajo el Septimo Sello.,17,APROBADO,82D70FB201D4548DBECB0EBCEBACAD8F057153194C89CE787AE8DCCC7C1A98F5,normalizacion_paginada_v2_1_guiones_lexico_20260811,B75821DCA7E73A9A59289274E77E823F84436591E15C224011B0ECD7D1694ABC,PASS,9,0,1.0,PASS,PASS,PASS,0.003645
C:\Users\USUARIO\Documents\Downloads\BASE DE DATOS 1974-2018 PDFs. WSS\1991\1991-11-17 Jesús y los cuatro títulos de Hijo (WSS) Guatemala (movil).pdf,1c50ac25-be0d-4e18-b389-aa1debc2ca87,d983da48-30db-4b14-b879-a7b6dad1851b,1991-11-17,Jesus y los cuatro titulos de Hijo. sencillo,16,APROBADO,DCD26AA9E9EA00AC08D07DC626680E6144DDE073CC4134217C2D13FED3F546EB,normalizacion_paginada_v2_1_guiones_lexico_20260811,B75821DCA7E73A9A59289274E77E823F84436591E15C224011B0ECD7D1694ABC,PASS,13,0,1.0,PASS,PASS,PASS,0.009996
"C:\Users\USUARIO\Documents\Downloads\BASE DE DATOS 1974-2018 PDFs. WSS\1991\1991-12-15 Tiempo de acoplamiento (WSS) Bogotá, Colombia (movil).pdf",e30baa5b-c53e-4a54-b65b-3574d39bbef9,4b9ffdce-6928-49f7-9b52-a0d958516ec7,1991-12-15,Tiempo de Acoplamiento.,24,APROBADO,782355EA21E7DCAEFDB0B20A7601D07BA3AC9DF98762E8CF7C17E4F317A6FF65,normalizacion_paginada_v2_1_guiones_lexico_20260811,B75821DCA7E73A9A59289274E77E823F84436591E15C224011B0ECD7D1694ABC,PASS,18,0,1.0,PASS,PASS,PASS,0.011205
"C:\Users\USUARIO\Documents\Downloads\BASE DE DATOS 1974-2018 PDFs. WSS\1991\1991-12-22 La Restauracion de todas las cosas (WSS) Cayey, Puerto Rico (movil).pdf",fa8ca65a-b022-4302-bc8d-e8c8b6d6b4aa,913334e6-1fa0-4a8f-8570-235a5b3521cd,1991-12-22,La Restauracion de todas las cosas.,40,APROBADO,BE69EEA359699DA68687C5A15B68D73E4310D5D0206157009F0486B0025C6715,normalizacion_paginada_v2_1_guiones_lexico_20260811,B75821DCA7E73A9A59289274E77E823F84436591E15C224011B0ECD7D1694ABC,PASS,31,0,1.0,PASS,PASS,PASS,0.012438
"C:\Users\USUARIO\Documents\Downloads\BASE DE DATOS 1974-2018 PDFs. WSS\1991\1991-12-24 Vigilia Sueños y visiones WMB (WSS) Cayey, Puerto Rico (movil).pdf",4d9c4ae3-2898-4a45-acff-922f3486a53c,fd12cff9-2069-4aaf-afa4-fd4c7f2c7b39,1991-12-24,Vigilia Sueños y visiones WMB.,48,APROBADO,D993195FA4CD809FEA2FC9C1B9ABF9968D1BD62E10BC992D5F23537EB90616E7,normalizacion_paginada_v2_1_guiones_lexico_20260811,B75821DCA7E73A9A59289274E77E823F84436591E15C224011B0ECD7D1694ABC,PASS,41,0,1.0,PASS,PASS,PASS,0.016954
"C:\Users\USUARIO\Documents\Downloads\BASE DE DATOS 1974-2018 PDFs. WSS\1992\1992-01-03 El precursor del nuevo mundo (WSS) Cayey, Puerto Rico (movil).pdf",edc7f028-6c6d-485e-8649-8ebe5125c0e4,f48681f7-61a9-4951-9bd5-e74312318c19,1992-01-03,El precursor del nuevo mundo,20,APROBADO,53FB041E905CF0A3359F7CC5DBFB494E83FE34EF7CA12D76CF3B577CDFF2E95A,normalizacion_paginada_v2_1_guiones_lexico_20260811,B75821DCA7E73A9A59289274E77E823F84436591E15C224011B0ECD7D1694ABC,PASS,14,0,1.0,PASS,PASS,PASS,0.007869
"C:\Users\USUARIO\Documents\Downloads\BASE DE DATOS 1974-2018 PDFs. WSS\1992\1992-01-12 Los vencedores del fin del tiempo (WSS) Cayey, Puerto Rico (movil).pdf",701fbed2-d703-433c-a7f6-e663969e62b8,14c3e22b-c94d-4d50-87da-613564bb5571,1992-01-12,Los vencedores del fin del tiempo.,38,APROBADO,33B8264641A924527B9A86C1EF5A8EA7956BCF652820AF7908670CAC5478449F,normalizacion_paginada_v2_1_guiones_lexico_20260811,B75821DCA7E73A9A59289274E77E823F84436591E15C224011B0ECD7D1694ABC,PASS,35,0,1.0,PASS,PASS,PASS,0.011654
"C:\Users\USUARIO\Documents\Downloads\BASE DE DATOS 1974-2018 PDFs. WSS\1992\1992-01-19 La Juventud Latinoamericana y El fin del Siglo (WSS) Bogotá, Colombia (movil).pdf",876019e9-1b02-4df8-a56e-3dfd528de3eb,b6c74b05-a410-44f2-a30d-0baa9adcc7e8,1992-01-19,La Juventud latinoamericana y el fin del Siglo.,22,APROBADO,CC150AF4F9DA93BA408EEAD2DB06882D7D4C767E6F591E4ABD51F37D31F6007E,normalizacion_paginada_v2_1_guiones_lexico_20260811,B75821DCA7E73A9A59289274E77E823F84436591E15C224011B0ECD7D1694ABC,PASS,18,0,1.0,PASS,PASS,PASS,0.010025
C:\Users\USUARIO\Documents\Downloads\BASE DE DATOS 1974-2018 PDFs. WSS\1992\1992-01-28 El Poder de la Palabra Hablada de Dios (WSS) Chile (MOVIL).PDF,08c1c77d-b153-4af5-b696-bdfcd8814fd5,ee49de96-ee81-4956-a1c1-008ec2f24a14,1992-01-28,El Poder de la Palabra hablada de Dios.,11,APROBADO,7FD1C68FA69664D2F16A9984C332166DCDB5D888F0727CBC0153B255C0D0FCA2,normalizacion_paginada_v2_1_guiones_lexico_20260811,B75821DCA7E73A9A59289274E77E823F84436591E15C224011B0ECD7D1694ABC,PASS,10,0,1.0,PASS,PASS,PASS,0.006248
"C:\Users\USUARIO\Documents\Downloads\BASE DE DATOS 1974-2018 PDFs. WSS\1992\1992-02-28 La visita angelical (WSS) San José de los Campos, Brasil (movil).pdf",516aee89-c956-4d20-a6db-135764d9687f,6080f52c-747b-4a7d-9279-a1d6e042e4c0,1992-02-28,La visita angelical,12,APROBADO,1B380F1C47CD35CE2C8AF56D9B614907B0D0B271DFE0C38342F1437CAF7AB348,normalizacion_paginada_v2_1_guiones_lexico_20260811,B75821DCA7E73A9A59289274E77E823F84436591E15C224011B0ECD7D1694ABC,PASS,9,0,1.0,PASS,PASS,PASS,0.012929
"C:\Users\USUARIO\Documents\Downloads\BASE DE DATOS 1974-2018 PDFs. WSS\1992\1992-03-22 El orden de la Adopción (WSS) Cayey, Puerto Rico (movil).pdf",5560fee6-6304-4340-a5d0-f34a2fdabb46,566fb9ab-e7bc-4dfa-981f-9f243d879985,1992-03-22,El orden de la Adopción,44,APROBADO,9D22E7F0F59D5EAE5022ADC8FF431883B9172C104FA2C153D3A41B3B76E5246A,normalizacion_paginada_v2_1_guiones_lexico_20260811,B75821DCA7E73A9A59289274E77E823F84436591E15C224011B0ECD7D1694ABC,PASS,40,0,1.0,PASS,PASS,PASS,0.014751
"C:\Users\USUARIO\Documents\Downloads\BASE DE DATOS 1974-2018 PDFs. WSS\1992\1992-05-19 Los herederos de las promesas de Dios (WSS) Villahermosa, México (movil).pdf",b7d8b5c4-7899-48af-8139-b6767e583aeb,bdedf1db-3ffc-491f-b499-806075262148,1992-05-19,Los herederos de las promesas de Dios,16,APROBADO,BC28228957A7EB36239C59FD38F4ED87252E69AE7B5E9167908601588EEC9977,normalizacion_paginada_v2_1_guiones_lexico_20260811,B75821DCA7E73A9A59289274E77E823F84436591E15C224011B0ECD7D1694ABC,PASS,10,0,1.0,PASS,PASS,PASS,0.009982
"C:\Users\USUARIO\Documents\Downloads\BASE DE DATOS 1974-2018 PDFs. WSS\1992\1992-06-05 Lo que está escrito cumplimiento tiene (WSS) Villahermosa, México (movil horizontal).pdf",4e5b9268-0291-4cd2-a8e3-af7d48990e86,7241b2b6-09bc-41be-a4c9-b8ae6a562ea2,1992-06-05,Lo que está escrito cumplimiento tiene,12,APROBADO,B88420A749D1A50545F4313559A8CC1E1B5F1143D46FC9CACA81DF38738EFA5A,normalizacion_paginada_v2_1_guiones_lexico_20260811,B75821DCA7E73A9A59289274E77E823F84436591E15C224011B0ECD7D1694ABC,PASS,7,0,1.0,PASS,PASS,PASS,0.012191
"C:\Users\USUARIO\Documents\Downloads\BASE DE DATOS 1974-2018 PDFs. WSS\1992\1992-06-07 La preparacion para la transformacion (WSS) Villahermosa, Mexico (movil).pdf",7da20e83-a25d-4f78-9e9d-767bc689e0a5,64b17425-f645-4b22-a859-12e1ad03a582,1992-06-07,La preparacion para la transformacion. sencillo,12,APROBADO,E7CD2FA6ECD223731B6217CE2FE411E4A35E6E61B7A1C2CE12A0B55A68F85583,normalizacion_paginada_v2_1_guiones_lexico_20260811,B75821DCA7E73A9A59289274E77E823F84436591E15C224011B0ECD7D1694ABC,PASS,9,0,1.0,PASS,PASS,PASS,0.020744
"C:\Users\USUARIO\Documents\Downloads\BASE DE DATOS 1974-2018 PDFs. WSS\1992\1992-06-12 Los Siete Rayos de Luz del Arco iris para Vida Eterna (WSS) Villahermosa, México.pdf",ac79b215-6fc1-478b-9d68-b041e00cbbdc,ffa3faba-8561-4e23-bfaf-28155d76305c,1992-06-12,Los Siete Rayos de Luz del Arco iris para Vida Eterna.,15,APROBADO,1ECD432C2B5BF81CCA494CCFBC31DE17E71BA32DEE498417A6D9C1ABE2A915B1,normalizacion_paginada_v2_1_guiones_lexico_20260811,B75821DCA7E73A9A59289274E77E823F84436591E15C224011B0ECD7D1694ABC,PASS,12,0,1.0,PASS,PASS,PASS,0.011383
"C:\Users\USUARIO\Documents\Downloads\BASE DE DATOS 1974-2018 PDFs. WSS\1992\1992-07-05 El Señor Jesucristo en la Dispensación del Reino (WSS) Cayey, Puerto Rico (movil).pdf",1889c147-46d1-4f6d-a468-49572408b887,2e1e2375-7b40-40f1-9aae-022520db8596,1992-07-05,El Señor Jesucristo en la Dispensación del Reino,20,APROBADO,EF799CE0479177F526937E10281BD8152A003583B0E649C93A41530ADFE16899,normalizacion_paginada_v2_1_guiones_lexico_20260811,B75821DCA7E73A9A59289274E77E823F84436591E15C224011B0ECD7D1694ABC,PASS,16,0,1.0,PASS,PASS,PASS,0.016257
"C:\Users\USUARIO\Documents\Downloads\BASE DE DATOS 1974-2018 PDFs. WSS\1992\1992-08-30 Las cosas que deben suceder (WSS) Cayey, Puerto Rico (movil).pdf",85a3aae6-50f9-49d3-ae03-76ccb1a9b1d6,2f0800df-1778-42bd-9784-c1bf9aeadd27,1992-08-30,Las cosas que deben suceder,40,APROBADO,5010FCB327E28680338920FE68E3861781B1F2389C36D59C589C9A6F06EB3DE6,normalizacion_paginada_v2_1_guiones_lexico_20260811,B75821DCA7E73A9A59289274E77E823F84436591E15C224011B0ECD7D1694ABC,PASS,34,0,1.0,PASS,PASS,PASS,0.009155
"C:\Users\USUARIO\Documents\Downloads\BASE DE DATOS 1974-2018 PDFs. WSS\1992\1992-09-04 El Despertamiento final del pueblo de Dios (WSS) Cayey, Puerto Rico (movil).pdf",305b164b-ee2f-4dd6-bcb7-826fd6247e26,c0a2d677-ed8f-4f8b-a885-d8aac5465947,1992-09-04,El despertamiento final del pueblo de Dios. sencillo,14,APROBADO,622918B98EFF8BCFB0D75730537BB08958F5F551E131F00D8403F36DD1937CD3,normalizacion_paginada_v2_1_guiones_lexico_20260811,B75821DCA7E73A9A59289274E77E823F84436591E15C224011B0ECD7D1694ABC,PASS,11,0,1.0,PASS,PASS,PASS,0.013822
"C:\Users\USUARIO\Documents\Downloads\BASE DE DATOS 1974-2018 PDFs. WSS\1992\1992-09-06 El Señor Jesucristo en un caballo blanco (WSS) Cayey, Puerto Rico (movil).pdf",8d98ce65-015f-4abb-b4e0-5ae0051a1445,d2e35122-6dee-4a4c-b885-72a31372cf5b,1992-09-06,El Señor Jesucristo en un Caballo Blanco.,31,APROBADO,59FC1F814EBDCC03CF7F9144830CF882F28519FDCE3DE17A5E0D61D571E2CC21,normalizacion_paginada_v2_1_guiones_lexico_20260811,B75821DCA7E73A9A59289274E77E823F84436591E15C224011B0ECD7D1694ABC,PASS,28,0,1.0,PASS,PASS,PASS,0.035980
"C:\Users\USUARIO\Documents\Downloads\BASE DE DATOS 1974-2018 PDFs. WSS\1992\1992-09-06 La edad del Amor Divino (WSS) Cayey, Puerto Rico (movil).pdf",53e5b7db-58ee-418c-b9a5-2b7066fe4a9e,08a24130-2179-4135-8c8a-7cd62c43d190,1992-09-06,La edad del Amor Divino,20,APROBADO,8549E63AEEFB1A259B06D28AD6BC5A650DEABDF44592A3152A0C94FA4A1A80BD,normalizacion_paginada_v2_1_guiones_lexico_20260811,B75821DCA7E73A9A59289274E77E823F84436591E15C224011B0ECD7D1694ABC,PASS,14,0,1.0,PASS,PASS,PASS,0.009273
"C:\Users\USUARIO\Documents\Downloads\BASE DE DATOS 1974-2018 PDFs. WSS\1992\1992-09-20 Quien es el hijo del hombre (WSS) Lima, Perú (movil).pdf",23dcaf60-92f5-4025-818b-194ea266fc30,e8d963f8-5e3e-4bfb-96d6-020da703b24c,1992-09-20,Quien es el hijo del hombre,20,APROBADO,33017A4678490B21A042253DD236D22A0677E8AC8399A7594044E8B15B710A12,normalizacion_paginada_v2_1_guiones_lexico_20260811,B75821DCA7E73A9A59289274E77E823F84436591E15C224011B0ECD7D1694ABC,PASS,17,0,1.0,PASS,PASS,PASS,0.014874
"C:\Users\USUARIO\Documents\Downloads\BASE DE DATOS 1974-2018 PDFs. WSS\1992\1992-11-29 El Señor Jesucristo haciendo historia en los cielos y en la tierra (WSS) Cayey, Puerto Rico (movil).pdf",18657e03-0377-4a70-97e5-d7e9a5fb2e30,7c7e4a09-24ed-4a72-b772-813c16c1935f,1992-11-29,El Señor Jesucristo haciendo historia en los cielos y en la tierra.,15,APROBADO,3E875D73D2C1BB8C159E79626DE8AA92C40BE0B3039214F69CE52A3DBADDE777,normalizacion_paginada_v2_1_guiones_lexico_20260811,B75821DCA7E73A9A59289274E77E823F84436591E15C224011B0ECD7D1694ABC,PASS,12,0,1.0,PASS,PASS,PASS,0.009734
"C:\Users\USUARIO\Documents\Downloads\BASE DE DATOS 1974-2018 PDFs. WSS\1992\1992-12-13 El nacimiento de Cristo la Palabra (WSS) Villahermosa, México (movil).pdf",a50c96d3-42bb-4f9d-a1fb-2d3a98cd13a0,9c304c2a-10c3-4b3b-baac-9c2fd35697b8,1992-12-13,El Nacimiento de Cristo la Palabra. sencillo,24,APROBADO,EE8F2280E879CD66667B8368615E2F327B9F340D20D1FBC44D071513BA97A5C9,normalizacion_paginada_v2_1_guiones_lexico_20260811,B75821DCA7E73A9A59289274E77E823F84436591E15C224011B0ECD7D1694ABC,PASS,20,0,1.0,PASS,PASS,PASS,0.017750
"C:\Users\USUARIO\Documents\Downloads\BASE DE DATOS 1974-2018 PDFs. WSS\1992\1992-12-15 Las cosas que fueron (WSS) Villahermosa, Mexico (movil).pdf",22d79f0f-f1da-49ac-8d27-71ec56d921ef,ef824e68-9018-4222-8905-e2ddc6c8b81f,1992-12-15,Las cosas que fueron. sencillo,31,APROBADO,B9C53B5F3B8332C95C39C6614AE06E8A38C0465FC34C92D911C9A1BFD5A48E4A,normalizacion_paginada_v2_1_guiones_lexico_20260811,B75821DCA7E73A9A59289274E77E823F84436591E15C224011B0ECD7D1694ABC,PASS,28,0,1.0,PASS,PASS,PASS,0.007193
"C:\Users\USUARIO\Documents\Downloads\BASE DE DATOS 1974-2018 PDFs. WSS\1992\1992-12-18 Las cosas que serian (WSS) Villahermosa, Mexico (movil).pdf",2b9cc798-8167-4fb9-b2db-ba308193d70e,9ef6a3bc-fb62-4cd2-aea4-ffa784a1ca02,1992-12-18,Las Cosas que Serian.,24,APROBADO,B836AC804D834681A99EE8B34B8CE6B5CF39E40B203973AB774C188C2E6A4800,normalizacion_paginada_v2_1_guiones_lexico_20260811,B75821DCA7E73A9A59289274E77E823F84436591E15C224011B0ECD7D1694ABC,PASS,20,0,1.0,PASS,PASS,PASS,0.011276
"C:\Users\USUARIO\Documents\Downloads\BASE DE DATOS 1974-2018 PDFs. WSS\1993\1993-01-13 Heme aqui para hacer tu voluntad Señor Jesucristo (WSS) Bogota, Colombia (movil).pdf",278c47e2-e7a8-45ab-8b25-03999c30923a,af963efb-a86f-4c1e-9c87-56456b148521,1993-01-13,Heme aqui para hacer tu voluntad señor jesucristo,11,APROBADO,DE44AC137D7EA6791609E6EB950FD27A448BF96F08EC645EBF821C5FA5FF9A6A,normalizacion_paginada_v2_1_guiones_lexico_20260811,B75821DCA7E73A9A59289274E77E823F84436591E15C224011B0ECD7D1694ABC,PASS,8,0,1.0,PASS,PASS,PASS,0.013769
"C:\Users\USUARIO\Documents\Downloads\BASE DE DATOS 1974-2018 PDFs. WSS\1993\1993-04-11 Jesús el Cristo resucitado el día octavo (WSS) Cayey, Puerto Rico (movil).pdf",039767ce-1267-4dc7-aeaa-b13283a9708e,84f9c449-6af4-413c-8e45-af875a5f5b7d,1993-04-11,Jesús el Cristo resucitado el día octavo,16,APROBADO,E4E9C92CC074D79207E0E90092B9D7BC3A12877C217C58AC77A57C040B997EC3,normalizacion_paginada_v2_1_guiones_lexico_20260811,B75821DCA7E73A9A59289274E77E823F84436591E15C224011B0ECD7D1694ABC,PASS,13,0,1.0,PASS,PASS,PASS,0.019443
"C:\Users\USUARIO\Documents\Downloads\BASE DE DATOS 1974-2018 PDFs. WSS\1993\1993-07-05 El misterio del Dios de Jacob revelado (WSS) Bogotá, Colombia (movil).pdf",7ec8f750-649d-43f8-89c7-a20324dbd122,82e54ea0-f2d4-40da-8b9e-a8edc09c9554,1993-07-05,El misterio del Dios de Jacob revelado,16,APROBADO,81B2A510AC08414EB0CA3AE203021D1525FF8A04B80370DFB5402534AFE30C45,normalizacion_paginada_v2_1_guiones_lexico_20260811,B75821DCA7E73A9A59289274E77E823F84436591E15C224011B0ECD7D1694ABC,PASS,10,0,1.0,PASS,PASS,PASS,0.014174
"C:\Users\USUARIO\Documents\Downloads\BASE DE DATOS 1974-2018 PDFs. WSS\1993\1993-07-11 La enseñanza del Verdadero Maestro (WSS) Bogotá, Colombia (movil) AClaib.pdf",da6fc2a6-779a-48f3-b5fc-5c24dd58e605,d015888d-a476-49f2-bf4a-d162a3785f32,1993-07-11,La enseñanza del Verdadero Maestro. sencillo,40,APROBADO,C08F4E768D06AC47172711E506841EEE916A6AF5C93D6CD6596C8C897B5FF002,normalizacion_paginada_v2_1_guiones_lexico_20260811,B75821DCA7E73A9A59289274E77E823F84436591E15C224011B0ECD7D1694ABC,PASS,36,0,1.0,PASS,PASS,PASS,0.005477
"C:\Users\USUARIO\Documents\Downloads\BASE DE DATOS 1974-2018 PDFs. WSS\1993\1993-08-29 La presencia de Dios en su Templo (WSS) Monterrey, México (movil).pdf",5755e596-7149-4f33-ac72-34a0645db257,7d417275-ac65-4c13-8f65-25cb2e78e829,1993-08-29,La presencia de Dios en su Templo,15,APROBADO,30500134DE2225C1682AECD95A2415C2CD241041D7024A1F166E47749FE2BEE6,normalizacion_paginada_v2_1_guiones_lexico_20260811,B75821DCA7E73A9A59289274E77E823F84436591E15C224011B0ECD7D1694ABC,PASS,12,0,1.0,PASS,PASS,PASS,0.012554
"C:\Users\USUARIO\Documents\Downloads\BASE DE DATOS 1974-2018 PDFs. WSS\1993\1993-09-03 El Señor Jesucristo revelándose como el león de la tribu de Juda (WSS) Ciudad de Mexico, México (movil).pdf",43f2a718-8292-4627-be55-7b5307c0521e,aea7da9e-73db-4046-ae71-fa64cac46f31,1993-09-03,El Señor Jesucristo revelándose como el león de la tribu de Juda,24,APROBADO,C2437E48DC6732887FA40F4083074C363ED4E0F1F54A511A9DDAC6E2B6D5EACC,normalizacion_paginada_v2_1_guiones_lexico_20260811,B75821DCA7E73A9A59289274E77E823F84436591E15C224011B0ECD7D1694ABC,PASS,19,0,1.0,PASS,PASS,PASS,0.020613
"C:\Users\USUARIO\Documents\Downloads\BASE DE DATOS 1974-2018 PDFs. WSS\1993\1993-09-06 El Señor Jesucristo Revelado en la cuarta vigilia (WSS) Orizaba, México (movil).pdf",db8d01b1-9ace-489d-8b26-14d6e0e7d638,143121e8-d6d9-45d6-b6cc-5997aa228465,1993-09-06,El Señor Jesucristo Revelado en la cuarta vigilia.,21,APROBADO,EA889963A2431A13409CD2640AF6A6AAA75B4510B4D77C726AA28E629E1C7477,normalizacion_paginada_v2_1_guiones_lexico_20260811,B75821DCA7E73A9A59289274E77E823F84436591E15C224011B0ECD7D1694ABC,PASS,18,0,1.0,PASS,PASS,PASS,0.005388
"C:\Users\USUARIO\Documents\Downloads\BASE DE DATOS 1974-2018 PDFs. WSS\1993\1993-09-15 El Ángel del pacto manifestado (WSS) Tizayuca, México (movil).pdf",192e5363-bebd-4239-9c74-8d8ac4b03fbc,643a43a8-b03f-439f-9380-e9857f777614,1993-09-15,El Ángel del pacto manifestado,28,APROBADO,C072795AD29D380ACEBC2978E12AE3777E6013D222EC9F7BF86230501258EC4D,normalizacion_paginada_v2_1_guiones_lexico_20260811,B75821DCA7E73A9A59289274E77E823F84436591E15C224011B0ECD7D1694ABC,PASS,22,0,1.0,PASS,PASS,PASS,0.027191
"C:\Users\USUARIO\Documents\Downloads\BASE DE DATOS 1974-2018 PDFs. WSS\1993\1993-09-16 El Vencedor (WSS) Ciudad de México, México (movil).pdf",b1fb2985-bcbd-4108-8677-27f92040323d,01d329de-d086-422a-a3c2-c1d07cf87491,1993-09-16,El Vencedor,20,APROBADO,F6F6D0CEF4CE8DAEB8A0F65EDF80D870530FD48865181A10703122C4D6C94984,normalizacion_paginada_v2_1_guiones_lexico_20260811,B75821DCA7E73A9A59289274E77E823F84436591E15C224011B0ECD7D1694ABC,PASS,17,0,1.0,PASS,PASS,PASS,0.010417
"C:\Users\USUARIO\Documents\Downloads\BASE DE DATOS 1974-2018 PDFs. WSS\1993\1993-10-03 El que quedo hasta la venida del Señor (WSS) Cayey, Puerto Rico (movil).pdf",94786449-3344-4eb4-9489-fe6f7a78051e,bac39303-d1b3-4af0-87d4-ff25635d713f,1993-10-03,El que quedo hasta la Venida del Señor.,31,APROBADO,60B5357DAE376893E5A01E4DD8B42E9F618150546D3E2E7BA31F8324DDF58CD1,normalizacion_paginada_v2_1_guiones_lexico_20260811,B75821DCA7E73A9A59289274E77E823F84436591E15C224011B0ECD7D1694ABC,PASS,28,0,1.0,PASS,PASS,PASS,0.029519
"C:\Users\USUARIO\Documents\Downloads\BASE DE DATOS 1974-2018 PDFs. WSS\1993\1993-10-10 El Hijo de la Promesa (WSS) Bogotá, Colombia (movil).pdf",a82635c1-1209-446d-9c82-86a432a2aa4a,b679f4aa-00ca-4269-b6b3-d9eccd0bbc0a,1993-10-10,El Hijo de la promesa.,45,APROBADO,907D006CFFB763A55A7D6D3D5F2BC3CF42CDD9507D2D75A26B06D28B8D51F5D6,normalizacion_paginada_v2_1_guiones_lexico_20260811,B75821DCA7E73A9A59289274E77E823F84436591E15C224011B0ECD7D1694ABC,PASS,43,0,1.0,PASS,PASS,PASS,0.012401
"C:\Users\USUARIO\Documents\Downloads\BASE DE DATOS 1974-2018 PDFs. WSS\1993\1993-11-07 El Día Octavo (WSS) Bogotá, Colombia (movil).pdf",798c1795-fd5c-4911-9057-d750196607fd,68418423-336b-4281-8a84-fd55e7cb0441,1993-11-07,El dia Octavo.,23,APROBADO,3A9583BB49A09EB0BCFCE4E67A24E6182662CDA463FFC0655A7CE86656E2285E,normalizacion_paginada_v2_1_guiones_lexico_20260811,B75821DCA7E73A9A59289274E77E823F84436591E15C224011B0ECD7D1694ABC,PASS,20,0,1.0,PASS,PASS,PASS,0.013624
"C:\Users\USUARIO\Documents\Downloads\BASE DE DATOS 1974-2018 PDFs. WSS\1994\1994-01-16 Guiados por el Espiritu Santo (WSS) Cayey, Puerto Rico (movil).PDF",dcf27c4f-b9fa-4646-9b59-07ee2eec50e4,8afb0040-5407-4c15-ba46-f190d5640049,1994-01-16,Guiados por el Espiritu Santo. sencillo,15,APROBADO,9977B0CD577EAD12F497AFA649DD951EA512F6B01D39D7C2C1A47461D3804AAA,normalizacion_paginada_v2_1_guiones_lexico_20260811,B75821DCA7E73A9A59289274E77E823F84436591E15C224011B0ECD7D1694ABC,PASS,13,0,1.0,PASS,PASS,PASS,0.006988
"C:\Users\USUARIO\Documents\Downloads\BASE DE DATOS 1974-2018 PDFs. WSS\1994\1994-02-25 Saludo a las parejas (WSS) Talcahuano, Chile (movil).pdf",c27b57df-a7e4-44f6-bc12-b93fda73c7c7,ab72e2fe-e9b1-497d-a046-c1887e2058d0,1994-02-25,Saludo a las Parejas.,11,APROBADO,50B0F7FC58A1248CF958F58A3750C834FBD70C3D7DAEFD1079E02CD01F8DB965,normalizacion_paginada_v2_1_guiones_lexico_20260811,B75821DCA7E73A9A59289274E77E823F84436591E15C224011B0ECD7D1694ABC,PASS,6,0,1.0,PASS,PASS,PASS,0.000658
"C:\Users\USUARIO\Documents\Downloads\BASE DE DATOS 1974-2018 PDFs. WSS\1994\1994-03-22 Tiempo de regresar (WSS) Franca, Brasil (movil).pdf",8dd21d45-4410-4b7b-8aa0-0d6177a385b0,3bdb5083-e8b9-4aea-a7cc-78a1a2b0d766,1994-03-22,Tiempo de regresar,20,APROBADO,7F2B0F9C1EDA6DA6C31EA6BBD54541BBF2098C10AF0F72534464C4F915F913F5,normalizacion_paginada_v2_1_guiones_lexico_20260811,B75821DCA7E73A9A59289274E77E823F84436591E15C224011B0ECD7D1694ABC,PASS,14,0,1.0,PASS,PASS,PASS,0.024865
"C:\Users\USUARIO\Documents\Downloads\BASE DE DATOS 1974-2018 PDFs. WSS\1994\1994-04-10 El Cristo glorificado en Su Casa (WSS) Cayey, Puerto Rico (movil).pdf",775dee69-b398-4ccf-9c0a-88946a0fc65e,edca0b93-2b31-40bb-9be0-ea2d7d66472f,1994-04-10,El Cristo glorificado en Su Casa,36,APROBADO,243EE1CE739C47ED2EB30D421254BCB9BAD1244439FF5D9786DC9AA2A8D96624,normalizacion_paginada_v2_1_guiones_lexico_20260811,B75821DCA7E73A9A59289274E77E823F84436591E15C224011B0ECD7D1694ABC,PASS,33,0,1.0,PASS,PASS,PASS,0.010332
"C:\Users\USUARIO\Documents\Downloads\BASE DE DATOS 1974-2018 PDFs. WSS\1994\1994-05-01 Una nueva generación (WSS) Cayey, Puerto Rico (movil).pdf",8bfaf297-066a-46d3-9691-7422d4464d44,88ea61fb-fcc5-494c-87fc-18f43ebb3fa4,1994-05-01,Una Nueva Generacion.,37,APROBADO,08FC6ECAEE4E9496B688508287F3104B03BB8E0ED8A703D9382ECD835F650D12,normalizacion_paginada_v2_1_guiones_lexico_20260811,B75821DCA7E73A9A59289274E77E823F84436591E15C224011B0ECD7D1694ABC,PASS,34,0,1.0,PASS,PASS,PASS,0.006663
C:\Users\USUARIO\Documents\Downloads\BASE DE DATOS 1974-2018 PDFs. WSS\1994\1994-08-10 Cuando anochecía (WSS) México (movil).pdf,4eb415df-8429-49da-82f1-b32139f90ad1,6b514f8a-d9e9-4149-846e-679d8f342dc7,1994-08-10,Cuando anochecia.,30,APROBADO,01EEDEE88CDCF756E52ED502D60590411D0034951EA16021C5D5DCD392C49076,normalizacion_paginada_v2_1_guiones_lexico_20260811,B75821DCA7E73A9A59289274E77E823F84436591E15C224011B0ECD7D1694ABC,PASS,26,0,1.0,PASS,PASS,PASS,0.005692
C:\Users\USUARIO\Documents\Downloads\BASE DE DATOS 1974-2018 PDFs. WSS\1994\1994-09-04 3 La simiente de Abraham formando naciones.pdf,0d3ec443-f471-4f3d-84ea-5d84adb5796f,7e34c665-3ae7-45b0-b1a4-5734f3bd0beb,1994-09-04,3 La simiente de Abraham formando naciones. sencillo,11,APROBADO,D0E8B4EB8D7F8DEBAE99E516D97AC80A3E5AFF292ADF61FC99BE764C495725BA,normalizacion_paginada_v2_1_guiones_lexico_20260811,B75821DCA7E73A9A59289274E77E823F84436591E15C224011B0ECD7D1694ABC,PASS,8,0,1.0,PASS,PASS,PASS,0.013614
"C:\Users\USUARIO\Documents\Downloads\BASE DE DATOS 1974-2018 PDFs. WSS\1994\1994-11-05 La Adopción de un Hijo de Dios (WSS) Caacupe, Paraguay (movil).pdf",75b90dbb-13a2-478a-ac32-b6368fe2a716,a74db6f1-81e3-49e0-b8d7-043fd6116a10,1994-11-05,La Adopción de un Hijo de Dios.,18,APROBADO,4E0A5EF1DA2D3435A5A729F1D83092CCA10F8F415E1BC7F2E0FE6F45556C1FBD,normalizacion_paginada_v2_1_guiones_lexico_20260811,B75821DCA7E73A9A59289274E77E823F84436591E15C224011B0ECD7D1694ABC,PASS,15,0,1.0,PASS,PASS,PASS,0.014512
"C:\Users\USUARIO\Documents\Downloads\BASE DE DATOS 1974-2018 PDFs. WSS\1995\1995-01-14 Saludo el tiempo de cosecha (WSS) Villahermosa, México.PDF",cdbea16f-9633-4c35-a156-bf4fdc97e273,8083dfbc-5a3d-4070-b45d-1ef75ffe8a97,1995-01-14,Saludo el tiempo de cosecha. sencillo,6,APROBADO,5738B4370780D839E8764F913AAEB6AE415FC75FD200D9DA83ACC677BC8099A4,normalizacion_paginada_v2_1_guiones_lexico_20260811,B75821DCA7E73A9A59289274E77E823F84436591E15C224011B0ECD7D1694ABC,PASS,4,0,1.0,PASS,PASS,PASS,0.000530
"C:\Users\USUARIO\Documents\Downloads\BASE DE DATOS 1974-2018 PDFs. WSS\1995\1995-01-27 Nuestra mirada en la tierra prometida (WSS) Cayey, Puerto Rico (movil).pdf",68b39006-aa64-4ad7-ae89-cdcb1c6a7699,9d28bbff-0197-4d0b-a191-d5760c3cf29d,1995-01-27,Nuestra mirada en la Tierra Prometida. sencillo,15,APROBADO,065ACFE9716AD6D6F9F1F61F74E93A40D87517FAD90C783C034955F3A4D890C6,normalizacion_paginada_v2_1_guiones_lexico_20260811,B75821DCA7E73A9A59289274E77E823F84436591E15C224011B0ECD7D1694ABC,PASS,12,0,1.0,PASS,PASS,PASS,0.009602
"C:\Users\USUARIO\Documents\Downloads\BASE DE DATOS 1974-2018 PDFs. WSS\1995\1995-04-21 La apertura del Libro de los Siete Sellos (WSS) La Ceiba, Honduras (movil).pdf",719821f8-e8b6-42b6-a811-bf2aa8bb158d,767fc2e2-21e4-4f9c-8fdd-fbce852d5180,1995-04-21,La apertura del Libro de los Siete Sellos,32,APROBADO,597D30901530C761B0B22DB22A2334204EDBE182BEA36EF3B39C1DD6547D9A8B,normalizacion_paginada_v2_1_guiones_lexico_20260811,B75821DCA7E73A9A59289274E77E823F84436591E15C224011B0ECD7D1694ABC,PASS,29,0,1.0,PASS,PASS,PASS,0.025120
"C:\Users\USUARIO\Documents\Downloads\BASE DE DATOS 1974-2018 PDFs. WSS\1995\1995-07-30 Un nuevo pentecostes para la iglesia del Señor Jesucristo (WSS) Cartagena, Colombia (movil).pdf",2a761f03-551f-4237-9102-2aeaa5e4e1a8,75aa801a-58c5-4157-9d3d-dad0d13fb7d3,1995-07-30,Un nuevo pentecostes para la Iglesia del Señor Jesucristo.,21,APROBADO,288EB999196E3F443FA3E2EEA027B1DF03155A2A3538725FB765E42185BF1884,normalizacion_paginada_v2_1_guiones_lexico_20260811,B75821DCA7E73A9A59289274E77E823F84436591E15C224011B0ECD7D1694ABC,PASS,18,0,1.0,PASS,PASS,PASS,0.033914
"C:\Users\USUARIO\Documents\Downloads\BASE DE DATOS 1974-2018 PDFs. WSS\1995\1995-09-24 El Septimo Sello y el dia del Señor (WSS) Bogotá, Colombia.PDF",3b501c0c-c096-43fc-a3d4-67d4c4bfbc2a,03953d00-261c-4d94-8fd4-7014ac1f10b8,1995-09-24,El Septimo Sello y el dia del Señor. sencillo,26,APROBADO,EABA64D0381BDA7B1BE96E05E1F6EB5B939FB5F06986984726FDDA4C4A286E48,normalizacion_paginada_v2_1_guiones_lexico_20260811,B75821DCA7E73A9A59289274E77E823F84436591E15C224011B0ECD7D1694ABC,PASS,24,0,1.0,PASS,PASS,PASS,0.013051
"C:\Users\USUARIO\Documents\Downloads\BASE DE DATOS 1974-2018 PDFs. WSS\1996\1996-01-26 La Palabra viviente del día postrero (WSS) Cayey, Puerto Rico (movil).PDF",f55fcca0-1602-4803-90eb-1a22c620ab3d,25acccf2-beda-4ac2-a077-2ebebf986c6b,1996-01-26,La Palabra viviente del día postrero,15,APROBADO,9D0DD627004F1A7D79AD11330EB5997E7C24AE8612A8D709517E82EFF3275AB4,normalizacion_paginada_v2_1_guiones_lexico_20260811,B75821DCA7E73A9A59289274E77E823F84436591E15C224011B0ECD7D1694ABC,PASS,13,0,1.0,PASS,PASS,PASS,0.012178
"C:\Users\USUARIO\Documents\Downloads\BASE DE DATOS 1974-2018 PDFs. WSS\1996\1996-02-03 La segunda Venida del Señor Jesucristo (WSS) Bogotá, Colombia (movil).pdf",2524e8b4-b198-49e8-8bad-9833f2fbcd4d,88a23744-2fc5-4afe-8b03-f468a8c013cb,1996-02-03,La segunda Venida del Señor Jesucristo,17,APROBADO,A45B2FC4B1EBB7D2CCFE65E3D0670FC394D4554BFE12CA447E507AC3A86D42B6,normalizacion_paginada_v2_1_guiones_lexico_20260811,B75821DCA7E73A9A59289274E77E823F84436591E15C224011B0ECD7D1694ABC,PASS,15,0,1.0,PASS,PASS,PASS,0.014749
"C:\Users\USUARIO\Documents\Downloads\BASE DE DATOS 1974-2018 PDFs. WSS\1996\1996-05-19 La Revelacion de Jesucristo en su Iglesia en el dia postrero (WSS) Monterrey, México (movil).pdf",ffed2b24-c0b8-468d-b46e-a915c9726a57,d6cfe84e-67e2-4032-928f-caac7b468644,1996-05-19,La Revelacion de Jesucristo en su Iglesia en el dia postrero. sencillo,17,APROBADO,1A803098029365181077FAE36DBF483EBDB8DD55163F66C1305EDC8E267F5C9E,normalizacion_paginada_v2_1_guiones_lexico_20260811,B75821DCA7E73A9A59289274E77E823F84436591E15C224011B0ECD7D1694ABC,PASS,14,0,1.0,PASS,PASS,PASS,0.011582
"C:\Users\USUARIO\Documents\Downloads\BASE DE DATOS 1974-2018 PDFs. WSS\1996\1996-05-19 El misterio del grano de trigo y su Fruto (WSS) Monterrey, México (movil).pdf",069d1d94-1925-4694-8e23-b7550a164833,ce91f1de-dfc8-466b-b3be-f6daf8146d35,1996-05-19,El misterio del grano de trigo y su Fruto. sencillo,16,APROBADO,3366C3C7F57A5F37A97C6B53F426259EC211819B2038AF84DEBDEF9D3FC0063F,normalizacion_paginada_v2_1_guiones_lexico_20260811,B75821DCA7E73A9A59289274E77E823F84436591E15C224011B0ECD7D1694ABC,PASS,14,0,1.0,PASS,PASS,PASS,0.014058
"C:\Users\USUARIO\Documents\Downloads\BASE DE DATOS 1974-2018 PDFs. WSS\1996\1996-05-21 La Palabra revelada en carne humana (WSS) Topochico, México (movil).pdf",58b26421-9bb4-4501-a8d3-a553899e14fd,d16312e6-b377-4096-a37c-208955f41764,1996-05-21,La palabra revelada en carne humana.,33,APROBADO,F86EFFF596E811A0D8AB0D4277448C6B4524661A65BA3C4C9E012A819FEA232C,normalizacion_paginada_v2_1_guiones_lexico_20260811,B75821DCA7E73A9A59289274E77E823F84436591E15C224011B0ECD7D1694ABC,PASS,31,0,1.0,PASS,PASS,PASS,0.018793
"C:\Users\USUARIO\Documents\Downloads\BASE DE DATOS 1974-2018 PDFs. WSS\1996\1996-11-29 Rompiedo barreras - Parte II (WSS) Cristianópolis, Brasil (movil).PDF",91041f31-5e52-446e-a551-fcc20398965f,c1dcf1e4-d5c3-4a6e-9300-4f16782dd932,1996-11-29,Rompiedo barreras P2.,18,APROBADO,1E1868BA5F2DC0D28AEB475ACA07F04930BB750EE57CEBD330DB9E3FA89EE205,normalizacion_paginada_v2_1_guiones_lexico_20260811,B75821DCA7E73A9A59289274E77E823F84436591E15C224011B0ECD7D1694ABC,PASS,17,0,1.0,PASS,PASS,PASS,0.011597
"C:\Users\USUARIO\Documents\Downloads\BASE DE DATOS 1974-2018 PDFs. WSS\1996\1996-11-29 Rompiendo barreras - Parte I (WSS) Cristianópolis, Brasil (movil).PDF",6cd4b98f-ec1f-45e5-a9fb-193008440186,3552e546-e3a6-4f9c-aeaf-f88b3878b0bf,1996-11-29,Rompiendo barreras P1.,17,APROBADO,174B51453CBC992999C1F615A1738ADEFF6EA218E79389E43D0E1FA60EAFDDD9,normalizacion_paginada_v2_1_guiones_lexico_20260811,B75821DCA7E73A9A59289274E77E823F84436591E15C224011B0ECD7D1694ABC,PASS,16,0,1.0,PASS,PASS,PASS,0.013799
"C:\Users\USUARIO\Documents\Downloads\BASE DE DATOS 1974-2018 PDFs. WSS\1996\1996-11-30 Rompiedo barreras - Parte III (WSS) Cristianópolis, Brasil (movil).PDF",48ec48af-9e17-40a4-882d-42ae806e975a,24d1542e-6a5d-4492-b9f6-06cb70d5bd58,1996-11-30,Rompiedo barreras P3.,21,APROBADO,C8BE0841ED6D44CE6F344CECEBEF0A2B2145906A281671E16C5E1FDCD6F11429,normalizacion_paginada_v2_1_guiones_lexico_20260811,B75821DCA7E73A9A59289274E77E823F84436591E15C224011B0ECD7D1694ABC,PASS,20,0,1.0,PASS,PASS,PASS,0.008725
"C:\Users\USUARIO\Documents\Downloads\BASE DE DATOS 1974-2018 PDFs. WSS\1996\1996-12-13 El Gran Diamante (WSS) Bogotá, Colombia (movil).pdf",a647c023-5501-451b-9422-0a1b244daab7,249bac4b-4e54-414b-ba54-bf4d161edf07,1996-12-13,El gran Diamante.,30,APROBADO,3AEC78157824B2FE13503DBCE258221340AA3EBD8C4CC2028DA6B96AEC0BF4C5,normalizacion_paginada_v2_1_guiones_lexico_20260811,B75821DCA7E73A9A59289274E77E823F84436591E15C224011B0ECD7D1694ABC,PASS,28,0,1.0,PASS,PASS,PASS,0.018662
"C:\Users\USUARIO\Documents\Downloads\BASE DE DATOS 1974-2018 PDFs. WSS\1996\1996-12-20 El tiempo del despertamiento espiritual de la Iglesia del Señor Jesucristo (WSS) Cayey, Puerto Rico (movil).pdf",392c8804-cc69-4998-af77-d1fc59433b7e,f35a6cc9-e733-435e-ae1c-457d60072d65,1996-12-20,El tiempo del despertamiento espiritual de la Iglesia del Señor Jesucristo,11,APROBADO,8AAAEDA1E83B5FA72266550F6009EB5E67550869B56F9564A0C102EA578B45AC,normalizacion_paginada_v2_1_guiones_lexico_20260811,B75821DCA7E73A9A59289274E77E823F84436591E15C224011B0ECD7D1694ABC,PASS,10,0,1.0,PASS,PASS,PASS,0.007056
"C:\Users\USUARIO\Documents\Downloads\BASE DE DATOS 1974-2018 PDFs. WSS\1997\1997-02-28 La señal del Hijo del Hombre en el cielo (WSS) Asuncion, Paraguay (movil) AClaib-cel.pdf",3b539d84-fefe-4401-bba8-79aaa5ed27b2,7d056245-3fe1-411c-a9f0-e03476cc980a,1997-02-28,La señal del Hijo del Hombre en el cielo,24,APROBADO,B087B3020EAA3E92848D58E627409CD05BAE2B092EC92C7C2BB9F48B548C3624,normalizacion_paginada_v2_1_guiones_lexico_20260811,B75821DCA7E73A9A59289274E77E823F84436591E15C224011B0ECD7D1694ABC,PASS,20,0,1.0,PASS,PASS,PASS,0.018362
"C:\Users\USUARIO\Documents\Downloads\BASE DE DATOS 1974-2018 PDFs. WSS\1997\1997-03-06 La hora de la Venida del Hijo del Hombre (WSS) Paraguacu, Brasil (movil).pdf",558b5ae5-1c1a-477e-8242-94c2b559a588,404a8aff-0fdc-472d-b9e2-c7dc200c8509,1997-03-06,La hora de la Venida del Hijo del Hombre,17,APROBADO,9438399E50ABF2A40AC0DA85ED3651ECF90C11B6008125768C3F9ADDEAD211D2,normalizacion_paginada_v2_1_guiones_lexico_20260811,B75821DCA7E73A9A59289274E77E823F84436591E15C224011B0ECD7D1694ABC,PASS,12,0,1.0,PASS,PASS,PASS,0.015816
"C:\Users\USUARIO\Documents\Downloads\BASE DE DATOS 1974-2018 PDFs. WSS\1997\1997-03-09 El encuentro de Jacob con el Ángel de Jehová (WSS) Presidente Prudente, Brasil (movil).pdf",6ec8ba7b-d534-4031-b6f1-dc3bf6ea5030,003a0ddc-f636-45ca-8187-d1b2855de92a,1997-03-09,El encuentro de Jacob con el Angel de Jehova.,25,APROBADO,985D7CEFEEF31A8D7204832C0C7FAA2F653D951C4FD783F96E8F5297EC55157A,normalizacion_paginada_v2_1_guiones_lexico_20260811,B75821DCA7E73A9A59289274E77E823F84436591E15C224011B0ECD7D1694ABC,PASS,14,0,1.0,PASS,PASS,PASS,0.016935
"C:\Users\USUARIO\Documents\Downloads\BASE DE DATOS 1974-2018 PDFs. WSS\1997\1997-04-04 Los Hijos de Dios y el Fin del Tiempo (WSS) Kerrville, EEUU (movil).pdf",ac4b0d0c-ad9e-4766-8ae6-321baa5370ff,2e63fcad-0849-4860-a7b9-a8f3633ef7a8,1997-04-04,Los hijos de Dios y el fin del tiempo.,32,APROBADO,982A43E57DA7B28AD3BFE1DA4993A71BF3AB46498A611CCEB4CD985A5FDFA65F,normalizacion_paginada_v2_1_guiones_lexico_20260811,B75821DCA7E73A9A59289274E77E823F84436591E15C224011B0ECD7D1694ABC,PASS,26,0,1.0,PASS,PASS,PASS,0.020408
"C:\Users\USUARIO\Documents\Downloads\BASE DE DATOS 1974-2018 PDFs. WSS\1997\1997-06-03 El libro de la numerología de Dios (WSS) Presidente, Prudente, Brasil (movil).pdf",e0abeb59-39a9-47e1-ad0c-6dfd3b9816e7,42ddb4f3-9b49-4fe1-aca1-2224c0c46103,1997-06-03,El Libro de la numerologia de Dios.,24,APROBADO,67F2080C8724493EF9D60C9FAD69231E5F4D6870E1B0250F8D72BDBA5DB72F3D,normalizacion_paginada_v2_1_guiones_lexico_20260811,B75821DCA7E73A9A59289274E77E823F84436591E15C224011B0ECD7D1694ABC,PASS,17,0,1.0,PASS,PASS,PASS,0.025870
"C:\Users\USUARIO\Documents\Downloads\BASE DE DATOS 1974-2018 PDFs. WSS\1997\1997-07-07 El Vino nuevo (WSS) Bogotá, Colombia (movil).pdf",b06093b9-fe55-435e-8e6e-44c93955bb35,eb8cdd87-902e-490c-ab51-ceb2617e6d2e,1997-07-07,El vino nuevo,36,APROBADO,889DFDFA76641806B731BCBE7BDD96EFA4964C48F970DB55669E040551376DB5,normalizacion_paginada_v2_1_guiones_lexico_20260811,B75821DCA7E73A9A59289274E77E823F84436591E15C224011B0ECD7D1694ABC,PASS,31,0,1.0,PASS,PASS,PASS,0.015837
"C:\Users\USUARIO\Documents\Downloads\BASE DE DATOS 1974-2018 PDFs. WSS\1997\1997-07-14 La voz de Jesucristo en la edad de la piedra angular (WSS) Quito, Ecuador (movil).pdf",172d1d17-f732-44d5-a7d4-9083827e2643,f53d04dd-53ee-4c4a-9407-e2c247f63423,1997-07-14,La Voz de Jesucristo en la Edad de la Piedra Angular. sencillo,11,APROBADO,9353BEE0EB3C1878387E4E9BA1C4E5DB9A7326AF751DED0546A3421E0AB862DC,normalizacion_paginada_v2_1_guiones_lexico_20260811,B75821DCA7E73A9A59289274E77E823F84436591E15C224011B0ECD7D1694ABC,PASS,9,0,1.0,PASS,PASS,PASS,0.024100
C:\Users\USUARIO\Documents\Downloads\BASE DE DATOS 1974-2018 PDFs. WSS\1997\1997-08-24 El Misterio de David y Goliat (WSS) México (movil).pdf,75efb1a3-fe73-4776-8ab8-b68a2d04f4e8,f89778d0-2f0d-4017-b498-be6120458cb8,1997-08-24,El misterio de David y Goliat.,29,APROBADO,C95232C306392524CD243CB3338962ADAD475E86BB01F4FC907E7DA313601A7B,normalizacion_paginada_v2_1_guiones_lexico_20260811,B75821DCA7E73A9A59289274E77E823F84436591E15C224011B0ECD7D1694ABC,PASS,27,0,1.0,PASS,PASS,PASS,0.010948
"C:\Users\USUARIO\Documents\Downloads\BASE DE DATOS 1974-2018 PDFs. WSS\1997\1997-08-25 El misterio de la Venida del Hijo del Hombre (WSS) Poza Rica, Veracruz, México (movil).pdf",9e30b797-b027-4dd8-aca2-658b0d2d8bb6,fea86a4d-1d3e-48fb-8c49-7965e9b9f2c8,1997-08-25,El misterio de la Venida del Hijo del Hombre.,36,APROBADO,4DBC51E5892CD83937E10ACBF3E2E2D280DABD308CCB54F0280BB8B60AEE9654,normalizacion_paginada_v2_1_guiones_lexico_20260811,B75821DCA7E73A9A59289274E77E823F84436591E15C224011B0ECD7D1694ABC,PASS,31,0,1.0,PASS,PASS,PASS,0.017422
"C:\Users\USUARIO\Documents\Downloads\BASE DE DATOS 1974-2018 PDFs. WSS\1997\1997-08-27 El avivamiento traído por la revelación (WSS) Cancún, México (movil).pdf",316975e9-70e6-447b-ac65-5075317c04a7,e7e45937-903b-4dea-be71-c34a96be3b41,1997-08-27,El Avivamiento traido por la Revelacion.,20,APROBADO,FFEC38D03506E742B2CB98A641FE2F4BFC66C8BA8346700521CFB797BB7BA37F,normalizacion_paginada_v2_1_guiones_lexico_20260811,B75821DCA7E73A9A59289274E77E823F84436591E15C224011B0ECD7D1694ABC,PASS,12,0,1.0,PASS,PASS,PASS,0.014839
"C:\Users\USUARIO\Documents\Downloads\BASE DE DATOS 1974-2018 PDFs. WSS\1997\1997-08-29 El Misterio del Alimenro espiritual a su debido tiempo (WSS) Campeche, México (movil).pdf",8733e07b-246b-4583-9e71-6df173091c19,f8269f0f-05c1-4380-971a-3c9aee6b6fae,1997-08-29,El Misterio del Alimenro espiritual a su debido tiempo.,36,APROBADO,1DE0E00F149FB4D85F404A77C1AEFD718675B76140A5099CEBAEF2B83620A167,normalizacion_paginada_v2_1_guiones_lexico_20260811,B75821DCA7E73A9A59289274E77E823F84436591E15C224011B0ECD7D1694ABC,PASS,35,0,1.0,PASS,PASS,PASS,0.016481
"C:\Users\USUARIO\Documents\Downloads\BASE DE DATOS 1974-2018 PDFs. WSS\1997\1997-09-05 La hoja musical del dia postrero (WSS) San Cristobal Totonicapán, Guatemala (movil).pdf",d52c6e95-dc84-472a-be31-8ae1d3f523dd,c3f0b317-ccec-490e-9be4-335d9d3b89f6,1997-09-05,La hoja musical del dia postrero.,14,APROBADO,2D440F76C3C957D6A1BB201E8AF803B11E82EF08CDB34B35E65AE157F7790AD5,normalizacion_paginada_v2_1_guiones_lexico_20260811,B75821DCA7E73A9A59289274E77E823F84436591E15C224011B0ECD7D1694ABC,PASS,11,0,1.0,PASS,PASS,PASS,0.012094
"C:\Users\USUARIO\Documents\Downloads\BASE DE DATOS 1974-2018 PDFs. WSS\1997\1997-09-07 El misterio de la Sangre de Cristo (WSS) Sacatepéquez, Guatemala (MOVIL).pdf",055a59ca-b50e-40df-b76a-bae2ca4b268f,6e8e8892-18eb-4c43-a681-794369c935e7,1997-09-07,El misterio de la Sangre de Cristo. sencillo,31,APROBADO,380E2A5F3F306BEEF324A073DC73B8F776A3D6D98E6D98875BAFB84A31938A17,normalizacion_paginada_v2_1_guiones_lexico_20260811,B75821DCA7E73A9A59289274E77E823F84436591E15C224011B0ECD7D1694ABC,PASS,29,0,1.0,PASS,PASS,PASS,0.008648
"C:\Users\USUARIO\Documents\Downloads\BASE DE DATOS 1974-2018 PDFs. WSS\1997\1997-09-14 El misterio de la encarnacion de la Palabra (WSS) Choluteca, Honduras (movil).pdf",4a3a775c-211d-4cee-bdc1-26c83979dfc0,0a378e35-9fe7-4115-8cc9-4f4603212afc,1997-09-14,El misterio de la encarnacion de la palabra.,19,APROBADO,C2C54FABB66169B7497C5CA60CE1905A9572431E4114EDABB7503E640CFC53BB,normalizacion_paginada_v2_1_guiones_lexico_20260811,B75821DCA7E73A9A59289274E77E823F84436591E15C224011B0ECD7D1694ABC,PASS,17,0,1.0,PASS,PASS,PASS,0.027655
"C:\Users\USUARIO\Documents\Downloads\BASE DE DATOS 1974-2018 PDFs. WSS\1997\1997-09-25 El misterio de la Predestinacion (WSS) Panamá, Panamá (movil).PDF",209429ce-a130-4f7e-937a-97b099b38011,2d16ceff-41c7-437d-a445-45857e637e35,1997-09-25,El misterio de la Predestinacion. sencillo,15,APROBADO,47A8D1FCB8BCC6ED9E3CE61B0C6CF104C24750DE80AFF67E4ABF2847844D4660,normalizacion_paginada_v2_1_guiones_lexico_20260811,B75821DCA7E73A9A59289274E77E823F84436591E15C224011B0ECD7D1694ABC,PASS,14,0,1.0,PASS,PASS,PASS,0.020908
C:\Users\USUARIO\Documents\Downloads\BASE DE DATOS 1974-2018 PDFs. WSS\1997\1997-09-28 Llegando a la estatura del varon perfecto (MOVIL).pdf,72c574a5-b2d3-41fe-8b73-57738fb5520c,8bf12cde-617c-46b2-8abc-4c080d3c8455,1997-09-28,Llegando a la estatura del Varon Perfecto.,33,APROBADO,C16661F31723F992EE304C393B85A24C01440246FAB001AEDEE6BEA1883C9049,normalizacion_paginada_v2_1_guiones_lexico_20260811,B75821DCA7E73A9A59289274E77E823F84436591E15C224011B0ECD7D1694ABC,PASS,30,0,1.0,PASS,PASS,PASS,0.020348
"C:\Users\USUARIO\Documents\Downloads\BASE DE DATOS 1974-2018 PDFs. WSS\1997\1997-10-12 El misterio del quinto caballo del apocalipsis (WSS) Bogotá, Colombia (movil).pdf",9e267a0e-6fa5-449a-9dd0-f58d80a4a65f,38c0d76a-524b-4005-84a7-3dc505f01faa,1997-10-12,El misterio del Quinto Caballo del Apocalipsis.,46,APROBADO,F4C4885F31817E140CB86FEC8E10DA33E27A5D483C8665BCD9EA75F1E18BA013,normalizacion_paginada_v2_1_guiones_lexico_20260811,B75821DCA7E73A9A59289274E77E823F84436591E15C224011B0ECD7D1694ABC,PASS,37,0,1.0,PASS,PASS,PASS,0.022408
C:\Users\USUARIO\Documents\Downloads\BASE DE DATOS 1974-2018 PDFs. WSS\1997\1997-11-01 El misterio de la guianza divina - RM (WSS)Chile (movil).pdf,0db6d742-6eda-4ccc-ac2a-9ca94678d27b,9f137458-e0bc-452b-8312-dfb920848ad9,1997-11-01,RM El misterio de la Guianza Divina.,23,APROBADO,C8F466EE940AE7E11B0A550EB3E703DC66A5DC6D6FD09826501D938FC3E298E6,normalizacion_paginada_v2_1_guiones_lexico_20260811,B75821DCA7E73A9A59289274E77E823F84436591E15C224011B0ECD7D1694ABC,PASS,21,0,1.0,PASS,PASS,PASS,0.029727
"C:\Users\USUARIO\Documents\Downloads\BASE DE DATOS 1974-2018 PDFs. WSS\1997\1997-12-02 El misterio de la congregacion de los primogenitos... (WSS) Bogotá, Colombia (movil).pdf",d65befc2-2f46-4efe-b114-56b6cbb79cfc,2d2efaa4-53e6-471f-af30-af34fc3c5441,1997-12-02,EL misterio de la congregacion de los Primogenitos,32,APROBADO,8B0661A03A826C84071256E96919A35DD70FFF434293FE4F1FEDBD19D35AE29E,normalizacion_paginada_v2_1_guiones_lexico_20260811,B75821DCA7E73A9A59289274E77E823F84436591E15C224011B0ECD7D1694ABC,PASS,25,0,1.0,PASS,PASS,PASS,0.016793
"C:\Users\USUARIO\Documents\Downloads\BASE DE DATOS 1974-2018 PDFs. WSS\1997\1997-12-03 El misterio de la fe - RM (WSS) Fusagasugá, Colombia (movil).pdf",755d35cc-1029-4e3d-8f75-10c4d6645fba,a39bdd64-d0a6-4d42-9116-a1a261df669a,1997-12-03,RM El Misterio de la Fe.,30,APROBADO,A4178BC08C639F359AA0731EBCE22D4912885E362DC576EA9DD2579D4EA84D51,normalizacion_paginada_v2_1_guiones_lexico_20260811,B75821DCA7E73A9A59289274E77E823F84436591E15C224011B0ECD7D1694ABC,PASS,27,0,1.0,PASS,PASS,PASS,0.018148
"C:\Users\USUARIO\Documents\Downloads\BASE DE DATOS 1974-2018 PDFs. WSS\1997\1997-12-08 El misterio de la alabanza (WSS) Bogota, Colombia (movil).pdf",af6ff0b7-a780-458b-8833-513bb9419591,309f3f1a-3178-4eca-810c-bba0e89b4cc9,1997-12-08,El Misterio de la Alabanza.,13,APROBADO,D65D79BD824ADB64124EF831A709AC9359CA867345CF68BCCDC089BA39A9FFE6,normalizacion_paginada_v2_1_guiones_lexico_20260811,B75821DCA7E73A9A59289274E77E823F84436591E15C224011B0ECD7D1694ABC,PASS,12,0,1.0,PASS,PASS,PASS,0.008049
"C:\Users\USUARIO\Documents\Downloads\BASE DE DATOS 1974-2018 PDFs. WSS\1997\1997-12-21 El misterio de las bodas del Cordero (WSS) Austin, Texas, EEUU (movil).pdf",10ec2e43-41f6-45a8-ae5c-493d8c194ddd,d41731ca-4c60-4794-af1d-274073af5d6a,1997-12-21,El misterio de las bodas del Cordero. sencillo,21,APROBADO,86164A0C03AF4B1C9E814769BDE45B147BC7EFCD4B8C71A0EC7564B158515348,normalizacion_paginada_v2_1_guiones_lexico_20260811,B75821DCA7E73A9A59289274E77E823F84436591E15C224011B0ECD7D1694ABC,PASS,20,0,1.0,PASS,PASS,PASS,0.019881
"C:\Users\USUARIO\Documents\Downloads\BASE DE DATOS 1974-2018 PDFs. WSS\1997\1997-12-21 El misterio de la Cena de las Bodas del Cordero (WSS)  Cayey, Puerto Rico (movil).PDF",28812581-6f5d-4f84-944a-370e74c8b373,9e1ba404-5bf2-4253-ab00-2280130590ff,1997-12-21,El misterio de la Cena de las Bodas del Cordero.,10,APROBADO,6E95D16970B117B3B09B5D666F31F77AF8A7A60B08897B0DF6B55E918C79A618,normalizacion_paginada_v2_1_guiones_lexico_20260811,B75821DCA7E73A9A59289274E77E823F84436591E15C224011B0ECD7D1694ABC,PASS,9,0,1.0,PASS,PASS,PASS,0.014215
"C:\Users\USUARIO\Documents\Downloads\BASE DE DATOS 1974-2018 PDFs. WSS\1997\1997-12-24 El Misterio del nacimiento de Jesús (WSS) Cayey, Puerto Rico (movil).pdf",2e6508fa-5b97-4f34-9206-2edca91f9f3a,c91ce4e2-87ce-41b4-88f1-ef2e34f76a14,1997-12-24,El Misterio del nacimiento de Jesús.,45,APROBADO,B6FF1C78C3396932EB8566CB1448F08AE39EF9799B53511864B1D7CDF47A3224,normalizacion_paginada_v2_1_guiones_lexico_20260811,B75821DCA7E73A9A59289274E77E823F84436591E15C224011B0ECD7D1694ABC,PASS,32,0,1.0,PASS,PASS,PASS,0.012709
"C:\Users\USUARIO\Documents\Downloads\BASE DE DATOS 1974-2018 PDFs. WSS\1997\1997-12-26 La vida del precursor y su mensaje (WSS) Cayey, Puerto Rico (movil).pdf",aaa8d780-08d1-47ea-8d2c-b762142e82f4,78944d19-335e-4dee-96e5-ab8d5c21956b,1997-12-26,La Vida del precursor y su mensaje.,35,APROBADO,5666032B0AB4E94829FA2699A8EE7895B6D55C99E1F89055F629BA1A2736A93E,normalizacion_paginada_v2_1_guiones_lexico_20260811,B75821DCA7E73A9A59289274E77E823F84436591E15C224011B0ECD7D1694ABC,PASS,30,0,1.0,PASS,PASS,PASS,0.026864
"C:\Users\USUARIO\Documents\Downloads\BASE DE DATOS 1974-2018 PDFs. WSS\1997\1997-12-31 El misterio del año nuevo (WSS) Cayey, Puerto Rico (movil).pdf",1970adef-fd5f-4425-975e-5a035ea99554,5a6e5b0b-cd93-4b21-b87a-e16ba4b7c0cd,1997-12-31,El misterio del año nuevo. sencillo,32,APROBADO,63A821CC84E0D298AEC9A89BFFB1CBCC69056E92DA35DEF23F8AD68539180EE1,normalizacion_paginada_v2_1_guiones_lexico_20260811,B75821DCA7E73A9A59289274E77E823F84436591E15C224011B0ECD7D1694ABC,PASS,31,0,1.0,PASS,PASS,PASS,0.012489
"C:\Users\USUARIO\Documents\Downloads\BASE DE DATOS 1974-2018 PDFs. WSS\1998\1998-01-09 La voz de la trompeta en el monte de Dios (WSS) Cayey, Puerto Rico (movil).pdf",4b213215-d5e2-4579-b4a4-3583ff3b0856,c9698c70-e8a1-4cf4-b8f4-c634c3c14af3,1998-01-09,La Voz de la Trompeta en el Monte de Dios. sencillo,32,APROBADO,F67246F10485E236AF9AEDA7C10F2286673EE05C86B38AC99E9C2EEC90BF6B2F,normalizacion_paginada_v2_1_guiones_lexico_20260811,B75821DCA7E73A9A59289274E77E823F84436591E15C224011B0ECD7D1694ABC,PASS,29,0,1.0,PASS,PASS,PASS,0.016036
"C:\Users\USUARIO\Documents\Downloads\BASE DE DATOS 1974-2018 PDFs. WSS\1998\1998-01-23 El misterio del Angel enviado por Jesucristo (WSS) Kabaret, Haití.pdf",15eb49ea-893d-4d69-8647-23ecc6f50442,7927d10b-4c81-4098-8641-66f754107dc6,1998-01-23,El misterio del Angel enviado por Jesucristo. sencillo,7,APROBADO,F0F9F7ADD9B569F57BC40425063DBAF614EB7E2327C58EF497DE60D613BAE7EA,normalizacion_paginada_v2_1_guiones_lexico_20260811,B75821DCA7E73A9A59289274E77E823F84436591E15C224011B0ECD7D1694ABC,PASS,4,0,1.0,PASS,PASS,PASS,0.015055
"C:\Users\USUARIO\Documents\Downloads\BASE DE DATOS 1974-2018 PDFs. WSS\1998\1998-01-24 El misterio de un cambio de dispensación (WSS) San Marcos, Haiti (movil).pdf",54768ffe-65f2-4a59-959d-20a65d1b284c,16ca0a63-9ab8-47bb-97a8-8d2da21f8e86,1998-01-24,El misterio de un cambio de Dispensacion. sencillo,28,APROBADO,1275D598B6B9C5B0D6F011E836396692C0CEA252E56CC40C47C5955564BE2D6A,normalizacion_paginada_v2_1_guiones_lexico_20260811,B75821DCA7E73A9A59289274E77E823F84436591E15C224011B0ECD7D1694ABC,PASS,24,0,1.0,PASS,PASS,PASS,0.018975
"C:\Users\USUARIO\Documents\Downloads\BASE DE DATOS 1974-2018 PDFs. WSS\1998\1998-01-25 Cristo es el misterio de la Victoria del Amor Divino (WSS) Puerto Príncipe, Haití.pdf",94797728-a382-4d33-b242-24c9fb96fddd,521a962c-9017-41c4-bc80-f692843aa234,1998-01-25,Cristo es el misterio de la Victoria del Amor Divino. sencillo,8,APROBADO,C079DA3B955A9029B53867B51911ED911A836925399D18DC57ADCD3298274BE1,normalizacion_paginada_v2_1_guiones_lexico_20260811,B75821DCA7E73A9A59289274E77E823F84436591E15C224011B0ECD7D1694ABC,PASS,6,0,1.0,PASS,PASS,PASS,0.010760
"C:\Users\USUARIO\Documents\Downloads\BASE DE DATOS 1974-2018 PDFs. WSS\1998\1998-01-26 El misterio de la Profecía cumplida en carne humana Hoy (WSS) Thomassigue, Haití (movil).pdf",a3a17a7c-d8ec-49df-ad77-9eee99f7902c,5f8f82ad-7dcd-494b-bf6d-cf47db19ebdf,1998-01-26,El misterio de la profecia cumplida en carne humana hoy.,6,APROBADO,5FD56473DC755971FC72B4ED555E7DCCEB67BD286D1CF3FD8F125C966D2F87CD,normalizacion_paginada_v2_1_guiones_lexico_20260811,B75821DCA7E73A9A59289274E77E823F84436591E15C224011B0ECD7D1694ABC,PASS,5,0,1.0,PASS,PASS,PASS,0.031883
"C:\Users\USUARIO\Documents\Downloads\BASE DE DATOS 1974-2018 PDFs. WSS\1998\1998-01-27 El misterio de los ordenados para Vida eterna (WSS) Hinche, Haití (movil).pdf",2ae50abb-2cc2-4f18-b2f1-de7e137b9ec9,297a8b99-ad8b-4016-9137-99f73dc17d59,1998-01-27,El misterio de los ordenados para vida eterna.,9,APROBADO,C1E0FA51EF098F9A2902A990961249A0AD77D633270E052127D0ED9E3F6CE98D,normalizacion_paginada_v2_1_guiones_lexico_20260811,B75821DCA7E73A9A59289274E77E823F84436591E15C224011B0ECD7D1694ABC,PASS,7,0,1.0,PASS,PASS,PASS,0.014877
"C:\Users\USUARIO\Documents\Downloads\BASE DE DATOS 1974-2018 PDFs. WSS\1998\1998-01-30 El lugar de seguridad hoy (WSS) Cayey, Puerto Rico (movil).pdf",17a6bd11-82cf-412e-971d-6821ad0846f8,9ffe03b6-5204-427c-bbf2-c161d67cc6d4,1998-01-30,El lugar de seguridad hoy. sencillo,20,APROBADO,C0EC374BD3D165C9E23DF081321D47018505A8F7FEBD906DC77C07A519238587,normalizacion_paginada_v2_1_guiones_lexico_20260811,B75821DCA7E73A9A59289274E77E823F84436591E15C224011B0ECD7D1694ABC,PASS,17,0,1.0,PASS,PASS,PASS,0.024319
"C:\Users\USUARIO\Documents\Downloads\BASE DE DATOS 1974-2018 PDFs. WSS\1998\1998-02-01 El Atalaya del Día Postrero (WSS) Cayey, Puerto Rico (movil).pdf",625853cf-d94f-41b0-ad4d-cfbbe0a6a2f3,7a450708-c04d-40f3-b6c2-04ef2bcd10fe,1998-02-01,El Atalaya del dia postrero.,36,APROBADO,7495A8612221BE2DAFC76AB522D2473C6E8B928B7123C2D067B14CAB3412D54C,normalizacion_paginada_v2_1_guiones_lexico_20260811,B75821DCA7E73A9A59289274E77E823F84436591E15C224011B0ECD7D1694ABC,PASS,31,0,1.0,PASS,PASS,PASS,0.014232
"C:\Users\USUARIO\Documents\Downloads\BASE DE DATOS 1974-2018 PDFs. WSS\1998\1998-02-01 El tiempo para la transformacion (WSS) Cayey, Puerto Rico (movil).PDF",19ed296e-225c-4b7e-82ab-3ec5a0dcca6b,84120ae9-1093-4ab6-a8de-604148277f72,1998-02-01,El Tiempo para la Transformacion.,24,APROBADO,D5B2F2F36C6B4BAAB86651ECF9419B216AC720FA424AD568D3706BF9101B9462,normalizacion_paginada_v2_1_guiones_lexico_20260811,B75821DCA7E73A9A59289274E77E823F84436591E15C224011B0ECD7D1694ABC,PASS,22,0,1.0,PASS,PASS,PASS,0.019691
"C:\Users\USUARIO\Documents\Downloads\BASE DE DATOS 1974-2018 PDFs. WSS\1998\1998-03-03 El principio y fin del Septimo Sello (WSS) Valparaíso, Chile (movil).pdf",d5d39113-7dca-4969-8527-0425ff1a16d3,802b6d6e-d669-4f0e-9fea-8e4588dba094,1998-03-03,El Principio y Fin del Septimo Sello.,44,APROBADO,1EEB4F8AB721261265042D2D73E490DFEA823F5BDEEA1A52B1FE669B730D5CB5,normalizacion_paginada_v2_1_guiones_lexico_20260811,B75821DCA7E73A9A59289274E77E823F84436591E15C224011B0ECD7D1694ABC,PASS,40,0,1.0,PASS,PASS,PASS,0.028807
"C:\Users\USUARIO\Documents\Downloads\BASE DE DATOS 1974-2018 PDFs. WSS\1998\1998-03-15 El Septimo Sello y el rapto de la iglesia (WSS) Asunción, Paraguay (movil).pdf",629f2268-09ab-4843-9f53-89d3bccb0329,0c1e2410-8cbe-4f25-b372-606ca6447e44,1998-03-15,El Septimo Sello y el Rapto de la Iglesia.,40,APROBADO,7D0B67ADDF9D183174529CF1AAD0F9E7329BA73B07D0699DAED8169707456F11,normalizacion_paginada_v2_1_guiones_lexico_20260811,B75821DCA7E73A9A59289274E77E823F84436591E15C224011B0ECD7D1694ABC,PASS,34,0,1.0,PASS,PASS,PASS,0.023531
C:\Users\USUARIO\Documents\Downloads\BASE DE DATOS 1974-2018 PDFs. WSS\1998\1998-03-29 El Séptimo Sello y el Amor Divino (WSS) Brasil (movil).pdf,b9cf9a97-3fce-40bc-811b-26f31850ce20,da2de0e8-16d9-4d89-b033-121100e086cb,1998-03-29,El Septimo Sello y el Amor Divino.,26,APROBADO,3FE504205E5F22607D726642EF383D2859F3A9CD3F31ECCB4CF144FBC9B77515,normalizacion_paginada_v2_1_guiones_lexico_20260811,B75821DCA7E73A9A59289274E77E823F84436591E15C224011B0ECD7D1694ABC,PASS,24,0,1.0,PASS,PASS,PASS,0.019121
C:\Users\USUARIO\Documents\Downloads\BASE DE DATOS 1974-2018 PDFs. WSS\1998\1998-04-19 La victoria definitiva del Septimo Sello sobre Satanas (WSS) Mexico (movil).pdf,7f5ff1ea-1e3d-4580-8da5-f68345baf2c0,4021163f-10ac-4a44-9c11-d7f6c41dd2f8,1998-04-19,La Victoria definitiva del Septimo Sello sobre satanas.,38,APROBADO,647CD6469F2C5EAA7784093B32B1FDDC9C095EAE91DF3B9B62204D5B51B592E6,normalizacion_paginada_v2_1_guiones_lexico_20260811,B75821DCA7E73A9A59289274E77E823F84436591E15C224011B0ECD7D1694ABC,PASS,35,0,1.0,PASS,PASS,PASS,0.016171
"C:\Users\USUARIO\Documents\Downloads\BASE DE DATOS 1974-2018 PDFs. WSS\1998\1998-05-04 El mensaje del Septimo Sello (WSS) Veracruz, México (movil).pdf",e37bfcb5-1c37-41c5-bd56-ee39de7db8cd,19f92d4b-454a-464e-a56b-4411bafe5752,1998-05-04,El mensaje del Septimo Sello.,11,APROBADO,BD1A19A29431181553334631F86B9FCAA9AD803E0A0442620BF7C20C98582BE8,normalizacion_paginada_v2_1_guiones_lexico_20260811,B75821DCA7E73A9A59289274E77E823F84436591E15C224011B0ECD7D1694ABC,PASS,10,0,1.0,PASS,PASS,PASS,0.026846
"C:\Users\USUARIO\Documents\Downloads\BASE DE DATOS 1974-2018 PDFs. WSS\1998\1998-05-13 El Séptimo Sello El Maná Escondido (WSS) Puente de Ixtla, México (movil).pdf",031748ca-0b44-457d-8acc-3bd99c0e28d2,83f05e99-f8c7-4171-93b6-2a52088739d8,1998-05-13,El Séptimo Sello El Maná Escondido.,32,APROBADO,C59B24D0242319B9E1E88917545D4D5AD6FBA0D45CF796A357B9AEA5AB6D5F83,normalizacion_paginada_v2_1_guiones_lexico_20260811,B75821DCA7E73A9A59289274E77E823F84436591E15C224011B0ECD7D1694ABC,PASS,27,0,1.0,PASS,PASS,PASS,0.027141
C:\Users\USUARIO\Documents\Downloads\BASE DE DATOS 1974-2018 PDFs. WSS\1998\1998-05-18 Rompiendo las barreras de la ignorancia (WSS) Guatemala (movil).pdf,be990f0d-a8bb-4e22-92d3-e9554e56b349,ba5e527b-eccb-4509-89d5-f55d219e9115,1998-05-18,Rompiendo las barreras de la ignorancia.,32,APROBADO,2C9DB133D60750ACE39DA65A3216BF4CB17B60489309D59A1584E5DD2F510E0D,normalizacion_paginada_v2_1_guiones_lexico_20260811,B75821DCA7E73A9A59289274E77E823F84436591E15C224011B0ECD7D1694ABC,PASS,30,0,1.0,PASS,PASS,PASS,0.013969
"C:\Users\USUARIO\Documents\Downloads\BASE DE DATOS 1974-2018 PDFs. WSS\1998\1998-05-25 El Séptimo Sello y el Nuevo Orden Sacerdotal (WSS) Nata Golpa, Nicaragua (movil).pdf",02f52648-12b8-4c89-a1ee-bd7cdc1f8f52,960f2a34-2991-4287-beea-4430e024ea3e,1998-05-25,El Septimo Sello y el nuevo Orden Sacerdotal.,21,APROBADO,B993AB83D628772E0B1ED60C81C07355DC372BA299D5A7411FFDF8E628B8DA8C,normalizacion_paginada_v2_1_guiones_lexico_20260811,B75821DCA7E73A9A59289274E77E823F84436591E15C224011B0ECD7D1694ABC,PASS,11,0,1.0,PASS,PASS,PASS,0.015399
"C:\Users\USUARIO\Documents\Downloads\BASE DE DATOS 1974-2018 PDFs. WSS\1998\1998-06-14 El Septimo Sello y la obra maestra de Dios (WSS) Cayey, Puerto Rico (movil).pdf",363e4739-1c2c-4902-9f26-dc1a437577b1,e1bb1cc7-2754-4b31-8669-1f0be50ced35,1998-06-14,El Septimo Sello y la Obra maestra de Dios.,75,APROBADO,4F920157A78CD1DAC54D7CECD92D12066B1E994E33B8BC1C62228F5730C38B53,normalizacion_paginada_v2_1_guiones_lexico_20260811,B75821DCA7E73A9A59289274E77E823F84436591E15C224011B0ECD7D1694ABC,PASS,72,0,1.0,PASS,PASS,PASS,0.014065
"C:\Users\USUARIO\Documents\Downloads\BASE DE DATOS 1974-2018 PDFs. WSS\1998\1998-06-18 Dios moviendose en su Obra (WSS) Risaralda, Caldas, Colombia (movil).pdf",4cf61440-7883-4db9-879d-902d4140d136,204d0320-4890-46e2-975e-625cbb9dff4d,1998-06-18,Dios moviendose en su Obra. sencillo,18,APROBADO,76314F2D73614A715226C554C393A60187A8D4257BE99E1566CBBC47484AA370,normalizacion_paginada_v2_1_guiones_lexico_20260811,B75821DCA7E73A9A59289274E77E823F84436591E15C224011B0ECD7D1694ABC,PASS,16,0,1.0,PASS,PASS,PASS,0.027087
"C:\Users\USUARIO\Documents\Downloads\BASE DE DATOS 1974-2018 PDFs. WSS\1998\1998-06-26 Privilegios y deberes de la esposa de Cristo (WSS) Cartagena, Colombia (movil).pdf",f3160b8b-6c90-478a-9989-f81a833312b4,b0307ad7-114f-4cbb-a74f-597b915ab65b,1998-06-26,Privilegios y deberes de la esposa de Cristo. sencillo,21,APROBADO,A736C33DE8B7887E26AD3EE0A65AE861E9A25B21857264F849815A404530EE3B,normalizacion_paginada_v2_1_guiones_lexico_20260811,B75821DCA7E73A9A59289274E77E823F84436591E15C224011B0ECD7D1694ABC,PASS,20,0,1.0,PASS,PASS,PASS,0.024047
C:\Users\USUARIO\Documents\Downloads\BASE DE DATOS 1974-2018 PDFs. WSS\1998\1998-07-05 La bendicion de invocar el nombre de Dios (MOVIL).pdf,dd203e21-cec4-4076-80d8-ca16cf9e4564,5b8a99fa-efe5-4d66-93c1-9da52cdcad33,1998-07-05,La bendicion de invocar el Nombre de Dios. sencillo,54,APROBADO,C46BD8512CD5EDFA792DB24F11CDAEE95AEEE373628F677BE23A8E6C5C7A682D,normalizacion_paginada_v2_1_guiones_lexico_20260811,B75821DCA7E73A9A59289274E77E823F84436591E15C224011B0ECD7D1694ABC,PASS,51,0,1.0,PASS,PASS,PASS,0.029469
C:\Users\USUARIO\Documents\Downloads\BASE DE DATOS 1974-2018 PDFs. WSS\1998\1998-07-05 La Voz de la sangre clama desde la tierra. sencillo.pdf,f0880f2a-739a-4cbc-ba4b-4cd440956365,8278bab1-5042-4d8c-9665-23419015364e,1998-07-05,La Voz de la sangre clama desde la tierra. sencillo,37,APROBADO,89D343E404205594D58D017A9804DA8AEA32835C7697A317463BB099864F45C7,normalizacion_paginada_v2_1_guiones_lexico_20260811,B75821DCA7E73A9A59289274E77E823F84436591E15C224011B0ECD7D1694ABC,PASS,34,0,1.0,PASS,PASS,PASS,0.021283
"C:\Users\USUARIO\Documents\Downloads\BASE DE DATOS 1974-2018 PDFs. WSS\1998\1998-07-22 Todos somos Probados (WSS) Antofagasta, Chile (movil).pdf",c8645ae5-6e3a-4a06-87e1-70efb3430629,d95bffef-8533-4d0f-ab03-27ba78ff30e5,1998-07-22,Todos somos Probados.,26,APROBADO,01FD473DADE4BF0D3A0DC644A791C5BA5156F62FBDEF5816F4AE90E43D1BBE8C,normalizacion_paginada_v2_1_guiones_lexico_20260811,B75821DCA7E73A9A59289274E77E823F84436591E15C224011B0ECD7D1694ABC,PASS,24,0,1.0,PASS,PASS,PASS,0.014701
"C:\Users\USUARIO\Documents\Downloads\BASE DE DATOS 1974-2018 PDFs. WSS\1998\1998-08-05 La Escalera de Jacob (WSS) San Antonio Texas, EEUU (movil).pdf",5860a78f-d49b-43aa-ab1c-5e87e19e1623,be5c2673-5fba-4fae-96e8-90d3484b8c15,1998-08-05,La escalera de Jacob.,8,APROBADO,E954505D4C8E6C543ABB341E537B48F722DEF2BFF3E699BC35A7156D4509E58D,normalizacion_paginada_v2_1_guiones_lexico_20260811,B75821DCA7E73A9A59289274E77E823F84436591E15C224011B0ECD7D1694ABC,PASS,6,0,1.0,PASS,PASS,PASS,0.034726
"C:\Users\USUARIO\Documents\Downloads\BASE DE DATOS 1974-2018 PDFs. WSS\1998\1998-08-14 La obra de Cristo en el día postrero (WSS) Ciudad Victoria, México (movil).pdf",be379106-83b3-4d29-8f9e-bd8c6324a1c8,fd70a61f-23a8-49b4-82e7-4c700c790512,1998-08-14,La obra de Cristo en el día postrero,28,APROBADO,FE406DDDF2BC5FF1367EF8694C5BE55ECC48D0784733B0162F533AA179F677C7,normalizacion_paginada_v2_1_guiones_lexico_20260811,B75821DCA7E73A9A59289274E77E823F84436591E15C224011B0ECD7D1694ABC,PASS,22,0,1.0,PASS,PASS,PASS,0.023908
"C:\Users\USUARIO\Documents\Downloads\BASE DE DATOS 1974-2018 PDFs. WSS\1998\1998-08-17 Siendo unidos a Su Pueblo (WSS) Zacatecas, Mexico (movil).pdf",0c82961e-2877-4886-b58f-474a8b0db95b,073926ac-e714-404f-b229-461f0ee78de7,1998-08-17,Siendo unidos a su pueblo.,24,APROBADO,8AC7C83B142706DBE973A0E86A696E855180CE8A2C677CBE3D006D889C47E204,normalizacion_paginada_v2_1_guiones_lexico_20260811,B75821DCA7E73A9A59289274E77E823F84436591E15C224011B0ECD7D1694ABC,PASS,19,0,1.0,PASS,PASS,PASS,0.026361
"C:\Users\USUARIO\Documents\Downloads\BASE DE DATOS 1974-2018 PDFs. WSS\1998\1998-08-19 Libertados por la Palabra de Dios (WSS) Pachuca, Mexico (movil).pdf",bf8ec2d8-7e0d-4bb3-b044-f847cb32850b,e7a3eed3-afdb-4632-a7f9-1f353eb1c871,1998-08-19,Libertados por la Palabra de Dios. sencillo,32,APROBADO,7B74AD726C140211AC15D208A0E2AA5E847E7DDBC786DB5859C80C843CBDE9BA,normalizacion_paginada_v2_1_guiones_lexico_20260811,B75821DCA7E73A9A59289274E77E823F84436591E15C224011B0ECD7D1694ABC,PASS,27,0,1.0,PASS,PASS,PASS,0.031449
"C:\Users\USUARIO\Documents\Downloads\BASE DE DATOS 1974-2018 PDFs. WSS\1998\1998-08-23 La trayectoria del Cordero Pascual (WSS) Veracruz, México (movil).PDF",4b755409-a151-4bcc-8629-3be8744082bf,8a140c41-749d-48a4-a17f-a98cbe4008dc,1998-08-23,La trayectoria del Cordero Pascual. sencillo,33,APROBADO,4B3DEEA3C4F132BF7263515D035DC48C070E0BD5F29FA472163E5DD06E7B529A,normalizacion_paginada_v2_1_guiones_lexico_20260811,B75821DCA7E73A9A59289274E77E823F84436591E15C224011B0ECD7D1694ABC,PASS,32,0,1.0,PASS,PASS,PASS,0.028553
"C:\Users\USUARIO\Documents\Downloads\BASE DE DATOS 1974-2018 PDFs. WSS\1998\1998-08-23 La trayectoria de la Sangre de Cristo (WSS) Veracruz, Mexico (movil).pdf",23aa150b-4ec7-47c9-a796-26c1c57deb1c,c51bb07e-2ac9-42cd-994d-87bb8c57bde3,1998-08-23,La trayectoria de la sangre de Cristo. sencillo,32,APROBADO,7CBB2FE48E695E367A9388DAD2C2C18453DC616B3858D4E98EAC632DECE84EF8,normalizacion_paginada_v2_1_guiones_lexico_20260811,B75821DCA7E73A9A59289274E77E823F84436591E15C224011B0ECD7D1694ABC,PASS,29,0,1.0,PASS,PASS,PASS,0.026064
"C:\Users\USUARIO\Documents\Downloads\BASE DE DATOS 1974-2018 PDFs. WSS\1998\1998-08-23 La señal de la sangre aplicada hoy (WSS) Veracruz, Mexico (movil).pdf",1ed0e90c-5e72-48f8-9e60-63e28c908033,cbe35d2e-bed1-47b1-978c-db6f8e7c6473,1998-08-23,La Señal de la sangre aplicada hoy. sencillo,24,APROBADO,0BF15CDF33BCA926A2A83DC6BB4716498F9B1309DE5F508E75A9A4991463F3BC,normalizacion_paginada_v2_1_guiones_lexico_20260811,B75821DCA7E73A9A59289274E77E823F84436591E15C224011B0ECD7D1694ABC,PASS,19,0,1.0,PASS,PASS,PASS,0.012937
"C:\Users\USUARIO\Documents\Downloads\BASE DE DATOS 1974-2018 PDFs. WSS\1998\1998-08-28 La Lluvia Tardía de la Enseñanza que desciende del Cielo (WSS) Villahermosa, México (movil).pdf",62346265-c34d-40e5-b6f9-7faa5645d45d,1c825dbd-03d5-4aa8-b56d-65e762ff8c75,1998-08-28,La lluvia tardia de la ensenanza que desciende del Cielo.,7,APROBADO,35C75D209C8EEF1E4FFF56379AF90CEC9A5350083BAC0DD9BC332DEDE39FDFFF,normalizacion_paginada_v2_1_guiones_lexico_20260811,B75821DCA7E73A9A59289274E77E823F84436591E15C224011B0ECD7D1694ABC,PASS,5,0,1.0,PASS,PASS,PASS,0.007003
"C:\Users\USUARIO\Documents\Downloads\BASE DE DATOS 1974-2018 PDFs. WSS\1998\1998-08-30 Un pueblo traido sobre Alas de Aguila (WSS) Villahermosa, México (movil).pdf",53c4e80a-7a43-43d3-bb3c-b4fa8f68ca81,84462666-eda1-4a40-9c84-b4638a267841,1998-08-30,Un pueblo traido sobre Alas de Aguila. sencillo,26,APROBADO,B87792A5874D7C69355ED4ABD5E49516BF440D98EC4C3572423D6E17CACCFE83,normalizacion_paginada_v2_1_guiones_lexico_20260811,B75821DCA7E73A9A59289274E77E823F84436591E15C224011B0ECD7D1694ABC,PASS,23,0,1.0,PASS,PASS,PASS,0.011448
C:\Users\USUARIO\Documents\Downloads\BASE DE DATOS 1974-2018 PDFs. WSS\1998\1998-09-06 El Sumo Sacerdote y sus Vestiduras (WSS) México (movil).pdf,304371a8-ccb6-4cfd-847a-f295826f7601,fd66b3cb-4307-4e23-b354-68edc9798d14,1998-09-06,El Sumo Sacerdote y sus Vestiduras.,27,APROBADO,D5C91A461BD727E0B70D159F387399B83812AAA5D76C8A30046AC917601CACBA,normalizacion_paginada_v2_1_guiones_lexico_20260811,B75821DCA7E73A9A59289274E77E823F84436591E15C224011B0ECD7D1694ABC,PASS,22,0,1.0,PASS,PASS,PASS,0.029563
C:\Users\USUARIO\Documents\Downloads\BASE DE DATOS 1974-2018 PDFs. WSS\1998\1998-09-12 La Misión de la Iglesia de Jesucristo (WSS) Guatemala (movil).pdf,4f7ca47c-f137-4e52-a6f0-58a66556b57e,bf100235-9625-413f-b678-f39fd52e6a7e,1998-09-12,La mision de la Iglesia de Jesucristo.,9,APROBADO,FBD69A50317A15FEF8277C7942A8394B0940FE80FA01B52410AEE700C84787DF,normalizacion_paginada_v2_1_guiones_lexico_20260811,B75821DCA7E73A9A59289274E77E823F84436591E15C224011B0ECD7D1694ABC,PASS,7,0,1.0,PASS,PASS,PASS,0.005365
"C:\Users\USUARIO\Documents\Downloads\BASE DE DATOS 1974-2018 PDFs. WSS\1998\1998-10-11 Hemos hallado al Mesías (WSS) Soacha, Cundinamarca, Colombia.pdf",5a58209a-608c-4b71-8456-d30de845ccdf,2e1a8f60-a8fb-4ce2-affd-499d213eaee9,1998-10-11,Hemos hallado al Mesias. sencillo,80,APROBADO,27581ED5B29393282954BF01943F0CE341343DD015A64A35C8B1A744FCF3F509,normalizacion_paginada_v2_1_guiones_lexico_20260811,B75821DCA7E73A9A59289274E77E823F84436591E15C224011B0ECD7D1694ABC,PASS,73,0,1.0,PASS,PASS,PASS,0.018353
"C:\Users\USUARIO\Documents\Downloads\BASE DE DATOS 1974-2018 PDFs. WSS\1998\1998-10-13 El Misterio del Nuevo Nacimiento (WSS) Machala, Ecuador (movil).pdf",39287523-5a81-4e4a-a578-04126ff43a5e,662a11fe-88cc-4ecb-8c2b-97de26ffd1bf,1998-10-13,El Misterio del Nuevo Nacimiento. sencillo,12,APROBADO,7139C63E5D5452475DA619A2C730CC778E264FE9E4E67CE9D5914742454CE48A,normalizacion_paginada_v2_1_guiones_lexico_20260811,B75821DCA7E73A9A59289274E77E823F84436591E15C224011B0ECD7D1694ABC,PASS,11,0,1.0,PASS,PASS,PASS,0.024751
"C:\Users\USUARIO\Documents\Downloads\BASE DE DATOS 1974-2018 PDFs. WSS\1998\1998-10-16 El ministerio de Melquisedec en el Templo qué está en el Cielo - RM (WSS) Quito, Ecuador (movil) AClaib.pdf",13e2256f-722c-4e6f-80da-10eb7d0750eb,199ad1f5-892c-4fa8-85d2-22385af4cf32,1998-10-16,RM EL ministerio de Melquisedec en el Templo qué está en el Cielo,32,APROBADO,75CEA5D4A6907647C1498E242D330880CE9D50C6B35DC2AC51E138E23222C3FA,normalizacion_paginada_v2_1_guiones_lexico_20260811,B75821DCA7E73A9A59289274E77E823F84436591E15C224011B0ECD7D1694ABC,PASS,29,0,1.0,PASS,PASS,PASS,0.013197
"C:\Users\USUARIO\Documents\Downloads\BASE DE DATOS 1974-2018 PDFs. WSS\1998\1998-10-25 Los Reyes y Sacerdotes de Dios en los Postreros (WSS) Santiago de Chile, Chile (movil).pdf",2cfe74db-628c-420f-bbc8-88f0a659fa2b,bae29db0-91ae-40be-80e6-170f165edb7f,1998-10-25,Los Reyes y Sacerdotes de Dios en los Postreros.,28,APROBADO,D49A52F20CA0699388C11A5E756DC2BBC43211BD8961999C11D8469A53C48492,normalizacion_paginada_v2_1_guiones_lexico_20260811,B75821DCA7E73A9A59289274E77E823F84436591E15C224011B0ECD7D1694ABC,PASS,24,0,1.0,PASS,PASS,PASS,0.026949
"C:\Users\USUARIO\Documents\Downloads\BASE DE DATOS 1974-2018 PDFs. WSS\1998\1998-11-05 Las Grandes mujeres de la Biblia (WSS) Resistencia, Argentina (movil).pdf",116f658b-5b5f-4315-b3a3-09fdd39aac75,926d4703-4db5-4c11-852f-dea7ff85db76,1998-11-05,Las Grandes mujeres de la Biblia. sencillo,15,APROBADO,C70993E842029C1CA115A60F248405FADAD25FBCC4BBEBD01F557EFB88A39939,normalizacion_paginada_v2_1_guiones_lexico_20260811,B75821DCA7E73A9A59289274E77E823F84436591E15C224011B0ECD7D1694ABC,PASS,12,0,1.0,PASS,PASS,PASS,0.003120
"C:\Users\USUARIO\Documents\Downloads\BASE DE DATOS 1974-2018 PDFs. WSS\1998\1998-11-11 La Obra del Verdadero Ungido de Dios y la obra del falso ungido - RM San José de los Campos, Brasil (movil) AClaib.pdf",a03a6ff8-43b2-46cb-80fb-3da4e1b2975b,40a9e9f0-c9ca-486e-8f6c-a148d7730de7,1998-11-11,RM La Obra del Verdadero Ungido de Dios y la obra del falso ungido,40,APROBADO,02B89E837ADC1395FA97F2658E0245AA9C943D92A02A8C943942A7FE670E38D9,normalizacion_paginada_v2_1_guiones_lexico_20260811,B75821DCA7E73A9A59289274E77E823F84436591E15C224011B0ECD7D1694ABC,PASS,36,0,1.0,PASS,PASS,PASS,0.017921
"C:\Users\USUARIO\Documents\Downloads\BASE DE DATOS 1974-2018 PDFs. WSS\1998\1998-11-20 El Señor Jesucristo cambiando de cordero a león (WSS) Goiania, Brasil (movil).pdf",30d8392e-42c0-41cb-a117-c437ccf48b7a,3dcf1f65-d8ff-4cc9-98cc-e628b3beec47,1998-11-20,El Señor Jesucristo cambiando de Cordero a Leon.,28,APROBADO,6DC1156087BD03750D2FCA9C24A6B9A470643D00C145CF33A93117C8777EDFED,normalizacion_paginada_v2_1_guiones_lexico_20260811,B75821DCA7E73A9A59289274E77E823F84436591E15C224011B0ECD7D1694ABC,PASS,23,0,1.0,PASS,PASS,PASS,0.024443
"C:\Users\USUARIO\Documents\Downloads\BASE DE DATOS 1974-2018 PDFs. WSS\1998\1998-11-26 El que tiene mayor testimonio que el de Juan El Bautista (WSS) Presidente Prudente, Brasil (movil).pdf",9a0ec4ab-ace1-4f7b-ad7e-fdfaaca59460,1cd58d06-5f53-4c41-bf39-3e1913fbf8b4,1998-11-26,El que tiene mayor testimonio que el de Juan el bautista.,52,APROBADO,9F81F3BC0F7F7A9E873429DDB73D4A916418D460158A5E8C3A1B7050747677B3,normalizacion_paginada_v2_1_guiones_lexico_20260811,B75821DCA7E73A9A59289274E77E823F84436591E15C224011B0ECD7D1694ABC,PASS,46,0,1.0,PASS,PASS,PASS,0.023902
"C:\Users\USUARIO\Documents\Downloads\BASE DE DATOS 1974-2018 PDFs. WSS\1998\1998-12-13 La Bendición de Obedecer al Angel de Jehová (WSS) Cayey, Puerto Rico (movil).pdf",636b5b97-c6c8-4244-8535-f23e2c35c790,23dacd24-3b16-42b3-aeb6-891d0914fd7f,1998-12-13,La bendicion de obedecer al Angel de Jehova.,19,APROBADO,470D98520FFBFB6935F617A305F68FE037AD0CC98083F7E49724BC17D275BCAA,normalizacion_paginada_v2_1_guiones_lexico_20260811,B75821DCA7E73A9A59289274E77E823F84436591E15C224011B0ECD7D1694ABC,PASS,18,0,1.0,PASS,PASS,PASS,0.021420
"C:\Users\USUARIO\Documents\Downloads\BASE DE DATOS 1974-2018 PDFs. WSS\1998\1998-12-20 Una Concepción del Espíritu Santo (WSS) Cayey, Puerto Rico (movil).pdf",1ade8e28-5ca9-4468-a4b9-ebd25a85eb88,048728af-e7ba-42dc-b489-5d1328188eba,1998-12-20,Una concepcion del Espiritu Santo.,36,APROBADO,96DF7457209197E8F02CB158B12861203682BB8C748653B859F1C7FA8D73F1C7,normalizacion_paginada_v2_1_guiones_lexico_20260811,B75821DCA7E73A9A59289274E77E823F84436591E15C224011B0ECD7D1694ABC,PASS,31,0,1.0,PASS,PASS,PASS,0.029451
"C:\Users\USUARIO\Documents\Downloads\BASE DE DATOS 1974-2018 PDFs. WSS\1998\1998-12-31 El sumo sacerdote intercediendo por el pueblo (WSS) Cayey, Puerto Rico (movil).pdf",16e8f959-ead0-405e-9c1d-7fe8b91d3900,0fa7efcf-9218-4645-ad21-c2f669b4ed8e,1998-12-31,El Sumo Sacerdote intercediendo por el Pueblo. sencillo,19,APROBADO,8F5F426569037571638FE04FF9D21C63262AA93243B9882A3692154D935E963C,normalizacion_paginada_v2_1_guiones_lexico_20260811,B75821DCA7E73A9A59289274E77E823F84436591E15C224011B0ECD7D1694ABC,PASS,16,0,1.0,PASS,PASS,PASS,0.023394
"C:\Users\USUARIO\Documents\Downloads\BASE DE DATOS 1974-2018 PDFs. WSS\1999\1999-01-03 El misterio de la Adopcion (WSS) Cayey, Puerto Rico (movil).pdf",9dbb8cb9-5257-4555-9664-b965c368c74a,883e7749-e896-4fdb-9d32-7d61a75da10f,1999-01-03,El misterio de la adopcion.,13,APROBADO,1B68A46C9D41BFECE648073089E7781706051791368408721148D08C2755E303,normalizacion_paginada_v2_1_guiones_lexico_20260811,B75821DCA7E73A9A59289274E77E823F84436591E15C224011B0ECD7D1694ABC,PASS,12,0,1.0,PASS,PASS,PASS,0.016411
"C:\Users\USUARIO\Documents\Downloads\BASE DE DATOS 1974-2018 PDFs. WSS\1999\1999-02-11 El misterio de la adopcion (WSS) Lago Agrio, Ecuador (movil).PDF",5b47427d-a62d-457d-8974-4d24264478bf,bf375a2f-876c-418b-a726-5940026cd69d,1999-02-11,El misterio de la adopcion. sencillo,8,APROBADO,F736ECCEA4FA45F7C8CFD8D8A5B5F4E20804E13BBCA16F2DD710325F1B692B96,normalizacion_paginada_v2_1_guiones_lexico_20260811,B75821DCA7E73A9A59289274E77E823F84436591E15C224011B0ECD7D1694ABC,PASS,7,0,1.0,PASS,PASS,PASS,0.022727
"C:\Users\USUARIO\Documents\Downloads\BASE DE DATOS 1974-2018 PDFs. WSS\1999\1999-02-16 La Necesidad de conocer la Obra de Dios hoy (WSS) Tarapoto, Perú (movil).pdf",54ebfdb1-65eb-433c-b913-535125b1e00b,6b3ae8ce-3d69-4548-b65b-39028e78a800,1999-02-16,La Necesidad de conocer la Obra de Dios hoy. sencillo,21,APROBADO,8A6CA34B554542D63CCA2D7DD8E40940F528691C843E04110BA5A9AD633A2AD3,normalizacion_paginada_v2_1_guiones_lexico_20260811,B75821DCA7E73A9A59289274E77E823F84436591E15C224011B0ECD7D1694ABC,PASS,19,0,1.0,PASS,PASS,PASS,0.030031
"C:\Users\USUARIO\Documents\Downloads\BASE DE DATOS 1974-2018 PDFs. WSS\1999\1999-02-18 Aprendiendo a Guardar nuestra Alma (WSS) Trujillo, Perú.pdf",1d9ab648-12d9-41eb-9f29-8d16eab85ffb,e7b2cc84-0102-4c24-90a5-87489e34a247,1999-02-18,Aprendiendo a Guardar nuestra Alma. sencillo,16,APROBADO,78C7DCBAC5491BF92DD077CB055A2AAAE22E74FBE1742E65AA848F0C228A9ECF,normalizacion_paginada_v2_1_guiones_lexico_20260811,B75821DCA7E73A9A59289274E77E823F84436591E15C224011B0ECD7D1694ABC,PASS,14,0,1.0,PASS,PASS,PASS,0.019197
"C:\Users\USUARIO\Documents\Downloads\BASE DE DATOS 1974-2018 PDFs. WSS\1999\1999-02-21 El Pueblo que ha oido la Voz de Dios (WSS) Lima, Perú (movil).pdf",20613063-a3e6-42a6-92c5-8be839b41151,4e139ddb-c903-4454-8082-975e899a9c73,1999-02-21,El Pueblo que ha oido la Voz de Dios. sencillo,15,APROBADO,7E2F8FA0F2865FE7B64EB2CBA4ACA04350273D00FE3FF894114FAAE8D55632A8,normalizacion_paginada_v2_1_guiones_lexico_20260811,B75821DCA7E73A9A59289274E77E823F84436591E15C224011B0ECD7D1694ABC,PASS,14,0,1.0,PASS,PASS,PASS,0.021688
"C:\Users\USUARIO\Documents\Downloads\BASE DE DATOS 1974-2018 PDFs. WSS\1999\1999-02-21 Dios saca a su Pueblo de un horno de hierro (WSS) Lima, Perú.pdf",135ecf3e-c407-4f31-86d2-75399ce54c70,76f257c6-8e33-4dd6-9754-4918105aa5e7,1999-02-21,Dios saca a su Pueblo de un horno de hierro. sencillo,14,APROBADO,643C34BFAF81247D0BD497CB1EE48C9EEE2354B40B34DFAB9B45DCA3FFE4B136,normalizacion_paginada_v2_1_guiones_lexico_20260811,B75821DCA7E73A9A59289274E77E823F84436591E15C224011B0ECD7D1694ABC,PASS,9,0,1.0,PASS,PASS,PASS,0.015678
"C:\Users\USUARIO\Documents\Downloads\BASE DE DATOS 1974-2018 PDFs. WSS\1999\1999-03-02 El Dios que Revela lo profundo y lo escondido (WSS) Valparaiso, Chile (movil).pdf",e2b0eb33-c851-477d-8b67-efae604e0430,76d2e9f9-7d2e-40d7-8f98-9ccaf6484bfe,1999-03-02,El Dios que Revela lo profundo y lo escondido. sencillo,15,APROBADO,90ACD71105112A8F96FE3CBC2F758252744A229AA10AB7FCDD143A243D891B2C,normalizacion_paginada_v2_1_guiones_lexico_20260811,B75821DCA7E73A9A59289274E77E823F84436591E15C224011B0ECD7D1694ABC,PASS,15,0,1.0,PASS,PASS,PASS,0.031957
"C:\Users\USUARIO\Documents\Downloads\BASE DE DATOS 1974-2018 PDFs. WSS\1999\1999-03-05 Hemos Hallado al Varon que Dara la Interpretación (WSS) Melipilla, Chile (movil).pdf",3965734d-d01a-4f19-8195-216c876b5790,255e60e5-0dde-42f8-b01c-a2ea8bcad623,1999-03-05,Hemos hallado al Varon que dara la interpretacion.,19,APROBADO,0D984960B6F99025DC7669B43B9034F967352F1668AE9422E89400D224A8127E,normalizacion_paginada_v2_1_guiones_lexico_20260811,B75821DCA7E73A9A59289274E77E823F84436591E15C224011B0ECD7D1694ABC,PASS,18,0,1.0,PASS,PASS,PASS,0.055593
"C:\Users\USUARIO\Documents\Downloads\BASE DE DATOS 1974-2018 PDFs. WSS\1999\1999-03-11 Confirmandonos en la Fe (WSS) Junín, Argentina (movil).pdf",da38b862-df85-4572-961d-f44eeb796d1b,563bd92a-8fdf-4d03-b49c-8f320a566fe1,1999-03-11,Confirmandonos en la Fe. sencillo,13,APROBADO,F36516DC9870B84DD4443BDC66323D927D0C2FDC3883E2BB27ABCBCFC6ABD636,normalizacion_paginada_v2_1_guiones_lexico_20260811,B75821DCA7E73A9A59289274E77E823F84436591E15C224011B0ECD7D1694ABC,PASS,11,0,1.0,PASS,PASS,PASS,0.012463
"C:\Users\USUARIO\Documents\Downloads\BASE DE DATOS 1974-2018 PDFs. WSS\1999\1999-03-15 El Angel que nos liberta del horno de fuego (WSS) Asunción, Paraguay (movil).pdf",5b5b0aeb-a594-4b6f-9221-21f96927cdea,2e108d2f-bca2-4d0d-b56f-7bc521a042a3,1999-03-15,El Angel que nos liberta del horno de fuego. sencillo,6,APROBADO,68754E9C11B4C524B3B6651062A6A394A259A1F0CB840135C95F11EB8CCDD008,normalizacion_paginada_v2_1_guiones_lexico_20260811,B75821DCA7E73A9A59289274E77E823F84436591E15C224011B0ECD7D1694ABC,PASS,4,0,1.0,PASS,PASS,PASS,0.010620
"C:\Users\USUARIO\Documents\Downloads\BASE DE DATOS 1974-2018 PDFs. WSS\1999\1999-03-16 El Lugar que Dios escogio para poner su Palabra (WSS) Asunción, Paraguay (movil).pdf",d40bb2e3-0bd8-44ca-9eda-59703d42341b,7705aac6-1b99-45fb-8846-a2083d4a0439,1999-03-16,El Lugar que Dios escogio para poner su Palabra. sencillo,19,APROBADO,27DE339BFF4FF66326AE8DB4B26F5EBD0B602B0D2FD3D8A555933551EBF2A6E1,normalizacion_paginada_v2_1_guiones_lexico_20260811,B75821DCA7E73A9A59289274E77E823F84436591E15C224011B0ECD7D1694ABC,PASS,17,0,1.0,PASS,PASS,PASS,0.025126
"C:\Users\USUARIO\Documents\Downloads\BASE DE DATOS 1974-2018 PDFs. WSS\1999\1999-03-21 La escritura en la pared del dia postrero (WSS) Franca, Brasil (movil).pdf",e6708f14-4866-4ed6-b803-92f683b58730,1f094abf-f26e-4aff-b332-47d67c1489af,1999-03-21,La escritura en la pared del dia postrero. sencillo,18,APROBADO,8F474774739BC3E08D499A2F1DF1D86B59499160543A464F3325ECC3E7A59F84,normalizacion_paginada_v2_1_guiones_lexico_20260811,B75821DCA7E73A9A59289274E77E823F84436591E15C224011B0ECD7D1694ABC,PASS,17,0,1.0,PASS,PASS,PASS,0.016935
"C:\Users\USUARIO\Documents\Downloads\BASE DE DATOS 1974-2018 PDFs. WSS\1999\1999-03-21 Un Pueblo protegido por Dios (WSS) Franca, Brasil (movil).pdf",439f28f6-e5f0-45f0-975d-7415964dbb88,1e0d50f4-15d9-4194-9734-f33bf299326a,1999-03-21,Un Pueblo protegido por Dios. sencillo,15,APROBADO,AA623E3E521A7F57605B99161DAD915FE2CFA0AF3310AB30FF32AFA059BF535A,normalizacion_paginada_v2_1_guiones_lexico_20260811,B75821DCA7E73A9A59289274E77E823F84436591E15C224011B0ECD7D1694ABC,PASS,13,0,1.0,PASS,PASS,PASS,0.015399
"C:\Users\USUARIO\Documents\Downloads\BASE DE DATOS 1974-2018 PDFs. WSS\1999\1999-03-23 Caminando con Dios agarrados de su Mano (WSS) Jacarey, Brasil (movil).pdf",08aa3d06-6abd-491b-82d1-042da3179b53,6685ff9b-aa73-4dcb-8c7a-51659717d047,1999-03-23,Caminando con Dios agarrados de su Mano. sencillo,15,APROBADO,3F84C4890B6D8C3E9D19F8A1A040CF3BED6C54615636F249F64A83AA80AB13E3,normalizacion_paginada_v2_1_guiones_lexico_20260811,B75821DCA7E73A9A59289274E77E823F84436591E15C224011B0ECD7D1694ABC,PASS,10,0,1.0,PASS,PASS,PASS,0.017151
"C:\Users\USUARIO\Documents\Downloads\BASE DE DATOS 1974-2018 PDFs. WSS\1999\1999-03-24 El Verdadero Fundamento que permanece para Siempre (WSS) Recife, Brasil (movil).pdf",56d3f57c-7193-464c-9b9d-6dbc5de04b29,8683bb6f-8325-435c-ad9a-b542ca04104d,1999-03-24,El Verdadero Fundamento que permanece para Siempre. sencillo,10,APROBADO,813F09EB9D609BD285AE36ECADAD77D1CCBBFFDC3F9E4A78D053A0B8ACF77B7F,normalizacion_paginada_v2_1_guiones_lexico_20260811,B75821DCA7E73A9A59289274E77E823F84436591E15C224011B0ECD7D1694ABC,PASS,9,0,1.0,PASS,PASS,PASS,0.023584
"C:\Users\USUARIO\Documents\Downloads\BASE DE DATOS 1974-2018 PDFs. WSS\1999\1999-03-26 Venciendo todo los Obtaculos para poseer la Bendición (WSS) San Roque, Brasil (movil).pdf",78687b8e-c475-4533-b0c0-29552fafb561,e9d7eacf-0603-483b-a5cd-dcea92778576,1999-03-26,Venciendo todo los Obtaculos para poseer la Bendición.,10,APROBADO,A165190443B955E0647E1926543607B3D9B307A1FAB2308DBB51D5E82304DC08,normalizacion_paginada_v2_1_guiones_lexico_20260811,B75821DCA7E73A9A59289274E77E823F84436591E15C224011B0ECD7D1694ABC,PASS,6,0,1.0,PASS,PASS,PASS,0.021779
"C:\Users\USUARIO\Documents\Downloads\BASE DE DATOS 1974-2018 PDFs. WSS\1999\1999-03-28 Dios prueba a su pueblo para bendecirlo (WSS) San José de los Campos, Brasil (movil).pdf",035109c8-39d7-4563-9084-173caff66438,2be0fc85-ccc0-4fbf-ba52-14ffd0594bae,1999-03-28,Dios prueba a su pueblo para bendecirlo. sencillo,32,APROBADO,AFEF9A902310EDCB272355E5935F04FBFDE4C8B1626A4770712A93C13B914EFE,normalizacion_paginada_v2_1_guiones_lexico_20260811,B75821DCA7E73A9A59289274E77E823F84436591E15C224011B0ECD7D1694ABC,PASS,30,0,1.0,PASS,PASS,PASS,0.023271
"C:\Users\USUARIO\Documents\Downloads\BASE DE DATOS 1974-2018 PDFs. WSS\1999\1999-03-29 La Adopcion de los hijos de Dios (WSS) Bogotá, Colombia (movil).pdf",09aeed38-0b13-47c9-9b59-6e8461d0d71a,e492a0e7-32e7-4562-a1be-762ab9621368,1999-03-29,La Adopcion de los Hijos de Dios.,14,APROBADO,8F295607485F7DDBBC9619CAE98DF6345B5B2B03B7538673BA6EA4123CB5F253,normalizacion_paginada_v2_1_guiones_lexico_20260811,B75821DCA7E73A9A59289274E77E823F84436591E15C224011B0ECD7D1694ABC,PASS,8,0,1.0,PASS,PASS,PASS,0.029261
"C:\Users\USUARIO\Documents\Downloads\BASE DE DATOS 1974-2018 PDFs. WSS\1999\1999-04-02 Por sus heridas fuimos nosotros sanados (WSS) Cayey, Puerto Rico (movil).pdf",2a12d9e9-ac39-4fd5-8f34-1a7835523148,8a2cbb0b-b8ec-4e9e-886a-38e8112ac058,1999-04-02,Por sus heridas fuimos nosotros sanados. sencillo,22,APROBADO,403DB253BE0BD6CB86225C563C6BFBDEF4910175ADFA00EC7791EC27AB93BA98,normalizacion_paginada_v2_1_guiones_lexico_20260811,B75821DCA7E73A9A59289274E77E823F84436591E15C224011B0ECD7D1694ABC,PASS,18,0,1.0,PASS,PASS,PASS,0.010884
"C:\Users\USUARIO\Documents\Downloads\BASE DE DATOS 1974-2018 PDFs. WSS\1999\1999-04-04 La Señal para la Generacion incredula (WSS) Cayey, Puerto Rico (movil).pdf",c0630da9-a597-4796-8610-844bb56afd8a,a135cb08-3da7-43d1-931b-58c4e1e29a1d,1999-04-04,La Señal para la Generacion incredula. sencillo,34,APROBADO,1BC0BFD0A602ABDC0D7C5F1A07FC75D7D36557DCA25F2221735DE80D8287ECAF,normalizacion_paginada_v2_1_guiones_lexico_20260811,B75821DCA7E73A9A59289274E77E823F84436591E15C224011B0ECD7D1694ABC,PASS,32,0,1.0,PASS,PASS,PASS,0.015025
"C:\Users\USUARIO\Documents\Downloads\BASE DE DATOS 1974-2018 PDFs. WSS\1999\1999-04-04 El Amanecer Glorioso de la Resurreccion (WSS) Cayey, Puerto Rico (movil).PDF",9868c9fc-487a-467b-809f-9d8d7b736d91,6e37f95a-efc6-4376-8786-fbe65ec4b3bc,1999-04-04,El Amanecer Glorioso de la Resurreccion. sencillo,19,APROBADO,60BCA04A4E80E1CA4AAB80B35C6FFD22C687F4D07EEF50BF1485CB2A785EEFEF,normalizacion_paginada_v2_1_guiones_lexico_20260811,B75821DCA7E73A9A59289274E77E823F84436591E15C224011B0ECD7D1694ABC,PASS,18,0,1.0,PASS,PASS,PASS,0.014813
"C:\Users\USUARIO\Documents\Downloads\BASE DE DATOS 1974-2018 PDFs. WSS\1999\1999-04-06 Escapa por tu Vida (WSS) Atlanta, Georgia, EEUU (movil).PDF",983e43d8-f97f-4d9f-947c-319e41a61ff2,b368ffcf-79dc-4a47-9103-743d65e83804,1999-04-06,Escapa por tu Vida. sencillo,31,APROBADO,3C2E15FBE50305456529C5002346FA25E24554EC6CDBC42F5B25B2A2F93B5A6A,normalizacion_paginada_v2_1_guiones_lexico_20260811,B75821DCA7E73A9A59289274E77E823F84436591E15C224011B0ECD7D1694ABC,PASS,30,0,1.0,PASS,PASS,PASS,0.029469
"C:\Users\USUARIO\Documents\Downloads\BASE DE DATOS 1974-2018 PDFs. WSS\1999\1999-04-07 Una vez mas Señor (WSS) Dallas, Texas, EEUU (movil).pdf",661105f1-7fc8-485f-afbf-b0fb824b60f8,80c3652c-bdb7-4685-9f93-1f1787244a4a,1999-04-07,Una vez mas Señor. sencillo,15,APROBADO,80123F1146F4991B5538F96FEFCBEAD37D3916FF2E98D1FE2025313F62EBB86F,normalizacion_paginada_v2_1_guiones_lexico_20260811,B75821DCA7E73A9A59289274E77E823F84436591E15C224011B0ECD7D1694ABC,PASS,12,0,1.0,PASS,PASS,PASS,0.017725
"C:\Users\USUARIO\Documents\Downloads\BASE DE DATOS 1974-2018 PDFs. WSS\1999\1999-04-11 El Unico Refugio Seguro (WSS) Austin, Texas, EEUU (movil).pdf",6ff049ae-7a64-4ec9-8de5-20b35801246a,f7ab00c7-f607-4d2c-9004-ce8144ae0ffc,1999-04-11,El Unico Refugio Seguro. sencillo,18,APROBADO,E6FB54A06BBA8D986CBEF134ED2F6C1C0886DB92E849DE2A91C74610DC0010F4,normalizacion_paginada_v2_1_guiones_lexico_20260811,B75821DCA7E73A9A59289274E77E823F84436591E15C224011B0ECD7D1694ABC,PASS,17,0,1.0,PASS,PASS,PASS,0.018754
C:\Users\USUARIO\Documents\Downloads\BASE DE DATOS 1974-2018 PDFs. WSS\1999\1999-04-12 La liberación de la descendencia de Abraham (MOVIL).pdf,c8fd4eac-89a7-4a8d-a69a-c362cc22385b,fc1cb67e-35fd-479e-ac7d-2e3a19df533e,1999-04-12,La liberacion de la descendencia de Abraham. sencillo,18,APROBADO,2361DF6B807879C5C9D29A6D348487F8273CB5CD0448D33281E626C36E94BDBA,normalizacion_paginada_v2_1_guiones_lexico_20260811,B75821DCA7E73A9A59289274E77E823F84436591E15C224011B0ECD7D1694ABC,PASS,15,0,1.0,PASS,PASS,PASS,0.009755
"C:\Users\USUARIO\Documents\Downloads\BASE DE DATOS 1974-2018 PDFs. WSS\1999\1999-04-17 La bendicion de nacer en la Familia de Dios (WSS) Saltillo, Coahuila, México (movil).pdf",2f14d956-0e73-49ba-8d49-78759bd7d7cf,d6639027-d1d6-4d26-8923-208139bacc77,1999-04-17,La bendicion de nacer en la Familia de Dios. sencillo,30,APROBADO,4888E07792E7C02E59B873F2EFFB9105961A9661DA64006A65A8BC81A6A92D23,normalizacion_paginada_v2_1_guiones_lexico_20260811,B75821DCA7E73A9A59289274E77E823F84436591E15C224011B0ECD7D1694ABC,PASS,25,0,1.0,PASS,PASS,PASS,0.021700
C:\Users\USUARIO\Documents\Downloads\BASE DE DATOS 1974-2018 PDFs. WSS\1999\1999-04-22 2 El que desciende del cielo hara la voluntad de Dios (MOVIL).pdf,9bb18169-9859-4722-b90e-4e35a064b072,40fad8f1-b44e-4155-a6ae-edb99b4d6c61,1999-04-22,2 El que desciende del cielo hara la voluntad de Dios,30,APROBADO,379547C9D3844E3188B408E0AAC60464772ADA7E226AB8E6E706850723B88AB0,normalizacion_paginada_v2_1_guiones_lexico_20260811,B75821DCA7E73A9A59289274E77E823F84436591E15C224011B0ECD7D1694ABC,PASS,27,0,1.0,PASS,PASS,PASS,0.018181
"C:\Users\USUARIO\Documents\Downloads\BASE DE DATOS 1974-2018 PDFs. WSS\1999\1999-04-23 El dedo de Jesus escribiendo en tierra (WSS) Chihuahua, México (movil).pdf",1b8b905e-30e9-4403-a059-5201adfe72fb,a901a048-1b28-4c6e-bea9-e906ddf5230d,1999-04-23,El dedo de Jesus escribiendo en tierra.,23,APROBADO,C2E33EAB1FC8042BE836ED8B719F287A95C0B2DCCC518EECEAB92DCE8152EEB4,normalizacion_paginada_v2_1_guiones_lexico_20260811,B75821DCA7E73A9A59289274E77E823F84436591E15C224011B0ECD7D1694ABC,PASS,22,0,1.0,PASS,PASS,PASS,0.014236
"C:\Users\USUARIO\Documents\Downloads\BASE DE DATOS 1974-2018 PDFs. WSS\1999\1999-04-26 El llamo Dioses a quienes vino la Palabra (WSS) Santa Catarina, México (movil).pdf",5d2b078c-d3e8-4efa-aaae-516821bfcb59,6bfaca50-4cc7-48d6-9666-1ce0557728b2,1999-04-26,El llamo Dioses a quienes vino la Palabra. sencillo,12,APROBADO,801EF08A817E7D03AADDBFFB4BEEBCE3CF738B321934AA401976A6E49E66218E,normalizacion_paginada_v2_1_guiones_lexico_20260811,B75821DCA7E73A9A59289274E77E823F84436591E15C224011B0ECD7D1694ABC,PASS,11,0,1.0,PASS,PASS,PASS,0.014536
"C:\Users\USUARIO\Documents\Downloads\BASE DE DATOS 1974-2018 PDFs. WSS\1999\1999-04-26 El misterio de un Redentor Semejante (WSS) Cañada Blanca, México (movil).pdf",0ca9958f-21dd-48f1-bc9c-0208a1999148,16c0f038-c3b9-4b20-bcbc-29b06637cc19,1999-04-26,El misterio de un Redentor Semejante. sencillo,7,APROBADO,FF2B10AEB12B8F58CF2F39173AC235AE3F600C2E89C3E70A17540D6E474B9F8A,normalizacion_paginada_v2_1_guiones_lexico_20260811,B75821DCA7E73A9A59289274E77E823F84436591E15C224011B0ECD7D1694ABC,PASS,5,0,1.0,PASS,PASS,PASS,0.034676
"C:\Users\USUARIO\Documents\Downloads\BASE DE DATOS 1974-2018 PDFs. WSS\1999\1999-04-28 El misterio de dar la Vida para volverla a tomar (WSS) Matamoros, Tamaulipas, México (movil).pdf",1d014478-89d0-45ba-8c05-1447bfd01dcd,84e263c3-f28f-4ca3-8456-dcdc0225ca2b,1999-04-28,El misterio de dar la Vida para volverla a tomar. sencillo,11,APROBADO,CE88CCC4739E86C957731AA0BE13C1622582F7747ACEA2C472A70581B0222FE7,normalizacion_paginada_v2_1_guiones_lexico_20260811,B75821DCA7E73A9A59289274E77E823F84436591E15C224011B0ECD7D1694ABC,PASS,8,0,1.0,PASS,PASS,PASS,0.019277
C:\Users\USUARIO\Documents\Downloads\BASE DE DATOS 1974-2018 PDFs. WSS\1999\1999-05-02 La Obra de introduccion al milenio (WSS) México.PDF,ab6287d2-f36c-4b49-82a4-fe1e886cdef6,89789cef-c245-4f6b-856a-bdc795776b3e,1999-05-02,La Obra de introduccion al milenio. sencillo,8,APROBADO,180BE394B6A75B0EDE21515BE0F92CB5AF1906CBEEEDE48A14C46E0A839B55D4,normalizacion_paginada_v2_1_guiones_lexico_20260811,B75821DCA7E73A9A59289274E77E823F84436591E15C224011B0ECD7D1694ABC,PASS,7,0,1.0,PASS,PASS,PASS,0.004290
"C:\Users\USUARIO\Documents\Downloads\BASE DE DATOS 1974-2018 PDFs. WSS\1999\1999-05-12 El Angel con el incensario de oro (WSS) Veracruz, México (movil).PDF",b9db289e-3194-4cfb-bf47-949da5ddf302,e291ec50-c540-458c-94e2-44bb061d4f50,1999-05-12,El Angel con el incensario de oro. sencillo,15,APROBADO,B3849CE99AF4A2802C9D7F7BCCC39235DCFD3A6B2A29B8140A9E9EB9A87B85E8,normalizacion_paginada_v2_1_guiones_lexico_20260811,B75821DCA7E73A9A59289274E77E823F84436591E15C224011B0ECD7D1694ABC,PASS,14,0,1.0,PASS,PASS,PASS,0.053262
"C:\Users\USUARIO\Documents\Downloads\BASE DE DATOS 1974-2018 PDFs. WSS\1999\1999-05-16 Las Obras que identifican al Enviado de Dios (WSS) Villahermosa, Tabasco, México (movil).PDF",89988cc1-8dac-479b-913e-5fb23bd76012,56920111-2356-42e4-8564-f1022b7d7c98,1999-05-16,Las Obras que identifican al Enviado de Dios. sencillo,21,APROBADO,FEFAE96F7E98A82AA8CDAAFF4AC074A35BF2E0D556013363895B4886A46EB8D5,normalizacion_paginada_v2_1_guiones_lexico_20260811,B75821DCA7E73A9A59289274E77E823F84436591E15C224011B0ECD7D1694ABC,PASS,20,0,1.0,PASS,PASS,PASS,0.019734
"C:\Users\USUARIO\Documents\Downloads\BASE DE DATOS 1974-2018 PDFs. WSS\1999\1999-05-16 La mano de Dios que sostiene las Ovejas (WSS) Villahermosa, Tabasco, México (movil).pdf",d38d00b8-d059-4eec-9e86-509b69e1ee0f,0e162c56-105f-46f4-b0ed-1c273b3d1216,1999-05-16,La mano de Dios que sostiene las Ovejas. sencillo,15,APROBADO,C598AD123E03F27D15179116404733D8424C6B5B1F129B44BB39C7638220BBA2,normalizacion_paginada_v2_1_guiones_lexico_20260811,B75821DCA7E73A9A59289274E77E823F84436591E15C224011B0ECD7D1694ABC,PASS,14,0,1.0,PASS,PASS,PASS,0.014197
"C:\Users\USUARIO\Documents\Downloads\BASE DE DATOS 1974-2018 PDFs. WSS\1999\1999-05-18 El que tiene el Testimonio Verdadero (WSS) Positos, Campeche, México (movil).pdf",4819bb67-a44e-484f-a841-ae2e7a709905,275d682a-0b87-4f2a-b874-cd3ada45ce3f,1999-05-18,El que tiene el Testimonio Verdadero. sencillo,13,APROBADO,20595FB06113039A91ECAF111A02EFF6750561BB71CCAD144A5B939A3B837244,normalizacion_paginada_v2_1_guiones_lexico_20260811,B75821DCA7E73A9A59289274E77E823F84436591E15C224011B0ECD7D1694ABC,PASS,8,0,1.0,PASS,PASS,PASS,0.019886
"C:\Users\USUARIO\Documents\Downloads\BASE DE DATOS 1974-2018 PDFs. WSS\1999\1999-05-23 La bendicion de Melquisedec en el dia postrero (WSS) San Luis, Potosí, México (movil).PDF",5a2408c6-90e4-4f06-9451-619173da8faf,7377a3e6-4b6f-4b45-ab81-01e1e6b18ca8,1999-05-23,La bendicion de Melquisedec en el dia postrero. sencillo,28,APROBADO,37DB9F1E85435FBCF007328DA319BCE913E160040D9FADF6A10056A817F881A4,normalizacion_paginada_v2_1_guiones_lexico_20260811,B75821DCA7E73A9A59289274E77E823F84436591E15C224011B0ECD7D1694ABC,PASS,27,0,1.0,PASS,PASS,PASS,0.013964
"C:\Users\USUARIO\Documents\Downloads\BASE DE DATOS 1974-2018 PDFs. WSS\1999\1999-06-06 El encuentro de Melquisedec con la Simiente de Abraham en el dia postrero (WSS) Cayey, Puerto Rico (movil).pdf",529a81b5-090e-45ee-9bae-4b3fc34e8e60,cf81e785-6ab6-492b-ba8d-be0d3e0f17e8,1999-06-06,El encuentro de Melquisedec con la Simiente de Abraham en el dia postrero. sencillo,20,APROBADO,4309D34B151EE35BAD9F35E6B13045496C375D1919986A9E0E842540EFBF89AE,normalizacion_paginada_v2_1_guiones_lexico_20260811,B75821DCA7E73A9A59289274E77E823F84436591E15C224011B0ECD7D1694ABC,PASS,19,0,1.0,PASS,PASS,PASS,0.021763
"C:\Users\USUARIO\Documents\Downloads\BASE DE DATOS 1974-2018 PDFs. WSS\1999\1999-06-20 Donde esta el Dios de Elias (WSS) Cayey, Puerto Rico (movil).pdf",691f2dc7-3cde-482d-94a2-d955d3c21696,0cdd6af2-e272-46dc-89b3-5de28f86dee6,1999-06-20,Donde esta el Dios de Elias. sencillo,26,APROBADO,55C36610A35E5C0FBD8C161D48677904570D1F5D87F2F27E976200694B22BA9A,normalizacion_paginada_v2_1_guiones_lexico_20260811,B75821DCA7E73A9A59289274E77E823F84436591E15C224011B0ECD7D1694ABC,PASS,25,0,1.0,PASS,PASS,PASS,0.015498
"C:\Users\USUARIO\Documents\Downloads\BASE DE DATOS 1974-2018 PDFs. WSS\1999\1999-06-20 Dios mostrandonos el camino por donde debemos andar (WSS) Cayey, Puerto Rico (movil).pdf",fbd371b0-722c-4c21-9e85-6c5f8c0b0334,84e17c02-0fa1-4f6e-b0e8-c02809f253f9,1999-06-20,Dios mostrandonos el camino por donde debemos andar. sencillo,13,APROBADO,F4EF7DFB8FEBD8B5751223E3BEF88FCCC32652BB789D5600856B4DAAA0766143,normalizacion_paginada_v2_1_guiones_lexico_20260811,B75821DCA7E73A9A59289274E77E823F84436591E15C224011B0ECD7D1694ABC,PASS,11,0,1.0,PASS,PASS,PASS,0.018618
"C:\Users\USUARIO\Documents\Downloads\BASE DE DATOS 1974-2018 PDFs. WSS\1999\1999-06-22 Donde estas Tu (WSS) Bogotá, Colombia (movil).PDF",3304afc7-23d6-42ee-a50a-afd73c848ae7,5553682e-2079-4e62-8f59-a59e891dedca,1999-06-22,Donde estas Tu. sencillo,17,APROBADO,94B70F49E80009AA0AFF0F74E3762A931C760E61668E59175844BA2C34077DED,normalizacion_paginada_v2_1_guiones_lexico_20260811,B75821DCA7E73A9A59289274E77E823F84436591E15C224011B0ECD7D1694ABC,PASS,16,0,1.0,PASS,PASS,PASS,0.026420
"C:\Users\USUARIO\Documents\Downloads\BASE DE DATOS 1974-2018 PDFs. WSS\1999\1999-06-23 Haciendo siempre lo que agrada al Señor (WSS) Santa Marta, Colombia (movil).PDF",e9134e5a-e319-44a4-8962-ffc22721ba80,fd486982-71ca-4983-9960-0641626e69a3,1999-06-23,Haciendo siempre lo que agrada al Señor. sencillo,21,APROBADO,F1DE0D3BE3C652FAA91E5FC5151DFBB3AC92239D925B9FE257792E93CFEBAD79,normalizacion_paginada_v2_1_guiones_lexico_20260811,B75821DCA7E73A9A59289274E77E823F84436591E15C224011B0ECD7D1694ABC,PASS,18,-2,1.0,PASS,PASS,PASS,0.010404
"C:\Users\USUARIO\Documents\Downloads\BASE DE DATOS 1974-2018 PDFs. WSS\1999\1999-07-09 Despojandonos de peso del pecado (WSS) Chiclayo, Perú (movil).PDF",8f5d681f-b9bc-455e-80b3-cc9dfeb93fa7,6b9f2b2c-05b5-478d-834f-32ea08fb9f81,1999-07-09,Despojandonos de peso del pecado. sencillo,9,APROBADO,F3C7B6663A59D27A698DB5F65EA7B496681C204EFE0511B124718072B2723908,normalizacion_paginada_v2_1_guiones_lexico_20260811,B75821DCA7E73A9A59289274E77E823F84436591E15C224011B0ECD7D1694ABC,PASS,8,0,1.0,PASS,PASS,PASS,0.026169
"C:\Users\USUARIO\Documents\Downloads\BASE DE DATOS 1974-2018 PDFs. WSS\1999\1999-07-12 El Tesoro Escondido (WSS) Casma, Perú (movil).pdf",6f590722-82c8-413b-9a9b-76ceb6ac69db,818b157f-ebc3-4719-8949-1a32e76364e8,1999-07-12,El Tesoro Escondido. sencillo,9,APROBADO,B1C84EFBE3BDBD4B2B772B5BDFFDED09F0D6CA0DFC8992A1239E8ACAEF731930,normalizacion_paginada_v2_1_guiones_lexico_20260811,B75821DCA7E73A9A59289274E77E823F84436591E15C224011B0ECD7D1694ABC,PASS,7,0,1.0,PASS,PASS,PASS,0.017447
"C:\Users\USUARIO\Documents\Downloads\BASE DE DATOS 1974-2018 PDFs. WSS\1999\1999-07-18 Dios dara a su Ungido todo lo que le pida (WSS) Lima, Perú (movil).PDF",218f744e-772e-43e2-9151-8601ed34869d,d1c0e096-1fe2-4188-b988-4d4b104a92ae,1999-07-18,Dios dara a su Ungido todo lo que le pida. sencillo,22,APROBADO,CF0F7147CB89285DB70C368386C47914B8201D9822D5888522744BD9929DFD6E,normalizacion_paginada_v2_1_guiones_lexico_20260811,B75821DCA7E73A9A59289274E77E823F84436591E15C224011B0ECD7D1694ABC,PASS,21,0,1.0,PASS,PASS,PASS,0.018892
"C:\Users\USUARIO\Documents\Downloads\BASE DE DATOS 1974-2018 PDFs. WSS\1999\1999-07-18 Jesus la Resurreccion y la Vida (WSS) Lima, Perú (movil).PDF",4285abf1-ec5a-41dd-b2e5-be342823ab20,961f00c4-f8c9-4dbd-bb83-e93d1932c2f2,1999-07-18,Jesus la Resurreccion y la Vida. sencillo,14,APROBADO,68F9EA50CE6F6F0EB556A4B4847FB49189E482F0614FED8DA1E3253E0BE36416,normalizacion_paginada_v2_1_guiones_lexico_20260811,B75821DCA7E73A9A59289274E77E823F84436591E15C224011B0ECD7D1694ABC,PASS,13,0,1.0,PASS,PASS,PASS,0.022721
C:\Users\USUARIO\Documents\Downloads\BASE DE DATOS 1974-2018 PDFs. WSS\1999\1999-07-24 RM El Maná del Día Postrero AClaib-cel.pdf,9e96a71d-382e-458d-b036-253cde0fdbd1,34c8337e-74e4-49e0-a682-8c1a12d3a515,1999-07-24,RM El mana del dia postrero,56,APROBADO,116B6B4182CDF90195BAB12DFC600BF899C5AF8D7C73AE736CDF2AF10125953D,normalizacion_paginada_v2_1_guiones_lexico_20260811,B75821DCA7E73A9A59289274E77E823F84436591E15C224011B0ECD7D1694ABC,PASS,52,0,1.0,PASS,PASS,PASS,0.019722
"C:\Users\USUARIO\Documents\Downloads\BASE DE DATOS 1974-2018 PDFs. WSS\1999\1999-07-25 Las promesas para el tiempo del Fin (WSS) Cali, Colombia (movil).pdf",a1413788-ec11-4562-8e72-dd00dae19ea8,be76878b-daec-4157-b594-1f235402523b,1999-07-25,Las promesas para el tiempo del Fin. sencillo,24,APROBADO,241443701C0B267F972C93A5D58799569A1836F1A4272ED05DD3F777A5FE7021,normalizacion_paginada_v2_1_guiones_lexico_20260811,B75821DCA7E73A9A59289274E77E823F84436591E15C224011B0ECD7D1694ABC,PASS,23,0,1.0,PASS,PASS,PASS,0.017679
"C:\Users\USUARIO\Documents\Downloads\BASE DE DATOS 1974-2018 PDFs. WSS\1999\1999-07-25  La Consumacion de las Setenta Semanas de Daniel (WSS) Cali, Colombia (movil).pdf",f13780eb-2d70-43a5-afe2-dfa22f5210aa,8cc56f9a-b336-41b0-b9b3-fdf96888c841,1999-07-25,La Consumacion de las Setenta Semanas de Daniel. sencillo,22,APROBADO,5AB7FACEAFE88998DBEDFC141DB5E9B4A223EC005ACA138867E09A62B3F6CB08,normalizacion_paginada_v2_1_guiones_lexico_20260811,B75821DCA7E73A9A59289274E77E823F84436591E15C224011B0ECD7D1694ABC,PASS,21,0,1.0,PASS,PASS,PASS,0.041213
"C:\Users\USUARIO\Documents\Downloads\BASE DE DATOS 1974-2018 PDFs. WSS\1999\1999-08-01 El Administrador de los Misterios de Dios (WSS) Cayey, Puerto Rico (movil).pdf",2278f60f-064c-416b-b43f-ca841015b351,7fd5cfa3-5c65-40fc-af87-0f26caa5ce36,1999-08-01,El Administrador de los Misterios de Dios. sencillo,25,APROBADO,4418E4C052254462155DE2E2EA245B333B8C6971448377A74A04DC39CC174E47,normalizacion_paginada_v2_1_guiones_lexico_20260811,B75821DCA7E73A9A59289274E77E823F84436591E15C224011B0ECD7D1694ABC,PASS,24,0,1.0,PASS,PASS,PASS,0.012652
"C:\Users\USUARIO\Documents\Downloads\BASE DE DATOS 1974-2018 PDFs. WSS\1999\1999-08-07 Redimiendo el tiempo (WSS) Austin, Texas, EEUU (movil).pdf",7e6388a6-f0b4-4247-be24-796e519553b8,c4986ee6-842b-4b26-9586-3afe4232b5d8,1999-08-07,Redimiendo el tiempo.,14,APROBADO,F61019B02CB6B8420EF880B9792E4B45ECDCCE117AE30EB94CE67D6D031EC89B,normalizacion_paginada_v2_1_guiones_lexico_20260811,B75821DCA7E73A9A59289274E77E823F84436591E15C224011B0ECD7D1694ABC,PASS,12,0,1.0,PASS,PASS,PASS,0.006615
"C:\Users\USUARIO\Documents\Downloads\BASE DE DATOS 1974-2018 PDFs. WSS\1999\1999-08-15 La trayectoria bíblica del Gran Yo Soy (WSS) Monterrey, México (movil).pdf",5a218f68-8311-4c82-a247-58484e125e58,8b65ad8a-c31f-46b5-9705-398ca5451208,1999-08-15,La trayectoria Biblica del Gran Yo Soy.,58,APROBADO,F8E9591633C60552550908DCFB7B912B9A92F8DB73EA7834AAB08A607E1809DD,normalizacion_paginada_v2_1_guiones_lexico_20260811,B75821DCA7E73A9A59289274E77E823F84436591E15C224011B0ECD7D1694ABC,PASS,55,0,1.0,PASS,PASS,PASS,0.025591
"C:\Users\USUARIO\Documents\Downloads\BASE DE DATOS 1974-2018 PDFs. WSS\1999\1999-08-18 La Edad de la Mente (WSS) Acapulco, México (movil).pdf",8a00d94b-62cd-4916-bcc7-4e410191679b,3b15e3b9-2ca6-40dc-9668-22ad12ac9ecd,1999-08-18,La Edad de la Mente.,19,APROBADO,3C81E95425408DE185C6F45025E59BA4A91B6EBFC264C868CD4D14EBA419B02F,normalizacion_paginada_v2_1_guiones_lexico_20260811,B75821DCA7E73A9A59289274E77E823F84436591E15C224011B0ECD7D1694ABC,PASS,15,0,1.0,PASS,PASS,PASS,0.019128
"C:\Users\USUARIO\Documents\Downloads\BASE DE DATOS 1974-2018 PDFs. WSS\1999\1999-08-29 La descripcion profetica del Hijo del Hombre para el dia postrero (WSS) Topochico, México (movil).PDF",1db96d71-2b45-43e4-8733-956bc094d30e,236d1a6c-ed61-45c0-a0ae-8861dfb1ae15,1999-08-29,La descripcion profetica del Hijo del Hombre para el dia postrero. sencillo,22,APROBADO,927BD90880AF26056B3C952C64ED733F86103B19E28CC92D1D9A25C351C726EE,normalizacion_paginada_v2_1_guiones_lexico_20260811,B75821DCA7E73A9A59289274E77E823F84436591E15C224011B0ECD7D1694ABC,PASS,21,0,1.0,PASS,PASS,PASS,0.033438
"C:\Users\USUARIO\Documents\Downloads\BASE DE DATOS 1974-2018 PDFs. WSS\1999\1999-09-02 El Joven trayendo a vida la Palabra de Dios en este dia postrero (WSS) Villahermosa, México (movil).pdf",a44c0b10-ace3-496e-a575-ca1637d77851,650fcd8d-40a4-48c5-8dab-0992b42d0f13,1999-09-02,El Joven trayendo a vida la Palabra de Dios en este dia postrero. sencillo,20,APROBADO,494F331432F9972EDE7FD5A41EDF523E478CED74A01CE5539769E7ECD769B0F4,normalizacion_paginada_v2_1_guiones_lexico_20260811,B75821DCA7E73A9A59289274E77E823F84436591E15C224011B0ECD7D1694ABC,PASS,18,0,1.0,PASS,PASS,PASS,0.010440
"C:\Users\USUARIO\Documents\Downloads\BASE DE DATOS 1974-2018 PDFs. WSS\1999\1999-09-03 El que puede destruir la muerte (WSS) Villahermosa, México (movil).pdf",795afaee-a60d-4ba1-9280-c6abef3d6ebf,f58466d7-e298-4d2e-85f5-1335463fca28,1999-09-03,El que puede destruir la muerte. sencillo,15,APROBADO,E17706F5BAF50E461D988DDAD9D5B85C34CFB111D2FF736FF7152E91BD485301,normalizacion_paginada_v2_1_guiones_lexico_20260811,B75821DCA7E73A9A59289274E77E823F84436591E15C224011B0ECD7D1694ABC,PASS,12,0,1.0,PASS,PASS,PASS,0.027098
"C:\Users\USUARIO\Documents\Downloads\BASE DE DATOS 1974-2018 PDFs. WSS\1999\1999-09-05 La herencia que recibimos al nacer en la Familia de Dios (WSS) Villahermosa, México (movil).pdf",c18df988-050d-4a33-8f40-16db9df22772,babbb640-5381-4d22-8ff6-621150bfda0d,1999-09-05,La herencia que recibimos al nacer en la Familia de Dios. sencillo,20,APROBADO,2883D104F591C2AFF1C6BE14F79048F4CB8F6E34B84CBD71E15E9CD26031965E,normalizacion_paginada_v2_1_guiones_lexico_20260811,B75821DCA7E73A9A59289274E77E823F84436591E15C224011B0ECD7D1694ABC,PASS,19,0,1.0,PASS,PASS,PASS,0.021260
"C:\Users\USUARIO\Documents\Downloads\BASE DE DATOS 1974-2018 PDFs. WSS\1999\1999-09-06 Dios Recompensa al Siervo Fiel (WSS) Ciudad del Carmen, México (movil).pdf",af947813-7c1b-4728-a18d-dace33e1e449,18a66bf4-647a-4d07-8a7e-d6d98e4c0c20,1999-09-06,Dios Recompensa al Siervo Fiel.,15,APROBADO,1D55AE7EBC78F7FF8158015E0E1BBF78A3E81F275E965210294928F07308504C,normalizacion_paginada_v2_1_guiones_lexico_20260811,B75821DCA7E73A9A59289274E77E823F84436591E15C224011B0ECD7D1694ABC,PASS,13,0,1.0,PASS,PASS,PASS,0.019633
"C:\Users\USUARIO\Documents\Downloads\BASE DE DATOS 1974-2018 PDFs. WSS\1999\1999-09-17 La Señal del Fin del Siglo (WSS) San Mateo, Guatemala (movil).pdf",df90219d-6215-4268-af71-20143653ed37,273aab9a-f7b9-4ae6-afea-ad606b2f8a7e,1999-09-17,La Señal del Fin del Siglo. sencillo,21,APROBADO,B6CB0915F2E37BD0DC3B2ED7168FA67E5569E27EB6022EEF4EBF0C455CA8FB4F,normalizacion_paginada_v2_1_guiones_lexico_20260811,B75821DCA7E73A9A59289274E77E823F84436591E15C224011B0ECD7D1694ABC,PASS,17,0,1.0,PASS,PASS,PASS,0.013853
C:\Users\USUARIO\Documents\Downloads\BASE DE DATOS 1974-2018 PDFs. WSS\1999\1999-09-17 Para Dios todo es posible (WSS) Guatemala (movil).pdf,396c9871-80a0-4c3e-a2c7-b524bf947019,968edf83-adea-49c7-9b81-042414c4a8ec,1999-09-17,Para Dios todo es posible. sencillo,14,APROBADO,6A1E85030D0E8856A80696E6FD6A9A8D47D8C5561531264395F59F2F721C5B51,normalizacion_paginada_v2_1_guiones_lexico_20260811,B75821DCA7E73A9A59289274E77E823F84436591E15C224011B0ECD7D1694ABC,PASS,14,0,1.0,PASS,PASS,PASS,0.018580
C:\Users\USUARIO\Documents\Downloads\BASE DE DATOS 1974-2018 PDFs. WSS\1999\1999-09-18 Anclados sobre la Vida Eterna (WSS) Guatemala (movil).pdf,219f330a-8926-4047-b5b9-4dae90af760a,986b45cd-8185-484b-a968-42d59a844686,1999-09-18,Anclados sobre la Vida Eterna. sencillo,16,APROBADO,92AA665D8C81A13B5C8EE7DCB8AB80AF145834A7B5BDCF6873296E686E598203,normalizacion_paginada_v2_1_guiones_lexico_20260811,B75821DCA7E73A9A59289274E77E823F84436591E15C224011B0ECD7D1694ABC,PASS,14,0,1.0,PASS,PASS,PASS,0.020734
"C:\Users\USUARIO\Documents\Downloads\BASE DE DATOS 1974-2018 PDFs. WSS\1999\1999-10-10 Jesus de la cruz al Trono del Padre (WSS) Bogotá, Colombia (movil).pdf",a7213297-898a-4074-ad78-2d42976d82a8,0033ef1c-371a-4402-9854-569babaaae34,1999-10-10,Jesus de la cruz al Trono del Padre.,17,APROBADO,A9BB83322656E717BA252169DA5C5533471C05887A18819BD9D477556F56BCC4,normalizacion_paginada_v2_1_guiones_lexico_20260811,B75821DCA7E73A9A59289274E77E823F84436591E15C224011B0ECD7D1694ABC,PASS,17,0,1.0,PASS,PASS,PASS,0.013046
C:\Users\USUARIO\Documents\Downloads\BASE DE DATOS 1974-2018 PDFs. WSS\1999\1999-10-17 El hilo del Pensamiento Divino la Casa de Dios en tiempo presente (WSS) Perú (movil).pdf,7016cd9f-96ee-4f04-9153-5f57023451f9,061e953e-533b-471b-896d-53f79603277d,1999-10-17,El hilo del pensamiento Divino La Casa de Dios en tiempo presente.,30,APROBADO,B57A4A21ABFDA061CE9823C145FA29E8EAD09F80CA9FD289FE8EB1EC6F241F22,normalizacion_paginada_v2_1_guiones_lexico_20260811,B75821DCA7E73A9A59289274E77E823F84436591E15C224011B0ECD7D1694ABC,PASS,20,0,1.0,PASS,PASS,PASS,0.027114
C:\Users\USUARIO\Documents\Downloads\BASE DE DATOS 1974-2018 PDFs. WSS\1999\1999-10-25 Solo Dios es digno de adoracion y servicio (MOVIL).pdf,d9169086-5dae-4ad9-abf8-a6cc1b29278c,a4def983-d721-4d46-8973-abe105285533,1999-10-25,Solo Dios es digno de adoracion y servicio.,23,APROBADO,DC4EBEB45F2B4564C14C749D94D7AA31EBF0B799BAD9B4C6885F333E010034F2,normalizacion_paginada_v2_1_guiones_lexico_20260811,B75821DCA7E73A9A59289274E77E823F84436591E15C224011B0ECD7D1694ABC,PASS,20,0,1.0,PASS,PASS,PASS,0.024501
"C:\Users\USUARIO\Documents\Downloads\BASE DE DATOS 1974-2018 PDFs. WSS\1999\1999-10-31 El alimento que Dios nos da (WSS) Santiago de Chile, Chile (movil).pdf",f94f3e2b-d81a-4c88-b52c-b64b5f32cb76,a32e6404-ffd2-453b-8ac3-58a90463e4a2,1999-10-31,El Alimento que Dios nos da,47,APROBADO,75E7CE11BE19E2FDECA10ACE14AB83190D4F980C3AADDDBB2DC84FBE051AAF79,normalizacion_paginada_v2_1_guiones_lexico_20260811,B75821DCA7E73A9A59289274E77E823F84436591E15C224011B0ECD7D1694ABC,PASS,44,0,1.0,PASS,PASS,PASS,0.020413
"C:\Users\USUARIO\Documents\Downloads\BASE DE DATOS 1974-2018 PDFs. WSS\1999\1999-11-01 Caminando hacia la perfeccion (WSS) Talcahuano, Chile (movil).pdf",f48ef50e-f3e2-4e89-96d4-932983b24dfd,f626cb74-ae0f-4f54-b0af-49bd02461f55,1999-11-01,Caminando hacia la perfeccion. sencillo,10,APROBADO,4E181CB93336CFA003D4049C054909C5E5E7F1BC9E845FA8DD3FE3BB203CB08F,normalizacion_paginada_v2_1_guiones_lexico_20260811,B75821DCA7E73A9A59289274E77E823F84436591E15C224011B0ECD7D1694ABC,PASS,8,0,1.0,PASS,PASS,PASS,0.014912
"C:\Users\USUARIO\Documents\Downloads\BASE DE DATOS 1974-2018 PDFs. WSS\1999\1999-11-04 Honrando el Lugar que Dios escoja para poner su Nombre (WSS) Lo Prado, Chile (movil).pdf",08b52763-4254-48f5-ac50-270c2fdebd86,53c51514-7a34-402e-9b45-e10466278697,1999-11-04,Honrando el Lugar que Dios escoja para poner su Nombre.,35,APROBADO,343270E51C0631825086A8C49A1379DB70D08E42540FB692A33B9C7F33300FFF,normalizacion_paginada_v2_1_guiones_lexico_20260811,B75821DCA7E73A9A59289274E77E823F84436591E15C224011B0ECD7D1694ABC,PASS,32,0,1.0,PASS,PASS,PASS,0.026533
"C:\Users\USUARIO\Documents\Downloads\BASE DE DATOS 1974-2018 PDFs. WSS\1999\1999-11-05 Oyendo y entendiendo lo que Juan oyo vio y entendio (WSS) Melipilla, Chile (movil).pdf",0a327863-9229-4ce3-8788-0917ffe6f245,b972e74f-fa0e-45d0-96b6-f005ff85ad52,1999-11-05,Oyendo y entendiendo lo que Juan oyo vio y entendio.,39,APROBADO,3C7BB56DA741AFDE6FE08A22A29C1FB7973EC985FB93DDCD1D3A0E969A5582CE,normalizacion_paginada_v2_1_guiones_lexico_20260811,B75821DCA7E73A9A59289274E77E823F84436591E15C224011B0ECD7D1694ABC,PASS,36,0,1.0,PASS,PASS,PASS,0.024396
"C:\Users\USUARIO\Documents\Downloads\BASE DE DATOS 1974-2018 PDFs. WSS\1999\1999-11-05 Las bendicion y maldicion delante del Ser humano (WSS) Melipilla, Chile (movil).pdf",66fd27fe-ace7-49bb-9a5c-8e414b450ea7,676c98fd-85f7-4b9a-9a81-301c35cf663e,1999-11-05,Las bendicion y maldicion delante del Ser humano.,19,APROBADO,58BE2CC8D96E679BCF3B93D454B57817386EFA40E6680BF5E7809BDF242AC841,normalizacion_paginada_v2_1_guiones_lexico_20260811,B75821DCA7E73A9A59289274E77E823F84436591E15C224011B0ECD7D1694ABC,PASS,16,0,1.0,PASS,PASS,PASS,0.017422
"C:\Users\USUARIO\Documents\Downloads\BASE DE DATOS 1974-2018 PDFs. WSS\1999\1999-11-07 El Lugar donde Dios quiere que este su Palabra (WSS) Lo Prado, Chile (movil).pdf",cfdee084-274f-461c-b808-59246d2cb7ae,25b9b908-fade-4c65-a293-9afa89b7d93a,1999-11-07,El Lugar Donde Dios quiere que este su Palabra.,49,APROBADO,C535DBB83116F4D88B5227CF67A45F8187EF3EFD186BCB0394024ED7EF2291BC,normalizacion_paginada_v2_1_guiones_lexico_20260811,B75821DCA7E73A9A59289274E77E823F84436591E15C224011B0ECD7D1694ABC,PASS,45,0,1.0,PASS,PASS,PASS,0.019104
"C:\Users\USUARIO\Documents\Downloads\BASE DE DATOS 1974-2018 PDFs. WSS\1999\1999-11-07 Todo lugar que pisare la planta de vuestros pies sera vuestro (WSS) Lo Prado, Chile (movil).pdf",3e37f06f-ee42-42fa-82ca-a40ace2f6563,e555fc58-1742-4bb5-97db-6b518dd0ce61,1999-11-07,Todo lugar que pisare la planta de vuestros pies sera vuestro.,47,APROBADO,4EF93E1233C0A603EECCD11159450ED9730607F309AE2C8EEE8D7C2DAE989C58,normalizacion_paginada_v2_1_guiones_lexico_20260811,B75821DCA7E73A9A59289274E77E823F84436591E15C224011B0ECD7D1694ABC,PASS,43,0,1.0,PASS,PASS,PASS,0.016999
"C:\Users\USUARIO\Documents\Downloads\BASE DE DATOS 1974-2018 PDFs. WSS\1999\1999-12-19 Jesucristo roca de ayuda y piedra de tropiezo (WSS) Cayey, Puerto Rico (movil).pdf",b51d99bb-aa9e-4aca-8e4b-d81a364713e8,91873231-f96c-4e7c-b0d8-5aef7de1f87e,1999-12-19,Jesucristo roca de ayuda y piedra de tropiezo.,28,APROBADO,5B4F99397E08BBC43F808619BA3C4540916579070B59AC166B11C65EC211A7E9,normalizacion_paginada_v2_1_guiones_lexico_20260811,B75821DCA7E73A9A59289274E77E823F84436591E15C224011B0ECD7D1694ABC,PASS,26,0,1.0,PASS,PASS,PASS,0.035025
"C:\Users\USUARIO\Documents\Downloads\BASE DE DATOS 1974-2018 PDFs. WSS\1999\1999-12-31 Las Cosas que están proteizadas para el fin del siglo (WSS) Cayey, Puerto Rico (movil).pdf",694adab4-9846-4b20-ada0-c245801514d9,38b997ba-fc8e-487c-87fa-64bc41611404,1999-12-31,Las Cosas que están proteizadas para el fin del siglo.,14,APROBADO,A23508BCD9143AEF9A040A18CC24B38D6130629BF82C6795C56C8D1085642AF0,normalizacion_paginada_v2_1_guiones_lexico_20260811,B75821DCA7E73A9A59289274E77E823F84436591E15C224011B0ECD7D1694ABC,PASS,13,0,1.0,PASS,PASS,PASS,0.021727
"C:\Users\USUARIO\Documents\Downloads\BASE DE DATOS 1974-2018 PDFs. WSS\2000\2000-01-09 2 La Gran Voz de Trompeta en el Exodo del dia postrero (WSS) Cayey, Puerto Rico (movil).pdf",7553cc74-6343-4aeb-b35c-dea7a575080b,6c52d31c-5b17-4134-a8b9-5c2d4441e288,2000-01-09,2 La Gran Voz de Trompeta en el Exodo del dia postrero Sencillo,46,APROBADO,7CC70B6B8C839B65EFB82C1A9F6A72AF3F386F7247ED04C32CF89FAFD8D9652F,normalizacion_paginada_v2_1_guiones_lexico_20260811,B75821DCA7E73A9A59289274E77E823F84436591E15C224011B0ECD7D1694ABC,PASS,37,0,1.0,PASS,PASS,PASS,0.029328
"C:\Users\USUARIO\Documents\Downloads\BASE DE DATOS 1974-2018 PDFs. WSS\2000\2000-01-16 1 Probados en las Aguas de la Palabra (WSS) Cayey, Puerto Rico (movil).pdf",87c114d9-8829-4542-b9f7-b5bc0d19b16a,dafd95df-d2bd-45b9-af3e-46ee0301f796,2000-01-16,1 Probados en las Aguas de la Palabra,33,APROBADO,93CA837792B77F444BA9C1CFF5657D07449D52C7E185A005676D882929A7E1C8,normalizacion_paginada_v2_1_guiones_lexico_20260811,B75821DCA7E73A9A59289274E77E823F84436591E15C224011B0ECD7D1694ABC,PASS,30,0,1.0,PASS,PASS,PASS,0.024270
"C:\Users\USUARIO\Documents\Downloads\BASE DE DATOS 1974-2018 PDFs. WSS\2000\2000-01-16 2 El Misterio del Bautismo en agua en el Nombre Eterno del Señor Jesucristo (WSS) Cayey, Puerto Rico (movil).pdf",257730cf-cff3-4017-8996-a4c9e1cb074f,d67a46bc-da31-4f1b-a5cd-524cae45a5d2,2000-01-16,2 El Misterio del Bautismo en agua en el Nombre Eterno del Señor Jesucristo. Sencillo,15,APROBADO,CB196547A27EA1CFA1AFE54C8BA665AFBA02962C2E5B092E00B0C63784703D4F,normalizacion_paginada_v2_1_guiones_lexico_20260811,B75821DCA7E73A9A59289274E77E823F84436591E15C224011B0ECD7D1694ABC,PASS,10,0,1.0,PASS,PASS,PASS,0.014160
"C:\Users\USUARIO\Documents\Downloads\BASE DE DATOS 1974-2018 PDFs. WSS\2000\2000-01-23 1 La Salvacion del Alma (WSS) Cayey, Puerto Rico (movil).pdf",fd1f7d7f-aad1-4671-beeb-f347308d1187,fde23b2b-9fdc-4148-bb60-9f8e62236ba4,2000-01-23,1 La Salvacion del Alma.,23,APROBADO,4BA42C29BD0E2A24CB3B3B532969803BF7F9B1E357BC901BA99E0A838D8B394D,normalizacion_paginada_v2_1_guiones_lexico_20260811,B75821DCA7E73A9A59289274E77E823F84436591E15C224011B0ECD7D1694ABC,PASS,19,0,1.0,PASS,PASS,PASS,0.014351
"C:\Users\USUARIO\Documents\Downloads\BASE DE DATOS 1974-2018 PDFs. WSS\2000\2000-01-30 Jose con la tunica de muchos colores (WSS) Cayey, Puerto Rico (movil).pdf",5ba5533b-d5f6-48a3-97e7-d8afa741cd83,1ae72c88-ca2b-4af6-948f-c094fa491ed4,2000-01-30,Jose con la tunica de muchos colores,26,APROBADO,746EFB722A7812B35BDE0D42697AE564887B7A16F4B3DB0F4B1B832C890F5B1F,normalizacion_paginada_v2_1_guiones_lexico_20260811,B75821DCA7E73A9A59289274E77E823F84436591E15C224011B0ECD7D1694ABC,PASS,23,0,1.0,PASS,PASS,PASS,0.016025
"C:\Users\USUARIO\Documents\Downloads\BASE DE DATOS 1974-2018 PDFs. WSS\2000\2000-01-30 1 La Lucha por el Trono de la Dinastia de Melquisedec (WSS) Cayey, Puerto Rico (movil).pdf",4828530c-751c-49f2-bdd2-7f0460caff06,f4acf924-2bf7-4bda-85a8-df09e7d7e923,2000-01-30,1 La Lucha por el Trono de la Dinastia de Melquisedec,15,APROBADO,E89FA8912E4275A7387760A4653C3940CA7B50846810C76F6222996516C18D53,normalizacion_paginada_v2_1_guiones_lexico_20260811,B75821DCA7E73A9A59289274E77E823F84436591E15C224011B0ECD7D1694ABC,PASS,11,0,1.0,PASS,PASS,PASS,0.013105
"C:\Users\USUARIO\Documents\Downloads\BASE DE DATOS 1974-2018 PDFs. WSS\2000\2000-02-01 El bautismo en agua en el nombre del Señor Jesucristo (WSS) Cayey, Puerto Rico (movil).pdf",fd1e6064-adcd-4824-aa77-1373715b411d,1fed88c1-444c-4bec-8546-3009ddf77acb,2000-02-01,El bautismo en agua en el nombre del Señor Jesucristo. Sencillo,20,APROBADO,EC123B5606C6DCF046680968A97CE31EA8B1504433EF1F5596AD873B03E53A66,normalizacion_paginada_v2_1_guiones_lexico_20260811,B75821DCA7E73A9A59289274E77E823F84436591E15C224011B0ECD7D1694ABC,PASS,17,0,1.0,PASS,PASS,PASS,0.033587
"C:\Users\USUARIO\Documents\Downloads\BASE DE DATOS 1974-2018 PDFs. WSS\2000\2000-02-06 1 Los Hijos de Dios Preparados para la Heredad (WSS) Cayey, Puerto Rico (movil).pdf",ab0db6cd-e0bf-479c-a20f-807ecdb5842d,f2026883-d355-490b-a25f-740ef1b7e25a,2000-02-06,1 Los Hijos de Dios Preparados para la Heredad.,29,APROBADO,544FBE15F5CC122FFE63BC1124CB47B2FE4700AEB332EFFE02D59C233FCC8158,normalizacion_paginada_v2_1_guiones_lexico_20260811,B75821DCA7E73A9A59289274E77E823F84436591E15C224011B0ECD7D1694ABC,PASS,25,0,1.0,PASS,PASS,PASS,0.018077
"C:\Users\USUARIO\Documents\Downloads\BASE DE DATOS 1974-2018 PDFs. WSS\2000\2000-02-06 2 La Materializacion del Cielo en la tierra (WSS) Cayey, Puerto Rico (movil).pdf",7e733951-59c7-4d8f-888d-c2eb10d82b20,77572d56-7413-4083-b6a6-0f87ab5be27c,2000-02-06,2 La Materializacion del Cielo en la tierra. Sencillo,23,APROBADO,FB65C8134570D6964EB7A9864B9C236AD0057CFFA1ECF94A7DDA8C1106C1EA22,normalizacion_paginada_v2_1_guiones_lexico_20260811,B75821DCA7E73A9A59289274E77E823F84436591E15C224011B0ECD7D1694ABC,PASS,18,0,1.0,PASS,PASS,PASS,0.030677
"C:\Users\USUARIO\Documents\Downloads\BASE DE DATOS 1974-2018 PDFs. WSS\2000\2000-02-13 1 La Gran Liberacion del Israel Celestial (WSS) Cayey, Puerto Rico (movil).pdf",724e1b5c-3fcf-4e33-981e-53d12af8d524,012ff9d7-8df5-4fe7-aba8-6928b16a4cec,2000-02-13,1 La Gran Liberacion del Israel Celestial. Sencillo,27,APROBADO,5CE5A38DCC7B1ED8E0549A3B6DBCF0477A8C96432485DDB5BE72CC041EA86560,normalizacion_paginada_v2_1_guiones_lexico_20260811,B75821DCA7E73A9A59289274E77E823F84436591E15C224011B0ECD7D1694ABC,PASS,21,0,1.0,PASS,PASS,PASS,0.022331
"C:\Users\USUARIO\Documents\Downloads\BASE DE DATOS 1974-2018 PDFs. WSS\2000\2000-02-20 2 La única esperanza de la Iglesia (WSS) Cayey, Puerto Rico (movil).pdf",a267cd2f-4472-4865-8740-053d63a81d26,7575ec8f-e6c9-4d26-9b60-e9c15f95d1a3,2000-02-20,2 La Unica esperanza de la Iglesia.,24,APROBADO,A8C353A0DDBA72A0365F916A57870BD693822C10B595D3860C67E588DC012DA0,normalizacion_paginada_v2_1_guiones_lexico_20260811,B75821DCA7E73A9A59289274E77E823F84436591E15C224011B0ECD7D1694ABC,PASS,21,0,1.0,PASS,PASS,PASS,0.013117
"C:\Users\USUARIO\Documents\Downloads\BASE DE DATOS 1974-2018 PDFs. WSS\2000\2000-02-22 La Prueba de vuestra Fe (WSS) Bogotá, Colombia (movil).pdf",e1ee18e6-d079-43e9-ab11-80bbb86094cc,5a17e665-b98b-431f-b605-fe2d51b2e0fd,2000-02-22,La Prueba de vuestra Fe. Sencillo,17,APROBADO,39B43437C112FD06F010D16BE230D038B225683ACFFAB0BE57947D9D564BACA3,normalizacion_paginada_v2_1_guiones_lexico_20260811,B75821DCA7E73A9A59289274E77E823F84436591E15C224011B0ECD7D1694ABC,PASS,11,0,1.0,PASS,PASS,PASS,0.021834
"C:\Users\USUARIO\Documents\Downloads\BASE DE DATOS 1974-2018 PDFs. WSS\2000\2000-02-23 Sumergidos en las aguas de la Palabra (WSS) Fusagasugá, Colombia (movil).pdf",5a320eaf-f674-42de-8496-50d29b7c4037,f09601ca-647f-41e6-8cdf-7f166108fab0,2000-02-23,Sumergidos en las Aguas de la Palabra.,15,APROBADO,F037D7ADB68A4A5F60D1372ADF6DF724CA75FA366050E1D91575EF6C75CB2D61,normalizacion_paginada_v2_1_guiones_lexico_20260811,B75821DCA7E73A9A59289274E77E823F84436591E15C224011B0ECD7D1694ABC,PASS,9,0,1.0,PASS,PASS,PASS,0.029443
"C:\Users\USUARIO\Documents\Downloads\BASE DE DATOS 1974-2018 PDFs. WSS\2000\2000-02-24 Prosiguiendo el Camino al lugar Santisimo (WSS) Fusagasugá, Colombia (movil).pdf",7dab68a2-2dec-4c78-8c59-124461d8516d,7cfe86b8-90ab-4b3b-952b-f428281016fb,2000-02-24,Prosiguiendo el Camino al lugar Santisimo. Sencillo,28,APROBADO,139FBF97DD8A532D15D8A72497CD7DFF415273AAF7FE2B48D8BBE144C5F972B8,normalizacion_paginada_v2_1_guiones_lexico_20260811,B75821DCA7E73A9A59289274E77E823F84436591E15C224011B0ECD7D1694ABC,PASS,25,0,1.0,PASS,PASS,PASS,0.021309
"C:\Users\USUARIO\Documents\Downloads\BASE DE DATOS 1974-2018 PDFs. WSS\2000\2000-02-25 El Pueblo que sigue el Arca (WSS) Cali, Colombia (movil).pdf",d4b63577-1ccd-4213-a565-c76257b869be,5830e955-f454-48c4-a998-cb72d0637d70,2000-02-25,El Pueblo que sigue el Arca Sencillo,42,APROBADO,4477823A6238B8C47A79F8ABE8573DC90D373A8B95C613DF133E90E6E0431016,normalizacion_paginada_v2_1_guiones_lexico_20260811,B75821DCA7E73A9A59289274E77E823F84436591E15C224011B0ECD7D1694ABC,PASS,40,0,1.0,PASS,PASS,PASS,0.019277
"C:\Users\USUARIO\Documents\Downloads\BASE DE DATOS 1974-2018 PDFs. WSS\2000\2000-02-27 Ensenados de Dios (WSS) Cali, Colombia (movil).pdf",62a12ac1-74fb-40eb-b2d8-49d06ef6daed,a137fac7-69d9-4422-b506-10ad5439b373,2000-02-27,Ensenados de Dios Sencillo,55,APROBADO,804748A4E9CA6A28682E67E449CB657EF7869887AE1AF950394D5F8890BF3CF7,normalizacion_paginada_v2_1_guiones_lexico_20260811,B75821DCA7E73A9A59289274E77E823F84436591E15C224011B0ECD7D1694ABC,PASS,48,0,1.0,PASS,PASS,PASS,0.015089
"C:\Users\USUARIO\Documents\Downloads\BASE DE DATOS 1974-2018 PDFs. WSS\2000\2000-02-28 El Pueblo que ha visto la Señal del Hijo del Hombre en el Cielo (WSS) Tulcán, Ecuador (movil).pdf",b9311da3-020c-4719-b054-07f114d66e30,acc385b1-9211-49cb-932d-d6d06353e9e1,2000-02-28,El Pueblo que ha visto la Señal del Hijo del Hombre en el Cielo.,40,APROBADO,FF7E2A7F533A9C76B01063D2E85F4278CBAAB6D5D6E3809171D3FF69FF353FA9,normalizacion_paginada_v2_1_guiones_lexico_20260811,B75821DCA7E73A9A59289274E77E823F84436591E15C224011B0ECD7D1694ABC,PASS,37,0,1.0,PASS,PASS,PASS,0.025595
"C:\Users\USUARIO\Documents\Downloads\BASE DE DATOS 1974-2018 PDFs. WSS\2000\2000-03-01 Entrad antes que el Padre de familia cierre la puerta (WSS) Quito, Ecuador (movil).pdf",9d49f537-be0a-4ea6-a95e-3bde3063585b,d8908311-7198-4a0b-901b-d0ab9b1c2d54,2000-03-01,Entrad antes que el Padre de familia cierre la puerta. Sencillo,28,APROBADO,C279E7D919E9B0D16171B2000268A29E263069BD6226816ACF63622471BFCB8C,normalizacion_paginada_v2_1_guiones_lexico_20260811,B75821DCA7E73A9A59289274E77E823F84436591E15C224011B0ECD7D1694ABC,PASS,26,0,1.0,PASS,PASS,PASS,0.023218
"C:\Users\USUARIO\Documents\Downloads\BASE DE DATOS 1974-2018 PDFs. WSS\2000\2000-03-02 2 Perseverando hasta la Bendicion Final (WSS) Riobamba, Ecuador (movil).pdf",23b45499-2659-4b5d-aa12-5001b107de20,94378462-83ff-4aec-a9f4-7c9f0b284f7f,2000-03-02,2 Perseverando hasta la Bendicion Final. Sencillo,8,APROBADO,A04247EA7A93F3B6BEDB4FB29F63D5C2CF2C72AAC8DC6A88E392888C4596F10D,normalizacion_paginada_v2_1_guiones_lexico_20260811,B75821DCA7E73A9A59289274E77E823F84436591E15C224011B0ECD7D1694ABC,PASS,4,0,1.0,PASS,PASS,PASS,0.029506
"C:\Users\USUARIO\Documents\Downloads\BASE DE DATOS 1974-2018 PDFs. WSS\2000\2000-03-03 Aprovechando la Misericordia de Dios (WSS) Guayaquil, Ecuador (movil).pdf",2f858422-4d57-47ab-8792-194c0304e0ba,541f8826-47dc-4da8-8d6c-fae26d0706ba,2000-03-03,Aprovechando la Misericordia de Dios. Sencillo,21,APROBADO,66E17750219D5FBFE7B7FF478AD9CC54A26B7E6E0EED658CBB1F5F496081BB2F,normalizacion_paginada_v2_1_guiones_lexico_20260811,B75821DCA7E73A9A59289274E77E823F84436591E15C224011B0ECD7D1694ABC,PASS,17,0,1.0,PASS,PASS,PASS,0.026795
"C:\Users\USUARIO\Documents\Downloads\BASE DE DATOS 1974-2018 PDFs. WSS\2000\2000-03-05 2 El testimonio de Jesucristo (WSS) Santa Rosa del Oro, Ecuador (movil).pdf",31ca3cde-e903-408b-8cd6-e115880b1a11,d966d7d2-3c09-44ec-96ff-f655ed003711,2000-03-05,2 El testimonio de Jesucristo. Sencillo,33,APROBADO,D6A5BF5AF3C37E23968235E09455E68F0D87E70744AADF0F1CC7B4822B89B83A,normalizacion_paginada_v2_1_guiones_lexico_20260811,B75821DCA7E73A9A59289274E77E823F84436591E15C224011B0ECD7D1694ABC,PASS,29,0,1.0,PASS,PASS,PASS,0.019948
"C:\Users\USUARIO\Documents\Downloads\BASE DE DATOS 1974-2018 PDFs. WSS\2000\2000-03-05 1 La Obra de los dias Postreros (WSS) Santa Rosa del Oro, Ecuador (movil).pdf",00d6a2f0-e16f-4b94-9160-363f64d2e307,b00ad969-9f70-4a03-9668-ae0842dfadaa,2000-03-05,1 La Obra de los dias Postreros. Sencillo,31,APROBADO,368C7F074243B7667C470935234B3D85D12C7D20ABFC1B7A10722E8A9AB2C2C5,normalizacion_paginada_v2_1_guiones_lexico_20260811,B75821DCA7E73A9A59289274E77E823F84436591E15C224011B0ECD7D1694ABC,PASS,28,0,1.0,PASS,PASS,PASS,0.032175
"C:\Users\USUARIO\Documents\Downloads\BASE DE DATOS 1974-2018 PDFs. WSS\2000\2000-03-06 1 En La Frontera de una nueva Dispensacion (WSS) Huaquillas, Ecuador (movil).pdf",ed5bd891-0fe4-4fcb-b635-68de468220d0,02fd1358-0f71-42ac-8227-688e249545cf,2000-03-06,1 En La Frontera de una nueva Dispensacion.,21,APROBADO,1D639E2FA4F99C2C9688674AD26D8EB29AC9EAC01A9F99DE4C1AEEAC1722C838,normalizacion_paginada_v2_1_guiones_lexico_20260811,B75821DCA7E73A9A59289274E77E823F84436591E15C224011B0ECD7D1694ABC,PASS,15,0,1.0,PASS,PASS,PASS,0.017580
"C:\Users\USUARIO\Documents\Downloads\BASE DE DATOS 1974-2018 PDFs. WSS\2000\2000-03-12 1 La necesidad de recibir el Espiritu Santo (WSS) Lima, Perú (movil).pdf",b84b44d4-44e2-4585-babe-6b3936ce4e6b,07ef3ee8-0ebd-4aa8-ac51-f694bcfc9a0b,2000-03-12,1 La necesidad de recibir el Espiritu Santo. Sencillo,38,APROBADO,AD319CFDDB179B8C5A6E7E1576D0F69BF005585E1A8BD07D9B4E4468AA253023,normalizacion_paginada_v2_1_guiones_lexico_20260811,B75821DCA7E73A9A59289274E77E823F84436591E15C224011B0ECD7D1694ABC,PASS,31,0,1.0,PASS,PASS,PASS,0.034366
"C:\Users\USUARIO\Documents\Downloads\BASE DE DATOS 1974-2018 PDFs. WSS\2000\2000-03-12 2 Invocando el Nombre del Señor para Salvacion (WSS) Lima, Perú (movil).pdf",17944497-3bef-4d26-bd3a-f2f74ec694b3,f7bc6895-1508-4c63-9faf-c30425827f5e,2000-03-12,2 Invocando el Nombre del Señor para Salvacion. Sencillo,8,APROBADO,42A61A2E806403C9B6D88D279B83CB3513792042CDF389036FBA176A05A701C0,normalizacion_paginada_v2_1_guiones_lexico_20260811,B75821DCA7E73A9A59289274E77E823F84436591E15C224011B0ECD7D1694ABC,PASS,5,0,1.0,PASS,PASS,PASS,0.002123
"C:\Users\USUARIO\Documents\Downloads\BASE DE DATOS 1974-2018 PDFs. WSS\2000\2000-03-13 Siguiendo todos los pasos de Dios (WSS) La Paz, Bolivia (movil).pdf",ce0e36f4-cc8e-48ef-8c2b-93e8b4ab8a8b,f4582cc1-eea2-462a-9fc7-1f1a3b12be41,2000-03-13,Siguiendo todos los pasos de Dios. Sencillo,23,APROBADO,682B3C3C5DD78F5FB623E7AE796E91BCA78DE20CEDCDE50D9A58982AEF235729,normalizacion_paginada_v2_1_guiones_lexico_20260811,B75821DCA7E73A9A59289274E77E823F84436591E15C224011B0ECD7D1694ABC,PASS,21,0,1.0,PASS,PASS,PASS,0.012704
"C:\Users\USUARIO\Documents\Downloads\BASE DE DATOS 1974-2018 PDFs. WSS\2000\2000-03-14 El agua que Cristo ofrece hoy (WSS) Santa Cruz, Bolivia (movil).pdf",48b54a76-28da-45f3-832a-13ed3a8b3459,9d71eb35-ce04-4331-8ef3-4bac29c2007c,2000-03-14,El agua que Cristo ofrece hoy. Sencillo,22,APROBADO,21A41B6A7E627BF40FA4D0112C05A43CE5BEDA881E1E7CD435C1F16AE87ABFD7,normalizacion_paginada_v2_1_guiones_lexico_20260811,B75821DCA7E73A9A59289274E77E823F84436591E15C224011B0ECD7D1694ABC,PASS,20,0,1.0,PASS,PASS,PASS,0.037007
"C:\Users\USUARIO\Documents\Downloads\BASE DE DATOS 1974-2018 PDFs. WSS\2000\2000-03-15 La Ultima etapa del Programa Divino (WSS) Santa Cruz, Bolivia (movil).pdf",877d86a9-1efa-45a8-867e-60a444d4000e,eb493b9d-4cc1-40de-bd71-24d98ea9f3d0,2000-03-15,La Ultima etapa del Programa Divino. Sencillo,32,APROBADO,9DBE1C9C830FEEF9809F9D4E1D2A243F54FE17A1E1FF687A13941AABE745ED9B,normalizacion_paginada_v2_1_guiones_lexico_20260811,B75821DCA7E73A9A59289274E77E823F84436591E15C224011B0ECD7D1694ABC,PASS,21,0,1.0,PASS,PASS,PASS,0.013168
"C:\Users\USUARIO\Documents\Downloads\BASE DE DATOS 1974-2018 PDFs. WSS\2000\2000-03-15 Palabras de saludo en Santa Cena (WSS) Santa Cruz, Bolivia (movil).pdf",961cc2cb-6c69-430d-9923-4f578518c351,712fd4e8-416e-45e4-a95f-ddc0c3c17f8b,2000-03-15,Palabras de saludo en Santa Cena Sencillo,9,APROBADO,F58D62332B55023E1D987FE709ADDC6966C52F3E121AF153AB4A5847EF538CB7,normalizacion_paginada_v2_1_guiones_lexico_20260811,B75821DCA7E73A9A59289274E77E823F84436591E15C224011B0ECD7D1694ABC,PASS,5,0,1.0,PASS,PASS,PASS,0.002287
"C:\Users\USUARIO\Documents\Downloads\BASE DE DATOS 1974-2018 PDFs. WSS\2000\2000-03-16 El Programa del Ser Supremo (WSS) La Florida, Chile (movil).pdf",c0dd9538-774a-420e-8b05-dfceadfec152,7c06e567-6ada-4f1c-b426-7801e037f657,2000-03-16,El Programa del Ser Supremo. Sencillo,17,APROBADO,5092462D64BB965008B6A56C82165A32CA933DC399247BCEF637F1DF7668CCB2,normalizacion_paginada_v2_1_guiones_lexico_20260811,B75821DCA7E73A9A59289274E77E823F84436591E15C224011B0ECD7D1694ABC,PASS,10,0,1.0,PASS,PASS,PASS,0.025670
"C:\Users\USUARIO\Documents\Downloads\BASE DE DATOS 1974-2018 PDFs. WSS\2000\2000-03-17 Llevando con Amor el yugo de Jesucristo (WSS) La Florida, Chile (movil).pdf",3f9ef528-068d-4169-9c17-33197ee58e13,50ab39bc-edc5-4983-afde-c71f41cb4a13,2000-03-17,Llevando con Amor el yugo de Jesucristo. Sencillo,26,APROBADO,A2D2274BAC222CE714E0BCEFDDB70394EB0717DC2A589AA5B38ED99212CD750F,normalizacion_paginada_v2_1_guiones_lexico_20260811,B75821DCA7E73A9A59289274E77E823F84436591E15C224011B0ECD7D1694ABC,PASS,24,0,1.0,PASS,PASS,PASS,0.028684
"C:\Users\USUARIO\Documents\Downloads\BASE DE DATOS 1974-2018 PDFs. WSS\2000\2000-03-18 La importancia de invocar el Nombre del Señor sobre el Creyente (WSS) Santiago de Chile, Chile (movil).pdf",aaed141f-728f-4aab-9004-67a049a09829,190bd15b-c58a-4257-9219-a0475a59a8d6,2000-03-18,La importancia de invocar el Nombre del Señor sobre el Creyente. Sencillo,8,APROBADO,7DAA8016CFEE788DAAA1211A08F84FADCAA1A5B18ED3DDE7370B5EA702D11F09,normalizacion_paginada_v2_1_guiones_lexico_20260811,B75821DCA7E73A9A59289274E77E823F84436591E15C224011B0ECD7D1694ABC,PASS,4,0,1.0,PASS,PASS,PASS,0.042148
"C:\Users\USUARIO\Documents\Downloads\BASE DE DATOS 1974-2018 PDFs. WSS\2000\2000-03-19 1 El Nombre de Dios Glorificado en la Primera y Segunda Venida de Cristo (WSS) La Florida, Chile (movil).pdf",03b82ade-efb9-4518-b282-0bc7aab8aa38,3f68a187-ef2a-4482-b776-abadcc02fc6c,2000-03-19,1 El Nombre de Dios Glorificado en la Primera y Segunda Venida de Cristo. Sencillo,44,APROBADO,74A48E8988BD1E3426A6033F2D706A64A5E6AAB57127F95ADCAF25ED7AB92E29,normalizacion_paginada_v2_1_guiones_lexico_20260811,B75821DCA7E73A9A59289274E77E823F84436591E15C224011B0ECD7D1694ABC,PASS,41,0,1.0,PASS,PASS,PASS,0.035668
"C:\Users\USUARIO\Documents\Downloads\BASE DE DATOS 1974-2018 PDFs. WSS\2000\2000-03-19 Comiendo la carne y bebiendo la Sangre del Hijo del Hombre (WSS) La Florida, Chile (movil).pdf",03525258-4a93-4016-acaa-c1877fb94daa,692a921c-1674-4d81-b33b-08edce26f687,2000-03-19,Comiendo la carne y bebiendo la Sangre del Hijo del Hombre. Sencillo,21,APROBADO,27BE143763ABCE8E37FC2D56011DC442031147C8B3F8F690A5A79D4FEAD5F38A,normalizacion_paginada_v2_1_guiones_lexico_20260811,B75821DCA7E73A9A59289274E77E823F84436591E15C224011B0ECD7D1694ABC,PASS,15,0,1.0,PASS,PASS,PASS,0.011773
"C:\Users\USUARIO\Documents\Downloads\BASE DE DATOS 1974-2018 PDFs. WSS\2000\2000-03-21 1 La Armonia en el Aposento Alto (WSS) Tres Arroyos, Argentina (movil).pdf",733ef9c8-7721-44c4-b655-797c6f52c89c,9c008faa-bc2c-4f1c-8c3e-cab2b79cbb5c,2000-03-21,1 La Armonia en el Aposento Alto Sencillo,27,APROBADO,825702FBFB55FC3FD9F5CF29C06374E1408DF2E34B481E9CE2FE0C084714794D,normalizacion_paginada_v2_1_guiones_lexico_20260811,B75821DCA7E73A9A59289274E77E823F84436591E15C224011B0ECD7D1694ABC,PASS,18,0,1.0,PASS,PASS,PASS,0.017141
"C:\Users\USUARIO\Documents\Downloads\BASE DE DATOS 1974-2018 PDFs. WSS\2000\2000-03-23 Siguiendo la Guianza del Espiritu de Dios (WSS) Buenos Aires, Argentina (movil).pdf",bb69e948-6306-44ed-9a6e-b68dfb896e9b,aa934a97-1e26-4dba-980d-779abd7de64f,2000-03-23,Siguiendo la Guianza del Espiritu de Dios. Sencillo,24,APROBADO,33EA170B9483DD127D116896480A802E0E20252941C71E09868209578F645098,normalizacion_paginada_v2_1_guiones_lexico_20260811,B75821DCA7E73A9A59289274E77E823F84436591E15C224011B0ECD7D1694ABC,PASS,21,0,1.0,PASS,PASS,PASS,0.029066
"C:\Users\USUARIO\Documents\Downloads\BASE DE DATOS 1974-2018 PDFs. WSS\2000\2000-03-24 Los pasos para nacer en la familia de Dios (WSS) Asunción, Paraguay (movil).pdf",69828cb1-6e9e-4f30-89fc-dd6cddb4b7fe,434a3e91-fc12-4b55-867d-512e5b52d60d,2000-03-24,Los pasos para nacer en la familia de Dios Sencillo,11,APROBADO,D7FF1FF01D7E72DE26E5CCA112C70BF16CFD17E7C5043FFA12F7235694487996,normalizacion_paginada_v2_1_guiones_lexico_20260811,B75821DCA7E73A9A59289274E77E823F84436591E15C224011B0ECD7D1694ABC,PASS,8,0,1.0,PASS,PASS,PASS,0.045287
"C:\Users\USUARIO\Documents\Downloads\BASE DE DATOS 1974-2018 PDFs. WSS\2000\2000-03-26 El Pueblo que entrara a la Tierra Prometida (WSS) Asunción, Paraguay (movil).pdf",9368876d-5ad3-45f5-8654-d6502b90f418,52dcc0e6-46f3-4780-97c2-550145d42179,2000-03-26,El Pueblo que entrara a la Tierra Prometida. Sencillo,34,APROBADO,6369B669EBCD0EBEF4888923ACB4EDF4D7EBD94603A89B3EDC5391688832FF42,normalizacion_paginada_v2_1_guiones_lexico_20260811,B75821DCA7E73A9A59289274E77E823F84436591E15C224011B0ECD7D1694ABC,PASS,30,0,1.0,PASS,PASS,PASS,0.034558
"C:\Users\USUARIO\Documents\Downloads\BASE DE DATOS 1974-2018 PDFs. WSS\2000\2000-03-28 La Obra que Permanece para Siempre (WSS) San José de los Campos, Brasil (movil).pdf",1d07eafe-19ce-47e9-b61b-78b13523a21f,2c91f2db-47f4-4e31-bee9-3a2f8c66eaf4,2000-03-28,La Obra que Permanece para Siempre. Sencillo,17,APROBADO,EEA83DF5407888D4021BAD4569E1650E80620639559341DA141547C359A28EB5,normalizacion_paginada_v2_1_guiones_lexico_20260811,B75821DCA7E73A9A59289274E77E823F84436591E15C224011B0ECD7D1694ABC,PASS,12,0,1.0,PASS,PASS,PASS,0.034729
"C:\Users\USUARIO\Documents\Downloads\BASE DE DATOS 1974-2018 PDFs. WSS\2000\2000-04-02 El Profeta Dispensacional antes del Juicio (WSS) San José de los Campos, Brasil (movil).pdf",4df19cd9-85f5-4b1a-b304-41ca5f1a8085,15e678ed-e0a8-4b35-aeda-1b452101995f,2000-04-02,El Profeta Dispensacional antes del Juicio Sencillo,48,APROBADO,FCA44EC063304D22521849F56D49C5584DE66F699F72787FADB2810A2E08E79A,normalizacion_paginada_v2_1_guiones_lexico_20260811,B75821DCA7E73A9A59289274E77E823F84436591E15C224011B0ECD7D1694ABC,PASS,43,0,1.0,PASS,PASS,PASS,0.020259
"C:\Users\USUARIO\Documents\Downloads\BASE DE DATOS 1974-2018 PDFs. WSS\2000\2000-04-09 1 Preparados para la Adopcion (WSS) San José de los Campos, Brasil (movil).pdf",b3804b4e-2c09-48a7-ad9d-713f50df1ea8,9c9ff9be-651c-42d9-934c-8a6eecdaab1d,2000-04-09,1 Preparados para la Adopcion. Sencillo,23,APROBADO,247D28FC27A48BE1968049561766C79F259C7E9939F0ECE8827C70D2FB9F2780,normalizacion_paginada_v2_1_guiones_lexico_20260811,B75821DCA7E73A9A59289274E77E823F84436591E15C224011B0ECD7D1694ABC,PASS,19,0,1.0,PASS,PASS,PASS,0.026959
"C:\Users\USUARIO\Documents\Downloads\BASE DE DATOS 1974-2018 PDFs. WSS\2000\2000-04-16 1 Nuestra entrada Triunfal con Jesucristo (WSS) Cayey, Puerto Rico (movil).pdf",5edc8800-8467-4013-b310-01252b455fe6,1d12dd1b-1652-4f05-88b8-14688140e6b2,2000-04-16,1 Nuestra entrada Triunfal con Jesucristo. Sencillo,22,APROBADO,03634AED40BCD2444447E698F3CE49B0E0886CA62DCEDD796CF357349CFEB8CB,normalizacion_paginada_v2_1_guiones_lexico_20260811,B75821DCA7E73A9A59289274E77E823F84436591E15C224011B0ECD7D1694ABC,PASS,19,0,1.0,PASS,PASS,PASS,0.017765
"C:\Users\USUARIO\Documents\Downloads\BASE DE DATOS 1974-2018 PDFs. WSS\2000\2000-04-19 1 Apertura y Cierre de Bautismos (WSS) Cayey, Puerto Rico (movil).pdf",a47cc0d2-e50b-43d6-acc4-081fbfc1bae1,c1349ff1-3f33-4107-aa67-980b09f8d3fe,2000-04-19,1 Apertura y Cierre de Bautismos.,11,APROBADO,A8E4C481F76917E59937D396F0D62DDBDE2E98C4E60F694A8E08729C0A320F44,normalizacion_paginada_v2_1_guiones_lexico_20260811,B75821DCA7E73A9A59289274E77E823F84436591E15C224011B0ECD7D1694ABC,PASS,9,0,1.0,PASS,PASS,PASS,0.041393
"C:\Users\USUARIO\Documents\Downloads\BASE DE DATOS 1974-2018 PDFs. WSS\2000\2000-04-21 1 Crucificados con Jesucristo (WSS) Cayey, Puerto Rico (movil).pdf",ab3e6ce3-5e9e-4b3b-b6d4-06cc582d80ae,b851ba3c-a437-4771-98e2-77be5c6f3ee6,2000-04-21,1 Crucificados con Jesucristo. Sencillo,22,APROBADO,B2C39EC2DDF1A797ACB120F42113C6051E53168A9459BE3A513D39C2F04A5180,normalizacion_paginada_v2_1_guiones_lexico_20260811,B75821DCA7E73A9A59289274E77E823F84436591E15C224011B0ECD7D1694ABC,PASS,19,0,1.0,PASS,PASS,PASS,0.023857
"C:\Users\USUARIO\Documents\Downloads\BASE DE DATOS 1974-2018 PDFs. WSS\2000\2000-04-23 1 Resucitados con Jesucristo (WSS) Cayey, Puerto Rico (movil).pdf",d9ed7b0a-6527-470e-90f7-4caa760b69fe,65ab5eac-2f4e-43c0-92e1-3768f1436f69,2000-04-23,1 Resucitados con Jesucristo. Sencillo,24,APROBADO,41F017A18569DAAB64EE2C0632B723FF2662CF9F807762931F2D811C8D3A91BF,normalizacion_paginada_v2_1_guiones_lexico_20260811,B75821DCA7E73A9A59289274E77E823F84436591E15C224011B0ECD7D1694ABC,PASS,22,0,1.0,PASS,PASS,PASS,0.011295
"C:\Users\USUARIO\Documents\Downloads\BASE DE DATOS 1974-2018 PDFs. WSS\2000\2000-04-23 2 Palabras de Saludo y Cierre de Bautismos (WSS) Cayey, Puerto Rico (movil).pdf",b0ab0bb8-bd52-49c1-b31c-2b1d3963ff7d,c54806e1-7d95-40bf-8dd5-58a38c07d84c,2000-04-23,2 Palabras de Saludo y Cierre de Bautismos.,9,APROBADO,DDEF768D862D7DF4D725220EF26CE9267945DFCBC2C1AF044E0C09A785C6377E,normalizacion_paginada_v2_1_guiones_lexico_20260811,B75821DCA7E73A9A59289274E77E823F84436591E15C224011B0ECD7D1694ABC,PASS,6,0,1.0,PASS,PASS,PASS,0.050817
"C:\Users\USUARIO\Documents\Downloads\BASE DE DATOS 1974-2018 PDFs. WSS\2000\2000-04-27 1 La importancia del arrepentimiento (WSS) Austin, Texas, EEUU (movil).pdf",59826b39-6b84-4ef7-9b57-8ce2b17329be,6f39a7a0-5640-4ac5-869e-61f86c5e9a1a,2000-04-27,1 La importancia del arrepentimiento. Sencillo,20,APROBADO,D2C93CF6329D2B10A893CA637CF6AD834478FEAF5D71C940A625051FB947793A,normalizacion_paginada_v2_1_guiones_lexico_20260811,B75821DCA7E73A9A59289274E77E823F84436591E15C224011B0ECD7D1694ABC,PASS,16,0,1.0,PASS,PASS,PASS,0.027324
"C:\Users\USUARIO\Documents\Downloads\BASE DE DATOS 1974-2018 PDFs. WSS\2000\2000-05-05 Tomando la mejor Decision (WSS) Villahermosa, México.pdf",82b59553-5972-4c8b-af4f-29dadabbc414,75c7197a-ebd6-47aa-a9ef-b48eb9c5f808,2000-05-05,Tomando la mejor Decision.,18,APROBADO,3F3AA72A37096C27D13DD0EED6DD068C73835C144EB9E32597C490C2FC23DC1E,normalizacion_paginada_v2_1_guiones_lexico_20260811,B75821DCA7E73A9A59289274E77E823F84436591E15C224011B0ECD7D1694ABC,PASS,10,0,1.0,PASS,PASS,PASS,0.034714
"C:\Users\USUARIO\Documents\Downloads\BASE DE DATOS 1974-2018 PDFs. WSS\2000\2000-05-06 1 El Labrador la Vid y los Pampanos (WSS) Villahermosa, México (movil).pdf",002db755-c533-4e78-bce2-0956284ed855,a371f3ab-e3e3-4f96-becd-5fc3bf31fef1,2000-05-06,1 El Labrador la Vid y los Pampanos. sencillo,25,APROBADO,4FA2F7CC8ADD33DBC418A9FCD6357233220146EF721B4E5005084D7E52CF0ECF,normalizacion_paginada_v2_1_guiones_lexico_20260811,B75821DCA7E73A9A59289274E77E823F84436591E15C224011B0ECD7D1694ABC,PASS,22,0,1.0,PASS,PASS,PASS,0.023606
"C:\Users\USUARIO\Documents\Downloads\BASE DE DATOS 1974-2018 PDFs. WSS\2000\2000-05-06 4 La Obra Evangelistica del dia Postrero (WSS) Villahermosa, México (movil).pdf",d7b3cf10-8df2-4872-b5e9-16c39d03d8ed,a215713f-5a8c-4ea5-99f2-daa13dfd3ea5,2000-05-06,4 La Obra Evangelistica del dia Postrero. sencillo,10,APROBADO,163C633353EF2299A1030798F624632FDA5DF890EBAF7E25C5C4B56140E4F125,normalizacion_paginada_v2_1_guiones_lexico_20260811,B75821DCA7E73A9A59289274E77E823F84436591E15C224011B0ECD7D1694ABC,PASS,8,0,1.0,PASS,PASS,PASS,0.008669
"C:\Users\USUARIO\Documents\Downloads\BASE DE DATOS 1974-2018 PDFs. WSS\2000\2000-05-07 Gabriel apareciendo en la encrucijada del tiempo (WSS) Villahermosa, México (movil).pdf",4b0faede-a2d4-43e1-8b58-9156208421cf,4bffbbff-7c70-44c3-afb8-d69198d4f6be,2000-05-07,Gabriel apareciendo en la encrucijada del tiempo,56,APROBADO,B9D72E8A015C0B54FD83C6F3D371AAE1E3C18B00DBC07B0EC7DFCE1931EB4A9C,normalizacion_paginada_v2_1_guiones_lexico_20260811,B75821DCA7E73A9A59289274E77E823F84436591E15C224011B0ECD7D1694ABC,PASS,53,0,1.0,PASS,PASS,PASS,0.023131
"C:\Users\USUARIO\Documents\Downloads\BASE DE DATOS 1974-2018 PDFs. WSS\2000\2000-05-08 2 Siguiendo las indicaciones del Plano (WSS) Minatitlan, México (movil).pdf",cf96dc06-eeb2-4949-b28b-5555098e589e,a30a4256-7cce-493a-ad54-f972ac747043,2000-05-08,2 Siguiendo las indicaciones del Plano. sencillo,25,APROBADO,189791CAF0DC72EAA4D855A46B196DDDD9405D39DA4654071B943D58AFDA5D0C,normalizacion_paginada_v2_1_guiones_lexico_20260811,B75821DCA7E73A9A59289274E77E823F84436591E15C224011B0ECD7D1694ABC,PASS,15,0,1.0,PASS,PASS,PASS,0.016404
"C:\Users\USUARIO\Documents\Downloads\BASE DE DATOS 1974-2018 PDFs. WSS\2000\2000-05-10 Que quieres que haga por ti (WSS) Xalapa, México (movil).pdf",28bdd6cb-866a-437e-9737-0fbc82643ba4,f8d9dfa9-8b01-4544-a1dc-d811ec86acdf,2000-05-10,Que quieres que haga por ti.,25,APROBADO,430FDD95E4BF5DF8B0AC5459E8BC57B4949C815F32D6512ABB0482136762F3D5,normalizacion_paginada_v2_1_guiones_lexico_20260811,B75821DCA7E73A9A59289274E77E823F84436591E15C224011B0ECD7D1694ABC,PASS,18,0,1.0,PASS,PASS,PASS,0.019002
"C:\Users\USUARIO\Documents\Downloads\BASE DE DATOS 1974-2018 PDFs. WSS\2000\2000-05-14 Entrando en contacto con lo Sobrenatural (WSS) Distrito Federal, México (movil).pdf",5acfd2a4-bad8-4065-8dfe-02dbe257aa90,574404de-941d-478c-9ada-36b3febc731d,2000-05-14,Entrando en contacto con lo Sobrenatural.,48,APROBADO,FA1A6FEE3A4EB2B768157280323014867B478655E996E06E83F57AC72F1CB74A,normalizacion_paginada_v2_1_guiones_lexico_20260811,B75821DCA7E73A9A59289274E77E823F84436591E15C224011B0ECD7D1694ABC,PASS,38,0,1.0,PASS,PASS,PASS,0.010514
C:\Users\USUARIO\Documents\Downloads\BASE DE DATOS 1974-2018 PDFs. WSS\2000\2000-05-16 Las Obras de la Fe (WSS) Guatemala (movil).pdf,5f005d91-cd55-4bc9-af91-ed6e91d72919,e3bdb5f2-94c1-4e98-84c5-bce676840d5f,2000-05-16,Las Obras de la Fe.,21,APROBADO,24EDEEF8868359E28437330BE5FCAE368149472E2FB85643EDBC66A162FCEE91,normalizacion_paginada_v2_1_guiones_lexico_20260811,B75821DCA7E73A9A59289274E77E823F84436591E15C224011B0ECD7D1694ABC,PASS,18,0,1.0,PASS,PASS,PASS,0.015972
"C:\Users\USUARIO\Documents\Downloads\BASE DE DATOS 1974-2018 PDFs. WSS\2000\2000-05-21 1 El Elegido para edificar la Casa de Dios (WSS) San Lucas, Guatemala (movil).pdf",d72cfb0c-b8e3-4f24-9a7d-d5b4934c2f8f,39f63377-f706-419e-95a1-be9de56e244a,2000-05-21,1 El Elegido para edificar la Casa de Dios.,39,APROBADO,779EFE6E073E443737AD608AE224BDE78E6ACD9B42354E1E49BC995BAFF57057,normalizacion_paginada_v2_1_guiones_lexico_20260811,B75821DCA7E73A9A59289274E77E823F84436591E15C224011B0ECD7D1694ABC,PASS,36,0,1.0,PASS,PASS,PASS,0.018726
C:\Users\USUARIO\Documents\Downloads\BASE DE DATOS 1974-2018 PDFs. WSS\2000\2000-05-22 1 El pueblo que conoce a su Dios (WSS) El Salvador (movil).pdf,e6d229a2-51b1-43da-8a29-5b70065b9668,0cd7559f-f81b-4483-9582-98fa29cfb9d4,2000-05-22,1 El pueblo que conoce a su Dios.,12,APROBADO,26EB5D33E884A86206C11E7FFB9EEC89492599857145621944EC016135C61A21,normalizacion_paginada_v2_1_guiones_lexico_20260811,B75821DCA7E73A9A59289274E77E823F84436591E15C224011B0ECD7D1694ABC,PASS,8,0,1.0,PASS,PASS,PASS,0.018735
C:\Users\USUARIO\Documents\Downloads\BASE DE DATOS 1974-2018 PDFs. WSS\2000\2000-05-24 1 El Galardon de Abraham (WSS) Costa Rica (movil).pdf,e4377dd3-ea80-46bd-95b2-615a098b0b44,42b596e1-8059-4848-b6f3-109f456aea71,2000-05-24,1 El Galardon de Abraham.,21,APROBADO,1DEF2E74A6459E2B03DE1C7440D3D8F725BF854BCE5DB369C1F5D02CBB2E67D3,normalizacion_paginada_v2_1_guiones_lexico_20260811,B75821DCA7E73A9A59289274E77E823F84436591E15C224011B0ECD7D1694ABC,PASS,13,0,1.0,PASS,PASS,PASS,0.019889
C:\Users\USUARIO\Documents\Downloads\BASE DE DATOS 1974-2018 PDFs. WSS\2000\2000-05-25 Caminando sobre las aguas con Jesus (WSS) Panamá (movil).pdf,43f474a0-d51d-4ff6-b15a-aadf774d6f12,b3239eac-6ac4-488e-94e4-7eb490a81eed,2000-05-25,Caminando sobre las aguas con Jesus.,26,APROBADO,9FA58B9AD62DED4F36101A4D7C02DAD836862EA6EFC6BFC7F6E3B29C1E929FB4,normalizacion_paginada_v2_1_guiones_lexico_20260811,B75821DCA7E73A9A59289274E77E823F84436591E15C224011B0ECD7D1694ABC,PASS,24,0,1.0,PASS,PASS,PASS,0.030336
"C:\Users\USUARIO\Documents\Downloads\BASE DE DATOS 1974-2018 PDFs. WSS\2000\2000-05-28 1 Recordando las Grandes Obras de Dios (WSS) Cayey, Puerto Rico (movil).pdf",1406b39d-d5b0-4920-abaf-c9f5a9a27d5a,5ced1ca9-46bf-4a6d-bacf-60f5e3e30ba7,2000-05-28,1 Recordando las Grandes Obras de Dios.,43,APROBADO,D7016E9B4D2D608CADB432FFE964D1B2E2387F187C8174EF463C38A2C5AF48CA,normalizacion_paginada_v2_1_guiones_lexico_20260811,B75821DCA7E73A9A59289274E77E823F84436591E15C224011B0ECD7D1694ABC,PASS,40,0,1.0,PASS,PASS,PASS,0.018031
"C:\Users\USUARIO\Documents\Downloads\BASE DE DATOS 1974-2018 PDFs. WSS\2000\2000-05-28 2 La Vida Eterna (WSS) Cayey, Puerto Rico (movil).pdf",894b0469-26df-4a99-acc2-5f8993e641a8,190af9de-fc01-4922-a01a-67b311a27295,2000-05-28,2 La Vida Eterna.,20,APROBADO,F228772B6EB435659CEA6895CB8FBA3DCB9FA0BCF89B8E4E785935E907DB9D20,normalizacion_paginada_v2_1_guiones_lexico_20260811,B75821DCA7E73A9A59289274E77E823F84436591E15C224011B0ECD7D1694ABC,PASS,14,0,1.0,PASS,PASS,PASS,0.018699
"C:\Users\USUARIO\Documents\Downloads\BASE DE DATOS 1974-2018 PDFs. WSS\2000\2000-06-04 1 El Misterio Del Cristianismo (WSS) Cayey, Puerto Rico (movil).pdf",8592834f-2617-4091-b489-9b75bed0c68a,ba9f84b2-d702-4b7c-bc3a-e08d6f812d7c,2000-06-04,1 El Misterio Del Cristianismo.,34,APROBADO,47ABF8E07B3175F886F409E77ECC68F4B43467FC5243C46426D1C346C46C4968,normalizacion_paginada_v2_1_guiones_lexico_20260811,B75821DCA7E73A9A59289274E77E823F84436591E15C224011B0ECD7D1694ABC,PASS,31,0,1.0,PASS,PASS,PASS,0.027317
"C:\Users\USUARIO\Documents\Downloads\BASE DE DATOS 1974-2018 PDFs. WSS\2000\2000-06-04 2 El Angel del Pacto haciendo historia (WSS) Cayey, Puerto Rico (movil).pdf",7189b3b9-657a-4e84-b5ca-ace56cf0ac13,dadaba6b-1b2e-44af-9e9e-ce6b955f537a,2000-06-04,2 El Angel del Pacto haciendo historia.,8,APROBADO,345110766CF332CD1AB30C32BB91E78E61005943CDA638ADF3C82F2B3EBAEBDA,normalizacion_paginada_v2_1_guiones_lexico_20260811,B75821DCA7E73A9A59289274E77E823F84436591E15C224011B0ECD7D1694ABC,PASS,7,0,1.0,PASS,PASS,PASS,0.022329
"C:\Users\USUARIO\Documents\Downloads\BASE DE DATOS 1974-2018 PDFs. WSS\2000\2000-06-18 1 Los Guardianes del Templo (WSS) Cayey, Puerto Rico (movil).pdf",56b7dbd0-3d58-49c5-a9f1-a7a5200c52bc,d1dcd3c5-6cc1-42f2-aadc-509a0f56927d,2000-06-18,1 Los Guardianes Del Templo.,20,APROBADO,0EAFE448903744A4990EE96654C16452991EF0B6996D9992927A96003402C685,normalizacion_paginada_v2_1_guiones_lexico_20260811,B75821DCA7E73A9A59289274E77E823F84436591E15C224011B0ECD7D1694ABC,PASS,15,0,1.0,PASS,PASS,PASS,0.013575
"C:\Users\USUARIO\Documents\Downloads\BASE DE DATOS 1974-2018 PDFs. WSS\2000\2000-06-18 2 La Santa Cena (WSS) Cayey, Puerto Rico (movil).pdf",13f0f6b8-7a2e-4e85-8516-a2e8557f086c,91f99f28-b786-4a7c-86c7-c6d0fb484799,2000-06-18,2 La Santa Cena.,11,APROBADO,DED26493B7EA2C91E4ECE5762172AAB8263CA751F652EDA062305C528140CCD5,normalizacion_paginada_v2_1_guiones_lexico_20260811,B75821DCA7E73A9A59289274E77E823F84436591E15C224011B0ECD7D1694ABC,PASS,8,0,1.0,PASS,PASS,PASS,0.017576
"C:\Users\USUARIO\Documents\Downloads\BASE DE DATOS 1974-2018 PDFs. WSS\2000\2000-06-20 El Camino a la Ciudad Eterna (WSS) New York, EEUU (movil).pdf",764b5789-12fa-47da-9785-09e0b8abae7d,aedd9fad-1133-40c7-883f-c8e7ec81f91a,2000-06-20,El Camino a la Ciudad Eterna.,24,APROBADO,3F8BA0248A938CA7C3E2214D19BCBB515964966AE0AB6F1A4F1A238A60568733,normalizacion_paginada_v2_1_guiones_lexico_20260811,B75821DCA7E73A9A59289274E77E823F84436591E15C224011B0ECD7D1694ABC,PASS,22,0,1.0,PASS,PASS,PASS,0.048295
"C:\Users\USUARIO\Documents\Downloads\BASE DE DATOS 1974-2018 PDFs. WSS\2000\2000-06-21 El Camino de la Vida Eterna (WSS) Chicago, EEUU (movil).pdf",7cd91723-f133-4fb1-8e67-dbe8f208ac7c,729a22b6-3b3c-42a7-82c2-e17c0b61a0be,2000-06-21,El Camino de la Vida Eterna.,16,APROBADO,C01E695AE7DA2E52D851252D05985F2E57384980D1722687A8DB277F248FA2A1,normalizacion_paginada_v2_1_guiones_lexico_20260811,B75821DCA7E73A9A59289274E77E823F84436591E15C224011B0ECD7D1694ABC,PASS,10,0,1.0,PASS,PASS,PASS,0.019923
"C:\Users\USUARIO\Documents\Downloads\BASE DE DATOS 1974-2018 PDFs. WSS\2000\2000-06-22 1 El Misterio de la Segunda Venida de Cristo (WSS) Chicago, EEUU (movil).pdf",85717a9a-d1bb-4b67-9fbd-778e8278c94a,b68b5803-ecac-4fdd-8c29-83b22c19854c,2000-06-22,1 El Misterio de la Segunda Venida de Cristo.,27,APROBADO,0F6031A3442F2469E0D3015787BA92C1E16953CE45BCD4015E5C27725A8A59A8,normalizacion_paginada_v2_1_guiones_lexico_20260811,B75821DCA7E73A9A59289274E77E823F84436591E15C224011B0ECD7D1694ABC,PASS,23,0,1.0,PASS,PASS,PASS,0.027800
"C:\Users\USUARIO\Documents\Downloads\BASE DE DATOS 1974-2018 PDFs. WSS\2000\2000-06-23 Un Pueblo agradecido (WSS) Chicago, EEUU (movil).pdf",4324ae13-f278-4e12-9cbb-cdf6a5ac1548,a4739135-0520-488c-af70-c69f8798b9f7,2000-06-23,Un Pueblo Agradecido.,12,APROBADO,1305794208422E1C07DDEEFCA8F16EEB5026E970C773396952BC00446F6C2313,normalizacion_paginada_v2_1_guiones_lexico_20260811,B75821DCA7E73A9A59289274E77E823F84436591E15C224011B0ECD7D1694ABC,PASS,10,0,1.0,PASS,PASS,PASS,0.018492
"C:\Users\USUARIO\Documents\Downloads\BASE DE DATOS 1974-2018 PDFs. WSS\2000\2000-06-27 1 La Gracia de Dios (WSS) Santa Engracia, México (movil).pdf",55c7f3b4-96f5-4739-8008-1069aa7a1263,8ea4a738-b95c-4f1f-974f-6fba8567d97e,2000-06-27,1 La Gracia de Dios.,21,APROBADO,DCBF707C1FD96B74B7539A44F01D6D145F9ECDA146188C5225229CEB770B0ACE,normalizacion_paginada_v2_1_guiones_lexico_20260811,B75821DCA7E73A9A59289274E77E823F84436591E15C224011B0ECD7D1694ABC,PASS,19,0,1.0,PASS,PASS,PASS,0.024629
"C:\Users\USUARIO\Documents\Downloads\BASE DE DATOS 1974-2018 PDFs. WSS\2000\2000-06-27 2 Cristo nuestra Victoria (WSS) Ciudad Victoria, México (movil).pdf",5a7411b2-f7b5-497f-9a06-32c86287dc4c,1c644072-d696-4067-b288-e07e205dcc74,2000-06-27,2 Cristo nuestra Victoria.,17,APROBADO,68A6F71C29304D291C5C7604B133B28B22B90B76090A9E6D03CD40A9B8305FF6,normalizacion_paginada_v2_1_guiones_lexico_20260811,B75821DCA7E73A9A59289274E77E823F84436591E15C224011B0ECD7D1694ABC,PASS,9,0,1.0,PASS,PASS,PASS,0.024667
"C:\Users\USUARIO\Documents\Downloads\BASE DE DATOS 1974-2018 PDFs. WSS\2000\2000-07-02 1 La trayectoria del Rey de Gloria (WSS) Monterrey, México (movil).pdf",bff31823-c3cc-49a1-8376-5dcdc64633e7,5bb7b6a3-4843-4228-8ffd-8816cf0c3479,2000-07-02,1 La trayectoria del Rey de Gloria.,27,APROBADO,CED2960F3EDB139C90A5DCACB50C35B5366203C97DD6D170B92712FC0A526C5F,normalizacion_paginada_v2_1_guiones_lexico_20260811,B75821DCA7E73A9A59289274E77E823F84436591E15C224011B0ECD7D1694ABC,PASS,24,0,1.0,PASS,PASS,PASS,0.030600
"C:\Users\USUARIO\Documents\Downloads\BASE DE DATOS 1974-2018 PDFs. WSS\2000\2000-07-03 Unidos con Cristo y en Cristo (WSS) Topochico, México (movil).pdf",b2304b57-bf2e-4ad9-b127-0294061faccc,e246bcc2-0cef-4a45-baef-6709b8b4e974,2000-07-03,Unidos con Cristo y en Cristo.,17,APROBADO,8F62E20715DBBA6BA76AA3350FD71E92C57829796D2F53842C5F96B3D1402230,normalizacion_paginada_v2_1_guiones_lexico_20260811,B75821DCA7E73A9A59289274E77E823F84436591E15C224011B0ECD7D1694ABC,PASS,15,0,1.0,PASS,PASS,PASS,0.022220
"C:\Users\USUARIO\Documents\Downloads\BASE DE DATOS 1974-2018 PDFs. WSS\2000\2000-07-06 1 Viviendo en el tiempo de unión (WSS) Ciudad México, México (movil).pdf",dfa0351a-2d87-49a4-a58b-2874171451e5,56e8a53d-8357-4b77-a7eb-df9021d1b898,2000-07-06,1 Viviendo en el tiempo de unión,20,APROBADO,926C9B4A0BDF174CEF6DB9C6C2AF83B141CFA49918F9BD586EB30F71336C6831,normalizacion_paginada_v2_1_guiones_lexico_20260811,B75821DCA7E73A9A59289274E77E823F84436591E15C224011B0ECD7D1694ABC,PASS,17,0,1.0,PASS,PASS,PASS,0.055802
"C:\Users\USUARIO\Documents\Downloads\BASE DE DATOS 1974-2018 PDFs. WSS\2000\2000-07-10 1 El Lugar donde Dios ha puesto Su Palabra (WSS) Mapachapa, México (movil).pdf",895ec0ef-5194-4010-a791-3eab7c837a3c,db738fb0-5523-4505-928d-fcc88ec48c82,2000-07-10,1 El Lugar donde Dios ha puesto su Palabra.,28,APROBADO,C9C961B993862504D3E640044AC3C5CCFA5C1A2718497C9296B65980D489B250,normalizacion_paginada_v2_1_guiones_lexico_20260811,B75821DCA7E73A9A59289274E77E823F84436591E15C224011B0ECD7D1694ABC,PASS,26,0,1.0,PASS,PASS,PASS,0.020729
"C:\Users\USUARIO\Documents\Downloads\BASE DE DATOS 1974-2018 PDFs. WSS\2000\2000-07-10 2 Dios escoje dónde poner Su Nombre (WSS) Minatitlán, México (movil).pdf",262938eb-dd1a-41b5-ba1c-a9587c623182,7b12623f-b353-4e0d-8753-9a273250e464,2000-07-10,2 Dios escoje dónde poner Su Nombre.,20,APROBADO,974A1CB3B133343E3EA185D8F4920E06D7EDEB755CD9323C1A69F071957264E7,normalizacion_paginada_v2_1_guiones_lexico_20260811,B75821DCA7E73A9A59289274E77E823F84436591E15C224011B0ECD7D1694ABC,PASS,18,0,1.0,PASS,PASS,PASS,0.025222
"C:\Users\USUARIO\Documents\Downloads\BASE DE DATOS 1974-2018 PDFs. WSS\2000\2000-07-11 1 Si puedes creer, para el que cree todo es posible (WSS) Veracruz, México (movil).pdf",9f202b0b-a5d3-4050-b564-0fb1dab61184,b9a47d57-4e20-48b1-8808-4a1b3b18c7ce,2000-07-11,"1 Si puedes creer, para el que cree todo es posible",17,APROBADO,58D4B42DE42619324FCD580D6B138FDD0366365D28C374080699B7180C9E1DE6,normalizacion_paginada_v2_1_guiones_lexico_20260811,B75821DCA7E73A9A59289274E77E823F84436591E15C224011B0ECD7D1694ABC,PASS,15,0,1.0,PASS,PASS,PASS,0.016414
"C:\Users\USUARIO\Documents\Downloads\BASE DE DATOS 1974-2018 PDFs. WSS\2000\2000-07-14 2 Entendiendo el camino de la perfección (WSS) Ciudad México, México (movil).pdf",6e83f58a-2d2d-421c-b6a9-68e5618ad061,219acbf6-de0c-473a-a537-9ede8b153c1f,2000-07-14,2 Entendiendo el Camino de la Perfeccion.,15,APROBADO,515BA3F54EEBCD889F295CC95786621EBA703DFFB03F2044398142FE0800466D,normalizacion_paginada_v2_1_guiones_lexico_20260811,B75821DCA7E73A9A59289274E77E823F84436591E15C224011B0ECD7D1694ABC,PASS,12,0,1.0,PASS,PASS,PASS,0.011375
C:\Users\USUARIO\Documents\Downloads\BASE DE DATOS 1974-2018 PDFs. WSS\2000\2000-07-19 Buscad primero el Reino de Dios (WSS) Guatemala (movil).pdf,8eabdb70-4e11-4898-a6b2-293ab233756a,32d44fe4-fdde-413c-9a11-5d2d987ee558,2000-07-19,Buscad Primero el Reino de Dios.,26,APROBADO,7B940171DAA7C02E2DB505818F069E099EF53352FF6DDF99CC2F96A13D38A336,normalizacion_paginada_v2_1_guiones_lexico_20260811,B75821DCA7E73A9A59289274E77E823F84436591E15C224011B0ECD7D1694ABC,PASS,22,0,1.0,PASS,PASS,PASS,0.012560
C:\Users\USUARIO\Documents\Downloads\BASE DE DATOS 1974-2018 PDFs. WSS\2000\2000-07-23 Las Siete Recompensas al Vencedor (WSS) Guatemala (movil).pdf,96c1a968-61ca-4677-a1d2-d66f06230d7e,cb94927d-995e-4c3f-94ec-5a216d6c4014,2000-07-23,Las Siete Recompensas al Vencedor.,59,APROBADO,0872C69CBB02B564273081AD3DA00D409C0E4D59C5A332BF8D69FA6A59EE21A3,normalizacion_paginada_v2_1_guiones_lexico_20260811,B75821DCA7E73A9A59289274E77E823F84436591E15C224011B0ECD7D1694ABC,PASS,54,0,1.0,PASS,PASS,PASS,0.013241
C:\Users\USUARIO\Documents\Downloads\BASE DE DATOS 1974-2018 PDFs. WSS\2000\2000-07-25 El Rey de reyes (WSS) El Salvador (movil).pdf,224a23a2-f033-48ef-816b-d627d5f8ccf4,0e9068e9-1f5b-41a0-9202-4fa4aac25021,2000-07-25,El Rey de Reyes.,29,APROBADO,E0B3776F9361F0EE568CE22C86A0C66147B39250AA8EE5D78F47991EAEA3FC5B,normalizacion_paginada_v2_1_guiones_lexico_20260811,B75821DCA7E73A9A59289274E77E823F84436591E15C224011B0ECD7D1694ABC,PASS,26,0,1.0,PASS,PASS,PASS,0.021431
"C:\Users\USUARIO\Documents\Downloads\BASE DE DATOS 1974-2018 PDFs. WSS\2000\2000-07-30 1 El origen de los Hijos de Dios (WSS) Cayey, Puerto Rico (movil).pdf",5325ae6e-a09d-4ac4-8968-14f0e74dc80f,377726bd-34d9-4817-8dda-7ab9772c346e,2000-07-30,1 El origen de los Hijos de Dios.,25,APROBADO,D6FC3037287505AEB7E034CB1111F22F8AD4BE62282D0294CFA2A14105B221CF,normalizacion_paginada_v2_1_guiones_lexico_20260811,B75821DCA7E73A9A59289274E77E823F84436591E15C224011B0ECD7D1694ABC,PASS,23,0,1.0,PASS,PASS,PASS,0.017796
"C:\Users\USUARIO\Documents\Downloads\BASE DE DATOS 1974-2018 PDFs. WSS\2000\2000-07-30 2 El destino de los Hijos de Dios (WSS) Cayey, Puerto Rico (movil).pdf",e85e83d9-cfee-4676-9cfc-7314568cc7f5,89db5acc-adc3-49ca-b287-c3c4bec3d90f,2000-07-30,2 El Destino de los Hijos de Dios.,19,APROBADO,C7A636A2C5E5B260776A267C5D39495E6AC512A09C314FCF89E0910BE103DBFA,normalizacion_paginada_v2_1_guiones_lexico_20260811,B75821DCA7E73A9A59289274E77E823F84436591E15C224011B0ECD7D1694ABC,PASS,16,0,1.0,PASS,PASS,PASS,0.040283
"C:\Users\USUARIO\Documents\Downloads\BASE DE DATOS 1974-2018 PDFs. WSS\2000\2000-08-06 2 El Camino de la Vida Eterna (WSS) Cayey, Puerto Rico (movil).pdf",5df965f3-a11b-413f-bb46-0e67f81c3af6,038c3578-a6d6-4636-96d5-cc30d9d5a068,2000-08-06,2 El Camino de la Vida Eterna.,8,APROBADO,C0AEBEE76A842F009C1DCAFB88E5C831D75CDB5BB37DC6382F7C418D2EEEA4F5,normalizacion_paginada_v2_1_guiones_lexico_20260811,B75821DCA7E73A9A59289274E77E823F84436591E15C224011B0ECD7D1694ABC,PASS,4,0,1.0,PASS,PASS,PASS,0.072819
"C:\Users\USUARIO\Documents\Downloads\BASE DE DATOS 1974-2018 PDFs. WSS\2000\2000-08-13 La Venida de la Luz de la Vida (WSS) Cayey, Puerto Rico (movil).pdf",4317b42a-4376-424b-b926-4534f07c2be9,cbd51612-4d54-42d6-b24e-62c970ad8e5b,2000-08-13,La Venida de la Luz de la Vida.,46,APROBADO,A346AFFD20A9917567A81B6DDDB7EC229F6D1953668ED760F3F911C67F7927E1,normalizacion_paginada_v2_1_guiones_lexico_20260811,B75821DCA7E73A9A59289274E77E823F84436591E15C224011B0ECD7D1694ABC,PASS,38,0,1.0,PASS,PASS,PASS,0.019503
"C:\Users\USUARIO\Documents\Downloads\BASE DE DATOS 1974-2018 PDFs. WSS\2000\2000-08-13 2 Apertura de Bautismos (WSS) Cayey, Puerto Rico (movil).pdf",91b95de9-922d-4224-b486-eac37ad3d5b0,4d17ccff-35ec-4382-86f7-cf41cc0aa5fc,2000-08-13,2 Apertura de Bautismos.,13,APROBADO,A63A4402D2D4372A76330B809FE1492B9556AC52CB0F2847C148CE8ACF24B899,normalizacion_paginada_v2_1_guiones_lexico_20260811,B75821DCA7E73A9A59289274E77E823F84436591E15C224011B0ECD7D1694ABC,PASS,9,0,1.0,PASS,PASS,PASS,0.053450
"C:\Users\USUARIO\Documents\Downloads\BASE DE DATOS 1974-2018 PDFs. WSS\2000\2000-08-23 Caminando por la Senda derecha (WSS) Medellín, Colombia (movil).pdf",4dc23ced-ee30-442a-b334-24f011e9acc2,fe6acb14-d22c-4a7b-9c15-0f4df11192fb,2000-08-23,Caminando por la Senda Derecha.,19,APROBADO,6BBC81CA6B349AEA527442DBEC7103B056405E97E86A180D80E080599CD3F4E8,normalizacion_paginada_v2_1_guiones_lexico_20260811,B75821DCA7E73A9A59289274E77E823F84436591E15C224011B0ECD7D1694ABC,PASS,16,0,1.0,PASS,PASS,PASS,0.016327
"C:\Users\USUARIO\Documents\Downloads\BASE DE DATOS 1974-2018 PDFs. WSS\2000\2000-08-26 Caminando hacia la Perfección (WSS) Cartagena, Colombia (movil).pdf",0de182e9-0690-4db7-8b57-1676788b2d0e,69e15c52-586d-4981-a9f0-d39722626f5f,2000-08-26,Caminando hacia la Perfeccion.,23,APROBADO,524FA35630D75696B49526A7868B1DD3A8269AE89123F42833411CFA4237CBA9,normalizacion_paginada_v2_1_guiones_lexico_20260811,B75821DCA7E73A9A59289274E77E823F84436591E15C224011B0ECD7D1694ABC,PASS,20,0,1.0,PASS,PASS,PASS,0.034792
"C:\Users\USUARIO\Documents\Downloads\BASE DE DATOS 1974-2018 PDFs. WSS\2000\2000-08-27 El Enviado con la Misión Celestial (WSS) Cartagena, Colombia (movil).pdf",bf79c08b-2aba-454a-8235-b5ede6ccb1bc,b368b369-91c7-4449-9ebd-8adbf2523471,2000-08-27,El Enviado con la Mision Celestial.,30,APROBADO,86AC35C1257BA16D64ACD5E6D549D5A9F9AD0896F9440D5A52CDBF1EB7C28FED,normalizacion_paginada_v2_1_guiones_lexico_20260811,B75821DCA7E73A9A59289274E77E823F84436591E15C224011B0ECD7D1694ABC,PASS,27,0,1.0,PASS,PASS,PASS,0.023311
"C:\Users\USUARIO\Documents\Downloads\BASE DE DATOS 1974-2018 PDFs. WSS\2000\2000-09-03 1 El Reino del Señor Jesucristo (WSS) Cayey, Puerto Rico (movil).pdf",3066f8d0-61a1-4b61-a49a-9ee1cabc0b57,42173046-0520-4d02-84ab-9e84e624afe0,2000-09-03,1 El Reino del Señor Jesucristo.,42,APROBADO,F48B8D82FD888FB1E6B1DA882993D96473426C31281CB25731B1A4E1284B30BC,normalizacion_paginada_v2_1_guiones_lexico_20260811,B75821DCA7E73A9A59289274E77E823F84436591E15C224011B0ECD7D1694ABC,PASS,40,0,1.0,PASS,PASS,PASS,0.028145
"C:\Users\USUARIO\Documents\Downloads\BASE DE DATOS 1974-2018 PDFs. WSS\2000\2000-09-03 2 La Materializacion del Reino del Señor Jesucristo (WSS) Cayey, Puerto Rico (movil).pdf",574a83bf-b92c-42b2-a522-2dba2a1fbd54,25bd121a-eeae-4cd5-8f6a-c93abc96440e,2000-09-03,2 La Materialización del Reino del Señor Jesucristo.,14,APROBADO,E7AFD3ABB095262E98A6FB8770F7C62686B2DC850800793C0CD26FDF4EDEC635,normalizacion_paginada_v2_1_guiones_lexico_20260811,B75821DCA7E73A9A59289274E77E823F84436591E15C224011B0ECD7D1694ABC,PASS,8,0,1.0,PASS,PASS,PASS,0.020599
"C:\Users\USUARIO\Documents\Downloads\BASE DE DATOS 1974-2018 PDFs. WSS\2000\2000-09-10 1 Los dos tronos, Sus reyes y Sus súbditos (WSS) Cayey, Puerto Rico (movil).pdf",02304ac9-27d0-4fed-9e28-b85c01fa1c02,b4555136-ba61-4a0c-8729-0e07a3d3d932,2000-09-10,1 Los dos tronos sus reyes y sus subditos.,48,APROBADO,F57FD0FC6B59AB1A9D9190B3962EFCDBD175636D17DEEF6CB187E4B91361BEA3,normalizacion_paginada_v2_1_guiones_lexico_20260811,B75821DCA7E73A9A59289274E77E823F84436591E15C224011B0ECD7D1694ABC,PASS,43,0,1.0,PASS,PASS,PASS,0.015708
"C:\Users\USUARIO\Documents\Downloads\BASE DE DATOS 1974-2018 PDFs. WSS\2000\2000-09-15 Crees tu en el Hijo de Dios (WSS) Puerto Príncipe, Haití (movil).pdf",a181867e-4ea1-4d4e-8a65-f2d47c5dc491,d4118f69-9045-4478-b0cd-f3ea62b72cff,2000-09-15,Crees tu en el Hijo de Dios.,16,APROBADO,60BFEE47A3974D951B92E274075144F9BCB916EE50FF9E291F8CC066483E67E0,normalizacion_paginada_v2_1_guiones_lexico_20260811,B75821DCA7E73A9A59289274E77E823F84436591E15C224011B0ECD7D1694ABC,PASS,14,0,1.0,PASS,PASS,PASS,0.017864
"C:\Users\USUARIO\Documents\Downloads\BASE DE DATOS 1974-2018 PDFs. WSS\2000\2000-09-16 Predestinados para creer (WSS) Karabete, Haití (movil).pdf",ece3d82e-925d-499f-bcbf-1cf0cfbf2991,15a7fed8-8d9c-4b3e-9ee8-665ac28bf591,2000-09-16,Predestinados para Creer.,20,APROBADO,55633DD50B199E9415E19E55A576671DEBA745B037C41C2CE70DBEAE961E485B,normalizacion_paginada_v2_1_guiones_lexico_20260811,B75821DCA7E73A9A59289274E77E823F84436591E15C224011B0ECD7D1694ABC,PASS,17,0,1.0,PASS,PASS,PASS,0.029610
"C:\Users\USUARIO\Documents\Downloads\BASE DE DATOS 1974-2018 PDFs. WSS\2000\2000-09-24 2 El pleito de nuestra Heredad en la Corte Celestial (WSS) Cayey, Puerto Rico (movil).pdf",6b9c2be5-0223-42c5-83a8-3cdfca22ed93,30441481-f55c-487d-a841-34c5b1b14150,2000-09-24,2 El pleito de nuestra Heredad en la Corte Celestial.,11,APROBADO,9BE8009427B5AB202E580C70FCAC02E232260ED33319209542A2221B717454CC,normalizacion_paginada_v2_1_guiones_lexico_20260811,B75821DCA7E73A9A59289274E77E823F84436591E15C224011B0ECD7D1694ABC,PASS,9,0,1.0,PASS,PASS,PASS,0.011732
"C:\Users\USUARIO\Documents\Downloads\BASE DE DATOS 1974-2018 PDFs. WSS\2000\2000-09-29 Niños guiados por El Angel del Pacto (WSS) Cayey, Puerto Rico (movil).pdf",3df7e856-b2fa-484f-8e94-036399ed6870,bd021f4d-d8ae-493a-92eb-2be2aa9c6b03,2000-09-29,Niños guiados por El Angel del Pacto.,14,APROBADO,B14E2C5B6A628DCA5912D572883EC31F39BF70D08EBDCF9A09D82832100F6EC9,normalizacion_paginada_v2_1_guiones_lexico_20260811,B75821DCA7E73A9A59289274E77E823F84436591E15C224011B0ECD7D1694ABC,PASS,8,0,1.0,PASS,PASS,PASS,0.002534
"C:\Users\USUARIO\Documents\Downloads\BASE DE DATOS 1974-2018 PDFs. WSS\2000\2000-10-01 1 La Restauracion de todas las cosas - Parte 1 (WSS) Cayey, Puerto Rico (movil).pdf",6c057760-0eb6-451b-b566-be796107d8a5,79133205-0749-4162-89bc-8caf66be4688,2000-10-01,1 La Restauracion de todas las cosas parte 1.,14,APROBADO,F0BF5F491E0D3AC58AAC337944CE756FEDC64356AD07CC48199FCC463F15F818,normalizacion_paginada_v2_1_guiones_lexico_20260811,B75821DCA7E73A9A59289274E77E823F84436591E15C224011B0ECD7D1694ABC,PASS,8,0,1.0,PASS,PASS,PASS,0.010300
"C:\Users\USUARIO\Documents\Downloads\BASE DE DATOS 1974-2018 PDFs. WSS\2000\2000-10-08 3 Saludo a los Valientes del Hijo de David (WSS) Cayey, Puerto Rico (movil).pdf",b48e261d-323b-4455-92ce-50b525ab9467,3fb1ecb5-ec90-4862-946e-b6b34c9576d3,2000-10-08,3 Saludo a los Valientes del Hijo de David.,10,APROBADO,1D5B48E7325F4834CFC77EB2E14125E0D395D2902C7ECCABEBB7E4DB7FFD96CD,normalizacion_paginada_v2_1_guiones_lexico_20260811,B75821DCA7E73A9A59289274E77E823F84436591E15C224011B0ECD7D1694ABC,PASS,7,0,1.0,PASS,PASS,PASS,0.005991
"C:\Users\USUARIO\Documents\Downloads\BASE DE DATOS 1974-2018 PDFs. WSS\2000\2000-10-16 La Obra de un Precursor (WSS) Soacha, Colombia (movil).pdf",6b1fa5b6-5729-4c56-b37b-a029281ca5c8,92e013e5-6a31-469a-9f4b-c5514fdb6b5d,2000-10-16,La Obra de un Precursor.,42,APROBADO,9BC88A36BBEFE5C734173EC02B38103B35D2B295882C4C8143C2BB6CAB6958FE,normalizacion_paginada_v2_1_guiones_lexico_20260811,B75821DCA7E73A9A59289274E77E823F84436591E15C224011B0ECD7D1694ABC,PASS,40,0,1.0,PASS,PASS,PASS,0.023316
"C:\Users\USUARIO\Documents\Downloads\BASE DE DATOS 1974-2018 PDFs. WSS\2000\2000-10-18 El Crecimiento secreto de la Simiente (WSS) Ibarra, Ecuador (movil).pdf",8411e6fc-3ca3-4833-b0eb-66b527e14c3f,ca5a0ace-9f28-4e0d-8ab7-818d3aeb0c52,2000-10-18,El Crecimiento secreto de la Simiente.,21,APROBADO,B1DEFED980FA28BB817F368FF72E77D929128C98A52134F1D123FF70A5653C60,normalizacion_paginada_v2_1_guiones_lexico_20260811,B75821DCA7E73A9A59289274E77E823F84436591E15C224011B0ECD7D1694ABC,PASS,19,0,1.0,PASS,PASS,PASS,0.015680
"C:\Users\USUARIO\Documents\Downloads\BASE DE DATOS 1974-2018 PDFs. WSS\2000\2000-10-20 2 Creciendo hasta producir el fruto (WSS) Ibarra, Ecuador (movil).pdf",9df24c99-36d1-44be-9c5d-60fb922eb8bc,8dce6b32-e3dc-4530-b94d-4c1e06a0912e,2000-10-20,2 Creciendo hasta producir el Fruto.,18,APROBADO,F6B4B43673C8E6DC816034E8988530B964DD4A158339E24C57B0DF19894256B1,normalizacion_paginada_v2_1_guiones_lexico_20260811,B75821DCA7E73A9A59289274E77E823F84436591E15C224011B0ECD7D1694ABC,PASS,16,0,1.0,PASS,PASS,PASS,0.010799
"C:\Users\USUARIO\Documents\Downloads\BASE DE DATOS 1974-2018 PDFs. WSS\2000\2000-10-25 Las cuatro clases de tierra en el campo (WSS) Tarapoto, Perú (movil).pdf",9d6aa86f-df01-41ef-9f98-c290d37e96f7,5b4f68a7-e876-40c8-8efa-c81bb9c8e9f6,2000-10-25,Las cuatro clases de tierra en el campo.,17,APROBADO,0DD3C78B53CF6D1637E0C5C35E29456641B97E77573D2653C6F125B33B028E3D,normalizacion_paginada_v2_1_guiones_lexico_20260811,B75821DCA7E73A9A59289274E77E823F84436591E15C224011B0ECD7D1694ABC,PASS,13,0,1.0,PASS,PASS,PASS,0.012688
"C:\Users\USUARIO\Documents\Downloads\BASE DE DATOS 1974-2018 PDFs. WSS\2000\2000-10-26 2 Buscando a Dios mientras puede ser hallado (WSS) Rioja, Perú (movil).pdf",76c55e25-dd50-4b29-acf5-293ec5f3d107,d55607ce-6ff1-4282-ac34-0522821538a0,2000-10-26,2 Buscando a Dios mientras puede ser hallado.,19,APROBADO,7508DA2D9C059FA477F43BEC7935385E35118501C2D8599917E8ECA95FF4A939,normalizacion_paginada_v2_1_guiones_lexico_20260811,B75821DCA7E73A9A59289274E77E823F84436591E15C224011B0ECD7D1694ABC,PASS,17,0,1.0,PASS,PASS,PASS,0.026409
"C:\Users\USUARIO\Documents\Downloads\BASE DE DATOS 1974-2018 PDFs. WSS\2000\2000-10-28 Escogidos para producir un fruto permanente - RM (WSS) Lima, Peru (movil).pdf",afc6a16e-de3f-497e-acc1-d432ecb25aac,702f4e11-d1ec-41a7-aa46-9ca01a78bfe4,2000-10-28,RM Escogidos para producir un fruto permanente.,31,APROBADO,82A8EBA2F4BBA42F454428E92E2C4FA1A01A6438FA647CEFF80585D4AE591C30,normalizacion_paginada_v2_1_guiones_lexico_20260811,B75821DCA7E73A9A59289274E77E823F84436591E15C224011B0ECD7D1694ABC,PASS,28,0,1.0,PASS,PASS,PASS,0.015880
"C:\Users\USUARIO\Documents\Downloads\BASE DE DATOS 1974-2018 PDFs. WSS\2000\2000-10-31 Pescando en la direccion correcta (WSS) Santa Cruz, Bolivia (movil).pdf",1c2038ad-2bca-48a4-9173-730fdc39a5fd,9333cab9-196d-46e1-88ce-6fe3460219dc,2000-10-31,Pescando en la direccion correcta.,23,APROBADO,C5229FF958E91F2E473996373DD530B7B8EEB9D7522D06C946CC15089A205774,normalizacion_paginada_v2_1_guiones_lexico_20260811,B75821DCA7E73A9A59289274E77E823F84436591E15C224011B0ECD7D1694ABC,PASS,15,0,1.0,PASS,PASS,PASS,0.021522
"C:\Users\USUARIO\Documents\Downloads\BASE DE DATOS 1974-2018 PDFs. WSS\2000\2000-11-10 El Precioso Camino que lleva al Cielo (WSS) Santiago de Chile, Chile (movil).pdf",89994eb6-f3a7-4862-9aba-45b08ad3ac9f,c6b01be1-b643-484e-a9cb-9be6f221420f,2000-11-10,El Precioso Camino que lleva al Cielo.,15,APROBADO,26602BF766D69AB0ECA7484931A6C4AEBE52790B38732488626EBA2ED295ED94,normalizacion_paginada_v2_1_guiones_lexico_20260811,B75821DCA7E73A9A59289274E77E823F84436591E15C224011B0ECD7D1694ABC,PASS,12,0,1.0,PASS,PASS,PASS,0.027656
"C:\Users\USUARIO\Documents\Downloads\BASE DE DATOS 1974-2018 PDFs. WSS\2000\2000-11-11 Dios está edificando Su Casa (WSS) Santiago de Chile, Chile (movil).pdf",cc7e165f-1bda-4597-8bda-fffccf11f194,8cd5b868-a6cc-4583-ab07-553468e5bf29,2000-11-11,Dios esta edificando su Casa.,30,APROBADO,8693A49A434B0A27E6A851E622577A3F247D676D49E491E409CE2125AA5DEAA2,normalizacion_paginada_v2_1_guiones_lexico_20260811,B75821DCA7E73A9A59289274E77E823F84436591E15C224011B0ECD7D1694ABC,PASS,27,0,1.0,PASS,PASS,PASS,0.014349
"C:\Users\USUARIO\Documents\Downloads\BASE DE DATOS 1974-2018 PDFs. WSS\2000\2000-11-14 El Fruto de la Buena Tierra (WSS) Olavarría, Argentina (movil).pdf",906d5eff-f3cb-45ca-966c-caf76a55634e,c3bf3aad-7844-462e-a4d3-cabbe6be5f4a,2000-11-14,El Fruto de la Buena Tierra.,32,APROBADO,B851C0BEA8BAEA07514935B1DDB4C08EA86614130A320464F2602953E4173D8D,normalizacion_paginada_v2_1_guiones_lexico_20260811,B75821DCA7E73A9A59289274E77E823F84436591E15C224011B0ECD7D1694ABC,PASS,30,0,1.0,PASS,PASS,PASS,0.014485
"C:\Users\USUARIO\Documents\Downloads\BASE DE DATOS 1974-2018 PDFs. WSS\2000\2000-11-15 Somos la Tierra de Bendición (WSS) Olavarría, Argentina (movil).pdf",ee63f1c7-1d07-4ab5-8ea1-931307baaef7,65f1f06f-1b75-4537-a1b4-b124af63b2fd,2000-11-15,Somos la Tierra de Bendicion.,15,APROBADO,A62D8A8886FFC002E6B8319B4B07D6B85A2B813013BE553EF039D2BD821F630E,normalizacion_paginada_v2_1_guiones_lexico_20260811,B75821DCA7E73A9A59289274E77E823F84436591E15C224011B0ECD7D1694ABC,PASS,11,0,1.0,PASS,PASS,PASS,0.020386
"C:\Users\USUARIO\Documents\Downloads\BASE DE DATOS 1974-2018 PDFs. WSS\2000\2000-11-20 1 La Encarnación de la Palabra (WSS) Asunción, Paraguay (movil).pdf",07d4128d-411f-4c00-9fca-8a14e12997a9,53c057ac-721a-444b-a595-3be3da4ad113,2000-11-20,1 La Encarnación de la Palabra.,24,APROBADO,BEDDAF8B62FD613B4C429424DF5267E7B26D86512480B9DFD65663B158C8761F,normalizacion_paginada_v2_1_guiones_lexico_20260811,B75821DCA7E73A9A59289274E77E823F84436591E15C224011B0ECD7D1694ABC,PASS,22,0,1.0,PASS,PASS,PASS,0.022843
"C:\Users\USUARIO\Documents\Downloads\BASE DE DATOS 1974-2018 PDFs. WSS\2000\2000-11-23 2 Los Hijos que van a la Gloria (WSS) Brasilia, Brasil (movil).pdf",26f0c1ad-9a52-4289-8d3f-ffa01a45f331,3c6405a6-c48c-48b4-993a-b1b4ce39b9cf,2000-11-23,2 Los Hijos que van a la Gloria.,13,APROBADO,77F371CA9AC46CE60205D85FE08184C74DC282DD74158A4F6D58094081DFF520,normalizacion_paginada_v2_1_guiones_lexico_20260811,B75821DCA7E73A9A59289274E77E823F84436591E15C224011B0ECD7D1694ABC,PASS,11,0,1.0,PASS,PASS,PASS,0.028708
"C:\Users\USUARIO\Documents\Downloads\BASE DE DATOS 1974-2018 PDFs. WSS\2000\2000-11-24 El Buen Soldado de Jesucristo (WSS) Río de Janeiro, Brasil (movil).pdf",073ac637-022a-43a1-b4ad-f6ab16c292ca,1785ba6d-5fd4-4eab-b760-188ac822cf91,2000-11-24,El Buen Soldado de Jesucristo.,14,APROBADO,DA85B7009DB58AE80DC7AA05E24826BAE5297E52A882A0C14ED28FF24C94C8D2,normalizacion_paginada_v2_1_guiones_lexico_20260811,B75821DCA7E73A9A59289274E77E823F84436591E15C224011B0ECD7D1694ABC,PASS,11,0,1.0,PASS,PASS,PASS,0.034278
"C:\Users\USUARIO\Documents\Downloads\BASE DE DATOS 1974-2018 PDFs. WSS\2000\2000-11-25 El Buen Atléta de Jesucristo (WSS) Río de Janeiro, Brasil (movil).pdf",a8adf93f-ebbe-4043-8499-94449374febc,971af556-1c98-4a83-adcf-1635b6628a86,2000-11-25,El Buen Atleta de Jesucristo.,11,APROBADO,0C48662B21D9BD086D16759F529D7C79BD2B201CBEE2568C654B422E247C2CD3,normalizacion_paginada_v2_1_guiones_lexico_20260811,B75821DCA7E73A9A59289274E77E823F84436591E15C224011B0ECD7D1694ABC,PASS,8,0,1.0,PASS,PASS,PASS,0.017827
"C:\Users\USUARIO\Documents\Downloads\BASE DE DATOS 1974-2018 PDFs. WSS\2000\2000-11-27 Jesucristo como Juez de vivos y muertos (WSS) Juíz de Fora, Brasil (movil).pdf",382cdcef-3c97-411d-9568-cf6f8689c603,cb416f71-9e9c-4892-a8bd-2e1f3327d850,2000-11-27,Jesucristo como Juez de Vivos y muertos.,13,APROBADO,689D8C0B07D0945044752512AAB9D4C5B636C476C8599D3AC49F20A81C97A6DA,normalizacion_paginada_v2_1_guiones_lexico_20260811,B75821DCA7E73A9A59289274E77E823F84436591E15C224011B0ECD7D1694ABC,PASS,11,0,1.0,PASS,PASS,PASS,0.016327
"C:\Users\USUARIO\Documents\Downloads\BASE DE DATOS 1974-2018 PDFs. WSS\2000\2000-12-05 Conociendo el Programa de Dios Hoy (WSS) Ibagué, Colombia (movil).pdf",f658774b-fca9-44ee-bfee-4abba6a6743e,ee69f50e-cac3-45b6-b645-9bf959f9feae,2000-12-05,Conociendo el Programa de Dios hoy.,36,APROBADO,483DF11C6CC5DDB8EB4A41F6780C8EAB52FB68284635101AB60F1760E25EFB77,normalizacion_paginada_v2_1_guiones_lexico_20260811,B75821DCA7E73A9A59289274E77E823F84436591E15C224011B0ECD7D1694ABC,PASS,32,0,1.0,PASS,PASS,PASS,0.019460
"C:\Users\USUARIO\Documents\Downloads\BASE DE DATOS 1974-2018 PDFs. WSS\2001\2001-01-07 Dios y Su Creación (WSS) Cayey, Puerto Rico (movil).pdf",7569a1f2-2512-4956-a4d2-9ae931d9a89c,35d232a5-54c7-4978-855c-f156f8305f4d,2001-01-07,Dios y su Creacion.,34,APROBADO,3CF93B72AE54D6BEA94C1BAC78AB7FD8ACA7EB98697009A4E433C6CFE7987CEC,normalizacion_paginada_v2_1_guiones_lexico_20260811,B75821DCA7E73A9A59289274E77E823F84436591E15C224011B0ECD7D1694ABC,PASS,22,0,1.0,PASS,PASS,PASS,0.015053
"C:\Users\USUARIO\Documents\Downloads\BASE DE DATOS 1974-2018 PDFs. WSS\2001\2001-01-07 El Dios Creador de Israel (WSS) Cayey, Puerto Rico (movil).pdf",36825f69-e27c-45f9-a89e-604803a225b9,79c828ab-1e76-43fe-9952-e10051cce35d,2001-01-07,El Dios Creador de Israel.,26,APROBADO,95138F7901602ECF557E1DC10E1B78C2FC5B9F464D16A4D4560A9B78B60D3581,normalizacion_paginada_v2_1_guiones_lexico_20260811,B75821DCA7E73A9A59289274E77E823F84436591E15C224011B0ECD7D1694ABC,PASS,24,0,1.0,PASS,PASS,PASS,0.012658
"C:\Users\USUARIO\Documents\Downloads\BASE DE DATOS 1974-2018 PDFs. WSS\2001\2001-01-21 Las dos simientes en la Tierra (WSS) Cayey, Puerto Rico (movil).pdf",759b225e-a710-4ea0-9ef0-d7eb0cfcb488,bdb5a5c1-824c-468f-9dd8-31bc305ee7b8,2001-01-21,Las dos simientes en la tierra.,42,APROBADO,F8B529154BC840E7FA1AB9662462354FD3B7173CA04813A6BA510AA35C757092,normalizacion_paginada_v2_1_guiones_lexico_20260811,B75821DCA7E73A9A59289274E77E823F84436591E15C224011B0ECD7D1694ABC,PASS,39,0,1.0,PASS,PASS,PASS,0.024545
"C:\Users\USUARIO\Documents\Downloads\BASE DE DATOS 1974-2018 PDFs. WSS\2001\2001-01-21 Luchando para vencer y reinar (WSS) Cayey, Puerto Rico (movil).pdf",5aae8e22-66e1-4630-86b3-89708a1755e7,ae41bf40-d94f-4788-8ff6-49b6e0a12ec6,2001-01-21,Luchando para vencer y Reinar.,21,APROBADO,9DDE8C6A9C5A892D4A53BB56F39646E798F559C8C713940D28723563F8FCC33C,normalizacion_paginada_v2_1_guiones_lexico_20260811,B75821DCA7E73A9A59289274E77E823F84436591E15C224011B0ECD7D1694ABC,PASS,12,0,1.0,PASS,PASS,PASS,0.023681
"C:\Users\USUARIO\Documents\Downloads\BASE DE DATOS 1974-2018 PDFs. WSS\2001\2001-01-28 Dios, la creación, la caida y la restauración (WSS) Cayey, Puerto Rico (movil).pdf",d9551504-d753-4101-95c2-1397c29a5846,5b3aca9d-6a6a-4a99-8b5e-6701fd1f32f8,2001-01-28,"Dios, La Creacion la caida y la Restauracion",32,APROBADO,77DA8AA1A34402DB832922347CBA5B75F7024A23257674389ADC2551538865D6,normalizacion_paginada_v2_1_guiones_lexico_20260811,B75821DCA7E73A9A59289274E77E823F84436591E15C224011B0ECD7D1694ABC,PASS,23,0,1.0,PASS,PASS,PASS,0.019955
"C:\Users\USUARIO\Documents\Downloads\BASE DE DATOS 1974-2018 PDFs. WSS\2001\2001-02-04 La Piedra de Corona del Templo (WSS) Cayey, Puerto Rico (movil).pdf",200cddc8-9487-402b-a315-fbdd534f8d0b,9cdafd47-d814-41eb-b280-fce959d367e6,2001-02-04,La Piedra de Corona del Templo,31,APROBADO,1A60A935F18F06A882BEC5F4D021854532CEDCA8549FFAB7B5D8498308468DC0,normalizacion_paginada_v2_1_guiones_lexico_20260811,B75821DCA7E73A9A59289274E77E823F84436591E15C224011B0ECD7D1694ABC,PASS,29,0,1.0,PASS,PASS,PASS,0.016785
"C:\Users\USUARIO\Documents\Downloads\BASE DE DATOS 1974-2018 PDFs. WSS\2001\2001-02-04 Entrando a tiempo al Arca de Salvación (WSS) Cayey, Puerto Rico (movil).pdf",bfa9c075-d1b5-4568-81f2-dc34a43a4218,e2a847fe-4bc1-423a-87cf-7cc796c465d8,2001-02-04,Entrando a tiempo al Arca de Salvación,30,APROBADO,2403C73AE5C0B80ABDE041DF50E2830979014B17DE82A7C7B5F874B7654892C5,normalizacion_paginada_v2_1_guiones_lexico_20260811,B75821DCA7E73A9A59289274E77E823F84436591E15C224011B0ECD7D1694ABC,PASS,27,0,1.0,PASS,PASS,PASS,0.027664
"C:\Users\USUARIO\Documents\Downloads\BASE DE DATOS 1974-2018 PDFs. WSS\2001\2001-02-11 El arco del Pacto Divino (WSS) Cayey, Puerto Rico (movil).pdf",eb522d92-3979-4474-8870-ad92e9febe14,f1bbe949-9737-46e6-b794-58d560f7af12,2001-02-11,El Arco del Pacto Divino,39,APROBADO,8DEF725A77BC405D065DEC12AA5E69199B311A22937672BBDE2F4AC3BC029FD7,normalizacion_paginada_v2_1_guiones_lexico_20260811,B75821DCA7E73A9A59289274E77E823F84436591E15C224011B0ECD7D1694ABC,PASS,33,0,1.0,PASS,PASS,PASS,0.022472
"C:\Users\USUARIO\Documents\Downloads\BASE DE DATOS 1974-2018 PDFs. WSS\2001\2001-02-11 La promesa de la hora siendo confirmada (WSS) Cayey, Puerto Rico (movil).pdf",f7f398d2-4cbe-44c9-9002-1a38720ebbe7,cfb5c5c3-f8ae-4955-8b19-c8d6ae7e162e,2001-02-11,La Promesa de la Hora Siendo Confirmada,20,APROBADO,85E2D31FBCFE453B27274572A70A91864F54BCBF25FF4B42818DD5626BC5D6D5,normalizacion_paginada_v2_1_guiones_lexico_20260811,B75821DCA7E73A9A59289274E77E823F84436591E15C224011B0ECD7D1694ABC,PASS,16,0,1.0,PASS,PASS,PASS,0.023814
"C:\Users\USUARIO\Documents\Downloads\BASE DE DATOS 1974-2018 PDFs. WSS\2001\2001-02-25 Bendecidos por Melquisedec (WSS) Cayey, Puerto Rico (movil).pdf",e74709b1-b90c-46f5-b3f5-4845591ac662,7732575e-30e5-4ab0-b1f8-dd9ab82d6172,2001-02-25,Bendecidos por Melquisedec.,27,APROBADO,D10945659D4E7FD2795311A745A868304DB35EBB88867DA09173BC4A7B696AD1,normalizacion_paginada_v2_1_guiones_lexico_20260811,B75821DCA7E73A9A59289274E77E823F84436591E15C224011B0ECD7D1694ABC,PASS,25,0,1.0,PASS,PASS,PASS,0.026558
"C:\Users\USUARIO\Documents\Downloads\BASE DE DATOS 1974-2018 PDFs. WSS\2001\2001-02-28 La Nube Misteriosa (WSS) Cartagena, Colombia (movil).pdf",e83e3478-3f73-45f2-9061-9b326035a9c2,409b997a-686d-4637-ab61-e571c5a2394d,2001-02-28,La Nube Misteriosa.,32,APROBADO,77407BA3F8B4A14AC09AB2E0AE8390686D06314D14C805C6D8416B735F61A72E,normalizacion_paginada_v2_1_guiones_lexico_20260811,B75821DCA7E73A9A59289274E77E823F84436591E15C224011B0ECD7D1694ABC,PASS,28,0,1.0,PASS,PASS,PASS,0.020190
"C:\Users\USUARIO\Documents\Downloads\BASE DE DATOS 1974-2018 PDFs. WSS\2001\2001-03-01 La Luz del Nuevo Dia (WSS) Cartagena, Colombia (movil).pdf",e1efae7a-d38a-4293-af64-79180cad0111,2ced1bcb-a361-4bc2-834a-513d207e0490,2001-03-01,La Luz del Nuevo Día.,20,APROBADO,7844BDCE53C6E41F7B2C60FE51BFFC0EE22E45ACB5B6C4AB574D3BF5C8F0A156,normalizacion_paginada_v2_1_guiones_lexico_20260811,B75821DCA7E73A9A59289274E77E823F84436591E15C224011B0ECD7D1694ABC,PASS,18,0,1.0,PASS,PASS,PASS,0.022741
"C:\Users\USUARIO\Documents\Downloads\BASE DE DATOS 1974-2018 PDFs. WSS\2001\2001-03-04 Protegidos por el Escudo de Dios (WSS) Bogota, Colombia (movil).pdf",acecc330-cc26-4cde-bd40-ffd284934245,5735ab09-142c-44e1-8a76-da77ce6188e6,2001-03-04,Protegidos por el escudo de Dios,32,APROBADO,95E7C0929ABDA2E0496B40B30F2070CBF8346C1E76ADECBFD34911A112942405,normalizacion_paginada_v2_1_guiones_lexico_20260811,B75821DCA7E73A9A59289274E77E823F84436591E15C224011B0ECD7D1694ABC,PASS,27,0,1.0,PASS,PASS,PASS,0.022580
C:\Users\USUARIO\Documents\Downloads\BASE DE DATOS 1974-2018 PDFs. WSS\2001\2001-03-05 Dios prolongando Su paciencia (WSS) Brasil (movil).pdf,2fd53894-5881-4735-a44b-8bff8ecfe412,81114708-05f0-4fc5-a5a0-7052e03e972f,2001-03-05,Dios prolongando Su paciencia.,19,APROBADO,D98CEDD0DA3D24E53D41020CB98EDF4FF4F820EDAAC1D8351EE9362BF7B59B5C,normalizacion_paginada_v2_1_guiones_lexico_20260811,B75821DCA7E73A9A59289274E77E823F84436591E15C224011B0ECD7D1694ABC,PASS,14,0,1.0,PASS,PASS,PASS,0.013903
C:\Users\USUARIO\Documents\Downloads\BASE DE DATOS 1974-2018 PDFs. WSS\2001\2001-03-07 El nuevo Pacto y su Señal (WSS) Brasil (movil).pdf,f1a8ca22-3f47-4a99-a25f-7ff59538526c,f53d889a-6224-45d1-866c-9bf2d6ddc21c,2001-03-07,El nuevo pacto y su Señal.,17,APROBADO,3D887D0F0B0932263761EE400D850BAEDA304C0F5C27597FE7E13461E0DA6F1A,normalizacion_paginada_v2_1_guiones_lexico_20260811,B75821DCA7E73A9A59289274E77E823F84436591E15C224011B0ECD7D1694ABC,PASS,11,0,1.0,PASS,PASS,PASS,0.028938
C:\Users\USUARIO\Documents\Downloads\BASE DE DATOS 1974-2018 PDFs. WSS\2001\2001-03-08 El ejercito invencible de Jesucristo (WSS) Brasil (movil).pdf,c2458b2a-f112-433b-9933-cd04910346f1,37beb917-6aa6-4ffd-b9b1-7229a2725742,2001-03-08,El Ejército invencible de Jesucristo.,9,APROBADO,AD3BB1FC1EDDA92DB58557C78EFC5F6D8C458007B5EF4B7AD5FE4CDF36267FA0,normalizacion_paginada_v2_1_guiones_lexico_20260811,B75821DCA7E73A9A59289274E77E823F84436591E15C224011B0ECD7D1694ABC,PASS,7,0,1.0,PASS,PASS,PASS,0.013333
"C:\Users\USUARIO\Documents\Downloads\BASE DE DATOS 1974-2018 PDFs. WSS\2001\2001-03-09 La misma Voz que llamo a Lazaro, estara presente hoy (WSS) Brasil (movil).pdf",68f24465-ec17-4d40-afc8-74e1f44a1619,06bf3c64-57b7-4e3c-a2e3-f9544cb774ef,2001-03-09,La misma Voz que llamo a Lazaro estara presente hoy,27,APROBADO,835533AF7B3EC807D9EDFF896E2E5FD84DCF81F1E32B143E53F68E656AAB905C,normalizacion_paginada_v2_1_guiones_lexico_20260811,B75821DCA7E73A9A59289274E77E823F84436591E15C224011B0ECD7D1694ABC,PASS,22,0,1.0,PASS,PASS,PASS,0.019566
C:\Users\USUARIO\Documents\Downloads\BASE DE DATOS 1974-2018 PDFs. WSS\2001\2001-03-11 Mirandonos viendonos en el espejo de la Palabra de Dios (MOVIL).pdf,82186908-a94c-4dd6-a834-f6e6effb4e52,24b38abd-357a-4e8d-b83d-e0c5eaabbdae,2001-03-11,Mirandonos viendonos en el Espejo de la Palabra de Dios.,19,APROBADO,89541AD2D5E622437651A0AEE4245C063588BBA67065AB61DE7147F69A4F9FF8,normalizacion_paginada_v2_1_guiones_lexico_20260811,B75821DCA7E73A9A59289274E77E823F84436591E15C224011B0ECD7D1694ABC,PASS,16,0,1.0,PASS,PASS,PASS,0.019921
"C:\Users\USUARIO\Documents\Downloads\BASE DE DATOS 1974-2018 PDFs. WSS\2001\2001-03-13 El Reino inconmovible La Iglesia de Jesucristo (WSS) San Pablo, Brasil (movil).pdf",d3e2f3bd-1738-4c4a-96d6-cff239fb58f2,3c493965-69d2-4554-8ac3-5ffe5173281b,2001-03-13,El Reino Inconmovible La Iglesia de Jesucristo.,17,APROBADO,ED605203F8A8F8654D8ED4B56F875495B4E34AA40ADCC1855AB22701E51C6438,normalizacion_paginada_v2_1_guiones_lexico_20260811,B75821DCA7E73A9A59289274E77E823F84436591E15C224011B0ECD7D1694ABC,PASS,14,0,1.0,PASS,PASS,PASS,0.021102
C:\Users\USUARIO\Documents\Downloads\BASE DE DATOS 1974-2018 PDFs. WSS\2001\2001-03-15 La generacion que vera la Gloria de Dios (WSS) Brasil (movil).pdf,6e3fde13-28f3-4f40-8dae-ebb754109758,efdbb2a7-776b-485e-beb3-0d4e2f3f5aa4,2001-03-15,La generación que vera la Gloria de Dios,25,APROBADO,B3655F32A00E952307FEA5DB321EA759F3729B670BAEAE283F5170E66B79896E,normalizacion_paginada_v2_1_guiones_lexico_20260811,B75821DCA7E73A9A59289274E77E823F84436591E15C224011B0ECD7D1694ABC,PASS,21,0,1.0,PASS,PASS,PASS,0.017741
"C:\Users\USUARIO\Documents\Downloads\BASE DE DATOS 1974-2018 PDFs. WSS\2001\2001-03-16 Escogidos desde el principio para la salvacion (WSS) Asuncion, Paraguay (movil).pdf",ee2eb695-5088-404c-9d67-7524f4c78379,1bebc632-a991-42a6-991c-a2412c197d46,2001-03-16,Escogidos desde el principio para la salvación.,17,APROBADO,CF00A43749DF083F93C434D58C7A175518BC4BDD56058B0A45DA476AA07B02BA,normalizacion_paginada_v2_1_guiones_lexico_20260811,B75821DCA7E73A9A59289274E77E823F84436591E15C224011B0ECD7D1694ABC,PASS,11,0,1.0,PASS,PASS,PASS,0.012042
"C:\Users\USUARIO\Documents\Downloads\BASE DE DATOS 1974-2018 PDFs. WSS\2001\2001-03-18 Angeles ungidos con la Columna de Fuego en la dimension invisible (WSS) Asuncion, Paraguay (movil).pdf",f1db653b-c3a1-4bda-b9a4-0023e3d92d75,bc2b0220-4fb8-48fd-beab-1e779b3eb8f6,2001-03-18,Angeles ungidos con la Columna de Fuego en la Dimensión Invisible.,47,APROBADO,C438E445424335ED5EB42FB2CB44137EF4D4B4408BE004560F25E42C30AAEB51,normalizacion_paginada_v2_1_guiones_lexico_20260811,B75821DCA7E73A9A59289274E77E823F84436591E15C224011B0ECD7D1694ABC,PASS,44,0,1.0,PASS,PASS,PASS,0.024149
C:\Users\USUARIO\Documents\Downloads\BASE DE DATOS 1974-2018 PDFs. WSS\2001\2001-03-20 La bendicion del Dios de Abraham sobre Su Simiente (WSS) Argentina (movil).pdf,de47fccc-e3d8-42e2-a010-3b98743c7393,5fb7a39e-1ae1-4d02-b9d0-1051422c4b0d,2001-03-20,La Bendicion del Dios de Abraham sobre Su Simiente.,13,APROBADO,85A22DD55C169E3F17A7480FE5AB24646FE0DC4D8B39B25330CBF542C80B68D2,normalizacion_paginada_v2_1_guiones_lexico_20260811,B75821DCA7E73A9A59289274E77E823F84436591E15C224011B0ECD7D1694ABC,PASS,8,0,1.0,PASS,PASS,PASS,0.048518
C:\Users\USUARIO\Documents\Downloads\BASE DE DATOS 1974-2018 PDFs. WSS\2001\2001-03-22 Construyendo la ciudad con fundamentos solidos (WSS) Chile (movil).pdf,4b23afcc-233f-4107-aed4-c12c653efb6b,4029e6bf-df5d-4716-bf74-954dcd9ebf5e,2001-03-22,Construyendo la Ciudad con fundamentos sólidos.,26,APROBADO,11C5439A1D601050C4070552349FA403FF01CF28910DBA3630CFB9B243E316EF,normalizacion_paginada_v2_1_guiones_lexico_20260811,B75821DCA7E73A9A59289274E77E823F84436591E15C224011B0ECD7D1694ABC,PASS,22,0,1.0,PASS,PASS,PASS,0.019154
"C:\Users\USUARIO\Documents\Downloads\BASE DE DATOS 1974-2018 PDFs. WSS\2001\2001-03-23 Dios reflejado en Abraham (WSS) Santiago de Chile, Chile (movil).pdf",7b7ea901-a440-48f6-9e11-70a27951ff80,8dfd9bcd-def3-43c7-afd5-0a605ee783eb,2001-03-23,Dios Reflejado en Abraham.,22,APROBADO,1313CD1B976816F9D794C3A9A608D7D312703D2DCBF03A23DC24C9B6BBAB6E1B,normalizacion_paginada_v2_1_guiones_lexico_20260811,B75821DCA7E73A9A59289274E77E823F84436591E15C224011B0ECD7D1694ABC,PASS,18,0,1.0,PASS,PASS,PASS,0.024991
"C:\Users\USUARIO\Documents\Downloads\BASE DE DATOS 1974-2018 PDFs. WSS\2001\2001-03-25 Cristo, El Vencedor en todos los campos (WSS) Santiago de Chile, Chile (movil).pdf",4b563002-6399-4e19-8d22-15f75e86a1ac,027b7f8e-5c80-4f4f-aadd-25f2662c7dd8,2001-03-25,Cristo El Vencedor en Todos los Campos.,35,APROBADO,DD661941F759A4187E199200FB64AB643B71EF92FAD52845E4550696AF899FC3,normalizacion_paginada_v2_1_guiones_lexico_20260811,B75821DCA7E73A9A59289274E77E823F84436591E15C224011B0ECD7D1694ABC,PASS,32,0,1.0,PASS,PASS,PASS,0.020015
"C:\Users\USUARIO\Documents\Downloads\BASE DE DATOS 1974-2018 PDFs. WSS\2001\2001-03-27 El Mayordomo fiel en La Casa de Dios (WSS) Santa Cruz, Bolivia (movil).pdf",fc52a174-5498-48ca-b243-ccba22d1d5a5,d9654529-2f21-44cc-be17-5f7a7dda891a,2001-03-27,El Mayordomo Fiel en la Casa de Dios.,30,APROBADO,7B4C0450F099CAC62800F8451CB5094B648381F582C0EADCE6086F11E381014C,normalizacion_paginada_v2_1_guiones_lexico_20260811,B75821DCA7E73A9A59289274E77E823F84436591E15C224011B0ECD7D1694ABC,PASS,26,0,1.0,PASS,PASS,PASS,0.031979
"C:\Users\USUARIO\Documents\Downloads\BASE DE DATOS 1974-2018 PDFs. WSS\2001\2001-03-28 El corazon del sabio que discierne el tiempo y el juicio (WSS) Santa Cruz, Bolivia (movil).pdf",0f93d9f0-c793-420d-b061-b50e7bd43241,e4d64107-9c83-498a-8c76-ff40500c90a4,2001-03-28,El Corazon del Sabio que Discierne el Tiempo y el Juicio.,35,APROBADO,E064C2DE1DFC90DED849537792F687C1EA57C495CF953834E005888B1F19C552,normalizacion_paginada_v2_1_guiones_lexico_20260811,B75821DCA7E73A9A59289274E77E823F84436591E15C224011B0ECD7D1694ABC,PASS,29,0,1.0,PASS,PASS,PASS,0.020780
"C:\Users\USUARIO\Documents\Downloads\BASE DE DATOS 1974-2018 PDFs. WSS\2001\2001-03-29 Jesucristo haciendo pescadores de hombres (WSS) Lima, Peru (movil).pdf",b35004d2-9144-4e09-b47f-4beac1145b72,86ae48c6-cf12-4d5d-bc78-809a1d61a956,2001-03-29,Jesucristo haciendo pescadores de hombres.,20,APROBADO,C1BC7B29B4B4190C7444D2C2B19CE2ECF811309C4985FE65B2595419C5664999,normalizacion_paginada_v2_1_guiones_lexico_20260811,B75821DCA7E73A9A59289274E77E823F84436591E15C224011B0ECD7D1694ABC,PASS,16,0,1.0,PASS,PASS,PASS,0.039532
"C:\Users\USUARIO\Documents\Downloads\BASE DE DATOS 1974-2018 PDFs. WSS\2001\2001-03-30 La Visita de Dios a su pueblo (WSS) Lima, Perú (movil).pdf",d588f09e-e219-42f4-94cb-40e43d8fb4ae,62173283-a99e-4233-bc18-1a7e2b6c29ea,2001-03-30,La Visita de Dios a su Pueblo.,22,APROBADO,B3724B1C21A48E3B1A46B32CCA4AEB6F03E03F41545E70D962FC9446CF582CFB,normalizacion_paginada_v2_1_guiones_lexico_20260811,B75821DCA7E73A9A59289274E77E823F84436591E15C224011B0ECD7D1694ABC,PASS,19,0,1.0,PASS,PASS,PASS,0.020318
"C:\Users\USUARIO\Documents\Downloads\BASE DE DATOS 1974-2018 PDFs. WSS\2001\2001-04-01 La Diestra de Dios Manifestada (WSS) Lima, Perú (movil).pdf",ea3dafeb-8aa4-47d1-bc05-ac2a0ec29580,b99a1ecc-e0b0-435a-9c38-fbcde7b9c93c,2001-04-01,la Diestra de Dios Manifestada.,37,APROBADO,BC01992230C58341069BBFCCE6D859A22FD70F83419AF0C72CE12AD4EC8A539B,normalizacion_paginada_v2_1_guiones_lexico_20260811,B75821DCA7E73A9A59289274E77E823F84436591E15C224011B0ECD7D1694ABC,PASS,35,0,1.0,PASS,PASS,PASS,0.027653
"C:\Users\USUARIO\Documents\Downloads\BASE DE DATOS 1974-2018 PDFs. WSS\2001\2001-04-02 El Tiempo de manifestar las cosas del Cielo en la tierra (WSS) Guayaquil, Ecuador (movil).pdf",cfa1edb1-6697-469f-828d-879012464366,48e7efd8-ea88-47b0-8056-a271b51f5364,2001-04-02,El Tiempo de Manifestar las Cosas del Cielo en la Tierra.,22,APROBADO,667F2C31F34DF4C972909044083558229569BC3E70ECC37CC163C12C7F453256,normalizacion_paginada_v2_1_guiones_lexico_20260811,B75821DCA7E73A9A59289274E77E823F84436591E15C224011B0ECD7D1694ABC,PASS,19,0,1.0,PASS,PASS,PASS,0.022863
"C:\Users\USUARIO\Documents\Downloads\BASE DE DATOS 1974-2018 PDFs. WSS\2001\2001-04-03 Reconociendo el tiempo en que vivimos (WSS) Guayaquil, Ecuador (movil).pdf",849c05c9-38ea-4925-90c9-c9726bc6ff6c,d48720f0-f49a-4654-b831-4a9bedc93acb,2001-04-03,Reconociendo el Tiempo en que Vivimos.,29,APROBADO,61F092BE9B62C99DA171FB4152899B7C5D1F0E1B651C16885C6896F478E86266,normalizacion_paginada_v2_1_guiones_lexico_20260811,B75821DCA7E73A9A59289274E77E823F84436591E15C224011B0ECD7D1694ABC,PASS,17,0,1.0,PASS,PASS,PASS,0.019407
C:\Users\USUARIO\Documents\Downloads\BASE DE DATOS 1974-2018 PDFs. WSS\2001\2001-04-04 El Tiempo en las Manos de Dios (WSS) Ecuador (movil).pdf,b0b83a7d-ec81-4ab8-a7bb-aacb206529bd,0bb11a07-25a1-4a6e-82e9-26a3040a5943,2001-04-04,El Tiempo en las Manos de Dios.,24,APROBADO,02874D03AB885C96E229152A1F03D67ADA5937C6E6D1E3558FB242F60EEDD90F,normalizacion_paginada_v2_1_guiones_lexico_20260811,B75821DCA7E73A9A59289274E77E823F84436591E15C224011B0ECD7D1694ABC,PASS,17,0,1.0,PASS,PASS,PASS,0.024113
"C:\Users\USUARIO\Documents\Downloads\BASE DE DATOS 1974-2018 PDFs. WSS\2001\2001-04-04 La Redención del Cuerpo (WSS) Guayaquil, Ecuador (movil).pdf",19e3f22e-440d-459a-b727-b8e15fad3f23,3731615d-c594-4cb7-a875-ab05d964bd2c,2001-04-04,La Redencion del Cuerpo.,13,APROBADO,AD5EE5DA63A04A49D75C4DDF4377B5C03BF4FD4FDC299DE213757201B10EDACA,normalizacion_paginada_v2_1_guiones_lexico_20260811,B75821DCA7E73A9A59289274E77E823F84436591E15C224011B0ECD7D1694ABC,PASS,10,0,1.0,PASS,PASS,PASS,0.040147
"C:\Users\USUARIO\Documents\Downloads\BASE DE DATOS 1974-2018 PDFs. WSS\2001\2001-04-06 Llevando el Mensaje hasta que se llene la Casa de Dios - RM (WSS) Bogotá, Colombia (movil).PDF",e75f7d36-6497-4cc4-9c9d-ac3933f87d72,bd29c4bf-90b0-4b43-9c3d-de8edf1ec5f0,2001-04-06,RM Llevando el Mensaje hasta que se llene la Casa de Dios.,31,APROBADO,7BEBCE4175167B7F2E16AD06C7D672932F7629A3FE43F1C52CC0E5D53094F1BD,normalizacion_paginada_v2_1_guiones_lexico_20260811,B75821DCA7E73A9A59289274E77E823F84436591E15C224011B0ECD7D1694ABC,PASS,28,0,1.0,PASS,PASS,PASS,0.018735
C:\Users\USUARIO\Documents\Downloads\BASE DE DATOS 1974-2018 PDFs. WSS\2001\2001-04-08 La bienaventuranza de recibir al que viene en el Nombre del Señor (WSS) Colombia (movil).pdf,ece0b05a-a7b4-41da-8326-9fc57201eced,1a95771b-daa0-49ea-ad98-8b5c1e71b92c,2001-04-08,La bienaventuranza de recibir al que viene en el Nombre del Señor,51,APROBADO,6E9617BD0A5748244A876D3197A74ACD3FD89750AF57C3656B3A509BA58C1250,normalizacion_paginada_v2_1_guiones_lexico_20260811,B75821DCA7E73A9A59289274E77E823F84436591E15C224011B0ECD7D1694ABC,PASS,47,0,1.0,PASS,PASS,PASS,0.021667
"C:\Users\USUARIO\Documents\Downloads\BASE DE DATOS 1974-2018 PDFs. WSS\2001\2001-04-13 Escogiendo entre Jesús y Barrabás (WSS) Cayey, Puerto Rico (movil).pdf",317117fe-e98a-484c-8cab-1c5c6494a09c,41f4fd26-3596-4912-8f5d-2a3e21e3758d,2001-04-13,Escogiendo entre Jesus y barrabas.,25,APROBADO,E4C1B768F8AF1F1A6AD7F5F14AF7DB4E1577F09B4F55E3000A5888E05BB76E87,normalizacion_paginada_v2_1_guiones_lexico_20260811,B75821DCA7E73A9A59289274E77E823F84436591E15C224011B0ECD7D1694ABC,PASS,22,0,1.0,PASS,PASS,PASS,0.016292
"C:\Users\USUARIO\Documents\Downloads\BASE DE DATOS 1974-2018 PDFs. WSS\2001\2001-04-15 Jesucristo ha resucitado (WSS) Cayey, Puerto Rico (movil).pdf",cccca11f-2329-4586-9cf8-1e97541c2322,beda5eb8-c40e-43cb-a7f1-2b46d394f83a,2001-04-15,Jesucristo ha resucitado,33,APROBADO,12C7150A76FA52C3AE3809D14D689837409398A2B41507C5609D53DF7B305042,normalizacion_paginada_v2_1_guiones_lexico_20260811,B75821DCA7E73A9A59289274E77E823F84436591E15C224011B0ECD7D1694ABC,PASS,30,0,1.0,PASS,PASS,PASS,0.017340
"C:\Users\USUARIO\Documents\Downloads\BASE DE DATOS 1974-2018 PDFs. WSS\2001\2001-04-15 El ministerio privado de jesucristo luego de Su resurrección (WSS) Cayey, Puerto Rico (movil).pdf",8dc2b66d-611e-4df4-8677-8ddc19ffe82c,2a155b9d-e003-4c61-8a0e-c4035f725470,2001-04-15,El Ministerio Privado de Jesucristo luego de Su Resurreccion.,28,APROBADO,44A362779DFFE4D7F43AC2C832DCFE095F5D6468EF3DD7969038AC31FEB1765A,normalizacion_paginada_v2_1_guiones_lexico_20260811,B75821DCA7E73A9A59289274E77E823F84436591E15C224011B0ECD7D1694ABC,PASS,17,0,1.0,PASS,PASS,PASS,0.017903
C:\Users\USUARIO\Documents\Downloads\BASE DE DATOS 1974-2018 PDFs. WSS\2001\2001-04-16 Buscad primeramente el Reino de Dios (WSS) EEUU (movil).pdf,eb996b34-84c0-4a8a-a358-4ee6446387d0,b3570783-4b34-4487-821d-86038aa163f4,2001-04-16,Buscad primeramente el Reino de Dios.,19,APROBADO,5BC86DD73A13F0275D4B1EBE76A6BEEA66E2A958D66C86ADEAD9D43D710C343C,normalizacion_paginada_v2_1_guiones_lexico_20260811,B75821DCA7E73A9A59289274E77E823F84436591E15C224011B0ECD7D1694ABC,PASS,15,0,1.0,PASS,PASS,PASS,0.026907
C:\Users\USUARIO\Documents\Downloads\BASE DE DATOS 1974-2018 PDFs. WSS\2001\2001-04-18 Date prisa porque raya el alba (WSS) EEUU (movil).pdf,688b1412-4a3c-418a-81ae-bfdff35d2633,59866432-b87b-486d-87b8-c7663d59213f,2001-04-18,Date prisa porque raya el alba,34,APROBADO,FB68741748E99D620CCD39B5E524C93EEF5DEF04EE5ED2B9A6212F1703770B22,normalizacion_paginada_v2_1_guiones_lexico_20260811,B75821DCA7E73A9A59289274E77E823F84436591E15C224011B0ECD7D1694ABC,PASS,31,0,1.0,PASS,PASS,PASS,0.019793
"C:\Users\USUARIO\Documents\Downloads\BASE DE DATOS 1974-2018 PDFs. WSS\2001\2001-04-20 Abraham, el amigo de Dios (WSS) EEUU (movil).pdf",97148640-9f8f-4734-8a19-5f146bf61650,9c19b918-7e2b-448f-ab47-e2b8435e515f,2001-04-20,Abraham el amigo de Dios,24,APROBADO,5BC3EFC4E464F3AE46F9BDBB695BE650F0191A092A0824D2D537255DA075FB4B,normalizacion_paginada_v2_1_guiones_lexico_20260811,B75821DCA7E73A9A59289274E77E823F84436591E15C224011B0ECD7D1694ABC,PASS,21,0,1.0,PASS,PASS,PASS,0.027898
C:\Users\USUARIO\Documents\Downloads\BASE DE DATOS 1974-2018 PDFs. WSS\2001\2001-04-21 Dios proveyó el cordero a Tiempo (WSS) EEUU (movil).pdf,82f78d95-e74b-4d16-b79c-2163ca58d21b,1e4e1e75-f1f7-47f7-bace-171f6d83e55c,2001-04-21,Dios proveyo el Cordero a tiempo,26,APROBADO,C2DE73767C48EF24DCD9FBE61C70B734C67102FFBC761AAB9FD5EE7DE03A3F47,normalizacion_paginada_v2_1_guiones_lexico_20260811,B75821DCA7E73A9A59289274E77E823F84436591E15C224011B0ECD7D1694ABC,PASS,23,0,1.0,PASS,PASS,PASS,0.029585
C:\Users\USUARIO\Documents\Downloads\BASE DE DATOS 1974-2018 PDFs. WSS\2001\2001-04-22 Dios reflejado en Abraham (WSS) EEUU (movil).pdf,b7b1d802-322d-410c-ac36-ec41ecc4415f,21f6f26a-86dc-4490-b973-eebdb5ba1896,2001-04-22,Dios reflejado en Abraham,30,APROBADO,803EB75E39283BD2199B37F2B002EB396D6FC56D5CAA752A914F952C8D49FCD4,normalizacion_paginada_v2_1_guiones_lexico_20260811,B75821DCA7E73A9A59289274E77E823F84436591E15C224011B0ECD7D1694ABC,PASS,25,0,1.0,PASS,PASS,PASS,0.036261
C:\Users\USUARIO\Documents\Downloads\BASE DE DATOS 1974-2018 PDFs. WSS\2001\2001-04-22 El Dios proveedor (WSS) EEUU (movil).pdf,3928c145-e4cc-4558-b98a-b084accee6d9,d163bb36-cda5-4acc-8d1a-f8d50d8f59cf,2001-04-22,El Dios Proveedor.,11,APROBADO,75FEAC8F54258EA997D17097E6ACBEDF9072D65B5488E648FD7FF8D5C7E3F437,normalizacion_paginada_v2_1_guiones_lexico_20260811,B75821DCA7E73A9A59289274E77E823F84436591E15C224011B0ECD7D1694ABC,PASS,8,0,1.0,PASS,PASS,PASS,0.010809
C:\Users\USUARIO\Documents\Downloads\BASE DE DATOS 1974-2018 PDFs. WSS\2001\2001-04-23 La Palabra prometida para el Día Postrero (WSS) Mexico (movil).pdf,44b9f656-d50f-4543-80e4-89edc57ea3f1,2a1723e1-d022-4097-9a3c-c1bf91c49b4f,2001-04-23,La Palabra prometida para el Día Postrero,23,APROBADO,BA2C9AC2CA48494262B4080564BD20544DD9F4085653EE2F72C3842B4B03AE1F,normalizacion_paginada_v2_1_guiones_lexico_20260811,B75821DCA7E73A9A59289274E77E823F84436591E15C224011B0ECD7D1694ABC,PASS,20,0,1.0,PASS,PASS,PASS,0.020251
C:\Users\USUARIO\Documents\Downloads\BASE DE DATOS 1974-2018 PDFs. WSS\2001\2001-04-24 La Edad de la perfección (WSS) Mexico (movil).pdf,cfbe22f7-535a-439e-a534-c96bf0a9bbe1,65e37896-2758-4914-902d-3013e3e97e9c,2001-04-24,La Edad de la Perfección,18,APROBADO,BC55965DBA13136A9430E68EB1AC2BA498A82FD861E27EC01F05BA99C7CEA71F,normalizacion_paginada_v2_1_guiones_lexico_20260811,B75821DCA7E73A9A59289274E77E823F84436591E15C224011B0ECD7D1694ABC,PASS,16,0,1.0,PASS,PASS,PASS,0.030333
C:\Users\USUARIO\Documents\Downloads\BASE DE DATOS 1974-2018 PDFs. WSS\2001\2001-04-25 La Palabra cumplida en el Día Postrero (WSS) Mexico (movil).pdf,1bf1a587-7996-4127-8e21-8fdac751fd34,67b5da2a-d404-4db2-bbac-7da97d07973f,2001-04-25,La Palabra cumplida en el Día Postrero,35,APROBADO,A73BF4F5FFE927C9E357385EC87009B75F9F72501F2B20097D4B8736C88A4CB3,normalizacion_paginada_v2_1_guiones_lexico_20260811,B75821DCA7E73A9A59289274E77E823F84436591E15C224011B0ECD7D1694ABC,PASS,32,0,1.0,PASS,PASS,PASS,0.020128
C:\Users\USUARIO\Documents\Downloads\BASE DE DATOS 1974-2018 PDFs. WSS\2001\2001-04-26 El Jinete del Caballo blanco de Apocalipsis 19 (WSS) Mexico (movil).pdf,507ba015-41a6-489a-8a1b-54a9667eb6a1,cbb491f9-1275-4930-a380-4eaea6646578,2001-04-26,El Jinete del Caballo Blanco de Apocalipsis 19,35,APROBADO,991BF2172875E42D818B26868DF415C7CFBB37F8F703554D6EFD1DD28B2D8AA8,normalizacion_paginada_v2_1_guiones_lexico_20260811,B75821DCA7E73A9A59289274E77E823F84436591E15C224011B0ECD7D1694ABC,PASS,29,0,1.0,PASS,PASS,PASS,0.027411
C:\Users\USUARIO\Documents\Downloads\BASE DE DATOS 1974-2018 PDFs. WSS\2001\2001-04-26 La juventud evangelizando en la cuarta vigilia y palabras de bendición a las maestras (WSS) Mexico (movil).pdf,62ef34f9-6baf-4014-8749-60f1dd011f51,b971cd2e-9610-441a-914e-70a92eb1279c,2001-04-26,La juventud evangelizando en la cuarta vigilia y palabras de bendición a las maestras,27,APROBADO,C68F2EB2B759D90364180EFD2989AD468787EB0A52E3702438D2BDDBA3846F57,normalizacion_paginada_v2_1_guiones_lexico_20260811,B75821DCA7E73A9A59289274E77E823F84436591E15C224011B0ECD7D1694ABC,PASS,20,0,1.0,PASS,PASS,PASS,0.030966
C:\Users\USUARIO\Documents\Downloads\BASE DE DATOS 1974-2018 PDFs. WSS\2001\2001-04-27 El más fuerte que vence al enemigo (WSS) Mexico (movil).pdf,10cae1c5-869c-409e-8cb2-a052f69e4462,6050ddcd-0d1b-4bcb-92c7-618bf622097d,2001-04-27,El mas fuerte que vence al enemigo,19,APROBADO,20202F38F40AD14DEB8FF9712899171FBC085D4BF17019FE58B8D1272CB96E31,normalizacion_paginada_v2_1_guiones_lexico_20260811,B75821DCA7E73A9A59289274E77E823F84436591E15C224011B0ECD7D1694ABC,PASS,12,0,1.0,PASS,PASS,PASS,0.027150
C:\Users\USUARIO\Documents\Downloads\BASE DE DATOS 1974-2018 PDFs. WSS\2001\2001-04-28 El enviado por Jesucristo para hacer Su Obra (WSS) Mexico (movil).pdf,a8f96a01-cfc7-4a5a-8d04-b11c3f4d8ca9,6c92afe7-043a-403c-80cd-f56fef99b849,2001-04-28,El enviado por Jesucristo para hacer su Obra,29,APROBADO,2D22162521D5356F0A28C007A1AA2A2D06E79C0C4D1B9B7FA59F9786630AC46F,normalizacion_paginada_v2_1_guiones_lexico_20260811,B75821DCA7E73A9A59289274E77E823F84436591E15C224011B0ECD7D1694ABC,PASS,23,0,1.0,PASS,PASS,PASS,0.020428
C:\Users\USUARIO\Documents\Downloads\BASE DE DATOS 1974-2018 PDFs. WSS\2001\2001-04-28 Las maestras que enseñan fielmente la Palabra del Reino (WSS) Mexico (movil).pdf,78364b53-e998-4bc3-9512-5f74f1d4b311,9adb8add-c371-4ce5-8267-ee556e4516a7,2001-04-28,Las Maestras que enseñan Fielmente la Palabra del Reino.,13,APROBADO,D93AF27EFBD256441C68253964C0087DBDB1741201821F62AF221AAD31323292,normalizacion_paginada_v2_1_guiones_lexico_20260811,B75821DCA7E73A9A59289274E77E823F84436591E15C224011B0ECD7D1694ABC,PASS,9,0,1.0,PASS,PASS,PASS,0.004282
C:\Users\USUARIO\Documents\Downloads\BASE DE DATOS 1974-2018 PDFs. WSS\2001\2001-04-29 Buscando esposa para el hijo de Abraham (WSS) Mexico (movil).pdf,1e7947b5-404e-46f5-86f0-f42ca546008d,897e4cee-1f57-4c70-878a-98cb5c3cd38c,2001-04-29,Buscando Esposa para El Hijo de Abraham.,32,APROBADO,6E9002ECD94AE17F714D0C7E21FBA221C641619971CAC39040B91A614C1C966C,normalizacion_paginada_v2_1_guiones_lexico_20260811,B75821DCA7E73A9A59289274E77E823F84436591E15C224011B0ECD7D1694ABC,PASS,29,0,1.0,PASS,PASS,PASS,0.020597
C:\Users\USUARIO\Documents\Downloads\BASE DE DATOS 1974-2018 PDFs. WSS\2001\2001-04-30 Caminando hacia la Ciudad Eterna (WSS) Mexico (movil).pdf,c330d5fb-dfdb-4567-b889-f92a88db4a13,937afa36-8f2c-45a9-a75c-d408a3233a1f,2001-04-30,Caminando hacia la Ciudad Eterna.,35,APROBADO,11EA255FC469808DD2B75CB2B9849511865613381DAEF0BEE8B60F1BEC77DD59,normalizacion_paginada_v2_1_guiones_lexico_20260811,B75821DCA7E73A9A59289274E77E823F84436591E15C224011B0ECD7D1694ABC,PASS,29,0,1.0,PASS,PASS,PASS,0.016818
C:\Users\USUARIO\Documents\Downloads\BASE DE DATOS 1974-2018 PDFs. WSS\2001\2001-05-01 El Misterio en la Venida del Señor (WSS) Mexico (movil).pdf,b1dc0a04-46f5-420d-b8fc-5d8c7be2663a,7d6e44f6-9c98-4ee4-8840-01ea4b9963b1,2001-05-01,El misterio en la Venida del Señor.,28,APROBADO,2BF52F6D6BBAD6BF1121A4E906F039691DD45DAA5DB987328F19E436691CC533,normalizacion_paginada_v2_1_guiones_lexico_20260811,B75821DCA7E73A9A59289274E77E823F84436591E15C224011B0ECD7D1694ABC,PASS,24,0,1.0,PASS,PASS,PASS,0.031678
C:\Users\USUARIO\Documents\Downloads\BASE DE DATOS 1974-2018 PDFs. WSS\2001\2001-05-02 Mirando la Gloria del Señor (WSS) Mexico (movil).pdf,87866ef2-2429-4bc5-b47a-e3b7fd3ce0f6,0a445a2c-c7fd-4cc6-944f-5c4bd56aa59a,2001-05-02,Mirando la Gloria del Señor.,32,APROBADO,C2DDD5016E99A32C720DA6F89E1E0E64BBBD9BCF44DDA9C6964230AFB30EC282,normalizacion_paginada_v2_1_guiones_lexico_20260811,B75821DCA7E73A9A59289274E77E823F84436591E15C224011B0ECD7D1694ABC,PASS,21,0,1.0,PASS,PASS,PASS,0.014635
C:\Users\USUARIO\Documents\Downloads\BASE DE DATOS 1974-2018 PDFs. WSS\2001\2001-05-03 Dios visita a Su Pueblo (WSS) Mexico (movil).pdf,03878f6a-f8b7-4232-8596-067b570e8623,d1ac64c4-7d43-4817-809f-cf34d8153e82,2001-05-03,Dios Visita a Su pueblo.,26,APROBADO,39BA61A9355F3C2FB137E8C02AB962E2FD74F2D36BFA6CC84606C59FEF4510AC,normalizacion_paginada_v2_1_guiones_lexico_20260811,B75821DCA7E73A9A59289274E77E823F84436591E15C224011B0ECD7D1694ABC,PASS,23,0,1.0,PASS,PASS,PASS,0.035859
C:\Users\USUARIO\Documents\Downloads\BASE DE DATOS 1974-2018 PDFs. WSS\2001\2001-05-04 Libertados de la casa de prision (WSS) Mexico (movil).pdf,fc5888f8-b01e-4c08-a0e5-e32afe4d760f,b5fae786-8770-4e15-a1ad-a3a0a53784c5,2001-05-04,Libertados de la Casa de Prisión.,35,APROBADO,CD701C33D6F16D4BCE0D896B725D1106F8885DD23A701D87EE46FE1A2D11A237,normalizacion_paginada_v2_1_guiones_lexico_20260811,B75821DCA7E73A9A59289274E77E823F84436591E15C224011B0ECD7D1694ABC,PASS,32,0,1.0,PASS,PASS,PASS,0.018611
C:\Users\USUARIO\Documents\Downloads\BASE DE DATOS 1974-2018 PDFs. WSS\2001\2001-05-05 Los niños siendo llenos del Espíritu Santo (WSS) Mexico (movil).pdf,9fce24d1-d995-4b11-9ca6-7ed28e72bee9,1513b191-a730-400e-853f-6c6e7d7a8c19,2001-05-05,Los niños siendo llenos del Espíritu Santo.,13,APROBADO,145AE16A45D5B8ABC8DBC90B89BD7227300D9FFDBB2E819573347000D3E1F883,normalizacion_paginada_v2_1_guiones_lexico_20260811,B75821DCA7E73A9A59289274E77E823F84436591E15C224011B0ECD7D1694ABC,PASS,9,0,1.0,PASS,PASS,PASS,0.009507
C:\Users\USUARIO\Documents\Downloads\BASE DE DATOS 1974-2018 PDFs. WSS\2001\2001-05-06 Dos pueblos en el seno de una mujer buscando la Primogenitura (WSS) Mexico (movil).pdf,b33d276f-9cdd-405e-8a7f-1fb614bc249b,7f1a4ab7-e58f-4ea1-a004-cbbd9270f114,2001-05-06,Dos Pueblos en el Seno de una Mujer Buscando la Primogenitura.,52,APROBADO,AABB6D3DC24052D3075822B4AAD757D55D6C185985CC03B092D1FFDC0A8E910A,normalizacion_paginada_v2_1_guiones_lexico_20260811,B75821DCA7E73A9A59289274E77E823F84436591E15C224011B0ECD7D1694ABC,PASS,49,0,1.0,PASS,PASS,PASS,0.017076
C:\Users\USUARIO\Documents\Downloads\BASE DE DATOS 1974-2018 PDFs. WSS\2001\2001-05-07 El Misterio de la muerte de Cristo (WSS) Mexico (movil).pdf,c8fe6e36-8af0-4bd4-85d6-8d601389503f,25453618-9ced-4d1d-8c69-32f871a39b52,2001-05-07,El Misterio de la muerte de Cristo,26,APROBADO,590A1A294D56D0BF0AAD3BD752652AD760BC8D42217F044011157C74CFF6F4FD,normalizacion_paginada_v2_1_guiones_lexico_20260811,B75821DCA7E73A9A59289274E77E823F84436591E15C224011B0ECD7D1694ABC,PASS,22,0,1.0,PASS,PASS,PASS,0.020805
C:\Users\USUARIO\Documents\Downloads\BASE DE DATOS 1974-2018 PDFs. WSS\2001\2001-05-09 El Misterio del Rapto de Jesus (WSS) Mexico (movil).pdf,6547faf4-2a42-4613-8655-9fb6502d8214,4e09b35d-5c48-40e9-a9fb-5c5c9aa62616,2001-05-09,El Misterio del Rapto de Jesus,36,APROBADO,F39A4C5FDC1637F8B6BF65753C8E695A20F9B3C78EE073C5C9F924BB9864E059,normalizacion_paginada_v2_1_guiones_lexico_20260811,B75821DCA7E73A9A59289274E77E823F84436591E15C224011B0ECD7D1694ABC,PASS,33,0,1.0,PASS,PASS,PASS,0.021809
C:\Users\USUARIO\Documents\Downloads\BASE DE DATOS 1974-2018 PDFs. WSS\2001\2001-05-11 El Espiritu del Señor trae libertad (WSS) Mexico (movil).pdf,a4d24bbb-2957-480a-9bb3-123bca48e235,fb0da00f-cb3d-4454-a41d-21be9ee4a0de,2001-05-11,El Espíritu del Señor trae Libertad,32,APROBADO,A4C0DF31EA4F7B37C6CBFF9AE08237F13D4D75CEDC3AE21BE81595A2F09875E6,normalizacion_paginada_v2_1_guiones_lexico_20260811,B75821DCA7E73A9A59289274E77E823F84436591E15C224011B0ECD7D1694ABC,PASS,30,0,1.0,PASS,PASS,PASS,0.042221
C:\Users\USUARIO\Documents\Downloads\BASE DE DATOS 1974-2018 PDFs. WSS\2001\2001-05-12 La Evangelizacion fundamentada en la Palabra de Dios para el Día Postrero (WSS) Mexico (movil).pdf,3a928868-54d2-4486-b78e-7291ec1ba503,29ac13df-da72-4fea-80d5-e70e5bffa368,2001-05-12,La evangelización fundamentada en la Palabra de Dios para el Día Postrero,43,APROBADO,4CD62AF820D34BE0D51958F0167E258D7A358D67A46B7BE52034E061AA0908A5,normalizacion_paginada_v2_1_guiones_lexico_20260811,B75821DCA7E73A9A59289274E77E823F84436591E15C224011B0ECD7D1694ABC,PASS,40,0,1.0,PASS,PASS,PASS,0.015944
C:\Users\USUARIO\Documents\Downloads\BASE DE DATOS 1974-2018 PDFs. WSS\2001\2001-05-12 Salid de Babilonia pueblo mio (WSS) Mexico (movil).pdf,6aa4ff08-1601-43a8-a6dc-3734d92754c0,cfdb3140-4c77-4390-a56f-97c5e343d5e9,2001-05-12,Salid de Babilonia Pueblo Mio,23,APROBADO,E47BCEA43E386C1D3735696D2FEEE1C413ADFC6579F54D3B071AAF7D20C6F535,normalizacion_paginada_v2_1_guiones_lexico_20260811,B75821DCA7E73A9A59289274E77E823F84436591E15C224011B0ECD7D1694ABC,PASS,20,0,1.0,PASS,PASS,PASS,0.025177
C:\Users\USUARIO\Documents\Downloads\BASE DE DATOS 1974-2018 PDFs. WSS\2001\2001-05-14 En pie delante del Hijo del Hombre (WSS) Mexico (movil).pdf,6973fbfc-2980-400f-ba01-dac51c82791c,2672da72-d673-432b-9873-eba216696114,2001-05-14,En pie delante del Hijo del Hombre,25,APROBADO,A55AF159D8E892417DCAD86DB97D91415D047155B3AA4B57DA0BE583640C2768,normalizacion_paginada_v2_1_guiones_lexico_20260811,B75821DCA7E73A9A59289274E77E823F84436591E15C224011B0ECD7D1694ABC,PASS,15,0,1.0,PASS,PASS,PASS,0.019280
C:\Users\USUARIO\Documents\Downloads\BASE DE DATOS 1974-2018 PDFs. WSS\2001\2001-05-14 La Obra de Dios en simplicidad (WSS) Mexico (movil).pdf,d2fca9c3-95c2-4500-8504-075c820a1523,1b0169a1-da71-4b9c-9637-5e2e5968a454,2001-05-14,La Obra de Dios en simplicidad.,14,APROBADO,F532930D3B021565B46DB30E655951B336C98D405583CB42A011C4CD6A1AD9BA,normalizacion_paginada_v2_1_guiones_lexico_20260811,B75821DCA7E73A9A59289274E77E823F84436591E15C224011B0ECD7D1694ABC,PASS,11,0,1.0,PASS,PASS,PASS,0.040482
C:\Users\USUARIO\Documents\Downloads\BASE DE DATOS 1974-2018 PDFs. WSS\2001\2001-05-15 El tiempo de dar a conocer las profecias (WSS) Mexico (movil).pdf,0da6e318-a959-47a2-90a3-5d26218315cb,8e6def71-4a85-4cdb-9088-a6b498a41772,2001-05-15,El tiempo de dar a conocer las Profecías,22,APROBADO,4D8322D7A5D634508BDCC85DE03A86C23109C432D1B9EB544F2BC3C05B10F6A7,normalizacion_paginada_v2_1_guiones_lexico_20260811,B75821DCA7E73A9A59289274E77E823F84436591E15C224011B0ECD7D1694ABC,PASS,18,0,1.0,PASS,PASS,PASS,0.039675
"C:\Users\USUARIO\Documents\Downloads\BASE DE DATOS 1974-2018 PDFs. WSS\2001\2001-05-15 Hoy, el tiempo de dar a conocer las profecías del dia postrero y su cumplimiento (WSS) Mexico (movil).pdf",30add8f9-ea0f-4982-8a6d-e17bdce574cd,491670d6-dd5e-46e9-88b4-a6cee900adbe,2001-05-15,Hoy el tiempo de dar a conocer las profecias del dia postrero y su cumplimiento.,14,APROBADO,176836B6711726E81DCFEFD58EA3915CCE11FF5544BC7AF5DC4C1991D8011B09,normalizacion_paginada_v2_1_guiones_lexico_20260811,B75821DCA7E73A9A59289274E77E823F84436591E15C224011B0ECD7D1694ABC,PASS,9,0,1.0,PASS,PASS,PASS,0.037232
C:\Users\USUARIO\Documents\Downloads\BASE DE DATOS 1974-2018 PDFs. WSS\2001\2001-05-16 Tiempo de vestirnos del Señor Jesucristo (WSS) Mexico (movil).pdf,e5417fdc-5eac-471e-bb94-545cd9b5788b,2fc33728-4de6-409b-995c-c8274c513e95,2001-05-16,Tiempo de vestirnos del Señor Jesucristo,23,APROBADO,8F467FEBC1F0EEBFEC7A25E0FD4E1A8E63042143C0DB1B87A0405724E7A09198,normalizacion_paginada_v2_1_guiones_lexico_20260811,B75821DCA7E73A9A59289274E77E823F84436591E15C224011B0ECD7D1694ABC,PASS,19,0,1.0,PASS,PASS,PASS,0.029174
C:\Users\USUARIO\Documents\Downloads\BASE DE DATOS 1974-2018 PDFs. WSS\2001\2001-05-17 La Verdadera Circuncision (WSS) Mexico (movil).pdf,3ca7e725-17cc-42d6-8237-f1606eaf160f,f5f2098e-55ee-43e0-8dbc-bad609a8e627,2001-05-17,La Verdadera Circuncisión,33,APROBADO,03C9BED0994128135C1BAB98409916F8AA8BDC4354EEF378CD6C23B80835CCC6,normalizacion_paginada_v2_1_guiones_lexico_20260811,B75821DCA7E73A9A59289274E77E823F84436591E15C224011B0ECD7D1694ABC,PASS,26,0,1.0,PASS,PASS,PASS,0.024292
C:\Users\USUARIO\Documents\Downloads\BASE DE DATOS 1974-2018 PDFs. WSS\2001\2001-05-17 El Bautismo del Espiritu Santo (WSS) Mexico (movil).pdf,19ef8460-a1ea-4f1c-9e5a-2bc301390bd6,38f7a6ef-3c23-4cd5-8202-5c683d9fe4f9,2001-05-17,El Bautismo del Espíritu Santo,30,APROBADO,18287D44DBF59FB598D32B3E8828FEC01C663B02A762FF6C05773825C6D8D455,normalizacion_paginada_v2_1_guiones_lexico_20260811,B75821DCA7E73A9A59289274E77E823F84436591E15C224011B0ECD7D1694ABC,PASS,25,0,1.0,PASS,PASS,PASS,0.020576
C:\Users\USUARIO\Documents\Downloads\BASE DE DATOS 1974-2018 PDFs. WSS\2001\2001-05-18 Tiempo de levantarnos del sueño (WSS) Mexico (movil).pdf,42df7cee-6ce5-4e55-ad13-8a5bf3c5edfc,3f904246-f46d-4e58-b00c-e587fb8413d8,2001-05-18,Tiempo de Levantarnos del Sueno.,27,APROBADO,6E3BD9EA50AE7E57E9D910F5ADA2F9FE11858E89044805C63BA68EDB44D3C72B,normalizacion_paginada_v2_1_guiones_lexico_20260811,B75821DCA7E73A9A59289274E77E823F84436591E15C224011B0ECD7D1694ABC,PASS,24,0,1.0,PASS,PASS,PASS,0.025443
"C:\Users\USUARIO\Documents\Downloads\BASE DE DATOS 1974-2018 PDFs. WSS\2001\2001-05-19 Palabras de Saludo a los Valientes del Hijo de David (WSS) Santa Marta, México (movil).pdf",a71dec30-d8f8-4c22-a764-71f4338d0ae6,cf180ded-35fa-48da-b1cc-cfe45caae1f6,2001-05-19,Palabras de Saludo a los Valientes del Hijo de David.,17,APROBADO,E2AEB76E344A1DFF3C886C40F64F2C41574D9167EDF2F399212016844CADB2B4,normalizacion_paginada_v2_1_guiones_lexico_20260811,B75821DCA7E73A9A59289274E77E823F84436591E15C224011B0ECD7D1694ABC,PASS,15,0,1.0,PASS,PASS,PASS,0.027911
C:\Users\USUARIO\Documents\Downloads\BASE DE DATOS 1974-2018 PDFs. WSS\2001\2001-05-20 La Escalera que comunica la Tierra con el Cielo (WSS) Mexico (movil).pdf,30652b5b-880d-49d2-8d7b-06c624739c56,aa2173c2-e5b6-4bff-bcd2-de65b65d5b50,2001-05-20,La Escalera que comunica la Tierra con el Cielo,56,APROBADO,C535F50C2837E5E2C56776835ADE311595103E20DA54FB34F1F2771979511508,normalizacion_paginada_v2_1_guiones_lexico_20260811,B75821DCA7E73A9A59289274E77E823F84436591E15C224011B0ECD7D1694ABC,PASS,47,0,1.0,PASS,PASS,PASS,0.018689
"C:\Users\USUARIO\Documents\Downloads\BASE DE DATOS 1974-2018 PDFs. WSS\2001\2001-05-27 La gran Luz del Día Postrero (WSS) Cayey, Puerto Rico (movil).pdf",2d914518-d6bd-4c02-82a1-42021ef81fa1,c362b9f6-3338-463c-a419-4c57c3f3e206,2001-05-27,La gran Luz del Día Postrero,30,APROBADO,5931F69AB44ECB31587A5CE634953E659699BFC56EDD2F910FEBE91975E0B100,normalizacion_paginada_v2_1_guiones_lexico_20260811,B75821DCA7E73A9A59289274E77E823F84436591E15C224011B0ECD7D1694ABC,PASS,26,0,1.0,PASS,PASS,PASS,0.026441
"C:\Users\USUARIO\Documents\Downloads\BASE DE DATOS 1974-2018 PDFs. WSS\2001\2001-05-30 Protegidos por el cordón de grana (WSS) Cartagena, Colombia (movil).pdf",2bfe2d49-f26b-40a9-8e9c-51a670be3dd1,e93c324d-4613-4702-9cfb-fb7bcf2d06fe,2001-05-30,Protegidos por el cordón de grana,23,APROBADO,F37F39E81963BD48281AE36C48715B5E03596C085A17DC438D6E9F2176AA994D,normalizacion_paginada_v2_1_guiones_lexico_20260811,B75821DCA7E73A9A59289274E77E823F84436591E15C224011B0ECD7D1694ABC,PASS,20,0,1.0,PASS,PASS,PASS,0.015153
"C:\Users\USUARIO\Documents\Downloads\BASE DE DATOS 1974-2018 PDFs. WSS\2001\2001-06-03 La Piedra Ungida de Dios (WSS) Bogotá, Colombia (movil).pdf",252ed617-1f47-4666-892a-4b772a396ece,6e98f3f3-f00a-46e5-89fd-e111f8579e3e,2001-06-03,La Piedra Ungida de Dios.,45,APROBADO,FF78826A140D06ACA5654BBA62F08CECDF0891A26F3EA5239AB9F3747C796C49,normalizacion_paginada_v2_1_guiones_lexico_20260811,B75821DCA7E73A9A59289274E77E823F84436591E15C224011B0ECD7D1694ABC,PASS,42,0,1.0,PASS,PASS,PASS,0.034650
C:\Users\USUARIO\Documents\Downloads\BASE DE DATOS 1974-2018 PDFs. WSS\2001\2001-06-10 Donde está hoy la Bendición de la Primogenitura (WSS) Mexico (movil).pdf,64944040-f586-409d-9dd4-1bd6b1e72aa9,c6dd4805-375a-4e42-b70d-9ccce288b00f,2001-06-10,Donde esta hoy la Bendicion de la Primogenitura.,43,APROBADO,276A7286BCDF36EDF3DD5B880F6D12E60532089C3ABDA014B8BFC56225673442,normalizacion_paginada_v2_1_guiones_lexico_20260811,B75821DCA7E73A9A59289274E77E823F84436591E15C224011B0ECD7D1694ABC,PASS,39,0,1.0,PASS,PASS,PASS,0.029254
"C:\Users\USUARIO\Documents\Downloads\BASE DE DATOS 1974-2018 PDFs. WSS\2001\2001-06-10 La verdadera Palabra de Dios prometida, siendo vindicada (WSS) Cayey, Puerto Rico (movil).pdf",023101f6-177f-4547-941e-8065ab2aebf1,26626437-3dc7-4777-af21-60c3808e74c6,2001-06-10,"La Verdadera Palabra de Dios prometida, siendo vindicada",24,APROBADO,931D06663B4C684E8029B03E3E38921ECA72B2AEB3E5E74AD83FC774B1170C35,normalizacion_paginada_v2_1_guiones_lexico_20260811,B75821DCA7E73A9A59289274E77E823F84436591E15C224011B0ECD7D1694ABC,PASS,21,0,1.0,PASS,PASS,PASS,0.024828
"C:\Users\USUARIO\Documents\Downloads\BASE DE DATOS 1974-2018 PDFs. WSS\2001\2001-06-15 Palabras de apertura y cierre en Actividad de Bautismos (WSS) Cayey, Puerto Rico (movil).pdf",4a5c7a7f-698e-40fa-bce0-6518a9451601,6967c255-e0ec-4a47-87e3-1475a9f8d3f3,2001-06-15,Palabras de Apertura y Cierre en Actividad de Bautismos.,10,APROBADO,A59E15CDC245DB2422D0C192D06959BF517FE94BC809DB977722FE46D4DB87B0,normalizacion_paginada_v2_1_guiones_lexico_20260811,B75821DCA7E73A9A59289274E77E823F84436591E15C224011B0ECD7D1694ABC,PASS,5,0,1.0,PASS,PASS,PASS,0.063711
"C:\Users\USUARIO\Documents\Downloads\BASE DE DATOS 1974-2018 PDFs. WSS\2001\2001-06-17 Uniendo las cosas del cielo con las de la tierra (WSS) Cayey, Puerto Rico (movil).pdf",ffa6f10e-831d-45ed-ad05-4faca6fdc435,fe8aa2a5-2bd7-44f1-be2e-787fac6c7753,2001-06-17,Uniendo las cosas del Cielo con las de la Tierra,58,APROBADO,05523983BB1E747C179A44E2EBAA0407633E55CDF568F5908B7256F64A6C3134,normalizacion_paginada_v2_1_guiones_lexico_20260811,B75821DCA7E73A9A59289274E77E823F84436591E15C224011B0ECD7D1694ABC,PASS,55,0,1.0,PASS,PASS,PASS,0.024588
"C:\Users\USUARIO\Documents\Downloads\BASE DE DATOS 1974-2018 PDFs. WSS\2001\2001-06-24 Jesucristo, un misterio multiple (WSS) Cayey, Puerto Rico (movil).pdf",70f5f64a-f10a-47f9-b960-cad6e4704fa2,4e304979-8954-431f-af85-029b7c356e48,2001-06-24,Jesucristo Un Misterio múltiple,40,APROBADO,37C7D17189DA455FC0DCDE00ADB8D78391B3360C75F8F3DD07A15FA2AAD9700F,normalizacion_paginada_v2_1_guiones_lexico_20260811,B75821DCA7E73A9A59289274E77E823F84436591E15C224011B0ECD7D1694ABC,PASS,37,0,1.0,PASS,PASS,PASS,0.036877
"C:\Users\USUARIO\Documents\Downloads\BASE DE DATOS 1974-2018 PDFs. WSS\2001\2001-06-24 El Avivamiento del Dia Postrero (WSS) Cayey, Puerto Rico (movil).pdf",6bcdc05a-f5e6-4d3c-b05f-03835f428a14,537d49f2-7871-4697-acea-9d335b0ccb16,2001-06-24,El Avivamiento del Día Postrero,17,APROBADO,C57831D1D8E8D72616EAF8D2BE429E8508517ED39C9E0C2A6A02CFDA0B84253A,normalizacion_paginada_v2_1_guiones_lexico_20260811,B75821DCA7E73A9A59289274E77E823F84436591E15C224011B0ECD7D1694ABC,PASS,13,0,1.0,PASS,PASS,PASS,0.019787
"C:\Users\USUARIO\Documents\Downloads\BASE DE DATOS 1974-2018 PDFs. WSS\2001\2001-07-01 Lo que hay en un cambio de Nombre (WSS) Cayey, Puerto Rico (movil).pdf",26b645b5-c9aa-4545-9ff9-7091af0c8a09,d9dffb9d-1bb6-4169-aeeb-f757aa1e254c,2001-07-01,Lo que hay en un cambio de Nombre.,41,APROBADO,236EBF53D742E28F107496CC258582BA85135C4ECB0B8DD221BB7BFF29B28C67,normalizacion_paginada_v2_1_guiones_lexico_20260811,B75821DCA7E73A9A59289274E77E823F84436591E15C224011B0ECD7D1694ABC,PASS,31,0,1.0,PASS,PASS,PASS,0.020330
"C:\Users\USUARIO\Documents\Downloads\BASE DE DATOS 1974-2018 PDFs. WSS\2001\2001-07-01 La Lucha por el Trono (WSS) Cayey, Puerto Rico (movil).pdf",404801f7-4b99-481c-9866-90e63b897296,f9cc889d-4309-4fec-906b-1d649f394260,2001-07-01,La Lucha por el Trono.,19,APROBADO,A8EA3BD43793BCA36D6BB25054C69B6D3C99AFA0EC5E6A3A92717861B2CB0C41,normalizacion_paginada_v2_1_guiones_lexico_20260811,B75821DCA7E73A9A59289274E77E823F84436591E15C224011B0ECD7D1694ABC,PASS,17,0,1.0,PASS,PASS,PASS,0.020431
C:\Users\USUARIO\Documents\Downloads\BASE DE DATOS 1974-2018 PDFs. WSS\2001\2001-07-03 Construyendo el Templo De Dios (WSS) EEUU (movil).pdf,7b1a4791-ddd1-4531-88a7-8d499303c0f0,7db1fb90-b96d-49ba-b98d-092f8658e2d5,2001-07-03,Construyendo el Templo de Dios,26,APROBADO,BA59BA2B8E156878E6ACD0C95E2D3900204EAF20AD23A17E710B8A31DB6BC362,normalizacion_paginada_v2_1_guiones_lexico_20260811,B75821DCA7E73A9A59289274E77E823F84436591E15C224011B0ECD7D1694ABC,PASS,23,0,1.0,PASS,PASS,PASS,0.029635
C:\Users\USUARIO\Documents\Downloads\BASE DE DATOS 1974-2018 PDFs. WSS\2001\2001-07-03 Una Iglesia despierta en La Cuarta Vigilia (WSS) EEUU (movil).pdf,815768fb-a2ee-4e5d-9a81-d671dc935ef7,be62131e-6a8f-4f15-a4e6-1495e8d693eb,2001-07-03,Una Iglesia despierta en la cuarta vigilia,21,APROBADO,8D544DFED58344E777FB82A12D08EE3D1E1257E7F7D3E6E6FE8DC40A71924F23,normalizacion_paginada_v2_1_guiones_lexico_20260811,B75821DCA7E73A9A59289274E77E823F84436591E15C224011B0ECD7D1694ABC,PASS,17,0,1.0,PASS,PASS,PASS,0.017070
C:\Users\USUARIO\Documents\Downloads\BASE DE DATOS 1974-2018 PDFs. WSS\2001\2001-07-05 El lugar escogido por Dios para poner Su Templo (WSS) EEUU (movil).pdf,d3fd60d0-e829-4fed-9ec0-0cfe6fad328e,f3fb3591-4ca0-4d76-aad2-af65643031d2,2001-07-05,El lugar escogido por Dios para poner su Templo,16,APROBADO,B47F67E520F18C67A2F05406D5AC0AA360C69EB7EB33151A45EB78766DCAEFC3,normalizacion_paginada_v2_1_guiones_lexico_20260811,B75821DCA7E73A9A59289274E77E823F84436591E15C224011B0ECD7D1694ABC,PASS,11,0,1.0,PASS,PASS,PASS,0.033736
C:\Users\USUARIO\Documents\Downloads\BASE DE DATOS 1974-2018 PDFs. WSS\2001\2001-07-06 El fundamento del Templo de Dios (WSS) EEUU (movil).pdf,5ae8933d-1933-4db6-9f80-84a142b7629d,ec44caf0-df43-431e-919d-f4a5da7d485f,2001-07-06,El fundamento del Templo de Dios,24,APROBADO,7DD1AD59D43AF1BD528702028A8DE9B049A908502BA3769DA3F7D89D4E45DF78,normalizacion_paginada_v2_1_guiones_lexico_20260811,B75821DCA7E73A9A59289274E77E823F84436591E15C224011B0ECD7D1694ABC,PASS,21,0,1.0,PASS,PASS,PASS,0.029466
C:\Users\USUARIO\Documents\Downloads\BASE DE DATOS 1974-2018 PDFs. WSS\2001\2001-07-08 El Plano del templo de Dios (WSS) EEUU (movil).pdf,7735fd9d-3778-4f69-b0b9-cea6201f1012,e35ce880-24dc-4ef3-a064-dc9efa4727b7,2001-07-08,El Plano del Templo de Dios,41,APROBADO,940FD9B0E4439554BA78924A73063B04CC89C3D536E24F0793534D17858C22F7,normalizacion_paginada_v2_1_guiones_lexico_20260811,B75821DCA7E73A9A59289274E77E823F84436591E15C224011B0ECD7D1694ABC,PASS,39,0,1.0,PASS,PASS,PASS,0.026534
C:\Users\USUARIO\Documents\Downloads\BASE DE DATOS 1974-2018 PDFs. WSS\2001\2001-07-09 La revelacion el fundamento de la iglesia (MOVIL).pdf,4f47f6a8-25d4-462a-b544-cf2ab0127fa7,6909790b-fb17-4629-8526-5acd2179fee5,2001-07-09,La Revelación El fundamento de la Iglesia.,20,APROBADO,A63D479360D05C08D8EAFF42895C30E3104BBB11D9F6F7D3C356259C030A8219,normalizacion_paginada_v2_1_guiones_lexico_20260811,B75821DCA7E73A9A59289274E77E823F84436591E15C224011B0ECD7D1694ABC,PASS,17,0,1.0,PASS,PASS,PASS,0.031950
C:\Users\USUARIO\Documents\Downloads\BASE DE DATOS 1974-2018 PDFs. WSS\2001\2001-07-10 El que oye y entiende (WSS) EEUU (movil).pdf,22cf2078-1f81-4a8a-87de-32420e7e350e,e9e6c960-52c6-4a8b-b1d3-4c21e784acb5,2001-07-10,El que oye y entiende,28,APROBADO,B3504E48F319393D1D61B55A303F2A604AC827E93FC68B42BB8A37825A65ACC3,normalizacion_paginada_v2_1_guiones_lexico_20260811,B75821DCA7E73A9A59289274E77E823F84436591E15C224011B0ECD7D1694ABC,PASS,25,0,1.0,PASS,PASS,PASS,0.024952
C:\Users\USUARIO\Documents\Downloads\BASE DE DATOS 1974-2018 PDFs. WSS\2001\2001-07-11 El Israel del Nuevo Pacto (WSS) México (movil).pdf,30c0f4bd-d3ec-41d3-b2ab-94e11bac0efa,cecd18c1-e7dc-46f8-8509-0ce185bf3c74,2001-07-11,El Israel del Nuevo Pacto,20,APROBADO,C25EBF0EB88E06B58B80CFB1A258475AE278BF4BBF109B3895D6E8933E3D05E6,normalizacion_paginada_v2_1_guiones_lexico_20260811,B75821DCA7E73A9A59289274E77E823F84436591E15C224011B0ECD7D1694ABC,PASS,15,0,1.0,PASS,PASS,PASS,0.018282
C:\Users\USUARIO\Documents\Downloads\BASE DE DATOS 1974-2018 PDFs. WSS\2001\2001-07-11 Unidos por el mismo Espiritu (WSS) México (movil).pdf,1927f343-5ec1-46ad-ac4d-d05a75bc4ad7,ecea73b8-580e-4fc8-a1a7-cbbf94378038,2001-07-11,Unidos por el mismo Espíritu,17,APROBADO,4C3497F5BEECC5FC304BCE6537646F267E30F5941D01C3B4F95B12219C65B610,normalizacion_paginada_v2_1_guiones_lexico_20260811,B75821DCA7E73A9A59289274E77E823F84436591E15C224011B0ECD7D1694ABC,PASS,14,0,1.0,PASS,PASS,PASS,0.009769
C:\Users\USUARIO\Documents\Downloads\BASE DE DATOS 1974-2018 PDFs. WSS\2001\2001-07-13 Las Ovejas que oyen y siguen al Buen Pastor (WSS) México (movil).pdf,dbc0db36-b20c-4209-a3d9-a052f359bc9b,c419ba6f-914f-411c-b73e-9f2853bec3a7,2001-07-13,Las ovejas que oyen y siguen al buen Pastor,24,APROBADO,9700AA2050151C396AF3A66315D42F9E50217A54C1305AC6B7B2DA418A7BFB20,normalizacion_paginada_v2_1_guiones_lexico_20260811,B75821DCA7E73A9A59289274E77E823F84436591E15C224011B0ECD7D1694ABC,PASS,13,0,1.0,PASS,PASS,PASS,0.024931
C:\Users\USUARIO\Documents\Downloads\BASE DE DATOS 1974-2018 PDFs. WSS\2001\2001-07-13 El Paralelismo entre Israel y la iglesia del Señor Jesucristo (WSS) México (movil).pdf,0a190cf5-b358-4a97-bb83-6b4e94e8ac5a,11218f79-e2b4-4dd4-a96a-4732307f4d37,2001-07-13,El Paralelismo entre Israel y la Iglesia del Señor Jesucristo.,21,APROBADO,87B1C9F2BB1356259541FF3844D0BCFF2CAE5AB24A9B6006D7E6C8537AD3EE7F,normalizacion_paginada_v2_1_guiones_lexico_20260811,B75821DCA7E73A9A59289274E77E823F84436591E15C224011B0ECD7D1694ABC,PASS,16,0,1.0,PASS,PASS,PASS,0.025024
C:\Users\USUARIO\Documents\Downloads\BASE DE DATOS 1974-2018 PDFs. WSS\2001\2001-07-14 Los maestros ensenando a los Niños conforme a la Voluntad de Dios (WSS) México (movil).pdf,a9c1bb5c-b4bf-46a7-ac92-59f50e1b354a,d5fb14f3-bce5-41df-8743-f64f1f0849d9,2001-07-14,Los maestros enseñando a los niños conforme a la voluntad de Dios,23,APROBADO,850FC5B1116C9839943714300E7235E636C06D8B6652BD9FE06D2FB17CA7E11E,normalizacion_paginada_v2_1_guiones_lexico_20260811,B75821DCA7E73A9A59289274E77E823F84436591E15C224011B0ECD7D1694ABC,PASS,19,0,1.0,PASS,PASS,PASS,0.009359
C:\Users\USUARIO\Documents\Downloads\BASE DE DATOS 1974-2018 PDFs. WSS\2001\2001-07-17 El Hombre con Mente Espiritual (WSS) Mexico (movil).pdf,21b24e8f-f083-49da-ae0a-6eb7bf4a694e,f2db0046-47aa-4acb-a707-5c596d36bc86,2001-07-17,El Hombre con Mente Espiritual.,16,APROBADO,F44DAB34DB13E64A707077941B55B7D10104A9DEBD47B8AB413249A22C49B4B4,normalizacion_paginada_v2_1_guiones_lexico_20260811,B75821DCA7E73A9A59289274E77E823F84436591E15C224011B0ECD7D1694ABC,PASS,10,0,1.0,PASS,PASS,PASS,0.024775
C:\Users\USUARIO\Documents\Downloads\BASE DE DATOS 1974-2018 PDFs. WSS\2001\2001-07-18 Los Amigos del Señor Jesucristo (WSS) Mexico (movil).pdf,b467f8a6-6abf-4048-b711-1b44ede3177b,58a134d2-9c8c-46e0-aca9-bfdc66c61c07,2001-07-18,Los Amigos del Señor Jesucristo.,13,APROBADO,05EAAE4B984129295DA9D4AE4C39C8B6B29950C0D45EB29752E8E0CF4506984D,normalizacion_paginada_v2_1_guiones_lexico_20260811,B75821DCA7E73A9A59289274E77E823F84436591E15C224011B0ECD7D1694ABC,PASS,11,0,1.0,PASS,PASS,PASS,0.050169
"C:\Users\USUARIO\Documents\Downloads\BASE DE DATOS 1974-2018 PDFs. WSS\2001\2001-07-19 El Discipulo Amado (WSS) Ciudad Victoria, Mexico (movil).pdf",28adb100-fd0e-4545-b4db-80b36a2c0dfa,43a298c5-f04a-4cb3-8e54-57e34bb620cf,2001-07-19,El Discipulo Amado,26,APROBADO,3913871EF9BA71BBDFE035CB1BBDAC72F458C4234CCEC29391BA0C08EC2B3BE3,normalizacion_paginada_v2_1_guiones_lexico_20260811,B75821DCA7E73A9A59289274E77E823F84436591E15C224011B0ECD7D1694ABC,PASS,23,0,1.0,PASS,PASS,PASS,0.028006
"C:\Users\USUARIO\Documents\Downloads\BASE DE DATOS 1974-2018 PDFs. WSS\2001\2001-07-19 El Amado en el Cielo (WSS) Ciudad Victoria, Mexico (movil).pdf",1b0de783-e59d-4273-b188-2055380ff4e0,062eef44-0501-4edd-870d-7c331b9bf17a,2001-07-19,El Amado en el Cielo,16,APROBADO,32F1FCEC049925BF4A50D8A4BD58369EAE7B2AEE00E3E4E0A9F266B540B01ACA,normalizacion_paginada_v2_1_guiones_lexico_20260811,B75821DCA7E73A9A59289274E77E823F84436591E15C224011B0ECD7D1694ABC,PASS,11,0,1.0,PASS,PASS,PASS,0.030609
"C:\Users\USUARIO\Documents\Downloads\BASE DE DATOS 1974-2018 PDFs. WSS\2001\2001-07-20 Eternamente Jóvenes (WSS) Córdoba, Mexico (movil).pdf",48f6d247-727a-4938-9497-56349fd9bf7b,50f5b293-614f-4652-bac3-5771f90cb932,2001-07-20,Eternamente Jovenes,17,APROBADO,F2E764AE20ED8547D1EDF6ED7C90856C0BE571293BCA204C73659D8D6A7E9EF1,normalizacion_paginada_v2_1_guiones_lexico_20260811,B75821DCA7E73A9A59289274E77E823F84436591E15C224011B0ECD7D1694ABC,PASS,12,0,1.0,PASS,PASS,PASS,0.027651
"C:\Users\USUARIO\Documents\Downloads\BASE DE DATOS 1974-2018 PDFs. WSS\2001\2001-07-21 Teniendo a Dios de nuestra parte (WSS) Veracruz, Mexico (movil).pdf",08da26b2-f830-453c-a350-497bc4b2a9a4,da409c71-d449-421b-bc75-743ea72f86e4,2001-07-21,Teniendo a Dios de Nuestra Parte,8,APROBADO,BDDD6E843F417A6A4A6368B82D6F92E4E4767DDCB37B60D5141376B2689B13C1,normalizacion_paginada_v2_1_guiones_lexico_20260811,B75821DCA7E73A9A59289274E77E823F84436591E15C224011B0ECD7D1694ABC,PASS,4,0,1.0,PASS,PASS,PASS,0.013289
"C:\Users\USUARIO\Documents\Downloads\BASE DE DATOS 1974-2018 PDFs. WSS\2001\2001-07-23 Fundamentados en Jesucristo (WSS) Puebla, Mexico (movil).pdf",3384b86f-bcfa-496a-80aa-7698940a10c7,6818f356-878f-49e3-a564-c286fec5b272,2001-07-23,Fundamentados en Jesucristo,15,APROBADO,FE421810843721520455AC0B77640B0B3A4200CC92384468F28AE4CDBF8AB068,normalizacion_paginada_v2_1_guiones_lexico_20260811,B75821DCA7E73A9A59289274E77E823F84436591E15C224011B0ECD7D1694ABC,PASS,13,0,1.0,PASS,PASS,PASS,0.031664
C:\Users\USUARIO\Documents\Downloads\BASE DE DATOS 1974-2018 PDFs. WSS\2001\2001-07-25 El mensaje que abre la Revelacion final (WSS) Mexico (movil).pdf,8d19e748-2255-48b7-bf57-db0ae331afda,8069a357-3238-4174-afc5-4e7b9f11c669,2001-07-25,El Mensaje que abre la Revelación final,26,APROBADO,4830C326A2F92C3DE838376C26193864BBF32FD98CC5A58CB1B3F77C624AD11B,normalizacion_paginada_v2_1_guiones_lexico_20260811,B75821DCA7E73A9A59289274E77E823F84436591E15C224011B0ECD7D1694ABC,PASS,22,0,1.0,PASS,PASS,PASS,0.022144
"C:\Users\USUARIO\Documents\Downloads\BASE DE DATOS 1974-2018 PDFs. WSS\2001\2001-07-26 El Trigo Madurando con la Luz del Sol de Justicia (WSS) Valle de Chalco, México (movil).pdf",92301d39-501f-4d1e-9028-3d3fb2a9040d,8b88133c-94a4-4bfc-8556-b3310cb1c38e,2001-07-26,El Trigo Madurando con la Luz del Sol de Justicia,25,APROBADO,F60302B2BEB76DB51D80D189B83FD01B4C96039E4D8CD538A99AF39377092B4A,normalizacion_paginada_v2_1_guiones_lexico_20260811,B75821DCA7E73A9A59289274E77E823F84436591E15C224011B0ECD7D1694ABC,PASS,23,0,1.0,PASS,PASS,PASS,0.023600
"C:\Users\USUARIO\Documents\Downloads\BASE DE DATOS 1974-2018 PDFs. WSS\2001\2001-07-27 Despertados con el llamado de Cristo (WSS) Villahermosa, Mexico (movil).pdf",489c1291-1a69-4121-893c-ba3c933981e5,9475d308-67d1-483e-b33b-d825c58d889a,2001-07-27,Despertados con el llamado de Cristo.,22,APROBADO,9B749B31ED269BA0CBFAAC56E4C8691D4F5DE38053B5B3613F66ECBA0780758D,normalizacion_paginada_v2_1_guiones_lexico_20260811,B75821DCA7E73A9A59289274E77E823F84436591E15C224011B0ECD7D1694ABC,PASS,20,0,1.0,PASS,PASS,PASS,0.024820
C:\Users\USUARIO\Documents\Downloads\BASE DE DATOS 1974-2018 PDFs. WSS\2001\2001-07-29 La dualidad en el Templo de Dios (WSS) Mexico (movil).pdf,92ee95a6-0cd5-4132-831d-93fe48920885,87b5c7c1-1a19-4113-821f-9692d0cb2d30,2001-07-29,La dualidad en el Templo de Dios,64,APROBADO,2BE49079652FDB2F4D8816C97587BF9F1ED344DBD980677FAD9BBA5387CFFD39,normalizacion_paginada_v2_1_guiones_lexico_20260811,B75821DCA7E73A9A59289274E77E823F84436591E15C224011B0ECD7D1694ABC,PASS,58,0,1.0,PASS,PASS,PASS,0.019119
C:\Users\USUARIO\Documents\Downloads\BASE DE DATOS 1974-2018 PDFs. WSS\2001\2001-07-30 Luchando hasta vencer (WSS) Mexico (movil).pdf,209f0e23-a580-4283-89d7-3030d07c674f,a192b98e-c509-4735-b97d-4b24deccc2c4,2001-07-30,Luchando hasta vencer,35,APROBADO,780F95BAC6479552A5F900CE7807015C3E5F1308E2BBE2B855E62D88C712923F,normalizacion_paginada_v2_1_guiones_lexico_20260811,B75821DCA7E73A9A59289274E77E823F84436591E15C224011B0ECD7D1694ABC,PASS,32,0,1.0,PASS,PASS,PASS,0.014374
"C:\Users\USUARIO\Documents\Downloads\BASE DE DATOS 1974-2018 PDFs. WSS\2001\2001-07-31 1 La Obra de la Palabra Creadora (WSS) Champotón, Mexico (movil).pdf",ed4ab629-cae6-4f92-b4e9-6deb5f1f31cc,f99dfb5d-acc6-4c86-8bcc-4399000f86a0,2001-07-31,1 La Obra de la Palabra Creadora,29,APROBADO,4465CBBE278013053198CD9C1EC34571A4C6998BB900794D7ABB5DCC2E2F4C05,normalizacion_paginada_v2_1_guiones_lexico_20260811,B75821DCA7E73A9A59289274E77E823F84436591E15C224011B0ECD7D1694ABC,PASS,25,0,1.0,PASS,PASS,PASS,0.024421
C:\Users\USUARIO\Documents\Downloads\BASE DE DATOS 1974-2018 PDFs. WSS\2001\2001-07-31 Los Hijos de Luz (WSS) Mexico (movil).pdf,0de887d4-d268-45eb-b898-4dc74212d8d0,6628be41-b27f-45a8-88e2-fb071af1964b,2001-07-31,Los Hijos de Luz.,15,APROBADO,A67A713ED9092470E84D2FEA0E5BD4C9C4F08D177453A2FE59091D465C7D458B,normalizacion_paginada_v2_1_guiones_lexico_20260811,B75821DCA7E73A9A59289274E77E823F84436591E15C224011B0ECD7D1694ABC,PASS,13,0,1.0,PASS,PASS,PASS,0.022345
C:\Users\USUARIO\Documents\Downloads\BASE DE DATOS 1974-2018 PDFs. WSS\2001\2001-08-01 Obteniendo la imagen y semejanza del Señor Jesucristo (WSS) Mexico (movil).pdf,b33beb99-d6d7-4e19-bc55-9763b917706c,117edb0b-02d1-407e-8fa7-a666c5134471,2001-08-01,Obteniendo la imagen y semejanza del Señor Jesucristo.,23,APROBADO,33B01F8503FD3C062875313B2FAD3850FA6A458D657167A8649781C10D115F5B,normalizacion_paginada_v2_1_guiones_lexico_20260811,B75821DCA7E73A9A59289274E77E823F84436591E15C224011B0ECD7D1694ABC,PASS,19,0,1.0,PASS,PASS,PASS,0.042195
C:\Users\USUARIO\Documents\Downloads\BASE DE DATOS 1974-2018 PDFs. WSS\2001\2001-08-02 El entrenamiento de David para la batalla (WSS) Mexico (movil).pdf,0095e29f-8d13-48cd-aec5-c3b953c50a1a,57a22769-fa9e-4c84-ba4f-1abf115b3604,2001-08-02,El entrenamiento de David para la batalla.,29,APROBADO,7B1B10EA65283FCC60A5221346F03681F15D9E2D6F3F5C7C2C54B117F791389B,normalizacion_paginada_v2_1_guiones_lexico_20260811,B75821DCA7E73A9A59289274E77E823F84436591E15C224011B0ECD7D1694ABC,PASS,26,0,1.0,PASS,PASS,PASS,0.064849
C:\Users\USUARIO\Documents\Downloads\BASE DE DATOS 1974-2018 PDFs. WSS\2001\2001-08-03 La llave de Dios (WSS) Mexico (movil).pdf,9c49c1ff-f28b-46c8-921c-66786e5b294a,a0e26869-c6ac-44ed-b32c-4db5d493ba5f,2001-08-03,La llave de Dios,30,APROBADO,C7E84C644C9616C072F066E52CDA46352E710CD6D54CA180FE3AE33717AD1FE3,normalizacion_paginada_v2_1_guiones_lexico_20260811,B75821DCA7E73A9A59289274E77E823F84436591E15C224011B0ECD7D1694ABC,PASS,25,0,1.0,PASS,PASS,PASS,0.026258
C:\Users\USUARIO\Documents\Downloads\BASE DE DATOS 1974-2018 PDFs. WSS\2001\2001-08-05 Dios prooverá a tiempo el León de la Tribu de Juda (WSS) Mexico (movil).pdf,f1d63099-6c6b-42ab-8de2-5a59d46774c8,215678e7-8980-4291-bbdd-6976b7a6ca22,2001-08-05,Dios prooverá a tiempo el León de la Tribu de Juda.,42,APROBADO,3A448E833BD69CE07947F16EA254EA1009DC56CE992941658FE1CCA55A9527BD,normalizacion_paginada_v2_1_guiones_lexico_20260811,B75821DCA7E73A9A59289274E77E823F84436591E15C224011B0ECD7D1694ABC,PASS,40,0,1.0,PASS,PASS,PASS,0.029443
"C:\Users\USUARIO\Documents\Downloads\BASE DE DATOS 1974-2018 PDFs. WSS\2001\2001-08-06 Babel, el principio de  un reino de confusión (WSS) Guatemala (movil).pdf",28871874-432d-46e3-8964-4d257d86f3da,3f5f7789-6dfe-403e-932a-c737e4903533,2001-08-06,"Babel, El principio de un reino de confusión",21,APROBADO,4B9D1524B5055C8C7B030A1917CD0B01C4483330B62341A112C074386B2A9F71,normalizacion_paginada_v2_1_guiones_lexico_20260811,B75821DCA7E73A9A59289274E77E823F84436591E15C224011B0ECD7D1694ABC,PASS,17,0,1.0,PASS,PASS,PASS,0.028812
C:\Users\USUARIO\Documents\Downloads\BASE DE DATOS 1974-2018 PDFs. WSS\2001\2001-08-07 La Guianza en un cruce de tiempo (WSS) Guatemala (movil).pdf,a64c5952-2cd7-450f-b171-9a1aaa4ad510,2123e30e-2d4b-48b5-8c30-4728011aed97,2001-08-07,La Guianza en un cruce de tiempo.,25,APROBADO,D30108780D6E1DCD3D6FA80D439C70B02018F566C4DB2F986F528EDADA796734,normalizacion_paginada_v2_1_guiones_lexico_20260811,B75821DCA7E73A9A59289274E77E823F84436591E15C224011B0ECD7D1694ABC,PASS,22,0,1.0,PASS,PASS,PASS,0.024702
C:\Users\USUARIO\Documents\Downloads\BASE DE DATOS 1974-2018 PDFs. WSS\2001\2001-08-08 El que controla el tiempo (WSS) Guatemala (movil).pdf,e64f9704-95d3-4cec-a5a0-ad7ef9f5eef8,94e2479b-2c12-4228-982b-0e3902726860,2001-08-08,El que controla el Tiempo,27,APROBADO,F35F6BE7AF334836C304EA0B19ED2CFD0BFD8C21C40F62C3005F322E97C1E089,normalizacion_paginada_v2_1_guiones_lexico_20260811,B75821DCA7E73A9A59289274E77E823F84436591E15C224011B0ECD7D1694ABC,PASS,23,0,1.0,PASS,PASS,PASS,0.027934
C:\Users\USUARIO\Documents\Downloads\BASE DE DATOS 1974-2018 PDFs. WSS\2001\2001-08-09 Ocupando nuestro lugar en el Reino de Dios (WSS) Guatemala (movil).pdf,02005d49-46b2-42e5-acc6-a4509095b9da,df9f873f-143d-4900-8e2b-293c80bee989,2001-08-09,Ocupando nuestro lugar en el reino de Dios,23,APROBADO,25DFE2DD63397E22EB1A262B7F1F2963ABAD9333E681F4F8B6B50AC0B3138931,normalizacion_paginada_v2_1_guiones_lexico_20260811,B75821DCA7E73A9A59289274E77E823F84436591E15C224011B0ECD7D1694ABC,PASS,20,0,1.0,PASS,PASS,PASS,0.032683
C:\Users\USUARIO\Documents\Downloads\BASE DE DATOS 1974-2018 PDFs. WSS\2001\2001-08-10 Lo que fue visto en el Monte de la Transfiguracion (WSS) Guatemala (movil).pdf,a3740f66-92b6-4447-aaa2-3515502e69a6,d6f8adb0-3e31-4af9-b304-64eb237eaf1c,2001-08-10,Lo que fue visto en el Monte de la Transfiguración,43,APROBADO,9AB796A6AE4E921A33BF4B88FCA8D595DF5BF5038A7FE1B8A69C548F4091D52A,normalizacion_paginada_v2_1_guiones_lexico_20260811,B75821DCA7E73A9A59289274E77E823F84436591E15C224011B0ECD7D1694ABC,PASS,40,0,1.0,PASS,PASS,PASS,0.031484
C:\Users\USUARIO\Documents\Downloads\BASE DE DATOS 1974-2018 PDFs. WSS\2001\2001-08-12 La Piedra puesta por Señal (WSS) Guatemala (movil).pdf,18e8682d-2fdd-4c21-9672-c3c382dc5e1b,131e120d-c5bd-4d49-8447-dbacd8448896,2001-08-12,La Piedra puesta por Señal,45,APROBADO,D0D001916E9C8EA486A004E3C72BED8BF1E82485FA43B3B0FAB7CE01D081C6B6,normalizacion_paginada_v2_1_guiones_lexico_20260811,B75821DCA7E73A9A59289274E77E823F84436591E15C224011B0ECD7D1694ABC,PASS,41,0,1.0,PASS,PASS,PASS,0.029995
"C:\Users\USUARIO\Documents\Downloads\BASE DE DATOS 1974-2018 PDFs. WSS\2001\2001-08-15 El angel con la mision celestial (WSS) Managua, Nicaragua (movil).pdf",bd7d7883-04ec-4d80-b1a6-dcc4be5aaadc,b2b3f9a8-03cb-47a6-9f3a-44fe17c267d5,2001-08-15,El Angel con la Mision Celestial,28,APROBADO,C83F417777355FA537BD10F9FDFA25F4AAE98E0DC821A4A3116ED83CF1EC9B74,normalizacion_paginada_v2_1_guiones_lexico_20260811,B75821DCA7E73A9A59289274E77E823F84436591E15C224011B0ECD7D1694ABC,PASS,25,0,1.0,PASS,PASS,PASS,0.024554
"C:\Users\USUARIO\Documents\Downloads\BASE DE DATOS 1974-2018 PDFs. WSS\2001\2001-08-16 La Bienaventuranza de la Primera Resurreccion (WSS) San José, Costa Rica (movil).pdf",126be075-03a8-407e-8a86-97ac1ec60ebd,2a462f19-94a3-4968-8b23-4c3ee552db79,2001-08-16,La Bienaventuranza de la Primera Resurreccion,25,APROBADO,A1484C8D580D91A226D52BAF49D37676AC525F21AA84D4B5AE35045415FD89E5,normalizacion_paginada_v2_1_guiones_lexico_20260811,B75821DCA7E73A9A59289274E77E823F84436591E15C224011B0ECD7D1694ABC,PASS,23,0,1.0,PASS,PASS,PASS,0.028149
"C:\Users\USUARIO\Documents\Downloads\BASE DE DATOS 1974-2018 PDFs. WSS\2001\2001-08-17 Voz de Mando Voz de Arcangel y Trompeta de Dios (WSS) Panamá, Panamá (movil).pdf",36d49e80-be45-4360-a896-2ae8b6391b43,f8081e1a-706e-4858-a611-052f7066f025,2001-08-17,Voz de Mando Voz de Arcangel y Trompeta de Dios,23,APROBADO,4C2230AFC7A56FE58980CB93E6319E3D442C2DEB621BE84D8D04E6D9EF988344,normalizacion_paginada_v2_1_guiones_lexico_20260811,B75821DCA7E73A9A59289274E77E823F84436591E15C224011B0ECD7D1694ABC,PASS,17,0,1.0,PASS,PASS,PASS,0.059438
"C:\Users\USUARIO\Documents\Downloads\BASE DE DATOS 1974-2018 PDFs. WSS\2001\2001-08-19 La Semejanza entre Israel y la Iglesia (WSS) Cayey, Puerto Rico (movil).pdf",e946e388-3926-4e59-b3f1-b45c29d3e4b3,9b8e9e73-2bb0-46e6-bdec-462e15ef9351,2001-08-19,La Semejanza entre Israel y la Iglesia.,45,APROBADO,AC748F2C768A3251C33619A71CE86A9C9E7572C7018EF4777172D9840F3B1747,normalizacion_paginada_v2_1_guiones_lexico_20260811,B75821DCA7E73A9A59289274E77E823F84436591E15C224011B0ECD7D1694ABC,PASS,42,0,1.0,PASS,PASS,PASS,0.015231
"C:\Users\USUARIO\Documents\Downloads\BASE DE DATOS 1974-2018 PDFs. WSS\2001\2001-08-26 El Plano del Templo Espiritual de Jesucristo (WSS) Cayey, Puerto Rico (movil).pdf",e5e2a790-5544-46ac-9820-904d7c6c0aa1,3d87f504-fb55-4ad3-9723-b2a74048dc7a,2001-08-26,El Plano del Templo espiritual de Jesucristo.,45,APROBADO,C80C80E1BBD1074E35386F96AFC9D2D17B01BB43F07F04F8E7CF6FA18D976A81,normalizacion_paginada_v2_1_guiones_lexico_20260811,B75821DCA7E73A9A59289274E77E823F84436591E15C224011B0ECD7D1694ABC,PASS,40,0,1.0,PASS,PASS,PASS,0.030289
"C:\Users\USUARIO\Documents\Downloads\BASE DE DATOS 1974-2018 PDFs. WSS\2001\2001-09-02 Los misterios del Reino de los Cielos (WSS) Cali, Colombia (movil).pdf",6fb28523-f87a-45f6-acd5-748154d4f022,24376530-d6db-4ca8-ad34-a77feb634423,2001-09-02,Los Misterios del Reino de los Cielos,33,APROBADO,1555CA06D3A3C5FB8B9EBE8628C80D3DF747D5668994D328106CCBE914614547,normalizacion_paginada_v2_1_guiones_lexico_20260811,B75821DCA7E73A9A59289274E77E823F84436591E15C224011B0ECD7D1694ABC,PASS,31,0,1.0,PASS,PASS,PASS,0.034513
C:\Users\USUARIO\Documents\Downloads\BASE DE DATOS 1974-2018 PDFs. WSS\2001\2001-09-09 Los Secretos que Dios guardó para el tiempo del fin (WSS) Colombia (movil).pdf,4fbe4e25-487c-42e8-a638-c5e5c27e3d60,fd7dc008-f630-40a1-8537-11eaee958d28,2001-09-09,Los Secretos que Dios guardo para el Tiempo del Fin,47,APROBADO,0D538A927C580384B1C32947CCE0D9A865CAE122BBCFDDD18FBAFC2F3927D58A,normalizacion_paginada_v2_1_guiones_lexico_20260811,B75821DCA7E73A9A59289274E77E823F84436591E15C224011B0ECD7D1694ABC,PASS,25,0,1.0,PASS,PASS,PASS,0.020126
C:\Users\USUARIO\Documents\Downloads\BASE DE DATOS 1974-2018 PDFs. WSS\2001\2001-09-10 El pacto Eterno de Dios a los hijos de Abraham (WSS) Brasil (movil).pdf,56628257-a5ea-4fd4-8e87-c4117b311037,2a5012ab-9c2c-4515-aedb-9e070f09db28,2001-09-10,El pacto Eterno de Dios a los hijos de Abraham.,14,APROBADO,1A378F997DBAFFFFBE9EDCDBEDA2CB4FE7B1D5A8AED31D660779E518AC24B01F,normalizacion_paginada_v2_1_guiones_lexico_20260811,B75821DCA7E73A9A59289274E77E823F84436591E15C224011B0ECD7D1694ABC,PASS,10,0,1.0,PASS,PASS,PASS,0.027733
C:\Users\USUARIO\Documents\Downloads\BASE DE DATOS 1974-2018 PDFs. WSS\2001\2001-09-13 Cristo intercede por nosotros (WSS) Brasil (movil).pdf,2308dead-670e-4a15-9ee3-c9e24b1cc832,e2866267-78f6-4206-aa42-bd511e1baf20,2001-09-13,Cristo intercede por nosotros.,20,APROBADO,8150322EA821FB005025F81AA6FB009FA3D86BB11DD7D334A4B6B83F4E25F133,normalizacion_paginada_v2_1_guiones_lexico_20260811,B75821DCA7E73A9A59289274E77E823F84436591E15C224011B0ECD7D1694ABC,PASS,17,0,1.0,PASS,PASS,PASS,0.015521
"C:\Users\USUARIO\Documents\Downloads\BASE DE DATOS 1974-2018 PDFs. WSS\2001\2001-09-16 La Iglesia de Cristo un misterio en acción (WSS) San Pablo, Brasil (movil).pdf",1961b874-0b85-4fc6-b601-04adcac2cf6e,ad8b6482-9ef3-4979-af2d-dbec9ee0f957,2001-09-16,La Iglesia de Cristo un Misterio en Accion,40,APROBADO,9B97913C8B1CE89BF3B4433400641D79CAE14C6F252912F296B28274AF9B1460,normalizacion_paginada_v2_1_guiones_lexico_20260811,B75821DCA7E73A9A59289274E77E823F84436591E15C224011B0ECD7D1694ABC,PASS,36,0,1.0,PASS,PASS,PASS,0.025605
C:\Users\USUARIO\Documents\Downloads\BASE DE DATOS 1974-2018 PDFs. WSS\2001\2001-09-17 La Mano de Dios (WSS) Paraguay (movil).pdf,230d3ed5-803a-4e7c-8247-63d327cffe5a,18683a17-3452-4f7a-944f-58114da325d9,2001-09-17,La Mano de Dios,16,APROBADO,F0F0CC5CAF7618ED51480E5708A12643D042BF94EEFB3CF235CF2BC558DA99BB,normalizacion_paginada_v2_1_guiones_lexico_20260811,B75821DCA7E73A9A59289274E77E823F84436591E15C224011B0ECD7D1694ABC,PASS,9,0,1.0,PASS,PASS,PASS,0.034933
C:\Users\USUARIO\Documents\Downloads\BASE DE DATOS 1974-2018 PDFs. WSS\2001\2001-09-18 La Boca de Dios (WSS) Paraguay (movil).pdf,3da8cd35-8fe3-4ef5-8f5d-6234c6d956db,03b7db73-c6c6-4008-ade3-08149df7a5d4,2001-09-18,La Boca de Dios,21,APROBADO,8CE40244733D2DAD9AEA839958878C1A71B3911B27AFE2BE8C048E0DC15A364D,normalizacion_paginada_v2_1_guiones_lexico_20260811,B75821DCA7E73A9A59289274E77E823F84436591E15C224011B0ECD7D1694ABC,PASS,19,0,1.0,PASS,PASS,PASS,0.027077
C:\Users\USUARIO\Documents\Downloads\BASE DE DATOS 1974-2018 PDFs. WSS\2001\2001-09-19 Los Pensamientos de Dios (WSS) Paraguay (movil).pdf,3498757b-b2e5-4583-aee1-28fba30209a3,47686ce1-16c9-4d51-b98f-0226a7c2b836,2001-09-19,Los Pensamientos de Dios,20,APROBADO,D9DA61ED96587BA94EF2A98C0966B2539D3147BF5CD81D6792D3C76E7DD497F9,normalizacion_paginada_v2_1_guiones_lexico_20260811,B75821DCA7E73A9A59289274E77E823F84436591E15C224011B0ECD7D1694ABC,PASS,11,0,1.0,PASS,PASS,PASS,0.025027
C:\Users\USUARIO\Documents\Downloads\BASE DE DATOS 1974-2018 PDFs. WSS\2001\2001-09-20 La Paciencia de Dios (WSS) Argentina (movil).pdf,d699e283-7118-406f-ba4f-3beb8527052d,408358a6-86d3-4995-9667-300741a9e257,2001-09-20,La Paciencia de Dios.,15,APROBADO,B759FBC747186E2127D336A9A24A57385AE630805025169E3B21AFB0BC207D54,normalizacion_paginada_v2_1_guiones_lexico_20260811,B75821DCA7E73A9A59289274E77E823F84436591E15C224011B0ECD7D1694ABC,PASS,12,0,1.0,PASS,PASS,PASS,0.015712
C:\Users\USUARIO\Documents\Downloads\BASE DE DATOS 1974-2018 PDFs. WSS\2001\2001-09-21 La Palabra de Dios (WSS) Argentina (movil).pdf,5902e494-56d0-4cde-b54b-a7598703e8f7,54e5e705-ee96-496b-af68-db3cb42110a5,2001-09-21,La Palabra de Dios,19,APROBADO,A9499B4019A83F16CA7648487D418183DB467AD573CE3D85876A1E1860E46BAF,normalizacion_paginada_v2_1_guiones_lexico_20260811,B75821DCA7E73A9A59289274E77E823F84436591E15C224011B0ECD7D1694ABC,PASS,17,0,1.0,PASS,PASS,PASS,0.030670
C:\Users\USUARIO\Documents\Downloads\BASE DE DATOS 1974-2018 PDFs. WSS\2001\2001-09-23 Este es el Dia que hizo Jehova (WSS) Argentina (movil).pdf,f3cde8a9-d506-4616-a7e8-ae2dd09da17c,8acc57bb-f75e-4c6b-ab21-0f4d397bc0a4,2001-09-23,Este es el Día que hizo Jehova,22,APROBADO,37520A4F76C20B1B9BE8DF7C5123C510FB91B439CA3D8E00D2B58EF6338B83FC,normalizacion_paginada_v2_1_guiones_lexico_20260811,B75821DCA7E73A9A59289274E77E823F84436591E15C224011B0ECD7D1694ABC,PASS,19,0,1.0,PASS,PASS,PASS,0.023074
C:\Users\USUARIO\Documents\Downloads\BASE DE DATOS 1974-2018 PDFs. WSS\2001\2001-09-24 Los Pies del Señor Jesucristo sobre la Tierra (WSS) Argentina (movil).pdf,316d96ae-da52-4cb8-abf4-1d8caf119155,6efc412b-d14f-4052-a1d3-e97ad6359be6,2001-09-24,Los Pies del Señor Jesucristo sobre la Tierra,24,APROBADO,7B913CA17E532B0170B833C39F0AA466FE0455738D29819A5BAD59C4D55B05B2,normalizacion_paginada_v2_1_guiones_lexico_20260811,B75821DCA7E73A9A59289274E77E823F84436591E15C224011B0ECD7D1694ABC,PASS,21,0,1.0,PASS,PASS,PASS,0.027364
C:\Users\USUARIO\Documents\Downloads\BASE DE DATOS 1974-2018 PDFs. WSS\2001\2001-09-26 La Meta de Dios (WSS) Chile (movil).pdf,32752d1f-e5bd-491c-8ba5-196e41f2eb37,fa60f5c5-5089-492f-879f-d743d659b83b,2001-09-26,La Meta de Dios,10,APROBADO,91D82E61C31525C05CE024E19303208D200572BC7C9002749EE879978B7BE329,normalizacion_paginada_v2_1_guiones_lexico_20260811,B75821DCA7E73A9A59289274E77E823F84436591E15C224011B0ECD7D1694ABC,PASS,8,0,1.0,PASS,PASS,PASS,0.026980
C:\Users\USUARIO\Documents\Downloads\BASE DE DATOS 1974-2018 PDFs. WSS\2001\2001-09-27 El Programa de Dios (WSS) Chile (MOVIL).pdf,e5e4d517-37cb-4de5-8417-908840f2030e,d578a8bf-4733-46da-8eb0-23c2858708f2,2001-09-27,El Programa de Dios,32,APROBADO,32E36A65C864239CD710F36A560B8C081BEFAEF105D3E23AFD175CE34D0D88BF,normalizacion_paginada_v2_1_guiones_lexico_20260811,B75821DCA7E73A9A59289274E77E823F84436591E15C224011B0ECD7D1694ABC,PASS,24,0,1.0,PASS,PASS,PASS,0.022127
C:\Users\USUARIO\Documents\Downloads\BASE DE DATOS 1974-2018 PDFs. WSS\2001\2001-09-28 El Propósito de Dios (WSS) Chile (movil).pdf,7a6110f1-0779-438d-9cb6-50100bd98b0b,04c3da91-68d0-474f-80f6-3089e3142862,2001-09-28,El Propósito de Dios,11,APROBADO,14C9A49CE5CC00D4A4B6A03A0925218F8C8F6E9B7E24CD5547459DDDCCD95018,normalizacion_paginada_v2_1_guiones_lexico_20260811,B75821DCA7E73A9A59289274E77E823F84436591E15C224011B0ECD7D1694ABC,PASS,9,0,1.0,PASS,PASS,PASS,0.022157
C:\Users\USUARIO\Documents\Downloads\BASE DE DATOS 1974-2018 PDFs. WSS\2001\2001-10-02 Los Ojos de Dios (WSS) Bolivia (movil).pdf,511eedde-c1d8-41bf-9673-03fdfc5c59da,9d1abdc7-34e8-458d-9355-6ed9a1b40e21,2001-10-02,Los Ojos de Dios,25,APROBADO,E77845E9FC52D9875E837709F3834F29FEB19549D986931F9CB3E8EDDB7EE531,normalizacion_paginada_v2_1_guiones_lexico_20260811,B75821DCA7E73A9A59289274E77E823F84436591E15C224011B0ECD7D1694ABC,PASS,23,0,1.0,PASS,PASS,PASS,0.027604
C:\Users\USUARIO\Documents\Downloads\BASE DE DATOS 1974-2018 PDFs. WSS\2001\2001-10-03 La Familia de Dios (WSS) Bolivia (movil).pdf,6873e41d-b6fc-4b25-b910-9df3d394871b,73fcef65-02e5-4b35-a109-0aeebede2c04,2001-10-03,La Familia De Dios,25,APROBADO,10D5BBFB8389058DEF6525B9346AEDDD4EDE2CC58D415FA86E365E440FFBC50E,normalizacion_paginada_v2_1_guiones_lexico_20260811,B75821DCA7E73A9A59289274E77E823F84436591E15C224011B0ECD7D1694ABC,PASS,21,0,1.0,PASS,PASS,PASS,0.016005
C:\Users\USUARIO\Documents\Downloads\BASE DE DATOS 1974-2018 PDFs. WSS\2001\2001-10-07 El Hijo de Dios (WSS) Peru (movil).pdf,60814452-ba94-414b-96f2-1a6d489c39c4,820dc592-a3cb-403d-b6c9-f5636f70c4f7,2001-10-07,El Hijo de Dios,52,APROBADO,58A44AAACEE516ACD2FCCAE5132143107640957C3489EE96BEC5A133D3531261,normalizacion_paginada_v2_1_guiones_lexico_20260811,B75821DCA7E73A9A59289274E77E823F84436591E15C224011B0ECD7D1694ABC,PASS,44,0,1.0,PASS,PASS,PASS,0.026558
C:\Users\USUARIO\Documents\Downloads\BASE DE DATOS 1974-2018 PDFs. WSS\2001\2001-10-08 Los Hijos de Dios (WSS) Peru (movil).pdf,46d0f997-c716-4647-b42b-b417d2174255,20b44fc3-9bc5-446b-9bf1-0011bb6de6d7,2001-10-08,Los Hijos de Dios,21,APROBADO,721244B3485F8DE7998FCE54D9540FB675D93FD41E3246DB448F7CB4CFC6D163,normalizacion_paginada_v2_1_guiones_lexico_20260811,B75821DCA7E73A9A59289274E77E823F84436591E15C224011B0ECD7D1694ABC,PASS,18,0,1.0,PASS,PASS,PASS,0.030612
C:\Users\USUARIO\Documents\Downloads\BASE DE DATOS 1974-2018 PDFs. WSS\2001\2001-10-09 Los Siervos de Dios (WSS) Peru (movil).pdf,618ac2de-b8f7-46b3-b324-3c997df1214c,9f97fae5-0531-45e6-9fd8-486776d9da92,2001-10-09,Los Siervos de Dios,16,APROBADO,9E6EC811684327C854ACD19FEF6C26C6AC02D9AB640531E0B4614B19D673A506,normalizacion_paginada_v2_1_guiones_lexico_20260811,B75821DCA7E73A9A59289274E77E823F84436591E15C224011B0ECD7D1694ABC,PASS,12,0,1.0,PASS,PASS,PASS,0.015910
"C:\Users\USUARIO\Documents\Downloads\BASE DE DATOS 1974-2018 PDFs. WSS\2001\2001-10-10 El Enviado de Dios (WSS) Trujillo, Perú (movil).pdf",5866df0d-8ad2-4775-a51d-e0cd84e71b6c,f5e4eab0-af5f-4837-93ab-ac6c4402748e,2001-10-10,El Enviado de Dios,20,APROBADO,8FF91D713488795B0913DA27F879760FB3C3E0FD1ED4669B0F1C3D866C475AD0,normalizacion_paginada_v2_1_guiones_lexico_20260811,B75821DCA7E73A9A59289274E77E823F84436591E15C224011B0ECD7D1694ABC,PASS,18,0,1.0,PASS,PASS,PASS,0.022132
"C:\Users\USUARIO\Documents\Downloads\BASE DE DATOS 1974-2018 PDFs. WSS\2001\2001-10-21 Dios escribiendo el Nuevo Pacto en nuestros corazones (WSS) Cayey, Puerto Rico (movil).pdf",8e67d547-2eb1-45a6-ab6e-0ebebcb5bc90,5dc7ab88-d75c-49aa-8a29-51dd6b3c4f61,2001-10-21,Dios escribiendo el Nuevo Pacto en nuestros corazones.,13,APROBADO,093345D0C4953D3FCC0CCCAEF34D228C0EE45F0730DC6CA224A155CC20C81AFB,normalizacion_paginada_v2_1_guiones_lexico_20260811,B75821DCA7E73A9A59289274E77E823F84436591E15C224011B0ECD7D1694ABC,PASS,11,0,1.0,PASS,PASS,PASS,0.028284
"C:\Users\USUARIO\Documents\Downloads\BASE DE DATOS 1974-2018 PDFs. WSS\2001\2001-11-04 La Iglesia en Israel en forma tipologica Parte II (WSS) Cayey, Puerto Rico (movil).pdf",4b75c755-9cdc-4215-8d6c-6808eddfdeb0,9bfa1ef2-47d3-4f1f-b50c-ff469f0c29a4,2001-11-04,La Iglesia en Israel en Forma tipologica Parte 2,29,APROBADO,007A430558C9CA74E7EFD352E53672ECF036B3D61F4CE275793B739D0343D748,normalizacion_paginada_v2_1_guiones_lexico_20260811,B75821DCA7E73A9A59289274E77E823F84436591E15C224011B0ECD7D1694ABC,PASS,22,0,1.0,PASS,PASS,PASS,0.025241
"C:\Users\USUARIO\Documents\Downloads\BASE DE DATOS 1974-2018 PDFs. WSS\2001\2001-11-11 Lo que retiene al Señor Jesucristo en el Trono de Intercesión (WSS) Cayey, Puerto Rico (movil).pdf",11384ba6-2de5-44df-92c3-823327f19748,2172d434-5373-415a-805b-7dfc56e7e1d8,2001-11-11,Lo que retiene al Señor Jesucristo en el Trono de Intercesion.,43,APROBADO,965E58F8CB5AB2DD4AE162D1ABC60D602190F2662D2E9AE20B87B090A4F2B099,normalizacion_paginada_v2_1_guiones_lexico_20260811,B75821DCA7E73A9A59289274E77E823F84436591E15C224011B0ECD7D1694ABC,PASS,41,0,1.0,PASS,PASS,PASS,0.019071
"C:\Users\USUARIO\Documents\Downloads\BASE DE DATOS 1974-2018 PDFs. WSS\2001\2001-12-12 Ministros con mente positiva (WSS) Cartagena, Colombia (movil).pdf",d9a9c1ae-062d-4a53-95df-3a7734023c64,387f4c1e-91f4-4ba1-930d-c17a26d17542,2001-12-12,RM Ministros con Mente Positiva,24,APROBADO,7513E996C08D0E4E0AFE9466C3C4E0F5F928B3BE900F898C15EA2584A638D50D,normalizacion_paginada_v2_1_guiones_lexico_20260811,B75821DCA7E73A9A59289274E77E823F84436591E15C224011B0ECD7D1694ABC,PASS,21,0,1.0,PASS,PASS,PASS,0.005815
"C:\Users\USUARIO\Documents\Downloads\BASE DE DATOS 1974-2018 PDFs. WSS\2001\2001-12-23 Ha nacido el Salvador del Mundo (WSS) Cayey, Puerto Rico (movil).pdf",982df43f-80b2-44fd-8a87-152f50b78d23,7eed6d36-5711-4a05-aef4-a62864316a1a,2001-12-23,Ha nacido el Salvador del Mundo,29,APROBADO,2E2477B552C13AAF1C784177561E9B703D6F625C3B4C85A7EBEC080CED815F0C,normalizacion_paginada_v2_1_guiones_lexico_20260811,B75821DCA7E73A9A59289274E77E823F84436591E15C224011B0ECD7D1694ABC,PASS,25,0,1.0,PASS,PASS,PASS,0.028138
"C:\Users\USUARIO\Documents\Downloads\BASE DE DATOS 1974-2018 PDFs. WSS\2001\2001-12-30 Preguntad cual sea el buen camino, y andad por El (WSS) Cayey, Puerto Rico (movil).pdf",68599a94-4a88-4441-a05c-69bbccc6bd77,0529f718-fcf0-4e3b-8a83-68e2a0147f87,2001-12-30,Preguntad cual sea el buen camino y andad por El.,29,APROBADO,B6127F5C455857368DFE80C4BC2EFFCDE440C9D28CC1EC584A9E3CA4DD30550B,normalizacion_paginada_v2_1_guiones_lexico_20260811,B75821DCA7E73A9A59289274E77E823F84436591E15C224011B0ECD7D1694ABC,PASS,27,0,1.0,PASS,PASS,PASS,0.018999
"C:\Users\USUARIO\Documents\Downloads\BASE DE DATOS 1974-2018 PDFs. WSS\2001\2001-12-31 En el camino hacia la Ciudad Eterna (WSS) Cayey, Puerto Rico (movil).pdf",e96601bd-0d31-4471-984e-c30fee22677d,4a72c802-8442-4c7a-b40b-c534f2d99ffd,2001-12-31,En el camino hacia la Ciudad Eterna,19,APROBADO,B622E605980BECB85218C4D5E71811D8F517C21776390123E49D18E0E1858878,normalizacion_paginada_v2_1_guiones_lexico_20260811,B75821DCA7E73A9A59289274E77E823F84436591E15C224011B0ECD7D1694ABC,PASS,15,0,1.0,PASS,PASS,PASS,0.024889
C:\Users\USUARIO\Documents\Downloads\BASE DE DATOS 1974-2018 PDFs. WSS\2002\2002-02-04 RM La unica voz de Dios.pdf,86380728-9a75-4a38-9a60-b4ff23b03e1d,29e70645-3fa1-412a-95fc-501145d68f9f,2002-02-04,RM La Unica Voz de Dios.,38,APROBADO,2B4404005D342324824B76613855A1B2C110159ABC03ABBF208D0AF1126988DB,normalizacion_paginada_v2_1_guiones_lexico_20260811,B75821DCA7E73A9A59289274E77E823F84436591E15C224011B0ECD7D1694ABC,PASS,35,0,1.0,PASS,PASS,PASS,0.020993
"C:\Users\USUARIO\Documents\Downloads\BASE DE DATOS 1974-2018 PDFs. WSS\2002\2002-02-10 El paralelismo entre los dos herederos de todas las cosas (WSS) Cayey, Puerto Rico (movil).pdf",9da74fd2-02eb-4dba-852f-12494d78d6f1,2995d3e4-2ebc-4c2a-9f80-06eba4b0b246,2002-02-10,El paralelismo entre los dos herederos de todas las cosas,16,APROBADO,3B10C36DAE912DBDCAB544A8EFFA190FA8120354094DD505A923461160904EEB,normalizacion_paginada_v2_1_guiones_lexico_20260811,B75821DCA7E73A9A59289274E77E823F84436591E15C224011B0ECD7D1694ABC,PASS,12,0,1.0,PASS,PASS,PASS,0.022024
"C:\Users\USUARIO\Documents\Downloads\BASE DE DATOS 1974-2018 PDFs. WSS\2002\2002-03-01 Un Pueblo Victorioso (WSS) Villahermosa, México (movil).pdf",a7c8ab09-7f96-41c9-9f64-76e223e33dbb,ff0d4184-3018-4f4c-a9f5-a1f37ccb36c7,2002-03-01,Un Pueblo Victorioso.,24,APROBADO,F0BE5CCFEC5D7DBEE508F8E23A503914A8BA11A7EBE6D592A36DA43FE7112795,normalizacion_paginada_v2_1_guiones_lexico_20260811,B75821DCA7E73A9A59289274E77E823F84436591E15C224011B0ECD7D1694ABC,PASS,21,0,1.0,PASS,PASS,PASS,0.028595
"C:\Users\USUARIO\Documents\Downloads\BASE DE DATOS 1974-2018 PDFs. WSS\2002\2002-03-02 La Juventud Resplandeciendo como el Sol en el Reino de su Padre (WSS) Villahermosa, México (movil).pdf",b575b98a-ef7f-4796-bf73-2b7c6db1871b,1fd935b6-431e-4f00-9353-ece13c041aaa,2002-03-02,La Juventud Resplandeciendo como el Sol en el Reino de su Padre.,25,APROBADO,6A9CFE72EB3CB5706124B50C9869389DEA56CC38CA25CCBC8953C7F1AA2E7EEA,normalizacion_paginada_v2_1_guiones_lexico_20260811,B75821DCA7E73A9A59289274E77E823F84436591E15C224011B0ECD7D1694ABC,PASS,20,0,1.0,PASS,PASS,PASS,0.013913
"C:\Users\USUARIO\Documents\Downloads\BASE DE DATOS 1974-2018 PDFs. WSS\2002\2002-03-05 Creciendo en la Obra del Señor siempre (WSS) Coparrozo, México (movil).pdf",a673c00a-cda9-4bd6-b852-2204c5e588e4,a7ec8495-5670-4dbb-a55d-9d03ed08c4f1,2002-03-05,Creciendo en la Obra del Señor siempre.,18,APROBADO,060DD2B94C16500DF8BC51D03AE431D9967B94FB08CC6EF8AD7D318C0A8E3F8B,normalizacion_paginada_v2_1_guiones_lexico_20260811,B75821DCA7E73A9A59289274E77E823F84436591E15C224011B0ECD7D1694ABC,PASS,15,0,1.0,PASS,PASS,PASS,0.027997
C:\Users\USUARIO\Documents\Downloads\BASE DE DATOS 1974-2018 PDFs. WSS\2002\2002-04-17 El poder de Dios perfeccionado en la debilidad (MOVIL).pdf,b6181bff-c03b-408b-a496-8cc9067e6b79,8bab75ed-d0c7-4735-93b7-016201815b8f,2002-04-17,RM El poder de Dios perfeccionado en la debilidad,11,APROBADO,8AD64E5929AA90D70EF4020B0C41199489C2E3C2D433A492BF064345450ADCC0,normalizacion_paginada_v2_1_guiones_lexico_20260811,B75821DCA7E73A9A59289274E77E823F84436591E15C224011B0ECD7D1694ABC,PASS,8,0,1.0,PASS,PASS,PASS,0.014345
C:\Users\USUARIO\Documents\Downloads\BASE DE DATOS 1974-2018 PDFs. WSS\2002\2002-10-16 El Angel con la bendicion de la primogenitura para el pueblo de Israel.pdf,ba7de3ed-98be-4e2c-b445-b1b965e18843,4bcb6aa5-d689-43ad-95fb-ecadbacd4e06,2002-10-16,El Angel con la bendicion de la primogenitura para el pueblo de Israel.,8,APROBADO,1D34D8AFCD6DE8250E7F579C00703132821826E51336AB969C20B246A5D58D3A,normalizacion_paginada_v2_1_guiones_lexico_20260811,B75821DCA7E73A9A59289274E77E823F84436591E15C224011B0ECD7D1694ABC,PASS,5,0,1.0,PASS,PASS,PASS,0.019485
"C:\Users\USUARIO\Documents\Downloads\BASE DE DATOS 1974-2018 PDFs. WSS\2003\2003-02-12 Confirmados en la Fe (WSS) Ibagué, Colombia.pdf",b0443777-404c-4896-9485-628d3c98427a,c3177477-47d9-41d4-899e-64b7d185e5fb,2003-02-12,Confirmados en la Fe.,25,APROBADO,EE269EE29C35EAC5951B48DB846CDF7ABFAF9D1A2C1D0BFE00FE9AE7CCDAC42B,normalizacion_paginada_v2_1_guiones_lexico_20260811,B75821DCA7E73A9A59289274E77E823F84436591E15C224011B0ECD7D1694ABC,PASS,21,0,1.0,PASS,PASS,PASS,0.022050
"C:\Users\USUARIO\Documents\Downloads\BASE DE DATOS 1974-2018 PDFs. WSS\2003\2003-05-06 Actividad de Cachorritos Creciendo en todo (WSS) Monterrey, Mexico (movil).pdf",2b6f6c56-7413-4784-944c-42833ccbe593,31452ed6-728b-402e-ae90-d6655907d173,2003-05-06,Actividad de Cachorritos Creciendo en todo.,8,APROBADO,4B41065A5667907F7F0C6CAB61D14AA1D2C0FF664511CD13F6FCF83AAB62A39F,normalizacion_paginada_v2_1_guiones_lexico_20260811,B75821DCA7E73A9A59289274E77E823F84436591E15C224011B0ECD7D1694ABC,PASS,4,0,1.0,PASS,PASS,PASS,0.014072
"C:\Users\USUARIO\Documents\Downloads\BASE DE DATOS 1974-2018 PDFs. WSS\2003\2003-05-22 Unanimes juntos en la edad de La Piedra Angular (WSS) Pachuca, Hidalgo, Mexico (movil).pdf",835c0b25-e320-4e7a-b957-b391b4cc0197,da5320aa-cb03-425d-99ac-f35b57e597d3,2003-05-22,Unanimes juntos en la edad de La Piedra Angular.,10,APROBADO,57DFDD6692CB794D65FED9C72FD7B32E66061C4EA6EFA7073B8F5D86062A84A4,normalizacion_paginada_v2_1_guiones_lexico_20260811,B75821DCA7E73A9A59289274E77E823F84436591E15C224011B0ECD7D1694ABC,PASS,7,0,1.0,PASS,PASS,PASS,0.026419
"C:\Users\USUARIO\Documents\Downloads\BASE DE DATOS 1974-2018 PDFs. WSS\2003\2003-12-06 La Obra de la Palabra Creadora - RM (WSS) Bogotá, Colombia (movil).pdf",ad3e2bbb-4498-44d9-8fda-5b8c2dd57d3b,2f98cc4e-3ed7-4896-877e-47dae4b75691,2003-12-06,RM La Obra de la Palabra Creadora.,7,APROBADO,F0919F61130B7FF25C5F7F2A3DD9368BFCDE09CF9BC6BC431504F13A9BDABD23,normalizacion_paginada_v2_1_guiones_lexico_20260811,B75821DCA7E73A9A59289274E77E823F84436591E15C224011B0ECD7D1694ABC,PASS,7,0,1.0,PASS,PASS,PASS,0.007249
"C:\Users\USUARIO\Documents\Downloads\BASE DE DATOS 1974-2018 PDFs. WSS\2004\2004-02-20 Porque el Hijo del Hombre vino para buscar y salvar lo que se habia perdido (WSS) Cali, Colombia (movil).pdf",a552b083-34aa-46a0-8626-4a78e826d96c,6adc7cb4-d5be-4a75-a5ab-75ee99d3abe3,2004-02-20,Porque el Hijo del Hombre vino para buscar y salvar lo que se habia perdido.,26,APROBADO,1363E948BB2A46A315AAE92AC8CEC9CCEA7F4B709FFE8938D605F51C48FB3DF4,normalizacion_paginada_v2_1_guiones_lexico_20260811,B75821DCA7E73A9A59289274E77E823F84436591E15C224011B0ECD7D1694ABC,PASS,22,0,1.0,PASS,PASS,PASS,0.022313
C:\Users\USUARIO\Documents\Downloads\BASE DE DATOS 1974-2018 PDFs. WSS\2004\2004-03-06 Tengan compasion por las almas.pdf,a06570cc-c554-4064-bf66-a0ab41f31cad,bee2698a-daf6-4064-8fe6-7143135fc1f2,2004-03-06,Tengan compasion por las almas,24,APROBADO,7D49340983610F7022605643E9F2DE689069078061F55D56F50DEA4DF5F84EFD,normalizacion_paginada_v2_1_guiones_lexico_20260811,B75821DCA7E73A9A59289274E77E823F84436591E15C224011B0ECD7D1694ABC,PASS,21,0,1.0,PASS,PASS,PASS,0.014270
"C:\Users\USUARIO\Documents\Downloads\BASE DE DATOS 1974-2018 PDFs. WSS\2004\2004-03-20 Las palabras positivas prevalecen sobre las negativas - RM (WSS) Santiago de Chile, Chile.pdf",16a366da-506d-4758-9e10-66db0cb648b3,a9a9ea4a-7faa-4eb9-bd96-8d22861f21a3,2004-03-20,RM Las palabras positivas prevalecen sobre las negativas.,20,APROBADO,09A0BB6B8A60A6741BEA1D2C6C52F53B410A263F09121B17F5E11A52FBD9CBC9,normalizacion_paginada_v2_1_guiones_lexico_20260811,B75821DCA7E73A9A59289274E77E823F84436591E15C224011B0ECD7D1694ABC,PASS,20,0,1.0,PASS,PASS,PASS,0.013491
C:\Users\USUARIO\Documents\Downloads\BASE DE DATOS 1974-2018 PDFs. WSS\2004\2004-04-02 RM Pastores esforzados y valientes buscando el galardon completo (MOVIL).pdf,c33f3715-7588-4c8f-b0c1-ff7723413402,b302480e-3c3d-498a-a926-e795f1e4b483,2004-04-02,RM Pastores Esforzados y Valientes Buscando el Galardón completo,29,APROBADO,3E4C2213F29DA5557E00B4C0679E2984B0246DD92E2D98F93DC5F1BC0FD544E1,normalizacion_paginada_v2_1_guiones_lexico_20260811,B75821DCA7E73A9A59289274E77E823F84436591E15C224011B0ECD7D1694ABC,PASS,26,0,1.0,PASS,PASS,PASS,0.015612
"C:\Users\USUARIO\Documents\Downloads\BASE DE DATOS 1974-2018 PDFs. WSS\2004\2004-04-02 El Unico Digno para abrir el libro de los Siete Sellos (WSS) Cayey, Puerto Rico (movil).pdf",62e00a25-b415-4853-bd51-ebcd8e86b3bf,b2ae17c4-aaa2-4362-8837-1e41fc7b62ec,2004-04-02,El Unico Digno para abrir el libro de los Siete Sellos.,21,APROBADO,04151F6E83702E0173514608344A3FF2CE5D0D986D51F4782D4B33879476E7B6,normalizacion_paginada_v2_1_guiones_lexico_20260811,B75821DCA7E73A9A59289274E77E823F84436591E15C224011B0ECD7D1694ABC,PASS,15,0,1.0,PASS,PASS,PASS,0.029633
"C:\Users\USUARIO\Documents\Downloads\BASE DE DATOS 1974-2018 PDFs. WSS\2004\2004-05-08 Luchando por nuestro pueblo y por nuestra familia (WSS) Austin, Texas, EEUU (movil).pdf",24bc5ed3-04b2-46bc-8274-62c85b2d7fc6,d51a8753-4ac8-4401-8536-4778dc92f3e6,2004-05-08,RM Luchando por nuestro pueblo y por nuestra familia.,28,APROBADO,BE7E60F490886258314793FDA6CE486B4337D0311B416D2FBAD4D629C9A39586,normalizacion_paginada_v2_1_guiones_lexico_20260811,B75821DCA7E73A9A59289274E77E823F84436591E15C224011B0ECD7D1694ABC,PASS,21,0,1.0,PASS,PASS,PASS,0.026512
"C:\Users\USUARIO\Documents\Downloads\BASE DE DATOS 1974-2018 PDFs. WSS\2004\2004-07-03 La Unica manera de Recibir la Bendicion (WSS) Ciudad Juarez, Mexico.pdf",152b6c93-7791-4209-938e-b1f52c7785f4,7df8d900-f462-4c3f-a4af-deebdc7cd1b1,2004-07-03,La Unica manera de Recibir la Bendicion.,18,APROBADO,F46F88D7C18733E800DF5C7BD3B30CEB84265189AB20CD0A2464C8CAC1B85817,normalizacion_paginada_v2_1_guiones_lexico_20260811,B75821DCA7E73A9A59289274E77E823F84436591E15C224011B0ECD7D1694ABC,PASS,16,0,1.0,PASS,PASS,PASS,0.016785
"C:\Users\USUARIO\Documents\Downloads\BASE DE DATOS 1974-2018 PDFs. WSS\2004\2004-07-27 La Señal del fin (WSS) Cardenas, Tabasco, Mexico (movil).pdf",472ebe98-b1b1-48a8-b7df-6839924c31e8,c4a32381-6f4a-4202-9ee0-90b562551316,2004-07-27,La Señal del fin.,36,APROBADO,0AA32A966A4C027E0BC7ED1413C37A07C18311812C697D92034064E38190FF40,normalizacion_paginada_v2_1_guiones_lexico_20260811,B75821DCA7E73A9A59289274E77E823F84436591E15C224011B0ECD7D1694ABC,PASS,32,0,1.0,PASS,PASS,PASS,0.022454
C:\Users\USUARIO\Documents\Downloads\BASE DE DATOS 1974-2018 PDFs. WSS\2004\2004-10-12 El ministro aprobado por Dios RM (MOVIL).pdf,6e003c2a-82ee-4b94-8dc7-17f6c2158231,23e4b9af-589b-425a-aa92-a520682c783f,2004-10-12,RM El Ministro Aprobado por Dios.,14,APROBADO,3A031E0FFFC9DEC7FB77DD93658A9A02C24E243619709D0A7F2D625B7D04E90C,normalizacion_paginada_v2_1_guiones_lexico_20260811,B75821DCA7E73A9A59289274E77E823F84436591E15C224011B0ECD7D1694ABC,PASS,11,0,1.0,PASS,PASS,PASS,0.013595
"C:\Users\USUARIO\Documents\Downloads\BASE DE DATOS 1974-2018 PDFs. WSS\2004\2004-10-13 RM La Palabra de Dios y la palabra del hombre (WSS) Porto Velho, Brasil (MOVIL).pdf",aa6c28f3-1649-4001-b24b-91f33b9376c8,4c5aab8d-26e1-45a6-9540-ad0ed9ce86c4,2004-10-13,RM La Palabra De Dios y la palabra del hombre.,19,APROBADO,D8BBE276B43C064CC79F559BB4D489A2EA555DB365A8AFCA033DE3B5CEACCEF2,normalizacion_paginada_v2_1_guiones_lexico_20260811,B75821DCA7E73A9A59289274E77E823F84436591E15C224011B0ECD7D1694ABC,PASS,16,0,1.0,PASS,PASS,PASS,0.022851
"C:\Users\USUARIO\Documents\Downloads\BASE DE DATOS 1974-2018 PDFs. WSS\2004\2004-12-11 Perseverando, porque la bendicion esta cerca (WSS) Monterrey, Mexico (movil).pdf",84a2e1fc-3ea9-4895-94cb-805e442b3c3c,f1a3f175-7a66-4e9f-88f3-4bcebfa6fc7e,2004-12-11,RM Perseverando porque la bendición esta cerca,28,APROBADO,B068FA3D9F87FB2C30A3A2857B78053A1054134ECF6D9C7DEAF9FF625E2A23E8,normalizacion_paginada_v2_1_guiones_lexico_20260811,B75821DCA7E73A9A59289274E77E823F84436591E15C224011B0ECD7D1694ABC,PASS,25,0,1.0,PASS,PASS,PASS,0.018130
"C:\Users\USUARIO\Documents\Downloads\BASE DE DATOS 1974-2018 PDFs. WSS\2005\2005-01-23 El Múltiple Cumplimiento de las Escrituras (WSS) Goiania, Brasil (MOVIL).pdf",6f6b886e-a3d7-4459-bc92-dc19bcf69f28,1edac47f-a3ce-4079-b873-b678536cba99,2005-01-23,El multiple cumplimiento de las escrituras.,28,APROBADO,3D2B7137485C49A5461AAC7B5E99F47B31DEA26CC514A40278251E9BE76CE13C,normalizacion_paginada_v2_1_guiones_lexico_20260811,B75821DCA7E73A9A59289274E77E823F84436591E15C224011B0ECD7D1694ABC,PASS,23,0,1.0,PASS,PASS,PASS,0.028336
C:\Users\USUARIO\Documents\Downloads\BASE DE DATOS 1974-2018 PDFs. WSS\2005\2005-04-17 La formula de la segunda venida de Cristo (MOVIL).pdf,af599ae0-9f67-45d5-a2ef-151f7302e96d,704c906c-a3c4-4118-b055-f668c243177a,2005-04-17,La Formula de la Segunda Venida de Cristo.,37,APROBADO,A22796BE322FACAAB14E36BDD24734C203369E24FB4B5A3D140CD333EA612DA7,normalizacion_paginada_v2_1_guiones_lexico_20260811,B75821DCA7E73A9A59289274E77E823F84436591E15C224011B0ECD7D1694ABC,PASS,34,0,1.0,PASS,PASS,PASS,0.017961
"C:\Users\USUARIO\Documents\Downloads\BASE DE DATOS 1974-2018 PDFs. WSS\2005\2005-04-23 El juicio comenzara por la casa de Dios - RM (WSS) San Pablo, Brasil (movil).pdf",dc5c9f5b-7d9b-4a4b-876f-50d994c1144a,22db185c-0180-44a5-a584-8f2c3571923d,2005-04-23,RM El juicio comenzará por la casa de Dios,33,APROBADO,11CEEDA089E8B06A1B229F66B4EA6157C2BA2270C33834A617C0E38790CE810B,normalizacion_paginada_v2_1_guiones_lexico_20260811,B75821DCA7E73A9A59289274E77E823F84436591E15C224011B0ECD7D1694ABC,PASS,30,0,1.0,PASS,PASS,PASS,0.028924
"C:\Users\USUARIO\Documents\Downloads\BASE DE DATOS 1974-2018 PDFs. WSS\2005\2005-08-20 El misterio de los dos ungidos que estan delante del Señor - RM (WSS) Monterrey, Mexico (movil).pdf",4c9f299d-a650-4785-80b1-e8c36b63cfd8,69347ecb-b36b-48f2-9b95-0dd4d051eddf,2005-08-20,RM El Misterio de Los Dos Ungidos que estan delante del Señor.,24,APROBADO,70402A8C22C3D873604612DB2AD1E3632D4069EFD04DD1F4465D347CBC6049BE,normalizacion_paginada_v2_1_guiones_lexico_20260811,B75821DCA7E73A9A59289274E77E823F84436591E15C224011B0ECD7D1694ABC,PASS,16,0,1.0,PASS,PASS,PASS,0.028915
"C:\Users\USUARIO\Documents\Downloads\BASE DE DATOS 1974-2018 PDFs. WSS\2005\2005-08-24 Los Angeles de Dios (WSS) San Luis Potosí, México (movil).pdf",f4aa3c1a-e695-4c9c-8ee7-b6d2d72bd717,65e3fe99-d174-432d-80dd-6a7a482acea8,2005-08-24,RM Los Angeles de Dios.,20,APROBADO,660FA4D2E1C681080E13093213AF580887D0CC601BAFA3CAA00D7B3FFE9743AE,normalizacion_paginada_v2_1_guiones_lexico_20260811,B75821DCA7E73A9A59289274E77E823F84436591E15C224011B0ECD7D1694ABC,PASS,15,0,1.0,PASS,PASS,PASS,0.021829
"C:\Users\USUARIO\Documents\Downloads\BASE DE DATOS 1974-2018 PDFs. WSS\2005\2005-12-17 Asi dice el Señor a su Ungido (WSS) Sao Paulo, Brasil (movil).pdf",3d471fbc-257f-48e8-ad30-b6f53b6c919e,95c6934c-859e-47bb-acbd-2e3f5aab3caa,2005-12-17,RM Asi dice el Señor a su Ungido.,24,APROBADO,C150D54BCB7047ACEA2E8253AB355829B3820AC6DAC281999F049A263895EEA8,normalizacion_paginada_v2_1_guiones_lexico_20260811,B75821DCA7E73A9A59289274E77E823F84436591E15C224011B0ECD7D1694ABC,PASS,16,0,1.0,PASS,PASS,PASS,0.046459
"C:\Users\USUARIO\Documents\Downloads\BASE DE DATOS 1974-2018 PDFs. WSS\2006\2006-03-25 La obra de la piedra que Dios lanza (WSS) Buenos Aires, Argentina (movil).pdf",c7e0d6d1-4ad4-4313-9248-9a3e25362aaf,ff2a9599-2009-4e81-bb0c-34eb76b78370,2006-03-25,RM La obra de la Piedra que Dios lanza.,28,APROBADO,5E7F372B3C89C144C9BC3BC944FA6361568D6AC38598B503A297D86E1DAE4236,normalizacion_paginada_v2_1_guiones_lexico_20260811,B75821DCA7E73A9A59289274E77E823F84436591E15C224011B0ECD7D1694ABC,PASS,20,0,1.0,PASS,PASS,PASS,0.038785
"C:\Users\USUARIO\Documents\Downloads\BASE DE DATOS 1974-2018 PDFs. WSS\2006\2006-03-26 El Ángel con el Sello del Dios vivo (WSS) Buenos Aires, Argentina (MOVIL).pdf",4916d8f5-4079-420c-a983-d0f4a0d59705,c07f1f19-a4b7-4842-9dbc-003e248191c0,2006-03-26,El Angel con el Sello del Dios Vivo.,24,APROBADO,61E278AFB3E00061E63C4420C91A99951C795958D9DB868F1593115EA411E5B7,normalizacion_paginada_v2_1_guiones_lexico_20260811,B75821DCA7E73A9A59289274E77E823F84436591E15C224011B0ECD7D1694ABC,PASS,18,0,1.0,PASS,PASS,PASS,0.016223
"C:\Users\USUARIO\Documents\Downloads\BASE DE DATOS 1974-2018 PDFs. WSS\2006\2006-04-02 El unico digno para abrir el Libro de los Siete Sellos (WSS) Cayey, Puerto Rico (movil).pdf",eda45cfb-497b-45d0-b423-3aef08bb2099,9935a02e-2d9e-4113-b73b-581f96a7323c,2006-04-02,El Unico Digno para abrir el Libro de los Siete Sellos.,16,APROBADO,DDC0721B693463BB5E66264AB71AC6BCA59712CE2E79DAC319A6C92564DAC4DE,normalizacion_paginada_v2_1_guiones_lexico_20260811,B75821DCA7E73A9A59289274E77E823F84436591E15C224011B0ECD7D1694ABC,PASS,10,0,1.0,PASS,PASS,PASS,0.024855
"C:\Users\USUARIO\Documents\Downloads\BASE DE DATOS 1974-2018 PDFs. WSS\2006\2006-06-25 Las señales de los tiempos (WSS) San Pablo, Brasil.pdf",67dbe4dc-ad8a-4379-90f1-04b50092bdae,4f11f1f2-cc4f-4b5c-86ed-de74798c8d0b,2006-06-25,Las señales de los tiempos,20,APROBADO,6598EAC8891D6486E3965DD15B9223AF1EEA770EA47E9B506FA34DB2643911C5,normalizacion_paginada_v2_1_guiones_lexico_20260811,B75821DCA7E73A9A59289274E77E823F84436591E15C224011B0ECD7D1694ABC,PASS,17,0,1.0,PASS,PASS,PASS,0.011602
"C:\Users\USUARIO\Documents\Downloads\BASE DE DATOS 1974-2018 PDFs. WSS\2006\2006-12-02 El misterio del Séptimo Sello y la Séptima Trompeta (WSS), Cayey, Puerto Rico (Movil).pdf",ecbc6037-c83b-428f-882c-6d45dc0d7777,ddad1a71-8b93-409e-9bfd-81385b292b10,2006-12-02,RM El misterio del Séptimo Sello y la séptima Trompeta.,36,APROBADO,E166784A7B3230E7725F4C659F9814A3A9C24358F3AD64303B1F609D940C6827,normalizacion_paginada_v2_1_guiones_lexico_20260811,B75821DCA7E73A9A59289274E77E823F84436591E15C224011B0ECD7D1694ABC,PASS,30,0,1.0,PASS,PASS,PASS,0.023972
"C:\Users\USUARIO\Documents\Downloads\BASE DE DATOS 1974-2018 PDFs. WSS\2007\2007-01-27 La trayectoria de la Palabra Creadora (WSS) Sao Paulo, Brasil (movil).pdf",7408e30c-b1cf-4413-94f1-81060aaa9787,71a314fd-5d4d-41a8-89c6-87f98ecdc2db,2007-01-27,RM La trayectoria de la Palabra Creadora.,20,APROBADO,2167BCCC323F3C94A87794699A24AED739B1A6FCB599F6C302A4408B5DEC03DE,normalizacion_paginada_v2_1_guiones_lexico_20260811,B75821DCA7E73A9A59289274E77E823F84436591E15C224011B0ECD7D1694ABC,PASS,15,0,1.0,PASS,PASS,PASS,0.010914
C:\Users\USUARIO\Documents\Downloads\BASE DE DATOS 1974-2018 PDFs. WSS\2007\2007-03-03 RM - La palabra profetica es la luz del dia postrero (MOVIL).pdf,73fad430-f3cc-42e7-8479-53b8f0751791,be3a62f1-1a63-45f9-a868-20db3786f7e6,2007-03-03,RM La Palabra profética es la Luz del Día Postrero.,28,APROBADO,CB4FF82A663EF06C16C3502074532C0ACFEC7FEE897244575694EC7DF69D787F,normalizacion_paginada_v2_1_guiones_lexico_20260811,B75821DCA7E73A9A59289274E77E823F84436591E15C224011B0ECD7D1694ABC,PASS,22,0,1.0,PASS,PASS,PASS,0.013330
"C:\Users\USUARIO\Documents\Downloads\BASE DE DATOS 1974-2018 PDFs. WSS\2007\2007-03-08 Pastores venciendo al enemigo con el Espiritu del Dios de Israel - RM (WSS) Reynosa, Tamaulipas, Mexico (movil).pdf",59f28a40-6651-4d1a-9a82-5271f8a8b321,4d37b9c7-1372-462d-b5f4-727d7059d4cb,2007-03-08,RM Pastores venciendo al enemigo con el Espíritu del Dios de Israel,28,APROBADO,BE043513AB9095B35A88D8743A961B4709F969EB9F166E4DDBAF51AA29968533,normalizacion_paginada_v2_1_guiones_lexico_20260811,B75821DCA7E73A9A59289274E77E823F84436591E15C224011B0ECD7D1694ABC,PASS,21,0,1.0,PASS,PASS,PASS,0.017556
"C:\Users\USUARIO\Documents\Downloads\BASE DE DATOS 1974-2018 PDFs. WSS\2007\2007-03-31 La preparacion para entrar a la tierra prometida (WSS) Goiania, Goias, Brasil (movil).pdf",5d5e430d-043d-4bd8-8e15-507d7dc382c8,158362cd-cad6-4111-a270-e77e4eea5fad,2007-03-31,RM La Preparacion para entrar a la tierra prometida.,28,APROBADO,EFB78D118F1C5951012E1EFD0633A28E2FA7DFE0DA87FC7FF87F63D1D0992493,normalizacion_paginada_v2_1_guiones_lexico_20260811,B75821DCA7E73A9A59289274E77E823F84436591E15C224011B0ECD7D1694ABC,PASS,21,0,1.0,PASS,PASS,PASS,0.019195
"C:\Users\USUARIO\Documents\Downloads\BASE DE DATOS 1974-2018 PDFs. WSS\2007\2007-05-04 La victoria del Dios de Israel (WSS) Goiania, Brasil (movil).pdf",5d1a7393-155c-4976-b8d4-149772a1ea83,c76ab851-88c4-4816-9aaf-8af421ebda4b,2007-05-04,La Victoria del Dios de Israel.,24,APROBADO,06D45A20DEBF522E609B933943AAAC74BEADBBEBB4E53E429A4812B8CD14D714,normalizacion_paginada_v2_1_guiones_lexico_20260811,B75821DCA7E73A9A59289274E77E823F84436591E15C224011B0ECD7D1694ABC,PASS,21,0,1.0,PASS,PASS,PASS,0.007010
"C:\Users\USUARIO\Documents\Downloads\BASE DE DATOS 1974-2018 PDFs. WSS\2007\2007-05-06 Elias en el monte Carmelo (WSS) Goiania, Brasil (movil).pdf",97581422-676a-4896-9469-ec265c1dfec4,a185a318-5c87-4534-ab39-bffe8cd2326f,2007-05-06,Elias en el Monte Carmelo.,11,APROBADO,9B06F7DC01764B000EDC266885FA2D8940E18427CB1FCE2C4069064F34951339,normalizacion_paginada_v2_1_guiones_lexico_20260811,B75821DCA7E73A9A59289274E77E823F84436591E15C224011B0ECD7D1694ABC,PASS,8,0,1.0,PASS,PASS,PASS,0.011107
"C:\Users\USUARIO\Documents\Downloads\BASE DE DATOS 1974-2018 PDFs. WSS\2007\2007-07-14 La Voz de la Trompeta del Nuevo Pacto (WSS) Asuncion, Paraguay (MOVIL).pdf",1512a7c6-5242-4d49-b20a-33121ab371a4,b7f33371-4d07-4ae5-96af-5382fcb35283,2007-07-14,La Voz de la Trompeta del Nuevo Pacto.,16,APROBADO,73837A8B9FE2D08E08E22EA624F531C38D116EA5E1805C12ACC14FFC293B3A43,normalizacion_paginada_v2_1_guiones_lexico_20260811,B75821DCA7E73A9A59289274E77E823F84436591E15C224011B0ECD7D1694ABC,PASS,11,0,1.0,PASS,PASS,PASS,0.018250
"C:\Users\USUARIO\Documents\Downloads\BASE DE DATOS 1974-2018 PDFs. WSS\2007\2007-08-26 La cuarta vigilia (WSS) Buenos Aires, Argentina (movil).pdf",0124b71b-fe6e-4a04-9037-57fde05f3ddc,3c213c0a-39af-489f-a1bd-7df8fe536a19,2007-08-26,La Cuarta vigilia.,24,APROBADO,6A01A017439390EDDDA42945028258A9E66472A017BD2690F810C7B39A3F6AB0,normalizacion_paginada_v2_1_guiones_lexico_20260811,B75821DCA7E73A9A59289274E77E823F84436591E15C224011B0ECD7D1694ABC,PASS,17,0,1.0,PASS,PASS,PASS,0.015275
"C:\Users\USUARIO\Documents\Downloads\BASE DE DATOS 1974-2018 PDFs. WSS\2008\2008-02-08 La espada del Rey de reyes y Señor de señores (WSS) Goiania, Brasil (movil).pdf",3270c7ad-9170-46f2-8949-fb87fd25cd77,11a76d64-16be-4da9-8767-884990dea844,2008-02-08,La Espada del Rey de Reyes y Señor de Señores.,24,APROBADO,FB00A09875D2D97771C7FF5510C27828250C80D77C40559A08E97FE8D036972E,normalizacion_paginada_v2_1_guiones_lexico_20260811,B75821DCA7E73A9A59289274E77E823F84436591E15C224011B0ECD7D1694ABC,PASS,18,0,1.0,PASS,PASS,PASS,0.026233
"C:\Users\USUARIO\Documents\Downloads\BASE DE DATOS 1974-2018 PDFs. WSS\2008\2008-03-22 Cristo predicando a los espiritus encarcelados - RM (WSS) Cayey, Puerto Rico.pdf",df2dd03e-a309-4f94-83db-587e1f26aeeb,b7e5420f-bfcd-42fa-904d-02ca5db462f0,2008-03-22,RM Cristo predicando a los espiritus encarcelados.,36,APROBADO,43CF2219CC0DDCB1369C905F2E50AEF91A0393DE93AB54EA452397C5D3842EAA,normalizacion_paginada_v2_1_guiones_lexico_20260811,B75821DCA7E73A9A59289274E77E823F84436591E15C224011B0ECD7D1694ABC,PASS,34,0,1.0,PASS,PASS,PASS,0.019196
"C:\Users\USUARIO\Documents\Downloads\BASE DE DATOS 1974-2018 PDFs. WSS\2008\2008-06-27 RM- El mensaje para todas las naciones (WSS) San Pablo, Brasil (MOVIL).pdf",38a76d47-6d33-4821-96c8-cf66afde89a4,0ef960d6-810a-4fab-99aa-221bc68af0e8,2008-06-27,RM El Mensaje para todas las naciones.,20,APROBADO,76426A0AF88E17E951E6C9F6C202631D3F95C57BB2D2551075D7D3945E7A0965,normalizacion_paginada_v2_1_guiones_lexico_20260811,B75821DCA7E73A9A59289274E77E823F84436591E15C224011B0ECD7D1694ABC,PASS,14,0,1.0,PASS,PASS,PASS,0.022218
"C:\Users\USUARIO\Documents\Downloads\BASE DE DATOS 1974-2018 PDFs. WSS\2008\2008-07-17 El misterio de la bendicion de la Primogenitura (WSS) Normandía, Bogota, Colombia.pdf",fc9bff47-a736-4b9c-83d7-e5f2a4f6b28d,9976b26d-4119-413f-83a9-0779734ca6fb,2008-07-17,El misterio de la bendicion de la Primogenitura.,20,APROBADO,39F4C46672883688832AEDB5FD68C693B238CFC9260BF62CD16D5505C680B7F5,normalizacion_paginada_v2_1_guiones_lexico_20260811,B75821DCA7E73A9A59289274E77E823F84436591E15C224011B0ECD7D1694ABC,PASS,11,0,1.0,PASS,PASS,PASS,0.020662
"C:\Users\USUARIO\Documents\Downloads\BASE DE DATOS 1974-2018 PDFs. WSS\2008\2008-09-06 El Tabernaculo de Dios - RM (WSS) Cayey, Puerto Rico.pdf",6f68649a-8324-4814-9fc6-ee13ec36f5ca,1decea9d-612d-4b8e-857f-b8c659d3a5c9,2008-09-06,RM El Tabernaculo de Dios.,37,APROBADO,94D0AEAB3789AB6CE60894CCD8F3BBD6E65C94EECDCAD1990881D60A8344D6AA,normalizacion_paginada_v2_1_guiones_lexico_20260811,B75821DCA7E73A9A59289274E77E823F84436591E15C224011B0ECD7D1694ABC,PASS,24,0,1.0,PASS,PASS,PASS,0.015892
"C:\Users\USUARIO\Documents\Downloads\BASE DE DATOS 1974-2018 PDFs. WSS\2008\2008-09-13 Ministros atentos, trabajando en y con la profecia viva - RM (WSS) Monterrey, Mexico (movil).pdf",ad7c268a-d226-4ecf-b5bb-ba0387356555,b7dd6055-e9b2-4e1c-aaeb-e34e863ebce9,2008-09-13,RM Ministros atentos trabajando en y con la Profecía viva.,36,APROBADO,5636E23EB064F98BCB88351DF976BBD5FE7254A6A7B91C1ADFED4AD0F5984F18,normalizacion_paginada_v2_1_guiones_lexico_20260811,B75821DCA7E73A9A59289274E77E823F84436591E15C224011B0ECD7D1694ABC,PASS,28,0,1.0,PASS,PASS,PASS,0.017928
"C:\Users\USUARIO\Documents\Downloads\BASE DE DATOS 1974-2018 PDFs. WSS\2008\2008-09-20 Administradores Fieles de los misterios de Dios - RM (WSS) Villahermosa, Mexico.pdf",aa4451b2-287d-46a2-a3e2-752bc68f1e24,7ca53196-8f96-41c2-bc12-2373e13512d9,2008-09-20,RM Administradores Fieles de los misterios de Dios.,32,APROBADO,2F81A5BD8F82563EB2F54A6D0F6536BFC129D649952F19F2F040D25D037E2BDF,normalizacion_paginada_v2_1_guiones_lexico_20260811,B75821DCA7E73A9A59289274E77E823F84436591E15C224011B0ECD7D1694ABC,PASS,20,0,1.0,PASS,PASS,PASS,0.017383
"C:\Users\USUARIO\Documents\Downloads\BASE DE DATOS 1974-2018 PDFs. WSS\2008\2008-10-01 Los requisitos para la transformación (WSS) Bogotá, Colombia (MOVIL).pdf",2f748cbe-077d-4049-9fd5-37e7e8453024,73838a5d-d225-4386-ac81-7743ee0a9a3d,2008-10-01,RM Los Requisitos para la transformacion.,24,APROBADO,8E8E8B3BD87537C92DA37985276EB1057D494E96D877C961AD52382A17A10E1A,normalizacion_paginada_v2_1_guiones_lexico_20260811,B75821DCA7E73A9A59289274E77E823F84436591E15C224011B0ECD7D1694ABC,PASS,16,0,1.0,PASS,PASS,PASS,0.027619
"C:\Users\USUARIO\Documents\Downloads\BASE DE DATOS 1974-2018 PDFs. WSS\2008\2008-10-04 Lo que sucede a la final trompeta - RM  (WSS) Cali, Colombia (movil).pdf",d880123b-d433-4fcd-acc4-4d423a65de10,363442c4-6d48-4faf-8987-39e0adb10b80,2008-10-04,RM Lo que sucede a la final Trompeta.,28,APROBADO,C457BB128BF19BF822C96DE7F930C580C980EE13D775DB9DE31D512D2154B1FA,normalizacion_paginada_v2_1_guiones_lexico_20260811,B75821DCA7E73A9A59289274E77E823F84436591E15C224011B0ECD7D1694ABC,PASS,23,0,1.0,PASS,PASS,PASS,0.014292
"C:\Users\USUARIO\Documents\Downloads\BASE DE DATOS 1974-2018 PDFs. WSS\2008\2008-10-11 Palabras de Saludo a los Ministros - RM (WSS) Quito, Ecuador (movil).pdf",0f624ac5-4e1e-41a9-8553-6a87ef58ca30,10807f5e-d4e1-4fa7-abc2-76ad86983f21,2008-10-11,RM Palabras de Saludo a los Ministros.,31,APROBADO,37352ED48FC86A7F55546B4D070B200A7B784CA8AC051FD11AD63AB42BA21B3B,normalizacion_paginada_v2_1_guiones_lexico_20260811,B75821DCA7E73A9A59289274E77E823F84436591E15C224011B0ECD7D1694ABC,PASS,28,0,1.0,PASS,PASS,PASS,0.008163
"C:\Users\USUARIO\Documents\Downloads\BASE DE DATOS 1974-2018 PDFs. WSS\2008\2008-12-21 Ha nacido el hijo de la virgen (WSS) Sao Paulo, Brasil (movil).pdf",aee9e06f-9afd-4f71-b186-a6578d502528,b6fe8206-7cff-4abe-9267-a7f74f6e12fc,2008-12-21,Ha Nacido el Hijo de la Virgen.,24,APROBADO,89924C5DBD0A2AFEEC160DE1EDC0476ABC36AF5650203B1E559C81BAE9C13DE1,normalizacion_paginada_v2_1_guiones_lexico_20260811,B75821DCA7E73A9A59289274E77E823F84436591E15C224011B0ECD7D1694ABC,PASS,16,0,1.0,PASS,PASS,PASS,0.033327
"C:\Users\USUARIO\Documents\Downloads\BASE DE DATOS 1974-2018 PDFs. WSS\2009\2009-01-26 El que anuncia la Paz el que trae buenas Nuevas del bien (WSS) Santa Martha, Colombia.pdf",6e44afb7-542c-4557-aaf1-f2a35114a8ee,f62823c3-8aa1-4d43-8eee-16b43fb8a44e,2009-01-26,El que anuncia la Paz el que trae buenas Nuevas del bien.,26,APROBADO,1B550537DF4A622B862A8089481B4765AB78E08082E1473C13D60BE4E6594A2C,normalizacion_paginada_v2_1_guiones_lexico_20260811,B75821DCA7E73A9A59289274E77E823F84436591E15C224011B0ECD7D1694ABC,PASS,18,0,1.0,PASS,PASS,PASS,0.037492
"C:\Users\USUARIO\Documents\Downloads\BASE DE DATOS 1974-2018 PDFs. WSS\2009\2009-02-01 Que debo hacer para ser Salvo (WSS) Bogota, Colombia (movil).pdf",2437bee0-1b29-4d4e-951d-f1b04b0a1e8d,9c23c7e5-a233-4b87-bdf1-afb17dc322f8,2009-02-01,Que debo hacer para ser Salvo.,25,APROBADO,F4CA0B9E753A1729360BBCAF54EC88F59F43CF4E0882349FB7A64C9090865A91,normalizacion_paginada_v2_1_guiones_lexico_20260811,B75821DCA7E73A9A59289274E77E823F84436591E15C224011B0ECD7D1694ABC,PASS,20,0,1.0,PASS,PASS,PASS,0.052880
"C:\Users\USUARIO\Documents\Downloads\BASE DE DATOS 1974-2018 PDFs. WSS\2009\2009-02-06 Por que debo Recibir a Cristo (WSS) Lima, Peru.pdf",2b87adfc-e7b1-4634-b055-2dd287b203c8,56481c05-0b77-48ef-a15b-a6498ed933f9,2009-02-06,Por que debo Recibir a Cristo.,18,APROBADO,8210E8B9DBF009A309453DE14095FCFE072394633607FDE9E9BEE8D6387A17C2,normalizacion_paginada_v2_1_guiones_lexico_20260811,B75821DCA7E73A9A59289274E77E823F84436591E15C224011B0ECD7D1694ABC,PASS,12,0,1.0,PASS,PASS,PASS,0.065254
"C:\Users\USUARIO\Documents\Downloads\BASE DE DATOS 1974-2018 PDFs. WSS\2009\2009-02-08 Atendiendo la Voz de Cristo mientras la Puerta esta Abierta (WSS) Lima, Peru.pdf",829a8364-29cf-4643-9865-c75cc0b2e908,1e9de534-952e-4587-8eeb-41f14588a517,2009-02-08,Atendiendo la Voz de Cristo mientras la Puerta esta Abierta.,30,APROBADO,0A18F9926C0D746C7F0775DB636DFA7F3750C904EB6661D1FBD6B508C297906F,normalizacion_paginada_v2_1_guiones_lexico_20260811,B75821DCA7E73A9A59289274E77E823F84436591E15C224011B0ECD7D1694ABC,PASS,25,0,1.0,PASS,PASS,PASS,0.033668
"C:\Users\USUARIO\Documents\Downloads\BASE DE DATOS 1974-2018 PDFs. WSS\2009\2009-02-11 El que cree en el Hijo tiene Vida Eterna (WSS) Santa Cruz, Bolivia (movil).pdf",5a496ab2-fe74-4fc2-9b13-ffa4d0ff6cf3,2ececbe5-e00f-406a-bf8f-2dbe44e0f982,2009-02-11,El que cree en el Hijo tiene Vida Eterna.,22,APROBADO,4C3939E312DEEC9318D43956E747067DDAA25A3EA3175DABAF67C3B8BC3656CC,normalizacion_paginada_v2_1_guiones_lexico_20260811,B75821DCA7E73A9A59289274E77E823F84436591E15C224011B0ECD7D1694ABC,PASS,12,0,1.0,PASS,PASS,PASS,0.055909
"C:\Users\USUARIO\Documents\Downloads\BASE DE DATOS 1974-2018 PDFs. WSS\2009\2009-02-14 Grandes Damas en Grandes proyectos Divinos (WSS) La Florida, Chile.pdf",84b1c873-3f55-49bb-982b-fc4523013039,f7062fcd-ab98-41b9-a39d-46e93fde886b,2009-02-14,Grandes Damas en Grandes proyectos Divinos.,16,APROBADO,A8ED532E4D7B1532A052A2297C13B43B917DA2FBF081EE3F3CB3DABD52BACFE4,normalizacion_paginada_v2_1_guiones_lexico_20260811,B75821DCA7E73A9A59289274E77E823F84436591E15C224011B0ECD7D1694ABC,PASS,10,0,1.0,PASS,PASS,PASS,0.012333
"C:\Users\USUARIO\Documents\Downloads\BASE DE DATOS 1974-2018 PDFs. WSS\2009\2009-03-04 Las Damas y los Ministros luchando por el Alimento Espiritual (WSS) Torreon, Mexico (movil).pdf",d42de183-6f08-4652-927e-a0cdbec79e38,a32cf61e-fe38-4420-9ccd-bf7f170813de,2009-03-04,Las Damas y los Ministros luchando por el Alimento Espiritual,24,APROBADO,A136BB6E67E27952DB448A1DEA176DFB99A5FDE3CA6F42774ACDFAD0FBA8DCFD,normalizacion_paginada_v2_1_guiones_lexico_20260811,B75821DCA7E73A9A59289274E77E823F84436591E15C224011B0ECD7D1694ABC,PASS,17,0,1.0,PASS,PASS,PASS,0.018053
"C:\Users\USUARIO\Documents\Downloads\BASE DE DATOS 1974-2018 PDFs. WSS\2009\2009-03-05 El Sacerdocio Eterno del Mesias (WSS) Reynosa, Mexico (movil).pdf",493f5c95-76fd-41f2-8ee9-14bba5bcfb97,842d5c8c-6b72-40f3-880e-7c1999ff12ae,2009-03-05,El Sacerdocio Eterno del Mesias.,23,APROBADO,848AEE5FD4D64A113A5AD3D20BF4E99655EFF221A141929B5654B473F8F29332,normalizacion_paginada_v2_1_guiones_lexico_20260811,B75821DCA7E73A9A59289274E77E823F84436591E15C224011B0ECD7D1694ABC,PASS,18,0,1.0,PASS,PASS,PASS,0.039232
"C:\Users\USUARIO\Documents\Downloads\BASE DE DATOS 1974-2018 PDFs. WSS\2009\2009-03-06 Un gran mensaje de luz en tiempo de tinieblas (WSS) Topochico, Mexico (movil).pdf",9fb3910f-8feb-48d0-a406-8f0cff89befc,2f5b2292-7bbe-4663-ad8b-bab4f3eb1d57,2009-03-06,Un Gran Mensaje de Luz en tiempo de tinieblas.,24,APROBADO,A5AE698AF54C460AF8A2A088E3D9F72BF6230860A12018F9DAA6D8C6D249AA59,normalizacion_paginada_v2_1_guiones_lexico_20260811,B75821DCA7E73A9A59289274E77E823F84436591E15C224011B0ECD7D1694ABC,PASS,20,0,1.0,PASS,PASS,PASS,0.037653
"C:\Users\USUARIO\Documents\Downloads\BASE DE DATOS 1974-2018 PDFs. WSS\2009\2009-03-07 Ministros haciendo la voluntad de Dios hasta obtener la promesa - RM (WSS) Monterrey, México (movil).pdf",21017236-b42a-4681-a11a-465617116d9b,709c8ace-8e25-4ce0-a1f5-d290a24724b1,2009-03-07,RM Ministros haciendo la voluntad de Dios hasta obtener la promesa.,28,APROBADO,31567542C386C0E80455468C4E36490D02DEF0261712FD75ED2F06F77E3EAF8D,normalizacion_paginada_v2_1_guiones_lexico_20260811,B75821DCA7E73A9A59289274E77E823F84436591E15C224011B0ECD7D1694ABC,PASS,23,0,1.0,PASS,PASS,PASS,0.020200
"C:\Users\USUARIO\Documents\Downloads\BASE DE DATOS 1974-2018 PDFs. WSS\2009\2009-03-08 El gozo de nuestra salvación (WSS) Monterrey, Mexico (movil).pdf",32a25d28-2350-43ae-9f74-745a92e56a63,14fc25f3-9a5d-49f0-9ca8-fcfaed536bd1,2009-03-08,El Gozo de nuestra Salvacion.,26,APROBADO,0E09767B8422D55E5B357A03E8DCD4A3D8834D8F2242A80280E725A3CAE55380,normalizacion_paginada_v2_1_guiones_lexico_20260811,B75821DCA7E73A9A59289274E77E823F84436591E15C224011B0ECD7D1694ABC,PASS,15,0,1.0,PASS,PASS,PASS,0.041759
"C:\Users\USUARIO\Documents\Downloads\BASE DE DATOS 1974-2018 PDFs. WSS\2009\2009-03-09 Luz en un mundo en confusión (WSS) San Luis Potosi, Mexico (movil).pdf",32018f3f-91c8-42e0-bdb6-bddda9847340,4da2ebb5-c607-4e67-a436-5f39e1688e3d,2009-03-09,Luz en un mundo en confusion.,19,APROBADO,A7F437A7A82506D0357C0F3C1D0D86732464869329FF1C309018FADE54CB3013,normalizacion_paginada_v2_1_guiones_lexico_20260811,B75821DCA7E73A9A59289274E77E823F84436591E15C224011B0ECD7D1694ABC,PASS,14,0,1.0,PASS,PASS,PASS,0.064479
"C:\Users\USUARIO\Documents\Downloads\BASE DE DATOS 1974-2018 PDFs. WSS\2009\2009-03-09 Mujeres con un corazón prudente (WSS) San Luis Potosi, Mexico (movil).pdf",e4ad07e5-df76-4d9f-b97b-019bd76cdbf0,19fcc897-08d9-4367-83b1-a5cf838a0447,2009-03-09,Mujeres con un Corazon Prudente.,16,APROBADO,4737A413F6ED8700DE6D8879AE176F7C03C3C783BDFEFE1829C9E44D560DDA1F,normalizacion_paginada_v2_1_guiones_lexico_20260811,B75821DCA7E73A9A59289274E77E823F84436591E15C224011B0ECD7D1694ABC,PASS,8,0,1.0,PASS,PASS,PASS,0.012250
"C:\Users\USUARIO\Documents\Downloads\BASE DE DATOS 1974-2018 PDFs. WSS\2009\2009-03-11 El tiempo de la Redencion (WSS) Zihuatanejo, Mexico (movil).pdf",f21599d4-0c5b-4b35-a165-a11e77c62834,cfa3e108-1845-4c6f-b6b6-17c4f5561cdd,2009-03-11,El tiempo de la Redencion.,21,APROBADO,398AB9DE45C32C9E06CF9345D05A84F6BECE84223C007E692812FCAD79B23B5A,normalizacion_paginada_v2_1_guiones_lexico_20260811,B75821DCA7E73A9A59289274E77E823F84436591E15C224011B0ECD7D1694ABC,PASS,14,0,1.0,PASS,PASS,PASS,0.061123
"C:\Users\USUARIO\Documents\Downloads\BASE DE DATOS 1974-2018 PDFs. WSS\2009\2009-03-14 Palabras de saludo a damas y maestras (WSS) Santa Marta, Mexico (movil).pdf",2ba31586-2758-448e-b009-d292a1cc315d,7f2a6339-30bc-44b0-9825-b1851254d300,2009-03-14,Palabras de Saludo a Damas y Maestras.,21,APROBADO,2B1621C08E533F2605D7FCF88C61B52D075590B7450EE499D94933A38E06AC91,normalizacion_paginada_v2_1_guiones_lexico_20260811,B75821DCA7E73A9A59289274E77E823F84436591E15C224011B0ECD7D1694ABC,PASS,16,0,1.0,PASS,PASS,PASS,0.015053
"C:\Users\USUARIO\Documents\Downloads\BASE DE DATOS 1974-2018 PDFs. WSS\2009\2009-03-15 Dónde está el Dios de Elías (WSS) Santa Marta, Mexico (movil).pdf",a13fc1e9-7aeb-4d03-b8aa-988c96824d62,353e33bc-3ea3-401d-a4d5-8b2187f8909f,2009-03-15,Donde esta el Dios de Elias.,37,APROBADO,DD274C8B9D32B34866AB95316D08C5AD4C9CF67D9FB776B2AD90BA0670EB4C9F,normalizacion_paginada_v2_1_guiones_lexico_20260811,B75821DCA7E73A9A59289274E77E823F84436591E15C224011B0ECD7D1694ABC,PASS,32,0,1.0,PASS,PASS,PASS,0.030978
"C:\Users\USUARIO\Documents\Downloads\BASE DE DATOS 1974-2018 PDFs. WSS\2009\2009-03-15 La restauración del Reino de Dios (WSS) Luna, Mexico (movil).pdf",f81a043c-6249-4bd7-9a39-fbadd2667708,694bf958-f1b3-4983-8e87-0b2413bf7486,2009-03-15,La Restauracion del Reino de Dios.,28,APROBADO,35020F05949F7AA485BAEA122549EB74A5AE89C6F07445641A2E9ABC9E429DDA,normalizacion_paginada_v2_1_guiones_lexico_20260811,B75821DCA7E73A9A59289274E77E823F84436591E15C224011B0ECD7D1694ABC,PASS,19,0,1.0,PASS,PASS,PASS,0.047372
"C:\Users\USUARIO\Documents\Downloads\BASE DE DATOS 1974-2018 PDFs. WSS\2009\2009-03-18 La Plenitud de los Gentiles y la Restauracion de Israel (WSS) Merida, Yucatan, Mexico (movil).pdf",4a04f8e2-0afa-47e6-8936-a2dc7f000299,7455d0e3-e0b7-4f41-9bfd-9ac31f77f76e,2009-03-18,La Plenitud de los Gentiles y la Restauracion de Israel.,26,APROBADO,7EB2FEA4E895C5058EDE19AF74B5A39A1A5DE3C5F239CC166D749668A1E22DB8,normalizacion_paginada_v2_1_guiones_lexico_20260811,B75821DCA7E73A9A59289274E77E823F84436591E15C224011B0ECD7D1694ABC,PASS,18,0,1.0,PASS,PASS,PASS,0.038242
"C:\Users\USUARIO\Documents\Downloads\BASE DE DATOS 1974-2018 PDFs. WSS\2009\2009-03-20 Separados de Cristo, nada podemos hacer (WSS) Campeche, Mexico (movil).pdf",c79f403e-be37-4ffa-91ed-2dab0212f572,6e1895dc-fc23-4787-8ea6-53ffc7f83a6c,2009-03-20,Separados de Cristo nada podemos hacer.,21,APROBADO,9E6447094EBE06FB6097EADF27F736A7F6111E82E0743D4D5C1335B3572DE162,normalizacion_paginada_v2_1_guiones_lexico_20260811,B75821DCA7E73A9A59289274E77E823F84436591E15C224011B0ECD7D1694ABC,PASS,14,0,1.0,PASS,PASS,PASS,0.038412
"C:\Users\USUARIO\Documents\Downloads\BASE DE DATOS 1974-2018 PDFs. WSS\2009\2009-03-22 El Espíritu Santo, el maestro de los hijos de Dios (WSS) Villahermosa, Mexico (movil).pdf",9189ba01-9609-4ce3-b0d9-241f9056e2a5,0358de42-904d-407c-95c9-cd96abdd5000,2009-03-22,El Espiritu Santo el Maestro de los Hijos de Dios.,31,APROBADO,881FF61B1B30A8393B3071E75C614814CF4A0B591240DCFBF6F91BDCD01B3695,normalizacion_paginada_v2_1_guiones_lexico_20260811,B75821DCA7E73A9A59289274E77E823F84436591E15C224011B0ECD7D1694ABC,PASS,27,0,1.0,PASS,PASS,PASS,0.037439
"C:\Users\USUARIO\Documents\Downloads\BASE DE DATOS 1974-2018 PDFs. WSS\2009\2009-03-23 El propósito de las señales (WSS) Mapachapa, Mexico (movil).pdf",ced27116-2d3d-48ee-b45b-d27826131ab5,d99df8bf-a39d-4910-bf23-53de06c1046f,2009-03-23,El Proposito de las Señales.,30,APROBADO,B62D4F1C437B2833C592E042A68CF2DBAC34FCBF682353DA2B5F08FD900949CB,normalizacion_paginada_v2_1_guiones_lexico_20260811,B75821DCA7E73A9A59289274E77E823F84436591E15C224011B0ECD7D1694ABC,PASS,25,0,1.0,PASS,PASS,PASS,0.032256
"C:\Users\USUARIO\Documents\Downloads\BASE DE DATOS 1974-2018 PDFs. WSS\2009\2009-03-24 Un reino de paz es la infalible promesa del Señor (WSS) Veracruz, Mexico (movil).pdf",cbd2d6f6-3f9a-462c-b2c3-a51de8a70416,43e04960-cbc1-4a95-9307-401ec658840e,2009-03-24,Un Reino de Paz es la infalible Promesa del Señor.,24,APROBADO,3607D14C0BDB2B369EDDD7CD9F093E3AD669564815B3C170A63539E2DECB9C2E,normalizacion_paginada_v2_1_guiones_lexico_20260811,B75821DCA7E73A9A59289274E77E823F84436591E15C224011B0ECD7D1694ABC,PASS,19,0,1.0,PASS,PASS,PASS,0.058965
"C:\Users\USUARIO\Documents\Downloads\BASE DE DATOS 1974-2018 PDFs. WSS\2009\2009-03-25 Unidos, luchando por la bendición de la primogenitura (WSS) Xalapa, Mexico (movil).pdf",6de2d557-1150-42ce-a255-002adeb731ca,78aae558-f9f1-413e-94cd-06a6e89b8957,2009-03-25,Unidos luchando por la Bendicion de la Primogenitura.,24,APROBADO,FA704A667111C44437BC8DE3A19ABDA617E890CF8A77566955001245CAD11443,normalizacion_paginada_v2_1_guiones_lexico_20260811,B75821DCA7E73A9A59289274E77E823F84436591E15C224011B0ECD7D1694ABC,PASS,20,0,1.0,PASS,PASS,PASS,0.037586
C:\Users\USUARIO\Documents\Downloads\BASE DE DATOS 1974-2018 PDFs. WSS\2009\2009-03-27 El día de salvación (WSS) Guatemala (movil).pdf,8ceadc3f-87a2-40b0-bff8-fdafcfd49cd6,84a66593-e4bb-43e3-9063-40a9a91d1e9a,2009-03-27,El Dia de Salvacion.,17,APROBADO,4141F7ABE65054525A5A1677CF3CE30203C1B8CEFBB0FFAFCA67CC05F18985A4,normalizacion_paginada_v2_1_guiones_lexico_20260811,B75821DCA7E73A9A59289274E77E823F84436591E15C224011B0ECD7D1694ABC,PASS,13,0,1.0,PASS,PASS,PASS,0.055996
C:\Users\USUARIO\Documents\Downloads\BASE DE DATOS 1974-2018 PDFs. WSS\2009\2009-03-29 Atentos a las señales de los tiempos (WSS) Guatemala (movil).pdf,15acf7c9-7713-435c-b354-a9eb873bed18,6bb31e5a-c60c-40f6-bb67-441fb78e8e95,2009-03-29,Atentos a las Señales de los tiempos.,35,APROBADO,3037177F5F97A88C00211954957C259C8DECD7DDEF52BDB5A8B4573C22B98CD1,normalizacion_paginada_v2_1_guiones_lexico_20260811,B75821DCA7E73A9A59289274E77E823F84436591E15C224011B0ECD7D1694ABC,PASS,30,0,1.0,PASS,PASS,PASS,0.033669
"C:\Users\USUARIO\Documents\Downloads\BASE DE DATOS 1974-2018 PDFs. WSS\2009\2009-03-30 Palabras de Saludo a los Pastores (WSS) San Salvador, El Salvador (movil).pdf",42e5d376-d657-4ae4-9257-1dee93886432,e0a1359e-ff3b-4e55-b5fb-53fdc1f8bfd3,2009-03-30,RM Palabras de saludo a los Pastores,32,APROBADO,8B726D7DF38D5EB676C1661F830F8F5FCE066AF9550096E6CCCB33A128963CD4,normalizacion_paginada_v2_1_guiones_lexico_20260811,B75821DCA7E73A9A59289274E77E823F84436591E15C224011B0ECD7D1694ABC,PASS,25,0,1.0,PASS,PASS,PASS,0.021558
"C:\Users\USUARIO\Documents\Downloads\BASE DE DATOS 1974-2018 PDFs. WSS\2009\2009-03-31 Moises y Elias en el Monte de Dios - RM (WSS) San Salvador, El Salvador (movil).pdf",7b8b5302-a72a-4109-9d8f-4134f730b1e3,d1cad6db-fc49-4cd9-86dc-8f0f4b38931c,2009-03-31,RM Moisés y Elías en el Monte de Dios.,20,APROBADO,32A120AF323B14E3FCFC78F496EA3A6B00D0AB376C95A9570B305823B9722C6C,normalizacion_paginada_v2_1_guiones_lexico_20260811,B75821DCA7E73A9A59289274E77E823F84436591E15C224011B0ECD7D1694ABC,PASS,14,0,1.0,PASS,PASS,PASS,0.023055
C:\Users\USUARIO\Documents\Downloads\BASE DE DATOS 1974-2018 PDFs. WSS\2009\2009-03-31 El día de salvación (WSS) El Salvador (movil).pdf,68e2473a-177e-4ceb-8a48-f2862da72f94,3415c449-a59a-43e9-be3f-97bb6706bdb6,2009-03-31,El Dia de Salvacion.,19,APROBADO,19783B9F3F7661503F91E737CDE402BC26665125DFE7D4B4897F6AE6A2D0C445,normalizacion_paginada_v2_1_guiones_lexico_20260811,B75821DCA7E73A9A59289274E77E823F84436591E15C224011B0ECD7D1694ABC,PASS,15,0,1.0,PASS,PASS,PASS,0.054535
"C:\Users\USUARIO\Documents\Downloads\BASE DE DATOS 1974-2018 PDFs. WSS\2009\2009-04-10 El Señor Jesucristo crucificado (WSS) Cayey, Puerto Rico (movil).pdf",e5520c34-f015-4d02-842e-678bf4bc2f32,210371e7-2e1e-4fbd-b1b2-edd2f486c9da,2009-04-10,El Señor Jesucristo Crucificado.,25,APROBADO,5CF14A25B6F8DE2527ED8E1A95B15A627395442B2892D405FBE67905997F28AF,normalizacion_paginada_v2_1_guiones_lexico_20260811,B75821DCA7E73A9A59289274E77E823F84436591E15C224011B0ECD7D1694ABC,PASS,20,0,1.0,PASS,PASS,PASS,0.047893
"C:\Users\USUARIO\Documents\Downloads\BASE DE DATOS 1974-2018 PDFs. WSS\2009\2009-04-20 La visita de los Angeles a la simiente de Abraham (WSS) Los Angeles, California, EEUU (movil).pdf",91bee5bd-920a-4a5e-a3dc-5e30fbb03580,ad9f2946-0928-430e-8dc4-f67f0952f951,2009-04-20,La Visita de los Angeles a la Simiente de Abraham.,20,APROBADO,FF1250391694415120ECF2098E2E7939D87300296F9145C7A3579F0A499D75C4,normalizacion_paginada_v2_1_guiones_lexico_20260811,B75821DCA7E73A9A59289274E77E823F84436591E15C224011B0ECD7D1694ABC,PASS,15,0,1.0,PASS,PASS,PASS,0.020630
"C:\Users\USUARIO\Documents\Downloads\BASE DE DATOS 1974-2018 PDFs. WSS\2009\2009-04-23 Dios proveedor de Su Pueblo (WSS) Torreón, Mexico (movil).pdf",b374902a-a10c-4907-a453-6cde44ad1888,b46da4b7-951e-464c-a1d0-82b7a44fa558,2009-04-23,Dios Proveedor de Su Pueblo.,20,APROBADO,948BC8C3B17961A48F152DF156D51C23C4ABFB5064BFD57F8187707612287A11,normalizacion_paginada_v2_1_guiones_lexico_20260811,B75821DCA7E73A9A59289274E77E823F84436591E15C224011B0ECD7D1694ABC,PASS,14,0,1.0,PASS,PASS,PASS,0.048334
"C:\Users\USUARIO\Documents\Downloads\BASE DE DATOS 1974-2018 PDFs. WSS\2009\2009-04-26 La Luz que disipa las tinieblas (WSS) Monterrey, Nuevo León, México (Movil).pdf",1c94b600-f7b9-44e2-a226-525a532c945e,c7318dc6-648f-4809-8662-48481850c170,2009-04-26,La Luz que disipa las tinieblas.,24,APROBADO,D93BD0AD1CE1C55507A4C55DF8127FEF62572643B68F9718FC1DCF7AEABD4CE2,normalizacion_paginada_v2_1_guiones_lexico_20260811,B75821DCA7E73A9A59289274E77E823F84436591E15C224011B0ECD7D1694ABC,PASS,18,0,1.0,PASS,PASS,PASS,0.025981
"C:\Users\USUARIO\Documents\Downloads\BASE DE DATOS 1974-2018 PDFs. WSS\2009\2009-04-26 Vi a Dios cara a cara, y fue librada mi alma (WSS) Mexico (movil).pdf",55a16e6e-30bc-4f4b-8adf-76fc3ff52af7,bb78782c-9345-412b-ad57-c28c6061133d,2009-04-26,Vi a Dios cara a cara y fue librada mi Alma.,20,APROBADO,B1148919B4913A06B672058232E24DB5A0F600286D2A2F8F5B6EB9A846FC5847,normalizacion_paginada_v2_1_guiones_lexico_20260811,B75821DCA7E73A9A59289274E77E823F84436591E15C224011B0ECD7D1694ABC,PASS,13,0,1.0,PASS,PASS,PASS,0.052400
C:\Users\USUARIO\Documents\Downloads\BASE DE DATOS 1974-2018 PDFs. WSS\2009\2009-05-17 Ya amaneció (WSS) Brasil (movil).pdf,c6155657-fc1b-4da5-823e-6df21623c549,bc6702ca-13f5-47f2-99fb-4467348dfa75,2009-05-17,ya Amanecio.,29,APROBADO,A412D85A8A9D8D3B3C9A3FFCAABC359FA682A287DB6864E0A7F59A112705208C,normalizacion_paginada_v2_1_guiones_lexico_20260811,B75821DCA7E73A9A59289274E77E823F84436591E15C224011B0ECD7D1694ABC,PASS,25,0,1.0,PASS,PASS,PASS,0.039189
"C:\Users\USUARIO\Documents\Downloads\BASE DE DATOS 1974-2018 PDFs. WSS\2009\2009-05-21 Jesucristo, el hombre perfecto (WSS) Colombia (movil).pdf",7cb7bdae-48d0-480f-9daf-510d3c18eb40,f01f9c2d-51f7-453e-8c99-4a65157d9b32,2009-05-21,Jesucristo el Hombre Perfecto.,16,APROBADO,A08CC6ACE861FBEF3AF97302C1E66645D773C1FB5F51FFBFDBED40C957EEA3E5,normalizacion_paginada_v2_1_guiones_lexico_20260811,B75821DCA7E73A9A59289274E77E823F84436591E15C224011B0ECD7D1694ABC,PASS,12,0,1.0,PASS,PASS,PASS,0.067071
"C:\Users\USUARIO\Documents\Downloads\BASE DE DATOS 1974-2018 PDFs. WSS\2009\2009-05-22 El Angel con los Siete Truenos finalizando el tiempo (WSS) Armenia, Colombia (movil).pdf",650311ab-0d8d-4259-abd8-684ea250389f,f2cbb40c-dab1-4bb6-9985-c6820c383425,2009-05-22,El Angel con los Siete truenos finalizando el tiempo.,20,APROBADO,75E8598F401F14283B35B4A97B3157069DAEDAF9873354D633FF304945B8885A,normalizacion_paginada_v2_1_guiones_lexico_20260811,B75821DCA7E73A9A59289274E77E823F84436591E15C224011B0ECD7D1694ABC,PASS,13,0,1.0,PASS,PASS,PASS,0.026153
"C:\Users\USUARIO\Documents\Downloads\BASE DE DATOS 1974-2018 PDFs. WSS\2009\2009-05-23 Al Caer la tarde habra luz - RM (WSS) Cali, Colombia (MOVIL).pdf",37057e84-68f9-49fe-81aa-1a0193784e3e,39c3974f-c6a4-4696-9ce5-fff6a430c3bb,2009-05-23,RM Al caer la tarde habrá Luz.,40,APROBADO,7185BB5DB24F6D8CE67E697989ABB2ECB9431443C4DF03825D04AF36846A87B6,normalizacion_paginada_v2_1_guiones_lexico_20260811,B75821DCA7E73A9A59289274E77E823F84436591E15C224011B0ECD7D1694ABC,PASS,32,0,1.0,PASS,PASS,PASS,0.019120
"C:\Users\USUARIO\Documents\Downloads\BASE DE DATOS 1974-2018 PDFs. WSS\2009\2009-05-24 Israel el reloj de Dios (WSS) Cali, Colombia (movil).pdf",e7ae1586-f60e-47a0-900c-a109f94c8eed,31e48991-e96a-45d0-b969-018237f29f52,2009-05-24,Israel el reloj de Dios.,25,APROBADO,4C3DD2EE738C720839948928C0F6D11437ECDE8658E79EA3FDC5FF693FBF4C90,normalizacion_paginada_v2_1_guiones_lexico_20260811,B75821DCA7E73A9A59289274E77E823F84436591E15C224011B0ECD7D1694ABC,PASS,14,0,1.0,PASS,PASS,PASS,0.065419
"C:\Users\USUARIO\Documents\Downloads\BASE DE DATOS 1974-2018 PDFs. WSS\2009\2009-05-25 He aqui ahora el Dia de Salvacion (WSS) Bogota, Colombia (movil).pdf",3b17decb-cb74-41a9-9441-9f2512e06fb7,86506566-2faf-49c9-b63c-b244b3eb09c5,2009-05-25,He aqui ahora el Dia de Salvacion.,24,APROBADO,BC8EB7D8C88CA329814F13F796343D9DE3ECB1F70F4C13E8DFEBA36EC8BFCB4A,normalizacion_paginada_v2_1_guiones_lexico_20260811,B75821DCA7E73A9A59289274E77E823F84436591E15C224011B0ECD7D1694ABC,PASS,19,0,1.0,PASS,PASS,PASS,0.061182
"C:\Users\USUARIO\Documents\Downloads\BASE DE DATOS 1974-2018 PDFs. WSS\2009\2009-05-31 El Angel del Pacto engrandeciendo a Josue frente al jordan (WSS) Cayey, Puerto Rico (movil).pdf",376baad9-d1cc-4ce1-93b8-4ef228316d90,55b9a7b8-4106-461b-a448-da0afb888d06,2009-05-31,El Angel del Pacto engrandeciendo a Josue frente al jordan.,32,APROBADO,94125B0335F3A38B48659FAA6CE576B6FA0E905DEE92BCB05A42DD6865EAB249,normalizacion_paginada_v2_1_guiones_lexico_20260811,B75821DCA7E73A9A59289274E77E823F84436591E15C224011B0ECD7D1694ABC,PASS,21,0,1.0,PASS,PASS,PASS,0.036692
"C:\Users\USUARIO\Documents\Downloads\BASE DE DATOS 1974-2018 PDFs. WSS\2009\2009-06-21 La Adopcion de la Iglesia del Señor Jesucristo (WSS) San Pablo, Brasil (movil).pdf",10b056e8-6d8d-43e5-bf34-8aa67cc33975,4e9bdc53-5163-4168-9ef2-96bfe1450f8f,2009-06-21,La Adopcion de la Iglesia del Señor Jesucristo.,23,APROBADO,D8C8374D7D57CB8DBB70DBEEFE8407469A324EFC4A723BCA48FB54AF2DB31D92,normalizacion_paginada_v2_1_guiones_lexico_20260811,B75821DCA7E73A9A59289274E77E823F84436591E15C224011B0ECD7D1694ABC,PASS,14,0,1.0,PASS,PASS,PASS,0.056082
"C:\Users\USUARIO\Documents\Downloads\BASE DE DATOS 1974-2018 PDFs. WSS\2009\2009-07-02 El glorioso futuro de Israel (WSS) Santa Cruz, Bolivia (movil).pdf",71826c28-c947-404f-8069-f67533b4abc7,0fa2ab49-5c66-4a40-a969-6c9fe383a4af,2009-07-02,El Glorioso futuro de Israel.,24,APROBADO,B52DA90D5F1CCE2407B97437F0AB49A197CCB1E4E0025954C94CBD4BDE409610,normalizacion_paginada_v2_1_guiones_lexico_20260811,B75821DCA7E73A9A59289274E77E823F84436591E15C224011B0ECD7D1694ABC,PASS,13,0,1.0,PASS,PASS,PASS,0.054273
"C:\Users\USUARIO\Documents\Downloads\BASE DE DATOS 1974-2018 PDFs. WSS\2009\2009-07-05 La Venida del Señor y la gran cosecha del fin del tiempo (WSS) Lima, Peru (movil).pdf",b7002959-121b-48c6-a018-46e5388668b0,cf358880-bb41-4b41-90e3-b049d0771a1c,2009-07-05,La Venida del Señor y La Gran Cosecha del fin del tiempo.,37,APROBADO,5AE39B77B692DB3599D309B5C686A32EE0583B47BAD4ED9A4B2A0B65803D573E,normalizacion_paginada_v2_1_guiones_lexico_20260811,B75821DCA7E73A9A59289274E77E823F84436591E15C224011B0ECD7D1694ABC,PASS,33,0,1.0,PASS,PASS,PASS,0.053558
"C:\Users\USUARIO\Documents\Downloads\BASE DE DATOS 1974-2018 PDFs. WSS\2009\2009-07-10 Los dos ungidos delante del Señor de toda la Tierra (WSS) Bogotá, Colombia (movil).pdf",58e16d2e-6daf-4692-acbd-cf59835dae59,4c0122f3-6848-4c26-8cda-c76c7ac1851f,2009-07-10,RM Los Dos Ungidos delante del Señor de toda la tierra.,28,APROBADO,426A751E8760E6E133FD29C7D3767226F16D10F2A19376AF87082F77FC7CB13B,normalizacion_paginada_v2_1_guiones_lexico_20260811,B75821DCA7E73A9A59289274E77E823F84436591E15C224011B0ECD7D1694ABC,PASS,20,0,1.0,PASS,PASS,PASS,0.034263
"C:\Users\USUARIO\Documents\Downloads\BASE DE DATOS 1974-2018 PDFs. WSS\2009\2009-07-10 La Iglesia del Señor Jesucristo recibiendo la fe de rapto (WSS) de Bogota a Pereira, Colombia (movil).pdf",60a42eba-8c3f-48bb-b4b9-3c29f3990a5a,b711dcf5-09cf-4dcb-8a3e-8378e38aec86,2009-07-10,La Iglesia del Señor Jesucristo recibiendo la Fe de Rapto,28,APROBADO,7342B7BC353706D41EFC8CAFD650BFCF751E9C1675EC5C3AF619F2B0026E4B2E,normalizacion_paginada_v2_1_guiones_lexico_20260811,B75821DCA7E73A9A59289274E77E823F84436591E15C224011B0ECD7D1694ABC,PASS,20,0,1.0,PASS,PASS,PASS,0.049875
C:\Users\USUARIO\Documents\Downloads\BASE DE DATOS 1974-2018 PDFs. WSS\2009\2009-07-13 Elías viene antes que venga el día grande y terrible del Señor (WSS) Colombia (movil).pdf,763d39e4-d5a0-465e-b3e6-24e16221fc17,12b57f5d-3096-4c05-af2c-6ef2d7fae79e,2009-07-13,Elias viene antes que venga el dia grande y terrible del Señor.,28,APROBADO,D3E45384E81DC90C5016A553EB9D500B417CE4738219E7CC4D6E67528171519F,normalizacion_paginada_v2_1_guiones_lexico_20260811,B75821DCA7E73A9A59289274E77E823F84436591E15C224011B0ECD7D1694ABC,PASS,23,0,1.0,PASS,PASS,PASS,0.051370
"C:\Users\USUARIO\Documents\Downloads\BASE DE DATOS 1974-2018 PDFs. WSS\2009\2009-07-15 El Poderoso Salvador (WSS) Cucuta, Colombia (movil).pdf",e9664f48-8083-4627-89ce-7017d994db86,ed92148b-f864-4107-aa5e-492db5c9332a,2009-07-15,El Poderoso Salvador.,19,APROBADO,58191B2FBA581B5E5897F3266588BC97A8FA4328A64006D4991575CB8CB01685,normalizacion_paginada_v2_1_guiones_lexico_20260811,B75821DCA7E73A9A59289274E77E823F84436591E15C224011B0ECD7D1694ABC,PASS,15,0,1.0,PASS,PASS,PASS,0.044502
C:\Users\USUARIO\Documents\Downloads\BASE DE DATOS 1974-2018 PDFs. WSS\2009\2009-07-18 La estatura de la plenitud de Cristo - RM (WSS) Colombia (MOVIL).pdf,59bd7075-4134-4510-9768-21b93029664f,c824dc78-2445-47c0-a3a8-586fb7c49a94,2009-07-18,RM La Estatura de la Plenitud de Cristo.,32,APROBADO,794BBEF7EB9818B5DB59927ED57808F62FED9FADCEB256C7F00E6D67E15D7F68,normalizacion_paginada_v2_1_guiones_lexico_20260811,B75821DCA7E73A9A59289274E77E823F84436591E15C224011B0ECD7D1694ABC,PASS,27,0,1.0,PASS,PASS,PASS,0.014474
"C:\Users\USUARIO\Documents\Downloads\BASE DE DATOS 1974-2018 PDFs. WSS\2009\2009-07-19 Escogidos desde el principio para Salvacion (WSS) Bogota, Colombia (movil).pdf",1edd02ce-51a8-4f42-8922-2820b9a570bd,399befcc-948a-4dbd-9626-68b5342417f6,2009-07-19,Escogidos desde el principio para Salvacion.,31,APROBADO,5AFDC2E40CD503E9AEE54A5D869869CA60583C4DD899E180C5F66E502A2DE3E4,normalizacion_paginada_v2_1_guiones_lexico_20260811,B75821DCA7E73A9A59289274E77E823F84436591E15C224011B0ECD7D1694ABC,PASS,26,0,1.0,PASS,PASS,PASS,0.037582
"C:\Users\USUARIO\Documents\Downloads\BASE DE DATOS 1974-2018 PDFs. WSS\2009\2009-07-20 Jesucristo la Salvacion para todos (WSS) Miami, EEUU (movil).pdf",40468340-a619-491e-beb3-d50016bfc08f,fe805977-498a-4b90-abf4-a02f53971d59,2009-07-20,Jesucristo la Salvacion para todos.,16,APROBADO,18AF7DF00CA763AAB61E09B08401BE970DBB75658256D671BEFD62797001414B,normalizacion_paginada_v2_1_guiones_lexico_20260811,B75821DCA7E73A9A59289274E77E823F84436591E15C224011B0ECD7D1694ABC,PASS,12,0,1.0,PASS,PASS,PASS,0.056106
"C:\Users\USUARIO\Documents\Downloads\BASE DE DATOS 1974-2018 PDFs. WSS\2009\2009-07-21 El que Siembra la Buena Semilla (WSS) Atlanta, EEUU (movil).pdf",5e273616-d6ac-4205-999d-2af37386c1bb,75ae108b-f0ef-4ea3-986f-e998df5acd7d,2009-07-21,El que Siembra la Buena Semilla.,13,APROBADO,9E50FD2D34A155712E963DD97917DE792D931FAC4668779FB16742611CC723D2,normalizacion_paginada_v2_1_guiones_lexico_20260811,B75821DCA7E73A9A59289274E77E823F84436591E15C224011B0ECD7D1694ABC,PASS,7,0,1.0,PASS,PASS,PASS,0.053411
"C:\Users\USUARIO\Documents\Downloads\BASE DE DATOS 1974-2018 PDFs. WSS\2009\2009-07-22 Un Poderoso Salvador (WSS) New York, EEUU (movil).pdf",0a42152b-3d7a-4859-bbf1-5411d2d14ff2,22a5a7b6-4436-4149-93f2-c72d123c02e2,2009-07-22,Un Poderoso Salvador.,27,APROBADO,ED85B04725A8B846C82837B6E6927F762AC987462D85EBA45F357F34E5D80D8D,normalizacion_paginada_v2_1_guiones_lexico_20260811,B75821DCA7E73A9A59289274E77E823F84436591E15C224011B0ECD7D1694ABC,PASS,22,0,1.0,PASS,PASS,PASS,0.044330
"C:\Users\USUARIO\Documents\Downloads\BASE DE DATOS 1974-2018 PDFs. WSS\2009\2009-07-23 El Dia del Hijo del Hombre (WSS) Washington, EEUU (movil).pdf",2cf91af6-c824-44cc-9957-717930ce12d1,b6fa4cdb-c7aa-4aea-af00-33aa940a546e,2009-07-23,El Dia del Hijo del Hombre.,29,APROBADO,C594AA82518CF781CE776D6C088C8E780197EADE7D4DD284B0C0B88810B42CC6,normalizacion_paginada_v2_1_guiones_lexico_20260811,B75821DCA7E73A9A59289274E77E823F84436591E15C224011B0ECD7D1694ABC,PASS,24,0,1.0,PASS,PASS,PASS,0.041625
"C:\Users\USUARIO\Documents\Downloads\BASE DE DATOS 1974-2018 PDFs. WSS\2009\2009-07-26 Preparandonos para la Adopcion en la Tercera Etapa (WSS) Santiago de Chile, Chile (movil).pdf",2e019093-2aeb-408a-bf82-2117eb8174d6,7a3dda2d-c120-4e7d-84ab-2f01e358547d,2009-07-26,Preparandonos para la Adopcion en la Tercera Etapa.,39,APROBADO,68CC7F0397F1D2CE0BCEC312B43C64BBFC9631B712A12DBAABD5CB9AD286DF13,normalizacion_paginada_v2_1_guiones_lexico_20260811,B75821DCA7E73A9A59289274E77E823F84436591E15C224011B0ECD7D1694ABC,PASS,28,0,1.0,PASS,PASS,PASS,0.036281
"C:\Users\USUARIO\Documents\Downloads\BASE DE DATOS 1974-2018 PDFs. WSS\2009\2009-08-02 Mi Padre hasta ahora trabaja y yo trabajo (WSS) Monterrey, Mexico (movil).pdf",0f1bcf16-9b5b-407f-85cc-c75a251b5ac8,d20ca1d4-08d9-4286-8a28-bfb6c3649bd5,2009-08-02,Mi Padre hasta ahora trabaja y yo trabajo.,36,APROBADO,6D6E36922AB7DA9A41CD7C8ECD6D81A970A8A4154A9A2CADCB07481EFFE057C5,normalizacion_paginada_v2_1_guiones_lexico_20260811,B75821DCA7E73A9A59289274E77E823F84436591E15C224011B0ECD7D1694ABC,PASS,31,0,1.0,PASS,PASS,PASS,0.040280
"C:\Users\USUARIO\Documents\Downloads\BASE DE DATOS 1974-2018 PDFs. WSS\2009\2009-08-14 Si Crees veras la Gloria de Dios (WSS) Acapulco, Mexico (movil).pdf",6c72e241-68c4-4627-aaed-3c5060b4b256,8bd70cc6-3634-447e-a2a5-3fb2c428c3fb,2009-08-14,Si Crees veras la Gloria de Dios.,36,APROBADO,1A179E6C02F9543646A74BC47F1AB8D81FDEE62175D7F745E5A9CEF3001B7A51,normalizacion_paginada_v2_1_guiones_lexico_20260811,B75821DCA7E73A9A59289274E77E823F84436591E15C224011B0ECD7D1694ABC,PASS,32,0,1.0,PASS,PASS,PASS,0.039467
"C:\Users\USUARIO\Documents\Downloads\BASE DE DATOS 1974-2018 PDFs. WSS\2009\2009-08-15 Jesus escapando de las manos de los Judios (WSS) Chilpancingo, Guerrero, México (movil).pdf",e42ab123-6d99-4cff-a42a-8dfd9981ce0a,379628a3-7300-4ef7-a583-a3e517e4335a,2009-08-15,Jesus escapando de las manos de los Judios.,27,APROBADO,AE1F4A4C28CD43D3E54D97A97E1F7D73E3B71E6C832A1004D61A1C0661D241D6,normalizacion_paginada_v2_1_guiones_lexico_20260811,B75821DCA7E73A9A59289274E77E823F84436591E15C224011B0ECD7D1694ABC,PASS,23,0,1.0,PASS,PASS,PASS,0.035141
"C:\Users\USUARIO\Documents\Downloads\BASE DE DATOS 1974-2018 PDFs. WSS\2009\2009-08-16 El tiempo de Salvacion y Vida Eterna (WSS) Tizayuca, México (movil).pdf",69f4010f-f818-46c3-9693-1425ce09a215,d0e536f2-b9f8-46a7-9158-4ac793ef2f4e,2009-08-16,El tiempo de Salvacion y Vida Eterna.,30,APROBADO,D363DEDE20A6AF7EC79039319A6916E796636B06305D846C4573332884C22918,normalizacion_paginada_v2_1_guiones_lexico_20260811,B75821DCA7E73A9A59289274E77E823F84436591E15C224011B0ECD7D1694ABC,PASS,24,0,1.0,PASS,PASS,PASS,0.055513
"C:\Users\USUARIO\Documents\Downloads\BASE DE DATOS 1974-2018 PDFs. WSS\2009\2009-08-18 La Bienaventuranza de Creer en las cosas que sucederan pronto (WSS) Pachuca, México (movil).pdf",e7914a6f-a65e-44c5-824f-3850f84392dc,34fd75ee-0a46-4768-8a3d-2b207bebbd5d,2009-08-18,La Bienaventuranza de Creer en las cosas que sucederan pronto.,29,APROBADO,8904E1170889AF698DA358F2F4C1468416E1700BF13DAC20398C8CD709B7E845,normalizacion_paginada_v2_1_guiones_lexico_20260811,B75821DCA7E73A9A59289274E77E823F84436591E15C224011B0ECD7D1694ABC,PASS,24,0,1.0,PASS,PASS,PASS,0.046386
"C:\Users\USUARIO\Documents\Downloads\BASE DE DATOS 1974-2018 PDFs. WSS\2009\2009-08-19 La Venida del Hijo del Hombre y las Señales del fin del tiempo (WSS) Toluca, México (movil).pdf",db47d702-9898-44af-9378-f52b45212727,ff6ac035-e8b9-4a82-8373-c409c0839a70,2009-08-19,La Venida del Hijo del Hombre y las Señales del fin del tiempo.,31,APROBADO,CAABBDD5C86FA07866463B4062767D3723803447B1A1381C8FBB95FB4B08841D,normalizacion_paginada_v2_1_guiones_lexico_20260811,B75821DCA7E73A9A59289274E77E823F84436591E15C224011B0ECD7D1694ABC,PASS,24,0,1.0,PASS,PASS,PASS,0.049496
"C:\Users\USUARIO\Documents\Downloads\BASE DE DATOS 1974-2018 PDFs. WSS\2009\2009-08-21 La Venida del Hijo del Hombre como ladron en la noche (WSS) Luna, México (movil).pdf",037dfb7e-ce86-4cf2-91f0-7afd915c45c8,fd2365d4-9709-482a-a1e8-4fa372f3ddee,2009-08-21,La Venida del Hijo del Hombre como ladron en la noche.,33,APROBADO,563C5CCF486AC9281F26B4087E5BC82566DAEC29AA0406C6BBF292445D0D350B,normalizacion_paginada_v2_1_guiones_lexico_20260811,B75821DCA7E73A9A59289274E77E823F84436591E15C224011B0ECD7D1694ABC,PASS,21,0,1.0,PASS,PASS,PASS,0.040936
"C:\Users\USUARIO\Documents\Downloads\BASE DE DATOS 1974-2018 PDFs. WSS\2009\2009-08-24 Jesus socorriendo a la descendencia de Abraham (WSS) Ciudad del Sol, México (movil).pdf",659e9c9c-1835-43ab-96b0-8d6bfa98d72f,aa851918-e749-4936-8e9d-44d4b9a7b75f,2009-08-24,Jesus socorriendo a la descendencia de Abraham.,32,APROBADO,3F6082AAB3F77CE88D6BB7A1FE59267756839D514615E808DD17E1F3F4459062,normalizacion_paginada_v2_1_guiones_lexico_20260811,B75821DCA7E73A9A59289274E77E823F84436591E15C224011B0ECD7D1694ABC,PASS,28,0,1.0,PASS,PASS,PASS,0.037090
"C:\Users\USUARIO\Documents\Downloads\BASE DE DATOS 1974-2018 PDFs. WSS\2009\2009-08-25 La importancia de estar preparado para ser Transformado y Raptado (WSS) Puente de Ixtla, Morelos, México (movil).pdf",295d4d25-a239-4f74-92d1-ee3435e98aba,6f798241-8151-41a6-ae50-a5af75d6bcb2,2009-08-25,La importancia de estar preparado para ser Transformado y Raptado.,29,APROBADO,2FA06E7DE289E3FBFB09C7736F888FEC9C346CD114F81C280F08AE85BE5857C1,normalizacion_paginada_v2_1_guiones_lexico_20260811,B75821DCA7E73A9A59289274E77E823F84436591E15C224011B0ECD7D1694ABC,PASS,26,0,1.0,PASS,PASS,PASS,0.042660
"C:\Users\USUARIO\Documents\Downloads\BASE DE DATOS 1974-2018 PDFs. WSS\2009\2009-08-27 Atendiendo a tiempo el llamado final de Dios (WSS) Vicente, Guerrero, Durango, México (movil).pdf",c301835f-0732-4931-99a5-42ea68a209b4,babc7f2c-375a-4fa0-ad45-e5ca461e2c30,2009-08-27,Atendiendo a tiempo el llamado final de Dios.,31,APROBADO,21D98269C2D13A2CF27063C1F786D04D34C099225A6531CC63730E81DCB559BB,normalizacion_paginada_v2_1_guiones_lexico_20260811,B75821DCA7E73A9A59289274E77E823F84436591E15C224011B0ECD7D1694ABC,PASS,28,0,1.0,PASS,PASS,PASS,0.048373
"C:\Users\USUARIO\Documents\Downloads\BASE DE DATOS 1974-2018 PDFs. WSS\2009\2009-08-29 Damas y Pastores reconociendo la Señal de escape (WSS) Torreon, Coahuila, Mexico (movil).pdf",7055238a-a28a-4abe-bdb8-3f63b6dbb2f0,71e2d592-e605-488d-8880-85d8c6169269,2009-08-29,Damas y Pastores reconociendo la Señal de escape.,25,APROBADO,778F0D50E993642A13DEAE93A172E53F764982987541D67C09A72853207DB81B,normalizacion_paginada_v2_1_guiones_lexico_20260811,B75821DCA7E73A9A59289274E77E823F84436591E15C224011B0ECD7D1694ABC,PASS,14,0,1.0,PASS,PASS,PASS,0.026798
"C:\Users\USUARIO\Documents\Downloads\BASE DE DATOS 1974-2018 PDFs. WSS\2009\2009-08-31 Unidos trabajando con los consejos que El Señor Jesucristo nos da (WSS) Chetumal, Quintana Roo, México (movil).pdf",fdb3bf46-4e0f-4a31-b19e-1a9eaeefb024,af245064-85ab-42f4-b7e5-3cbb5c5821c5,2009-08-31,Unidos trabajando con los consejos que El Señor Jesucristo nos da.,24,APROBADO,E6DA684BF6BC7857180150E9992BD464184D05B39B811E824C43D15E03F33FA1,normalizacion_paginada_v2_1_guiones_lexico_20260811,B75821DCA7E73A9A59289274E77E823F84436591E15C224011B0ECD7D1694ABC,PASS,19,0,1.0,PASS,PASS,PASS,0.067839
"C:\Users\USUARIO\Documents\Downloads\BASE DE DATOS 1974-2018 PDFs. WSS\2009\2009-09-01 Dios Hablando hoy (WSS) Playa del Carmen, Mexico (movil).pdf",71614012-c78f-4c5b-a2fa-1595bf715e55,1a178e1e-8c68-4ea0-bbbe-90d8c78bdcd2,2009-09-01,Dios Hablando hoy.,37,APROBADO,235118A91122A97BDC115BA67F52FCD93BE8956F21C9F19922B1222137F53920,normalizacion_paginada_v2_1_guiones_lexico_20260811,B75821DCA7E73A9A59289274E77E823F84436591E15C224011B0ECD7D1694ABC,PASS,33,0,1.0,PASS,PASS,PASS,0.045358
"C:\Users\USUARIO\Documents\Downloads\BASE DE DATOS 1974-2018 PDFs. WSS\2009\2009-09-02 Feliz porque la Voz de la Tortola se oye en mi pais (WSS) Yucatan, Mexico (movil).pdf",b03e319d-8cb1-4b3c-8c59-6b7cfcf89969,ac65b080-8b1b-46f1-9e2d-72d3fa82cb51,2009-09-02,Feliz porque la Voz de la Tortola se oye en mi pais.,31,APROBADO,B7FB2DD2DDAB0208F2D46D451B000EA3F04F15D1404E020B077AA268F1688123,normalizacion_paginada_v2_1_guiones_lexico_20260811,B75821DCA7E73A9A59289274E77E823F84436591E15C224011B0ECD7D1694ABC,PASS,27,0,1.0,PASS,PASS,PASS,0.053950
"C:\Users\USUARIO\Documents\Downloads\BASE DE DATOS 1974-2018 PDFs. WSS\2009\2009-09-03 A donde vas es que me llamaron a la Cena de las Bodas del Cordero (WSS) Ciudad del Carmen, Campeche, México (movil).pdf",70a1497a-b1d9-403f-b952-fd628ac91e4c,b3a5e158-3415-43f0-bcbf-0981d336ed02,2009-09-03,A donde vas es que me llamaron a la Cena de las Bodas del Cordero.,30,APROBADO,59665FA6AC2FA39E6B3B9868350E963947777848E7BFCC83ABFC510B6B803197,normalizacion_paginada_v2_1_guiones_lexico_20260811,B75821DCA7E73A9A59289274E77E823F84436591E15C224011B0ECD7D1694ABC,PASS,26,0,1.0,PASS,PASS,PASS,0.041654
"C:\Users\USUARIO\Documents\Downloads\BASE DE DATOS 1974-2018 PDFs. WSS\2009\2009-09-04 Obras es la expresion de la Fe (WSS) Villahermosa, Mexico (movil).pdf",fd1a0708-edcc-4382-a551-60b5b1b63e6e,f116dfe1-4628-4003-b934-67b6cbf3fe82,2009-09-04,Obras es la expresion de la Fe.,27,APROBADO,9563DBF45C2A6D0DFF34BBBCB748E617450F2E4E6086602A3C7BA861F10FFE9E,normalizacion_paginada_v2_1_guiones_lexico_20260811,B75821DCA7E73A9A59289274E77E823F84436591E15C224011B0ECD7D1694ABC,PASS,23,0,1.0,PASS,PASS,PASS,0.049567
"C:\Users\USUARIO\Documents\Downloads\BASE DE DATOS 1974-2018 PDFs. WSS\2009\2009-09-08 La Venida del Hijo del Hombre como Relampago (WSS) Escarcega, Mexico (movil).pdf",1c02ee46-adf3-49c6-b1b4-6cfd492ba3dc,0c97c9eb-075a-42eb-876e-e868b176f762,2009-09-08,La Venida del Hijo del Hombre como Relampago.,37,APROBADO,653306074B172E15ED3E4941BEDA5149A60FC5D341AE4AA092863467BF05C82C,normalizacion_paginada_v2_1_guiones_lexico_20260811,B75821DCA7E73A9A59289274E77E823F84436591E15C224011B0ECD7D1694ABC,PASS,31,0,1.0,PASS,PASS,PASS,0.044548
"C:\Users\USUARIO\Documents\Downloads\BASE DE DATOS 1974-2018 PDFs. WSS\2009\2009-09-09 Tiempo de escape (WSS) Comalcalco, Mexico (movil).pdf",d630ce68-1dff-4fe9-aa8e-fb5d32dbbd42,a1f0cda3-50a4-446e-b5fc-636622901a81,2009-09-09,Tiempo de escape.,26,APROBADO,BD5227F88BCF8D0BAA6BDD2F3F8F4436C74FA08C47ED8771E5974529C24550A0,normalizacion_paginada_v2_1_guiones_lexico_20260811,B75821DCA7E73A9A59289274E77E823F84436591E15C224011B0ECD7D1694ABC,PASS,22,0,1.0,PASS,PASS,PASS,0.052869
"C:\Users\USUARIO\Documents\Downloads\BASE DE DATOS 1974-2018 PDFs. WSS\2009\2009-09-10 A El Oid (WSS) Cardenas, Mexico (movil).pdf",28c33bd1-91a3-4aea-9f21-75aae235539b,223090fa-5bc4-4528-8333-84939d382972,2009-09-10,a El Oid.,38,APROBADO,D9886E0E5F8F09F52812E81EC70EB38415288952A1AB0AF9302EA647F60405EA,normalizacion_paginada_v2_1_guiones_lexico_20260811,B75821DCA7E73A9A59289274E77E823F84436591E15C224011B0ECD7D1694ABC,PASS,28,0,1.0,PASS,PASS,PASS,0.050967
"C:\Users\USUARIO\Documents\Downloads\BASE DE DATOS 1974-2018 PDFs. WSS\2009\2009-09-13 Trabajando con esfuerzo entre tanto que el Dia dura porque la noche viene (WSS) Coatzacoalcos, Veracruz, México (movil).pdf",da4dfde4-7758-4f68-963d-fb41b13f338c,3f0253c1-d677-4ddd-ab61-84f896811a62,2009-09-13,Trabajando con esfuerzo entre tanto que el Dia dura porque la noche viene.,20,APROBADO,03E8FBB6669DD00DEE3A1A84BCC06922687835D67AC0DFB8B19AA5D0111BD7B5,normalizacion_paginada_v2_1_guiones_lexico_20260811,B75821DCA7E73A9A59289274E77E823F84436591E15C224011B0ECD7D1694ABC,PASS,15,0,1.0,PASS,PASS,PASS,0.053330
"C:\Users\USUARIO\Documents\Downloads\BASE DE DATOS 1974-2018 PDFs. WSS\2009\2009-09-14 Guiados por el Espiritu de Cristo (WSS) Agua Dulce, Veracruz, Mexico (movil).pdf",3da45dd7-7e8f-436c-ae2d-b8808e80105c,34a12b6c-b300-4cab-a146-b89189d75f8d,2009-09-14,Guiados por el Espiritu de Cristo.,37,APROBADO,014919615CF194F2351646FB8F48D10CCA38B626EEDB560128A6A07A3F2C280B,normalizacion_paginada_v2_1_guiones_lexico_20260811,B75821DCA7E73A9A59289274E77E823F84436591E15C224011B0ECD7D1694ABC,PASS,33,0,1.0,PASS,PASS,PASS,0.057065
"C:\Users\USUARIO\Documents\Downloads\BASE DE DATOS 1974-2018 PDFs. WSS\2009\2009-09-14 El Señor Jesucristo abriendo el entendimiento a los escogidos de Dios en el Dia Postrero (WSS) Minatitlan, Mexico (movil).pdf",132e1d72-fab1-4237-b082-0df12d4e8cc3,72538940-f962-4129-a347-d82dbb4dc3fe,2009-09-14,El Señor Jesucristo abriendo el entendimiento a los escogidos de Dios en el Dia Postrero.,31,APROBADO,740ACF07A8845DE068C56E003658EC16B1407743155BE9B37DA94F0E83D5972E,normalizacion_paginada_v2_1_guiones_lexico_20260811,B75821DCA7E73A9A59289274E77E823F84436591E15C224011B0ECD7D1694ABC,PASS,20,0,1.0,PASS,PASS,PASS,0.045236
"C:\Users\USUARIO\Documents\Downloads\BASE DE DATOS 1974-2018 PDFs. WSS\2009\2009-09-15 Los Heroes de la Fe (WSS) Mapachapa, Mexico (movil).pdf",e0232421-4ef6-452a-acdc-6055798b9936,8ecfc64e-7c94-4d25-98de-d9b1950ec2c2,2009-09-15,Los Heroes de la Fe.,24,APROBADO,8F974A615DC91A3C94D3B74929EE3E025BB1CA32B5EEDA6F931A517C0A677718,normalizacion_paginada_v2_1_guiones_lexico_20260811,B75821DCA7E73A9A59289274E77E823F84436591E15C224011B0ECD7D1694ABC,PASS,19,0,1.0,PASS,PASS,PASS,0.046217
"C:\Users\USUARIO\Documents\Downloads\BASE DE DATOS 1974-2018 PDFs. WSS\2009\2009-09-16 Recibiendo al Enviado de Dios y sus bendiciones (WSS) Minatitlan, Mexico (movil).pdf",ce829678-8174-4587-ad42-53b977509e08,3f7fb252-e308-47d7-b88e-0d9a6cd750b2,2009-09-16,Recibiendo al Enviado de Dios y sus bendiciones.,37,APROBADO,45C6E9EB31A979E48CC4AA34B4502450E816FB65EC9C9C7EEA2C7443396139DC,normalizacion_paginada_v2_1_guiones_lexico_20260811,B75821DCA7E73A9A59289274E77E823F84436591E15C224011B0ECD7D1694ABC,PASS,33,0,1.0,PASS,PASS,PASS,0.039180
"C:\Users\USUARIO\Documents\Downloads\BASE DE DATOS 1974-2018 PDFs. WSS\2009\2009-09-17 Creed en sus Profetas y sereis prosperados (WSS) Cosamaloapan, Veracruz, Mexico (movil).pdf",20248ae7-af3c-44b1-a088-0948a06c6e55,4b0272fa-034e-4b53-b249-1b2f4ef3def7,2009-09-17,Creed en sus Profetas y sereis prosperados.,33,APROBADO,8C8CDA7726FB1B61DBF56A08391B8F788FA249422E011DC59B55359CC666C60B,normalizacion_paginada_v2_1_guiones_lexico_20260811,B75821DCA7E73A9A59289274E77E823F84436591E15C224011B0ECD7D1694ABC,PASS,26,0,1.0,PASS,PASS,PASS,0.044993
"C:\Users\USUARIO\Documents\Downloads\BASE DE DATOS 1974-2018 PDFs. WSS\2009\2009-09-20 Jesucristo la Puerta el Unico y Suficiente Salvador (WSS) Xalapa, Veracruz, Mexico (movil).pdf",a927f4be-57da-4585-bf11-7de3fff42c53,855ef9e5-5ac7-4f24-817a-ac1807f43520,2009-09-20,Jesucristo la Puerta el Unico y Suficiente Salvador.,26,APROBADO,9067CD138BA19CDBC00F9A74DF7B9ADC172F55039AF79F1A94E01F6448A2A4E1,normalizacion_paginada_v2_1_guiones_lexico_20260811,B75821DCA7E73A9A59289274E77E823F84436591E15C224011B0ECD7D1694ABC,PASS,20,0,1.0,PASS,PASS,PASS,0.047375
"C:\Users\USUARIO\Documents\Downloads\BASE DE DATOS 1974-2018 PDFs. WSS\2009\2009-09-20 Los eventos profeticos contenidos en el Septimo Sello (WSS) Orizaba, Veracruz, Mexico (movil).pdf",3384f6e0-0618-4e29-b082-7597e4872af8,13175adb-7507-439d-b4cb-857e43b67ab0,2009-09-20,Los eventos profeticos contenidos en el Septimo Sello.,24,APROBADO,ECFE5F29CEED64A6E33D6AC4B2DA6F9C762437D1CEC277D72B6E5F5941D0D774,normalizacion_paginada_v2_1_guiones_lexico_20260811,B75821DCA7E73A9A59289274E77E823F84436591E15C224011B0ECD7D1694ABC,PASS,20,0,1.0,PASS,PASS,PASS,0.044492
"C:\Users\USUARIO\Documents\Downloads\BASE DE DATOS 1974-2018 PDFs. WSS\2009\2009-10-04 El incensario en el lugar Santisimo (WSS) Goiania, Brasil (movil).pdf",f11d7978-1635-4d39-a23c-e8f8560b401f,408cbc9d-ce26-4c5a-8747-48c78eb31d70,2009-10-04,El incensario en el lugar Santisimo.,31,APROBADO,947389C5907E9E0C9B025DA6BA1C7A9CCD7D24A3E5535B8ED68B5F2C5E80FDA2,normalizacion_paginada_v2_1_guiones_lexico_20260811,B75821DCA7E73A9A59289274E77E823F84436591E15C224011B0ECD7D1694ABC,PASS,27,0,1.0,PASS,PASS,PASS,0.032341
"C:\Users\USUARIO\Documents\Downloads\BASE DE DATOS 1974-2018 PDFs. WSS\2009\2009-10-11 Siendo bendecidos con el cumplimiento de la media hora de silencio (WSS) Santiago de Chile, Chile (movil).pdf",c8d30838-e20f-451a-898a-5d77f3e94ea4,119ebe63-c1a6-4a79-b857-3d04b98bbb98,2009-10-11,Siendo bendecidos con el cumplimiento de la media hora de silencio.,32,APROBADO,60E8B7AFA56DFA221F175335741FC58FFC85D3A0C9A0E4BDCCEB004FFDFFA41B,normalizacion_paginada_v2_1_guiones_lexico_20260811,B75821DCA7E73A9A59289274E77E823F84436591E15C224011B0ECD7D1694ABC,PASS,25,0,1.0,PASS,PASS,PASS,0.032192
"C:\Users\USUARIO\Documents\Downloads\BASE DE DATOS 1974-2018 PDFs. WSS\2009\2009-10-12 El Pueblo que conoce a su Dios se esforzara y actuara (WSS) Asuncion, Paraguay (movil).pdf",7c4b2dee-150a-434c-852d-0f01d273934e,e074ffd3-475d-4803-aba3-094db30cd23d,2009-10-12,El Pueblo que conoce a su Dios se esforzara y actuara.,23,APROBADO,B9BADB324559B6497C27C306FC8737062AC8B805E1D4CA0F539FE720B4B14EE0,normalizacion_paginada_v2_1_guiones_lexico_20260811,B75821DCA7E73A9A59289274E77E823F84436591E15C224011B0ECD7D1694ABC,PASS,13,0,1.0,PASS,PASS,PASS,0.039509
"C:\Users\USUARIO\Documents\Downloads\BASE DE DATOS 1974-2018 PDFs. WSS\2009\2009-10-18 La Agenda de Dios los elegidos y la higuera (WSS) Brasilia, Brasil (movil).pdf",90575071-0021-4322-8273-3d7d3d4e9a6f,f9d440e2-efd7-400e-8db1-8897b4cd31d8,2009-10-18,La Agenda de Dios los elegidos y la higuera.,25,APROBADO,633CA9383AFCB0E85F1D2F809EEE2FDC7BF70073312C328383B7050CACFBA31C,normalizacion_paginada_v2_1_guiones_lexico_20260811,B75821DCA7E73A9A59289274E77E823F84436591E15C224011B0ECD7D1694ABC,PASS,20,0,1.0,PASS,PASS,PASS,0.045807
"C:\Users\USUARIO\Documents\Downloads\BASE DE DATOS 1974-2018 PDFs. WSS\2009\2009-10-28 La Casa de Dios y Puerta del Cielo (WSS) Cuiaba, Brasil (movil).pdf",cfef2d38-3a4b-455b-b61c-39f47f6e4032,a472b17a-17f2-42f4-aa23-350bb55a45b0,2009-10-28,La Casa de Dios y Puerta del Cielo.,19,APROBADO,3D27FF26AE7A9C0CE2D0043B03A76C49EFA74B3A024E1879AF85E3DC40CF3169,normalizacion_paginada_v2_1_guiones_lexico_20260811,B75821DCA7E73A9A59289274E77E823F84436591E15C224011B0ECD7D1694ABC,PASS,15,0,1.0,PASS,PASS,PASS,0.048266
"C:\Users\USUARIO\Documents\Downloads\BASE DE DATOS 1974-2018 PDFs. WSS\2009\2009-11-01 El Ser humano en el huerto del Eden (WSS) Boa Vista, Brasil (movil).pdf",07b88aef-5aa1-42c2-9e61-09b1dd16f40b,464ca858-ebce-4e1d-bc27-61431ae64aef,2009-11-01,El Ser humano en el huerto del Eden.,27,APROBADO,B2237BA56FC0CD7CDA21010FE99411E9B39D6457C8729970AE64797D715CF7A2,normalizacion_paginada_v2_1_guiones_lexico_20260811,B75821DCA7E73A9A59289274E77E823F84436591E15C224011B0ECD7D1694ABC,PASS,22,0,1.0,PASS,PASS,PASS,0.036875
"C:\Users\USUARIO\Documents\Downloads\BASE DE DATOS 1974-2018 PDFs. WSS\2009\2009-11-02 La Casa del Pan de Dios (WSS) Belem do Para, Brasil (movil).pdf",bfc27d7d-1fc4-406c-b731-4740d9bfb404,e182d95f-3b9b-419e-bc11-dadc73593582,2009-11-02,La Casa del Pan de Dios.,32,APROBADO,8FC60E4B009FD3A73E29D94D6016696900AD02976D98F60B74DC497A44182707,normalizacion_paginada_v2_1_guiones_lexico_20260811,B75821DCA7E73A9A59289274E77E823F84436591E15C224011B0ECD7D1694ABC,PASS,27,0,1.0,PASS,PASS,PASS,0.047370
"C:\Users\USUARIO\Documents\Downloads\BASE DE DATOS 1974-2018 PDFs. WSS\2009\2009-11-08 El Hombre que Recibio las llaves del Reino (WSS) Franca, Brasil (movil).pdf",53cb7e85-6605-43aa-98bb-e05ae0481561,92e656e4-21f9-4b87-85bf-dc5bc9180cf4,2009-11-08,El Hombre que Recibio las llaves del Reino.,38,APROBADO,3B28A131E33E61F8BF22283E189446B714397688CF89C49C1D1297964BE663FC,normalizacion_paginada_v2_1_guiones_lexico_20260811,B75821DCA7E73A9A59289274E77E823F84436591E15C224011B0ECD7D1694ABC,PASS,30,0,1.0,PASS,PASS,PASS,0.029692
"C:\Users\USUARIO\Documents\Downloads\BASE DE DATOS 1974-2018 PDFs. WSS\2009\2009-11-15 La Venida del Señor a su Iglesia como ladron en la noche (WSS) Cali, Colombia (movil).pdf",d0d9cdac-cb2f-48d7-83f1-9ae709c4b52f,c833e766-e937-4ce8-83b4-2f1bbdd939ae,2009-11-15,La Venida del Señor a su Iglesia como ladron en la noche.,37,APROBADO,9E0E60A640EA2BB18F1EEC1896BBA5AB71ABB78D1EEDE0355465FA82A4F013DD,normalizacion_paginada_v2_1_guiones_lexico_20260811,B75821DCA7E73A9A59289274E77E823F84436591E15C224011B0ECD7D1694ABC,PASS,22,0,1.0,PASS,PASS,PASS,0.035382
"C:\Users\USUARIO\Documents\Downloads\BASE DE DATOS 1974-2018 PDFs. WSS\2009\2009-11-16 Las Cosas que Dios ha preparado para los que le aman (WSS) Bogota, Colombia (movil).pdf",13f73194-842a-472f-9b1e-729b6f40668f,775ab025-2e18-42b9-9cfb-a17ebbc809a2,2009-11-16,Las Cosas que Dios ha preparado para los que le aman.,33,APROBADO,102578765EF2252F4BF04FF887A15B48344E6C5A8C7044E6F46EBFBF5378752E,normalizacion_paginada_v2_1_guiones_lexico_20260811,B75821DCA7E73A9A59289274E77E823F84436591E15C224011B0ECD7D1694ABC,PASS,28,0,1.0,PASS,PASS,PASS,0.050863
"C:\Users\USUARIO\Documents\Downloads\BASE DE DATOS 1974-2018 PDFs. WSS\2009\2009-11-20 Jesucristo es el mismo ayer hoy y por los siglos (WSS) Valencia, Venezuela.pdf",0c14e4e6-3e9d-45de-aee9-59b1d20ee999,842cb4ea-18a2-4aba-b21f-364dfbc40085,2009-11-20,Jesucristo es el mismo ayer hoy y por los siglos.,33,APROBADO,909C9B7CA34857C984E8947162F24C62349B56C25E7AD15740B39A73B4EC1D2E,normalizacion_paginada_v2_1_guiones_lexico_20260811,B75821DCA7E73A9A59289274E77E823F84436591E15C224011B0ECD7D1694ABC,PASS,23,0,1.0,PASS,PASS,PASS,0.051644
"C:\Users\USUARIO\Documents\Downloads\BASE DE DATOS 1974-2018 PDFs. WSS\2009\2009-11-29 Los hijos del Segundo Adan (WSS) Cayey, Puerto Rico.pdf",f02e5b38-619f-41a9-8ebe-ed8ec6c4c7bb,abc1a574-6a6f-4fbb-bfde-b5cf6cce73a0,2009-11-29,Los hijos del Segundo Adan.,31,APROBADO,93F7F3022BAB0A8EF33F7DEC316D13E25CD69C71DBE74C5780501D547FE44DA6,normalizacion_paginada_v2_1_guiones_lexico_20260811,B75821DCA7E73A9A59289274E77E823F84436591E15C224011B0ECD7D1694ABC,PASS,26,0,1.0,PASS,PASS,PASS,0.039429
"C:\Users\USUARIO\Documents\Downloads\BASE DE DATOS 1974-2018 PDFs. WSS\2009\2009-12-02 El Sol Naciente (WSS) Atlanta, EEUU (movil).pdf",78b50b95-1362-4c27-88fa-240a9061818f,dd569fff-ce62-4e2c-97bb-ada07e4309b8,2009-12-02,El Sol Naciente.,33,APROBADO,BBBBB7701681A36DB9232F6441F9CBD970A5EB86184F99EC5FF0E609CD69171F,normalizacion_paginada_v2_1_guiones_lexico_20260811,B75821DCA7E73A9A59289274E77E823F84436591E15C224011B0ECD7D1694ABC,PASS,29,0,1.0,PASS,PASS,PASS,0.045108
"C:\Users\USUARIO\Documents\Downloads\BASE DE DATOS 1974-2018 PDFs. WSS\2009\2009-12-05 El Hijo del Hombre, una señal para esta generación (WSS) Austin, Texas, EEUU (movil).pdf",5c081d2e-722f-4017-a81f-28059f9075c5,83817126-2a35-4490-8c00-0aec3db56120,2009-12-05,El Hijo del Hombre una Señal para esta generacion.,32,APROBADO,2B6EA6222A278CF86D4274229DFAA183351C75C6D0DB4D5BC4E84755867CC3A7,normalizacion_paginada_v2_1_guiones_lexico_20260811,B75821DCA7E73A9A59289274E77E823F84436591E15C224011B0ECD7D1694ABC,PASS,25,0,1.0,PASS,PASS,PASS,0.020696
"C:\Users\USUARIO\Documents\Downloads\BASE DE DATOS 1974-2018 PDFs. WSS\2009\2009-12-06 Luchando por la bendicion del Angel de Dios (WSS) Austin, Texas, EEUU (movil).pdf",608ca1f5-9c09-4826-839f-a4c6dc2a4162,b9f35c60-d642-4e0d-8c18-c3b013aa884b,2009-12-06,Luchando por la bendicion del Angel de Dios.,28,APROBADO,E6C01528EF28A9F0D8973ECCAD40FB79FA701698F16F074CE887589E4AFBCA62,normalizacion_paginada_v2_1_guiones_lexico_20260811,B75821DCA7E73A9A59289274E77E823F84436591E15C224011B0ECD7D1694ABC,PASS,19,0,1.0,PASS,PASS,PASS,0.046479
"C:\Users\USUARIO\Documents\Downloads\BASE DE DATOS 1974-2018 PDFs. WSS\2009\2009-12-08 El Angel con el mensaje final de Dios (WSS) Ciudad Juarez, Mexico (movil).pdf",6954cc98-c418-443a-b3d3-e970aafdaefe,b1dfa783-a44f-4ee4-bf7a-21a1c97b050c,2009-12-08,El Angel con el mensaje final de Dios.,33,APROBADO,BC190CA84BAB8484B3051281A1EF564F6C7DA0E7949245DB9EB1824718DE3AF1,normalizacion_paginada_v2_1_guiones_lexico_20260811,B75821DCA7E73A9A59289274E77E823F84436591E15C224011B0ECD7D1694ABC,PASS,28,0,1.0,PASS,PASS,PASS,0.045955
"C:\Users\USUARIO\Documents\Downloads\BASE DE DATOS 1974-2018 PDFs. WSS\2009\2009-12-10 El Conocimiento del Orden Divino para lograr la Paz (WSS) Matamoros, Mexico (movil).pdf",13da94bc-cfff-4e5f-8cbc-8bbf44029356,adf2e326-1d3d-469b-b435-3f826ff34ddc,2009-12-10,El Conocimiento del Orden Divino para lograr la Paz.,32,APROBADO,8C3F4249488D09DD1F26E84FEAF915A3B9544880BD005B85FA9E0739F7B844B1,normalizacion_paginada_v2_1_guiones_lexico_20260811,B75821DCA7E73A9A59289274E77E823F84436591E15C224011B0ECD7D1694ABC,PASS,26,0,1.0,PASS,PASS,PASS,0.050056
"C:\Users\USUARIO\Documents\Downloads\BASE DE DATOS 1974-2018 PDFs. WSS\2009\2009-12-11 El Ultimo Mensaje de Dios que Revela los misterios del tiempo del fin (WSS) Topochico, Mexico (movil).pdf",42970a4d-f32d-474b-94c7-62168ed2b4bc,fac5dc0c-7df0-4ac0-a461-55dc13267185,2009-12-11,El Ultimo Mensaje de Dios que Revela los misterios del tiempo del fin.,29,APROBADO,C7790E2E73D94525B83F2B7CC80E0A105C0D07F539FE7DB6CAC387FF2FA46594,normalizacion_paginada_v2_1_guiones_lexico_20260811,B75821DCA7E73A9A59289274E77E823F84436591E15C224011B0ECD7D1694ABC,PASS,24,0,1.0,PASS,PASS,PASS,0.053887
"C:\Users\USUARIO\Documents\Downloads\BASE DE DATOS 1974-2018 PDFs. WSS\2009\2009-12-19 El hombre noble (WSS) Villahermosa, Tabasco, México (movil).pdf",398401ee-3345-47c0-a6c5-96933f858611,7d52dce1-81f1-4c15-b803-18fe6bee316a,2009-12-19,RM El hombre noble.,36,APROBADO,5976E76F2761383528C9C905A0E76D470426F44677D19088FF191056742B8F64,normalizacion_paginada_v2_1_guiones_lexico_20260811,B75821DCA7E73A9A59289274E77E823F84436591E15C224011B0ECD7D1694ABC,PASS,30,0,1.0,PASS,PASS,PASS,0.017690
"C:\Users\USUARIO\Documents\Downloads\BASE DE DATOS 1974-2018 PDFs. WSS\2009\2009-12-20 Jesucristo Poder y Sabiduria de Dios (WSS) Villahermosa, Mexico.pdf",a9b2c34b-15e0-433e-bccf-71bca243084f,16763ca4-bec5-47b7-95ae-986bd86ac4ca,2009-12-20,Jesucristo Poder y Sabiduria de Dios.,32,APROBADO,5A9C36254F572946D0CD42749BFE0799A0E1914ECC5C38242B227F7D51153491,normalizacion_paginada_v2_1_guiones_lexico_20260811,B75821DCA7E73A9A59289274E77E823F84436591E15C224011B0ECD7D1694ABC,PASS,26,0,1.0,PASS,PASS,PASS,0.067367
"C:\Users\USUARIO\Documents\Downloads\BASE DE DATOS 1974-2018 PDFs. WSS\2010\2010-01-13 La Familia Real (WSS) San José de los Campos, Brasil (movil).pdf",16a104c3-a60d-482d-ac60-3b3273c19b66,dfb75780-242e-4e51-852c-363248a40e52,2010-01-13,La Familia Real.,15,APROBADO,3E253BFFD6A2121E704AAF7A6949C38EAF7AC8E04505E915F7D0F3E4C57A3FB6,normalizacion_paginada_v2_1_guiones_lexico_20260811,B75821DCA7E73A9A59289274E77E823F84436591E15C224011B0ECD7D1694ABC,PASS,8,0,1.0,PASS,PASS,PASS,0.074221
"C:\Users\USUARIO\Documents\Downloads\BASE DE DATOS 1974-2018 PDFs. WSS\2010\2010-01-15 La Meta de Dios y de sus Hijos la Transformacion (WSS) La Floria, Santiago, Chile.pdf",d1b93b38-ef34-49f0-a69e-5017e800d941,1b7c3dba-1ec4-4ab7-ba85-72c30844d890,2010-01-15,La Meta de Dios y de sus Hijos la Transformacion.,26,APROBADO,204CF45C06CFA26C460F4B4B916077E481B40228E68F4774BE23A702C965341C,normalizacion_paginada_v2_1_guiones_lexico_20260811,B75821DCA7E73A9A59289274E77E823F84436591E15C224011B0ECD7D1694ABC,PASS,15,0,1.0,PASS,PASS,PASS,0.045075
"C:\Users\USUARIO\Documents\Downloads\BASE DE DATOS 1974-2018 PDFs. WSS\2010\2010-01-17 La Predicación del Evangelio del Reino (WSS) Lima, Perú (movil).pdf",9da3d206-1e3f-452b-9e48-471a1b4a8afe,78af2791-e4bb-467f-a539-49fb559208fa,2010-01-17,La Predicacion del Evangelio del Reino.,44,APROBADO,FF6C1F39092928571A1160ADCA15D6389DB03E0C63D67A8D24946136EE0D6551,normalizacion_paginada_v2_1_guiones_lexico_20260811,B75821DCA7E73A9A59289274E77E823F84436591E15C224011B0ECD7D1694ABC,PASS,37,0,1.0,PASS,PASS,PASS,0.043390
"C:\Users\USUARIO\Documents\Downloads\BASE DE DATOS 1974-2018 PDFs. WSS\2010\2010-01-22 La Puerta a la Teofania (WSS) Centenario, Bogotá, Colombia (movil).pdf",bd21c281-1209-4d57-aefb-54dbfb3f4ffd,a5977c9f-e5ad-47b4-bf7b-1e8ca05e262e,2010-01-22,La Puerta a la Teofania.,31,APROBADO,17B5F065A42A12554FE3B06AB4C81BA14122227A380B58B07D123DD2FE601E32,normalizacion_paginada_v2_1_guiones_lexico_20260811,B75821DCA7E73A9A59289274E77E823F84436591E15C224011B0ECD7D1694ABC,PASS,27,0,1.0,PASS,PASS,PASS,0.046198
"C:\Users\USUARIO\Documents\Downloads\BASE DE DATOS 1974-2018 PDFs. WSS\2010\2010-01-24 La Armadura de Dios (WSS) Bogotá, Colombia (movil).pdf",b4915df2-1e5f-4dc5-a508-ea2224ad3d16,56c881dc-ced3-4bf8-878c-dd60d6742e31,2010-01-24,La Armadura de Dios.,46,APROBADO,5CB17230EA2298873C3606F65E74A385C0ACD3C44AAD8B7B6E3F7A62552BE2F7,normalizacion_paginada_v2_1_guiones_lexico_20260811,B75821DCA7E73A9A59289274E77E823F84436591E15C224011B0ECD7D1694ABC,PASS,42,0,1.0,PASS,PASS,PASS,0.035918
"C:\Users\USUARIO\Documents\Downloads\BASE DE DATOS 1974-2018 PDFs. WSS\2010\2010-01-29 El Tiempo del Fin (WSS) Palmira, Colombia (movil).pdf",e4f27ce9-2c53-4339-ab2d-8063c38b3d68,3c26ae6b-08ac-4acc-8c27-fcbfa6ce2890,2010-01-29,El Tiempo del Fin.,37,APROBADO,ECB1A86A55F38DC5D9FA0189A010C02DE0377FBD109B75516F71AD30D0092F6D,normalizacion_paginada_v2_1_guiones_lexico_20260811,B75821DCA7E73A9A59289274E77E823F84436591E15C224011B0ECD7D1694ABC,PASS,31,0,1.0,PASS,PASS,PASS,0.040038
"C:\Users\USUARIO\Documents\Downloads\BASE DE DATOS 1974-2018 PDFs. WSS\2010\2010-01-31 Josue pasando el pueblo a la Tierra Prometida (WSS) Cali, Colombia (movil).pdf",74cd9db9-9133-487c-b5ab-28f11fa0406f,2f32b9ce-365d-4749-90aa-1eded99703c6,2010-01-31,Josue pasando el pueblo a la Tierra Prometida.,40,APROBADO,25016FF78EACDD85F98E7DAF49B86BBEA428BE0D4FC50FCBE415000C0417C71B,normalizacion_paginada_v2_1_guiones_lexico_20260811,B75821DCA7E73A9A59289274E77E823F84436591E15C224011B0ECD7D1694ABC,PASS,34,0,1.0,PASS,PASS,PASS,0.047747
"C:\Users\USUARIO\Documents\Downloads\BASE DE DATOS 1974-2018 PDFs. WSS\2010\2010-02-05 La Palabra Profetica (WSS) Cartagena, Colombia (movil).pdf",742e82bc-f342-4710-a12c-e8d7c59714cc,cd4a7851-bf85-48b2-b7b3-ef1dce010318,2010-02-05,La Palabra Profetica.,29,APROBADO,2483D071A2A6FB7A9BC985DB87F085B0CED8C77AD1147B1969745916A61E8CD5,normalizacion_paginada_v2_1_guiones_lexico_20260811,B75821DCA7E73A9A59289274E77E823F84436591E15C224011B0ECD7D1694ABC,PASS,24,0,1.0,PASS,PASS,PASS,0.045447
"C:\Users\USUARIO\Documents\Downloads\BASE DE DATOS 1974-2018 PDFs. WSS\2010\2010-02-06 Dónde nos encontramos en el Programa Divino en este tiempo presente (WSS) Barraquilla, Colombia (movil).pdf",0bb07719-a941-49db-b42c-e0a364649b8a,5ade6e22-3096-46d3-8e4d-3a4cc4fc6c2e,2010-02-06,Dónde nos encontramos en el Programa Divino en este tiempo presente.,23,APROBADO,CBCFF820A89B100722CF3E9826A410CF05719416AED362E135730E5161599B79,normalizacion_paginada_v2_1_guiones_lexico_20260811,B75821DCA7E73A9A59289274E77E823F84436591E15C224011B0ECD7D1694ABC,PASS,20,0,1.0,PASS,PASS,PASS,0.024146
"C:\Users\USUARIO\Documents\Downloads\BASE DE DATOS 1974-2018 PDFs. WSS\2010\2010-02-07 El Señor Jesucristo el Emperador de la Paz (WSS) Santa Marta, Colombia (movil).pdf",1a2fd603-722e-4649-8ac4-c60c1261d947,f98aae99-dc2d-4dad-8d95-9a03d0c2a9bf,2010-02-07,El Señor Jesucristo el Emperador de la Paz.,38,APROBADO,6E0A23A0CBE1AC455B3AA800E9536D2612FF8FFE177CFC0D35C48DC248AC9A29,normalizacion_paginada_v2_1_guiones_lexico_20260811,B75821DCA7E73A9A59289274E77E823F84436591E15C224011B0ECD7D1694ABC,PASS,24,0,1.0,PASS,PASS,PASS,0.038871
"C:\Users\USUARIO\Documents\Downloads\BASE DE DATOS 1974-2018 PDFs. WSS\2010\2010-02-14 La trayectoria del Trono de Dios (WSS) Goiania, Brasil (movil).pdf",088fcf2f-f2be-4325-8976-e1a57c9f7828,f460d880-6fec-458e-82c5-1c7d73b732c0,2010-02-14,La trayectoria del Trono de Dios.,21,APROBADO,7A8904AA0D128E63CEB46AEC79DECD11684027F07A3A7B109D89DCB8B362D464,normalizacion_paginada_v2_1_guiones_lexico_20260811,B75821DCA7E73A9A59289274E77E823F84436591E15C224011B0ECD7D1694ABC,PASS,14,0,1.0,PASS,PASS,PASS,0.052068
"C:\Users\USUARIO\Documents\Downloads\BASE DE DATOS 1974-2018 PDFs. WSS\2010\2010-02-21 Buscad a Dios mientras pueda ser hallado (WSS) San Pablo, Brasil (movil).pdf",a6c3086f-c071-4b3d-966e-ff739c60a9e7,4cbd68ee-0aaa-4f40-8229-684d50dcd803,2010-02-21,Buscad a Dios mientras pueda ser hallado.,24,APROBADO,EB17B2744871D6D900A1DD9960713111B64BEE6D3A6363D5E279F6523971CCAE,normalizacion_paginada_v2_1_guiones_lexico_20260811,B75821DCA7E73A9A59289274E77E823F84436591E15C224011B0ECD7D1694ABC,PASS,19,0,1.0,PASS,PASS,PASS,0.051087
"C:\Users\USUARIO\Documents\Downloads\BASE DE DATOS 1974-2018 PDFs. WSS\2010\2010-02-28 Un cambio de Nombre (WSS) Buenos Aires, Argentina (movil).pdf",c5671cfc-5a6e-410a-809c-b2e42a603228,7616176d-3392-445d-9da0-4856f1566a4f,2010-02-28,Un cambio de Nombre.,41,APROBADO,F61F2E0BA4AD2B38F0A91A0B5451835E545B0C8CC626A224B11395647EBD57C2,normalizacion_paginada_v2_1_guiones_lexico_20260811,B75821DCA7E73A9A59289274E77E823F84436591E15C224011B0ECD7D1694ABC,PASS,34,0,1.0,PASS,PASS,PASS,0.053326
"C:\Users\USUARIO\Documents\Downloads\BASE DE DATOS 1974-2018 PDFs. WSS\2010\2010-03-05 La trayectoria del Cristianismo con La Roca que le sigue (WSS) La prado, Santiago, Chile (movil).pdf",fde4943d-89eb-41e1-8236-91857c61086c,4266cf75-4456-4dbe-9231-cce5369dcf28,2010-03-05,La trayectoria del Cristianismo con La Roca que le sigue.,25,APROBADO,CBD871746A19D067B30EB7C7C32E762AA777AA3E033100C5C97AB19994534976,normalizacion_paginada_v2_1_guiones_lexico_20260811,B75821DCA7E73A9A59289274E77E823F84436591E15C224011B0ECD7D1694ABC,PASS,20,0,1.0,PASS,PASS,PASS,0.033810
"C:\Users\USUARIO\Documents\Downloads\BASE DE DATOS 1974-2018 PDFs. WSS\2010\2010-03-07 El Hijo del Hombre con sus Angeles juntando a sus escogidos. (WSS) Santiago de Chile, Chile (movil).pdf",60db917e-875d-4c4d-aed5-14a96fe9a763,5125d9d2-74ef-47e0-8b6c-908ead57beee,2010-03-07,El Hijo del Hombre con sus Angeles juntando a sus escogidos.,29,APROBADO,5949348B9AFCDC56B4F02C93584A482CC813E21533F907F14C264C19BEB8A3F8,normalizacion_paginada_v2_1_guiones_lexico_20260811,B75821DCA7E73A9A59289274E77E823F84436591E15C224011B0ECD7D1694ABC,PASS,18,0,1.0,PASS,PASS,PASS,0.047991
"C:\Users\USUARIO\Documents\Downloads\BASE DE DATOS 1974-2018 PDFs. WSS\2010\2010-03-11 En pie delante del Hijo del Hombre porque nuestra Redencion esta cerca (WSS) Santa Cruz, Bolivia (movil).pdf",88b395d7-0b0e-4caf-8084-d73db976cba9,af13cda7-fd22-4b78-bb82-f42324a77ee2,2010-03-11,En pie delante del Hijo del Hombre porque nuestra Redencion esta cerca.,25,APROBADO,3E2FF44DA36E6C60DDA60460D87E77B4284218CCAECF17233B98A83654B3F190,normalizacion_paginada_v2_1_guiones_lexico_20260811,B75821DCA7E73A9A59289274E77E823F84436591E15C224011B0ECD7D1694ABC,PASS,18,0,1.0,PASS,PASS,PASS,0.050883
"C:\Users\USUARIO\Documents\Downloads\BASE DE DATOS 1974-2018 PDFs. WSS\2010\2010-03-12 Tiempo de temor y expectación (WSS) Trujillo, Perú (movil).pdf",c9cc471a-dded-41d5-b74d-9b4f82b8db1b,7e95d2c8-b0fb-4a8c-8597-038a6342e794,2010-03-12,Tiempo de temor y expectacion.,23,APROBADO,89DE0F32BFEE1BD9173B7329D5722247AE9DCD442C431F53A4B46D7580A2CB08,normalizacion_paginada_v2_1_guiones_lexico_20260811,B75821DCA7E73A9A59289274E77E823F84436591E15C224011B0ECD7D1694ABC,PASS,17,0,1.0,PASS,PASS,PASS,0.066549
"C:\Users\USUARIO\Documents\Downloads\BASE DE DATOS 1974-2018 PDFs. WSS\2010\2010-03-13 Un Ministro Aprobado por Dios (WSS) Lima, Perú (MOVIL).pdf",47acd991-12f3-45be-8ab4-7e88fa79a13d,40cd1b06-d48e-427f-a611-ce25699be88c,2010-03-13,Un Ministro Aprobado por Dios.,16,APROBADO,FC87B9532B908DB60A12EA1CF7FC52C2FF6D1FB940C610EBC34BF88CCFEC4D07,normalizacion_paginada_v2_1_guiones_lexico_20260811,B75821DCA7E73A9A59289274E77E823F84436591E15C224011B0ECD7D1694ABC,PASS,11,0,1.0,PASS,PASS,PASS,0.020746
"C:\Users\USUARIO\Documents\Downloads\BASE DE DATOS 1974-2018 PDFs. WSS\2010\2010-03-14 El cumplimiento de las Profecias para el tiempo final (WSS) Lima, Perú.pdf",f6f06c57-2660-4166-968f-1057f230224c,df94d550-7a99-4d71-a1b3-0c08ea56f908,2010-03-14,El cumplimiento de las Profecias para el tiempo final.,36,APROBADO,2AB39D854C16C864A41D5E4E0ABE6BA06F685D573E885FC7BEBCA85907567A48,normalizacion_paginada_v2_1_guiones_lexico_20260811,B75821DCA7E73A9A59289274E77E823F84436591E15C224011B0ECD7D1694ABC,PASS,30,0,1.0,PASS,PASS,PASS,0.041650
"C:\Users\USUARIO\Documents\Downloads\BASE DE DATOS 1974-2018 PDFs. WSS\2010\2010-03-16 El Unico Mediador entre Dios y los hombres Jesucristo Hombre (WSS) Quito, Ecuador (movil).pdf",4ae6748d-a17c-4cf6-a8c2-4bbec96942b4,2ade2b8b-01f1-46bd-b102-88809a1a6af7,2010-03-16,El Unico Mediador entre Dios y los hombres Jesucristo Hombre.,17,APROBADO,59086E7D5FCA042530778F6F3E47D137A4FECEFDF1CD8DBEDA6E6A3E366A89A7,normalizacion_paginada_v2_1_guiones_lexico_20260811,B75821DCA7E73A9A59289274E77E823F84436591E15C224011B0ECD7D1694ABC,PASS,12,0,1.0,PASS,PASS,PASS,0.053668
"C:\Users\USUARIO\Documents\Downloads\BASE DE DATOS 1974-2018 PDFs. WSS\2010\2010-03-19 La Sangre del Señor Jesucristo la Unica Señal de Escape (WSS) Cali, Colombia (movil).pdf",5467211a-0104-4769-896c-36137621e10d,164ba434-2096-4ed2-831b-8aea7ddb18ad,2010-03-19,La Sangre del Señor Jesucristo la Unica Señal de Escape.,36,APROBADO,37F45AEC03E5C1B300981A478F389EAB102D946274A27DED288C78282586256D,normalizacion_paginada_v2_1_guiones_lexico_20260811,B75821DCA7E73A9A59289274E77E823F84436591E15C224011B0ECD7D1694ABC,PASS,30,0,1.0,PASS,PASS,PASS,0.045115
"C:\Users\USUARIO\Documents\Downloads\BASE DE DATOS 1974-2018 PDFs. WSS\2010\2010-03-21 El Tesoro escondido (WSS) Bogotá, Colombia.pdf",a14caf37-8467-40a1-9d95-ca49e8870192,55da603d-19fc-49fe-ac07-ca281ec723e0,2010-03-21,El Tesoro escondido.,40,APROBADO,184CD9B7880E45E5A0068103AE413D68B41FB5723AE4DCD67ADF4B554879233D,normalizacion_paginada_v2_1_guiones_lexico_20260811,B75821DCA7E73A9A59289274E77E823F84436591E15C224011B0ECD7D1694ABC,PASS,35,0,1.0,PASS,PASS,PASS,0.046360
"C:\Users\USUARIO\Documents\Downloads\BASE DE DATOS 1974-2018 PDFs. WSS\2010\2010-03-26 Tiempo de estar en el lugar seguro (WSS) Valencia, Venezuela (movil).pdf",28c0e7a7-cdd3-4473-8c1f-db75a56c002c,19722541-1175-4d7e-ab58-62efc2a095d4,2010-03-26,Tiempo de estar en el lugar seguro.,26,APROBADO,BD531029390792C1C009CF0F77EFBB7EBFE747AA952CF76A251D6344B0D5826D,normalizacion_paginada_v2_1_guiones_lexico_20260811,B75821DCA7E73A9A59289274E77E823F84436591E15C224011B0ECD7D1694ABC,PASS,23,0,1.0,PASS,PASS,PASS,0.036544
"C:\Users\USUARIO\Documents\Downloads\BASE DE DATOS 1974-2018 PDFs. WSS\2010\2010-04-02 El Sacrificio para un Pacto Eterno (WSS) Cayey, Puerto Rico (movil).pdf",a6d2630d-0f51-419f-827b-8541590a71f1,f4cfce06-8387-4a13-a3ad-dc54411afc11,2010-04-02,El Sacrificio para un Pacto Eterno.,25,APROBADO,7453A6432C9A9A610D9307A004E8376C73CF95FD5500214A6D456D4D2EA2E7D4,normalizacion_paginada_v2_1_guiones_lexico_20260811,B75821DCA7E73A9A59289274E77E823F84436591E15C224011B0ECD7D1694ABC,PASS,20,0,1.0,PASS,PASS,PASS,0.067323
"C:\Users\USUARIO\Documents\Downloads\BASE DE DATOS 1974-2018 PDFs. WSS\2010\2010-04-04 El Dia de Victoria (WSS) Cayey, Puerto Rico (movil).pdf",3515b2f7-e40f-41f9-aad4-ee71ca86d4c6,3e802053-741d-48c6-b726-4c5b79225d25,2010-04-04,El Dia de Victoria.,31,APROBADO,D9C9870C9F681C2FF36BC86F10538336BF1A84CB74BD4E698D3F9C2A4E153825,normalizacion_paginada_v2_1_guiones_lexico_20260811,B75821DCA7E73A9A59289274E77E823F84436591E15C224011B0ECD7D1694ABC,PASS,27,0,1.0,PASS,PASS,PASS,0.040612
C:\Users\USUARIO\Documents\Downloads\BASE DE DATOS 1974-2018 PDFs. WSS\2010\2010-04-07 Entrando por la Puerta al Camino de la Vida para comer del pan y tomar del Agua de Vida Eterna (WSS) EEUU (MOVIL).pdf,58298497-94c4-442f-a79b-97955088d4a7,be3ce1b3-27b6-4b68-aefa-cf55f6ea5b3f,2010-04-07,Entrando por la Puerta al Camino de la Vida para comer del pan y tomar del Agua de Vida Eterna.,30,APROBADO,0B7B6AC5BB9EC07DB36673299E37659E4292874DC3FB93A58FEE61805100A0C8,normalizacion_paginada_v2_1_guiones_lexico_20260811,B75821DCA7E73A9A59289274E77E823F84436591E15C224011B0ECD7D1694ABC,PASS,24,0,1.0,PASS,PASS,PASS,0.033897
"C:\Users\USUARIO\Documents\Downloads\BASE DE DATOS 1974-2018 PDFs. WSS\2010\2010-04-14  El Retorno de Cristo en Gloria y los ejercitos Celestiales (WSS) Luna, México.pdf",0ca600c8-44aa-4c46-bd51-9e78f8233fbc,59fc9522-a68d-4f9f-ac83-ef250d52541c,2010-04-14,El Retorno de Cristo en Gloria y los ejercitos Celestiales.,30,APROBADO,03A45E722DABE2F9B4D2080CA603826CEC320A5C533BDEB89268B26E00C6D792,normalizacion_paginada_v2_1_guiones_lexico_20260811,B75821DCA7E73A9A59289274E77E823F84436591E15C224011B0ECD7D1694ABC,PASS,26,0,1.0,PASS,PASS,PASS,0.055415
"C:\Users\USUARIO\Documents\Downloads\BASE DE DATOS 1974-2018 PDFs. WSS\2010\2010-04-18 El Angel de Apocalipsis capitulo 10 con el librito de la Profecia final (WSS) Torreón, México (movil).pdf",50d3d8a0-4fc9-4e78-b0c2-b8b46e43959d,2092b928-dc2d-4031-a300-5843cce16e07,2010-04-18,El Angel de Apocalipsis capitulo 10 con el librito de la Profecia final.,45,APROBADO,408E2242BF82FA2A195BC0A7BAA1FB7EF0CBFECAB5DFB4594C8CA6B5600AB64F,normalizacion_paginada_v2_1_guiones_lexico_20260811,B75821DCA7E73A9A59289274E77E823F84436591E15C224011B0ECD7D1694ABC,PASS,39,0,1.0,PASS,PASS,PASS,0.061941
"C:\Users\USUARIO\Documents\Downloads\BASE DE DATOS 1974-2018 PDFs. WSS\2010\2010-04-19 La Venida del Reino y la Gloria del Hijo del Hombre (WSS) Zihuatanejo, México (movil).pdf",97980fbc-cb30-49ce-8938-16c62d4bea65,e980e1b5-df67-467b-866b-c158c2448452,2010-04-19,La Venida del Reino y la Gloria del Hijo del Hombre.,26,APROBADO,1EB3E1954727285E37D023BB46BAC95A67EE389834847FD4FD80B10B7544CFB1,normalizacion_paginada_v2_1_guiones_lexico_20260811,B75821DCA7E73A9A59289274E77E823F84436591E15C224011B0ECD7D1694ABC,PASS,21,0,1.0,PASS,PASS,PASS,0.043915
"C:\Users\USUARIO\Documents\Downloads\BASE DE DATOS 1974-2018 PDFs. WSS\2010\2010-04-19 La Unica esperanza para la humanidad (WSS) Zihuatanejo, México (movil).pdf",dc17aa77-8944-4a65-a582-6bf30b04758c,692431bc-916c-4d0c-8f44-5aeb053ed41e,2010-04-19,La Unica esperanza para la humanidad.,22,APROBADO,D1352BE98F0E594FFB390268317266F3E7A8577D883ABF1AFC64425574BB8CE1,normalizacion_paginada_v2_1_guiones_lexico_20260811,B75821DCA7E73A9A59289274E77E823F84436591E15C224011B0ECD7D1694ABC,PASS,13,0,1.0,PASS,PASS,PASS,0.014144
"C:\Users\USUARIO\Documents\Downloads\BASE DE DATOS 1974-2018 PDFs. WSS\2010\2010-04-21 El Retorno de la Monarquia y la Teocracia fusionadas (WSS) Chilpancingo, Guerrero, México (movil).pdf",a6701c90-cad5-41b1-afbb-fe7fd23a34d0,1fde1cab-9811-44d5-99a8-16d5450a4a4a,2010-04-21,El Retorno de la Monarquia y la Teocracia fusionadas.,36,APROBADO,A53ADD5EA2BA890241EFBD23A83875BE605E1500293709810B547BF9CD90D1E1,normalizacion_paginada_v2_1_guiones_lexico_20260811,B75821DCA7E73A9A59289274E77E823F84436591E15C224011B0ECD7D1694ABC,PASS,29,0,1.0,PASS,PASS,PASS,0.039660
C:\Users\USUARIO\Documents\Downloads\BASE DE DATOS 1974-2018 PDFs. WSS\2010\2010-04-21 La hora de segar ha llegado (MOVIL).pdf,00b7f016-06d6-480e-ae02-535a9238fca3,a39d4980-3c6c-4a2b-907e-6a3970f88ae6,2010-04-21,La Hora de Segar ha llegado.,27,APROBADO,3C012249BAF33F84636BA9232673CAF15823C8BEB3A39939BA9AE04FFFA7849F,normalizacion_paginada_v2_1_guiones_lexico_20260811,B75821DCA7E73A9A59289274E77E823F84436591E15C224011B0ECD7D1694ABC,PASS,22,0,1.0,PASS,PASS,PASS,0.019005
"C:\Users\USUARIO\Documents\Downloads\BASE DE DATOS 1974-2018 PDFs. WSS\2010\2010-04-23 Tiempo de mirar por nosotros mismos (WSS) Topochico, NL, México (movil).pdf",35180d12-fc63-4d2e-a8b7-7c2c2de6b63a,150a3764-6e0f-4e2e-b106-b56eab1656b1,2010-04-23,Tiempo de mirar por nosotros mismos.,37,APROBADO,09C899CD06D2CBC5E325C6B97AAC8FA7A4681AFC58FE6FD5487472A69BC11623,normalizacion_paginada_v2_1_guiones_lexico_20260811,B75821DCA7E73A9A59289274E77E823F84436591E15C224011B0ECD7D1694ABC,PASS,29,0,1.0,PASS,PASS,PASS,0.055559
"C:\Users\USUARIO\Documents\Downloads\BASE DE DATOS 1974-2018 PDFs. WSS\2010\2010-04-25 Como Embajadores de Cristo os rogamos Reconciliaos con Dios (WSS) Monterrey, NL, México (movil).pdf",f82ef172-b89b-4207-967b-09146a02c612,c9497c5a-f0ef-40a6-adde-2ce45f201a6e,2010-04-25,Como Embajadores de Cristo os rogamos Reconciliaos con Dios.,28,APROBADO,79BCC7D8D3347BF128E59C325EEFAD7C93B67A4EDD3BBD4C756E69A20F6931C1,normalizacion_paginada_v2_1_guiones_lexico_20260811,B75821DCA7E73A9A59289274E77E823F84436591E15C224011B0ECD7D1694ABC,PASS,15,0,1.0,PASS,PASS,PASS,0.053161
C:\Users\USUARIO\Documents\Downloads\BASE DE DATOS 1974-2018 PDFs. WSS\2010\2010-04-26 La Puerta abierta en el Cielo y El Angel donde se manifiesta lo sucedido en el Monte de la transfiguracion (movil).pdf,64425bbc-fd19-45e6-a5d6-b36c3115aa46,e99c16fc-d348-4eaf-a895-b10eca700cb4,2010-04-26,La Puerta abierta en el Cielo y El Angel donde se manifiesta lo sucedido en el Monte de la transfiguracion.,39,APROBADO,5AF8A240DBE0F4FAF1FB74A6F83418BED032F45FBA57231163200C9E5127C931,normalizacion_paginada_v2_1_guiones_lexico_20260811,B75821DCA7E73A9A59289274E77E823F84436591E15C224011B0ECD7D1694ABC,PASS,34,0,1.0,PASS,PASS,PASS,0.041244
"C:\Users\USUARIO\Documents\Downloads\BASE DE DATOS 1974-2018 PDFs. WSS\2010\2010-05-02 Escuchad la Voz de Dios para que te vaya bien (WSS) Santa Marta, México.pdf",7b90ebbf-c786-4b75-92f1-62b324028109,f75878df-7143-430d-b713-832906393635,2010-05-02,Escuchad la Voz de Dios para que te vaya bien.,43,APROBADO,208F11DBACFFE5BE68AAAEC14E15A4167C58089B5C9F18D463B14BB7535F7566,normalizacion_paginada_v2_1_guiones_lexico_20260811,B75821DCA7E73A9A59289274E77E823F84436591E15C224011B0ECD7D1694ABC,PASS,24,0,1.0,PASS,PASS,PASS,0.035159
"C:\Users\USUARIO\Documents\Downloads\BASE DE DATOS 1974-2018 PDFs. WSS\2010\2010-05-03 La Importancia de oir la Voz de la Trompeta final (WSS) Poza Rica, Veracruz, México (movil).pdf",8e1661af-f9a0-4afd-a6a3-7b37ffc28b0e,9f217e0c-fd4d-42a4-aba7-520d20c67534,2010-05-03,La Importancia de oir la Voz de la Trompeta final.,35,APROBADO,48D26459BEE348B4B57BD5589F06175B6E64488617EB98A13A14EFB52ADDB10D,normalizacion_paginada_v2_1_guiones_lexico_20260811,B75821DCA7E73A9A59289274E77E823F84436591E15C224011B0ECD7D1694ABC,PASS,29,0,1.0,PASS,PASS,PASS,0.038581
"C:\Users\USUARIO\Documents\Downloads\BASE DE DATOS 1974-2018 PDFs. WSS\2010\2010-05-04 Luchando y trabajando con el Angel hasta obtener la bendicion de Dios (WSS) xalapa, Veracruz, México (movil).pdf",ebb1f766-3ad3-4b11-aaf0-6730f073328f,fac16a6d-f9fa-4e22-a27b-79d8cd7771da,2010-05-04,Luchando y trabajando con el Angel hasta obtener la bendicion de Dios.,33,APROBADO,7709303EC4A1398E8624E5C8E3DB5A313D0C31CAA9AE94E87D74A5ECE84493A3,normalizacion_paginada_v2_1_guiones_lexico_20260811,B75821DCA7E73A9A59289274E77E823F84436591E15C224011B0ECD7D1694ABC,PASS,28,0,1.0,PASS,PASS,PASS,0.056154
"C:\Users\USUARIO\Documents\Downloads\BASE DE DATOS 1974-2018 PDFs. WSS\2010\2010-05-06 El Señor Jesucristo despertando el Espiritu de sus Ministros (WSS) Minatitlán, Veracruz, México (movil).pdf",bb5eec63-d6e6-4dce-bed8-5d29f1b1af8f,6f44d5e7-2f1a-43e4-bc71-46751c7be295,2010-05-06,El Señor Jesucristo despertando el Espiritu de sus Ministros.,17,APROBADO,F5698573BAB253E7D0E302F8BD4C8CA39BC23494EAB07C554D1D0F812D3B3480,normalizacion_paginada_v2_1_guiones_lexico_20260811,B75821DCA7E73A9A59289274E77E823F84436591E15C224011B0ECD7D1694ABC,PASS,12,0,1.0,PASS,PASS,PASS,0.020239
"C:\Users\USUARIO\Documents\Downloads\BASE DE DATOS 1974-2018 PDFs. WSS\2010\2010-05-07 La Venida del Hijo del Hombre resplandeciendo en el occidente (WSS) Chiapas, México (movil).pdf",8a6437c9-dfbb-48dc-8ec5-eac7e7776bfa,864cf702-1f78-4826-ae0c-f26a28604162,2010-05-07,La Venida del Hijo del Hombre resplandeciendo en el occidente.,30,APROBADO,AE32F0E81221E19273D6E4F9B2FC17DFED1F6550D8FBEB43159155AD4DC6CC1F,normalizacion_paginada_v2_1_guiones_lexico_20260811,B75821DCA7E73A9A59289274E77E823F84436591E15C224011B0ECD7D1694ABC,PASS,21,0,1.0,PASS,PASS,PASS,0.045010
"C:\Users\USUARIO\Documents\Downloads\BASE DE DATOS 1974-2018 PDFs. WSS\2010\2010-05-08 Maestras y niños Creciendo con temos de Dios (WSS) Villahermosa, Tabasco, México (movil).pdf",e15c8b93-99e6-40ea-bfb0-08d410dfdf15,7e1e544f-3448-4139-befb-7ca4330e314a,2010-05-08,Maestras y niños Creciendo con temos de Dios.,25,APROBADO,0D0B9ACA3C50FFF88A9F8657A5F6AF9DF04A89867275E03F19456F74938630D6,normalizacion_paginada_v2_1_guiones_lexico_20260811,B75821DCA7E73A9A59289274E77E823F84436591E15C224011B0ECD7D1694ABC,PASS,18,0,1.0,PASS,PASS,PASS,0.017697
"C:\Users\USUARIO\Documents\Downloads\BASE DE DATOS 1974-2018 PDFs. WSS\2010\2010-05-12 los Entendidos Entenderan (WSS) Ciudad del Carmen, Campeche, México (movil).pdf",fe335ee7-0103-4215-a8ab-afaf6eda74e1,7ff7dab7-1293-4be4-81a5-1c4adf1f4958,2010-05-12,los Entendidos Entenderan.,21,APROBADO,8F6C2DB2B91B02C9F5786DFBEBF423F4224954E005AFCDC0402807C9F3AA6B32,normalizacion_paginada_v2_1_guiones_lexico_20260811,B75821DCA7E73A9A59289274E77E823F84436591E15C224011B0ECD7D1694ABC,PASS,15,0,1.0,PASS,PASS,PASS,0.060746
C:\Users\USUARIO\Documents\Downloads\BASE DE DATOS 1974-2018 PDFs. WSS\2010\2010-05-14 Todas las naciones y todas las familias de la tierra bendecidas con la promesa hecha por Dios a Abraham (movil).pdf,1a893865-7f73-422d-a04c-30015d668367,0f8341a4-7b81-4edf-8bb6-2c3adfcd50cf,2010-05-14,Todas las naciones y todas las familias de la tierra bendecidas con la promesa hecha por Dios a Abraham.,20,APROBADO,4134CA25DEB29467BD4C4A4AABC65B0A5B2ABAAA91C9E9D18DA036B9AF6F571A,normalizacion_paginada_v2_1_guiones_lexico_20260811,B75821DCA7E73A9A59289274E77E823F84436591E15C224011B0ECD7D1694ABC,PASS,10,0,1.0,PASS,PASS,PASS,0.067449
C:\Users\USUARIO\Documents\Downloads\BASE DE DATOS 1974-2018 PDFs. WSS\2010\2010-05-16 Las Profecias del Dia Postrero (WSS) Guatemala (movil).pdf,eb675eda-2da8-494d-babe-4e591679a405,b164fa19-a8d8-457a-af8e-f98c9034000b,2010-05-16,Las Profecias del Dia Postrero.,36,APROBADO,270885CB69C870887696B4315BE1D98BA39030F96EA0AAABCB719D442F893CA5,normalizacion_paginada_v2_1_guiones_lexico_20260811,B75821DCA7E73A9A59289274E77E823F84436591E15C224011B0ECD7D1694ABC,PASS,29,0,1.0,PASS,PASS,PASS,0.050743
"C:\Users\USUARIO\Documents\Downloads\BASE DE DATOS 1974-2018 PDFs. WSS\2010\2010-05-23 La Fiesta hebrea de pentecostes o Shavuot (WSS) San Pablo, Brasil (movil).pdf",cc228927-d57b-4ffe-8fc1-911ea73860bd,77625331-2b22-4b27-b64d-f387f90d11a8,2010-05-23,La Fiesta hebrea de pentecostes o Shavuot.,28,APROBADO,AD2A67A01DE41B3B9264BBFF0E5F4752C4C70D503165AA90B935F2E51B1BE8A8,normalizacion_paginada_v2_1_guiones_lexico_20260811,B75821DCA7E73A9A59289274E77E823F84436591E15C224011B0ECD7D1694ABC,PASS,25,0,1.0,PASS,PASS,PASS,0.034812
"C:\Users\USUARIO\Documents\Downloads\BASE DE DATOS 1974-2018 PDFs. WSS\2010\2010-06-27 Israel un Sueño Realizado (WSS) Goiania GO, Brasil.pdf",f47a00e0-018d-43ae-8efb-d416615bb687,74f0ac0c-7855-4639-8290-34db86e78ae0,2010-06-27,Israel un Sueño Realizado.,16,APROBADO,7412E0E28A1DC1B0D603EBEFBF257F1C402F13BADF46F0D45380DA03D368C1FE,normalizacion_paginada_v2_1_guiones_lexico_20260811,B75821DCA7E73A9A59289274E77E823F84436591E15C224011B0ECD7D1694ABC,PASS,8,0,1.0,PASS,PASS,PASS,0.036427
"C:\Users\USUARIO\Documents\Downloads\BASE DE DATOS 1974-2018 PDFs. WSS\2010\2010-06-30 La Casa de Dios bajo el Nuevo Pacto (WSS) Cartagena, Colombia (movil).pdf",c46d7df8-5f03-4884-9816-bf82b2ae402f,4ec474be-d51b-4f4b-934a-a1a4fdf251a6,2010-06-30,La Casa de Dios bajo el Nuevo Pacto.,21,APROBADO,7E5EC324E624C30F7994A0FC09713AAB47884E5402AF594A1DE4058458745C35,normalizacion_paginada_v2_1_guiones_lexico_20260811,B75821DCA7E73A9A59289274E77E823F84436591E15C224011B0ECD7D1694ABC,PASS,16,0,1.0,PASS,PASS,PASS,0.058124
"C:\Users\USUARIO\Documents\Downloads\BASE DE DATOS 1974-2018 PDFs. WSS\2010\2010-07-01 La Solucion a la Angustia existencial (WSS) Medellin, Colombia (movil).pdf",6bd4c57e-040d-40c1-a6b1-64289b1b871a,0d2e9520-9517-4e13-a786-6294b7138cfc,2010-07-01,La Solucion a la Angustia existencial.,29,APROBADO,5E8455E42CE062A888948C8617F7B6974D8726459B6C7BE62490554E214C6CE9,normalizacion_paginada_v2_1_guiones_lexico_20260811,B75821DCA7E73A9A59289274E77E823F84436591E15C224011B0ECD7D1694ABC,PASS,26,0,1.0,PASS,PASS,PASS,0.038582
"C:\Users\USUARIO\Documents\Downloads\BASE DE DATOS 1974-2018 PDFs. WSS\2010\2010-07-09 El Agua de Vida Eterna (WSS) La paz, Bolivia (movil).pdf",cad398cc-b470-48b3-b999-8f296b165b33,49062b70-bb1d-4fb9-8108-c85b01385b4a,2010-07-09,El Agua de Vida Eterna.,16,APROBADO,CF87C139DC609E185280ACBF71E7980B81300659E6EDD80FE970125FD2696F54,normalizacion_paginada_v2_1_guiones_lexico_20260811,B75821DCA7E73A9A59289274E77E823F84436591E15C224011B0ECD7D1694ABC,PASS,8,0,1.0,PASS,PASS,PASS,0.055647
"C:\Users\USUARIO\Documents\Downloads\BASE DE DATOS 1974-2018 PDFs. WSS\2010\2010-07-10 Las Profecias para tener La Verdadera Paz (WSS) Santa Cruz, Bolivia (movil).pdf",8d8ed916-ffbb-49f0-98a2-a8a763e41edb,d24b9108-fe6b-4740-b22d-8646d4b564cc,2010-07-10,Las Profecias para tener La Verdadera Paz.,25,APROBADO,CDB9BB7C3470860C62B2EA9AA1C169B9D9E1FFCA4ADE7ECFFEB006A5347AFF13,normalizacion_paginada_v2_1_guiones_lexico_20260811,B75821DCA7E73A9A59289274E77E823F84436591E15C224011B0ECD7D1694ABC,PASS,15,0,1.0,PASS,PASS,PASS,0.047572
"C:\Users\USUARIO\Documents\Downloads\BASE DE DATOS 1974-2018 PDFs. WSS\2010\2010-07-16 Nuestra Redencion esta Cerca (WSS) Lo Prado, Santiago de Chile, Chile (movil).pdf",c543b03f-72fc-4afa-be74-5ebd336a9c84,1ab28bfc-e6ca-47ac-a3cf-f81b0c8c569c,2010-07-16,Nuestra Redencion esta Cerca.,22,APROBADO,5D4EE9717B0D9913A31EBEB8A549EA6E91504AC320854A0169F43E37A17A6B88,normalizacion_paginada_v2_1_guiones_lexico_20260811,B75821DCA7E73A9A59289274E77E823F84436591E15C224011B0ECD7D1694ABC,PASS,12,0,1.0,PASS,PASS,PASS,0.054566
"C:\Users\USUARIO\Documents\Downloads\BASE DE DATOS 1974-2018 PDFs. WSS\2010\2010-07-18 La Virgen pura preparándose para la Adopción (WSS) Santiago de Chile, Chile.pdf",356cf95f-e975-4a82-955a-196dda16587b,0f5353ee-efe8-4117-bf20-5775f97d0781,2010-07-18,La Virgen pura preparandose para la Adopcion.,23,APROBADO,CD14732DA04F2C061B62A5E0FF4A20995DCA126B6FD733D50CF8A0651FE380E3,normalizacion_paginada_v2_1_guiones_lexico_20260811,B75821DCA7E73A9A59289274E77E823F84436591E15C224011B0ECD7D1694ABC,PASS,13,0,1.0,PASS,PASS,PASS,0.046473
C:\Users\USUARIO\Documents\Downloads\BASE DE DATOS 1974-2018 PDFs. WSS\2010\2010-07-20 La bendicion de recibir a un profeta.pdf,28e2798b-82ba-4470-8a97-54d74275feef,60eed83f-d8d3-4d1a-b39b-020f29030183,2010-07-20,La bendicion de recibir a un Profeta.,25,APROBADO,DE8A1BF270276C733E75AB9D1667BCBF5FED43FBF6C663DD210D3DD15AE2A58E,normalizacion_paginada_v2_1_guiones_lexico_20260811,B75821DCA7E73A9A59289274E77E823F84436591E15C224011B0ECD7D1694ABC,PASS,22,0,1.0,PASS,PASS,PASS,0.022333
"C:\Users\USUARIO\Documents\Downloads\BASE DE DATOS 1974-2018 PDFs. WSS\2010\2010-07-25 La Iglesia del Señor Jesucristo con el Poder de Dios(WSS) San Pablo, Brasil (movil).pdf",6fe99ebc-8204-450b-8acd-a74f2480db0e,2cab7b7c-0539-444c-8d7f-359443260a4e,2010-07-25,La Iglesia del Señor Jesucristo con el Poder de Dios.,22,APROBADO,71632D1AB80C2B3CCF05E9853CC2F2DA2B5F8194E34CA2CAA8C1DC9F818A4326,normalizacion_paginada_v2_1_guiones_lexico_20260811,B75821DCA7E73A9A59289274E77E823F84436591E15C224011B0ECD7D1694ABC,PASS,17,0,1.0,PASS,PASS,PASS,0.045450
"C:\Users\USUARIO\Documents\Downloads\BASE DE DATOS 1974-2018 PDFs. WSS\2010\2010-08-08 Los llamados a la Cena de las Bodas del Cordero (WSS) Bogotá, Colombia (movil).pdf",402a72ce-8d3e-4ed3-9ccb-c1ea6b9fa3da,215bae41-803c-4c26-82df-073d0385663c,2010-08-08,Los llamados a la Cena de las Bodas del Cordero.,34,APROBADO,B5A28FFFA5D8D5432F137670735D55E06E10AF8DEA115C95878CF1B0F2424A48,normalizacion_paginada_v2_1_guiones_lexico_20260811,B75821DCA7E73A9A59289274E77E823F84436591E15C224011B0ECD7D1694ABC,PASS,28,0,1.0,PASS,PASS,PASS,0.050724
"C:\Users\USUARIO\Documents\Downloads\BASE DE DATOS 1974-2018 PDFs. WSS\2010\2010-08-11 El Gran Misterio de La Segunda Venida del Señor Jesucristo con Poder y Gloria (WSS) Acapulco, México (movil).pdf",7b2287fb-7588-4814-9037-4579a09e1758,709d13de-6771-4197-8eae-8b2605fb7d60,2010-08-11,El Gran Misterio de La Segunda Venida del Señor Jesucristo con Poder y Gloria.,25,APROBADO,37C1B3EAFD15EB12BDD404AB2C322940114DEB4A6ECFFD112C57D6B8D4A96DAA,normalizacion_paginada_v2_1_guiones_lexico_20260811,B75821DCA7E73A9A59289274E77E823F84436591E15C224011B0ECD7D1694ABC,PASS,20,0,1.0,PASS,PASS,PASS,0.062194
"C:\Users\USUARIO\Documents\Downloads\BASE DE DATOS 1974-2018 PDFs. WSS\2010\2010-08-16 La Iglesia del Señor Jesucristo reconociendo su posicion en el Dia Postrero (WSS) Torreón, Coahuila, México.pdf",69dd6067-10d2-4f4b-a1ef-bf12391bc681,93fcb22e-4321-48ea-849f-10b07c07fec4,2010-08-16,La Iglesia del Señor Jesucristo reconociendo su posicion en el Dia Postrero.,19,APROBADO,A347400578B95F22D20DD5516C4E97D67D0353A946BE9AB763BDF94A2FDFE9D2,normalizacion_paginada_v2_1_guiones_lexico_20260811,B75821DCA7E73A9A59289274E77E823F84436591E15C224011B0ECD7D1694ABC,PASS,15,0,1.0,PASS,PASS,PASS,0.047140
"C:\Users\USUARIO\Documents\Downloads\BASE DE DATOS 1974-2018 PDFs. WSS\2010\2010-08-16 La Piedra del Angulo escogida y preciosa (WSS) Torreón, Coahuila, México (movil).pdf",914caccb-7a92-4ad9-a0d9-95adf1b4be83,7e21ae08-cf8d-4f33-98ac-594925b0cdaf,2010-08-16,La Piedra del Angulo escogida y preciosa.,16,APROBADO,E5AA17D27C9B1A1C3633822B35110DCE6DBA354CFBCF07055F34CC842F0B02D0,normalizacion_paginada_v2_1_guiones_lexico_20260811,B75821DCA7E73A9A59289274E77E823F84436591E15C224011B0ECD7D1694ABC,PASS,11,0,1.0,PASS,PASS,PASS,0.020589
"C:\Users\USUARIO\Documents\Downloads\BASE DE DATOS 1974-2018 PDFs. WSS\2010\2010-08-17 El Reino Universal del Señor Jesucristo (WSS) Luna, D.F., México (movil).pdf",42fbed16-d8d8-4b64-84a2-8c5c89048866,a54a77cd-9b7d-418b-ab5a-bd09ef2b1649,2010-08-17,El Reino Universal del Señor Jesucristo.,29,APROBADO,759C6529FA6B3244E2E31B47E042944A59198A0F558B55A185A3091F2AB4E071,normalizacion_paginada_v2_1_guiones_lexico_20260811,B75821DCA7E73A9A59289274E77E823F84436591E15C224011B0ECD7D1694ABC,PASS,24,0,1.0,PASS,PASS,PASS,0.045899
"C:\Users\USUARIO\Documents\Downloads\BASE DE DATOS 1974-2018 PDFs. WSS\2010\2010-08-22 El Espiritu de la Profecia (WSS) Santa Martha, D.F., México (movil).pdf",a1e96697-eed5-4321-a221-1bb9aa9e26c3,4fd30e67-c28b-453a-b13f-22a7e4933a37,2010-08-22,El Espiritu de la Profecia.,47,APROBADO,1C88F2B273A8BEC59A75B4F320E766B24631B4258E8E1BE80A6B0541E3DE4297,normalizacion_paginada_v2_1_guiones_lexico_20260811,B75821DCA7E73A9A59289274E77E823F84436591E15C224011B0ECD7D1694ABC,PASS,38,0,1.0,PASS,PASS,PASS,0.036575
"C:\Users\USUARIO\Documents\Downloads\BASE DE DATOS 1974-2018 PDFs. WSS\2010\2010-08-24 La Bendicion de recibir a un Profeta (WSS) Xapala, Verzcruz, México (movil).pdf",f3b8831e-698f-4871-991a-25e7ab4d415c,43959298-aee2-4fd9-8d63-91e847c19579,2010-08-24,La Bendicion de recibir a un Profeta.,44,APROBADO,5DB3717F6FE5232B1DAEBE8943A1B4DC1C7BDDB10893949491FA37C8C8ED30BE,normalizacion_paginada_v2_1_guiones_lexico_20260811,B75821DCA7E73A9A59289274E77E823F84436591E15C224011B0ECD7D1694ABC,PASS,39,0,1.0,PASS,PASS,PASS,0.038562
"C:\Users\USUARIO\Documents\Downloads\BASE DE DATOS 1974-2018 PDFs. WSS\2010\2010-08-25 Un Abismo llamando a otro abismo (WSS) Veracruz, México.pdf",560d4f14-c362-49ee-9349-86e8aed2c955,29cfd86b-935a-410b-ac7d-e7db10067e57,2010-08-25,Un Abismo llamando a otro abismo.,29,APROBADO,A89D0BD59A6DD65FEE5708800777875265FD232776BFF54131A25EA781E885D2,normalizacion_paginada_v2_1_guiones_lexico_20260811,B75821DCA7E73A9A59289274E77E823F84436591E15C224011B0ECD7D1694ABC,PASS,24,0,1.0,PASS,PASS,PASS,0.040284
"C:\Users\USUARIO\Documents\Downloads\BASE DE DATOS 1974-2018 PDFs. WSS\2010\2010-08-26 Guiados por el Espiritu de Dios (WSS) Minatitlán, Veracruz, México (movil).pdf",f6f924fc-880b-4f17-9078-ec2cc9804a2d,5cfe394d-c3e0-4669-9416-ed742eabbf38,2010-08-26,Guiados por el Espiritu de Dios.,25,APROBADO,7D3CBDD16042A78888F15AAC8621EABE75E40B6648EE375648EE5A9CEDC29AF3,normalizacion_paginada_v2_1_guiones_lexico_20260811,B75821DCA7E73A9A59289274E77E823F84436591E15C224011B0ECD7D1694ABC,PASS,13,0,1.0,PASS,PASS,PASS,0.050490
"C:\Users\USUARIO\Documents\Downloads\BASE DE DATOS 1974-2018 PDFs. WSS\2010\2010-08-26 El Proposito de Dios y su Creación (WSS) Mapachapa, Veracruz, México.pdf",67f1a019-9eb1-4453-afd4-42e8bfcbd174,331e0b14-d362-4988-91c1-db346790e883,2010-08-26,El Proposito de Dios y su Creacion.,15,APROBADO,A8CB8B822A42302B16CB3CF3C82E2B3B7398051540AF9A2439A5E317C04AC5E9,normalizacion_paginada_v2_1_guiones_lexico_20260811,B75821DCA7E73A9A59289274E77E823F84436591E15C224011B0ECD7D1694ABC,PASS,8,0,1.0,PASS,PASS,PASS,0.070303
"C:\Users\USUARIO\Documents\Downloads\BASE DE DATOS 1974-2018 PDFs. WSS\2010\2010-08-27 Este es mi Hijo Amado a El Oid(WSS) Ocuilzapotlán, Tabasco, México (movil).pdf",d16ba372-a9c5-43cd-8439-6b66e789ebbc,0c4277bf-4e5e-4c9f-a615-d21a5f7bbd77,2010-08-27,Este es mi Hijo Amado a El Oid.,29,APROBADO,D1C4620FB124986BD88E66F371C7B98917CA0BD286568B09D9BB63F3A72540C4,normalizacion_paginada_v2_1_guiones_lexico_20260811,B75821DCA7E73A9A59289274E77E823F84436591E15C224011B0ECD7D1694ABC,PASS,18,0,1.0,PASS,PASS,PASS,0.053571
"C:\Users\USUARIO\Documents\Downloads\BASE DE DATOS 1974-2018 PDFs. WSS\2010\2010-09-02 El Enviado del Señor trayendo un Mensaje de Paz para la humanidad (WSS) Ciudad Panamá, Panamá (movil).pdf",0f0bfb76-e416-4ed6-9667-caddb28f7fc2,c00b3443-44c5-44bc-9e52-38c7d403e546,2010-09-02,El Enviado del Señor trayendo un Mensaje de Paz para la humanidad.,36,APROBADO,DA0CC0EA50AA13618C58B4ACA9B5167614F7EC65098AC94D1DA8F0A676826DFA,normalizacion_paginada_v2_1_guiones_lexico_20260811,B75821DCA7E73A9A59289274E77E823F84436591E15C224011B0ECD7D1694ABC,PASS,30,0,1.0,PASS,PASS,PASS,0.036607
"C:\Users\USUARIO\Documents\Downloads\BASE DE DATOS 1974-2018 PDFs. WSS\2010\2010-09-12 Ciudadanos Celestiales (WSS) Goiania GO, Brasil (movil).pdf",a88973e0-4c1d-471b-b361-5ef779f93c0a,15917206-6916-4065-b71e-a126b381df82,2010-09-12,Ciudadanos Celestiales.,30,APROBADO,B72E9B91EC223DF705E3B0FBC3DA10FA73A63C7831CADBECCE97D3E695FE6B26,normalizacion_paginada_v2_1_guiones_lexico_20260811,B75821DCA7E73A9A59289274E77E823F84436591E15C224011B0ECD7D1694ABC,PASS,25,0,1.0,PASS,PASS,PASS,0.044100
"C:\Users\USUARIO\Documents\Downloads\BASE DE DATOS 1974-2018 PDFs. WSS\2010\2010-09-18 La bendición de seguir el consejo de Dios en nuestro tiempo (WSS) Rondonia, Brasil (MOVIL).pdf",d232bdf4-17a1-4c5d-86ca-7b2aa16449ac,3030611b-abb3-49b6-819d-fefa7b24b89b,2010-09-18,RM La Bendicion de seguir el Consejo de Dios en nuestro Tiempo.,16,APROBADO,D1363F8D48ACC2A92584C2FB19DD0D6FF9D7AEB9BABC230D23C5628B7803F5BA,normalizacion_paginada_v2_1_guiones_lexico_20260811,B75821DCA7E73A9A59289274E77E823F84436591E15C224011B0ECD7D1694ABC,PASS,9,0,1.0,PASS,PASS,PASS,0.019120
"C:\Users\USUARIO\Documents\Downloads\BASE DE DATOS 1974-2018 PDFs. WSS\2010\2010-09-24 Dios llamando al Ser humano para la solucion a todos sus problemas (WSS) Topochico, NL, México (movil).pdf",258945f8-973e-4923-9c40-f0812a0d1005,1a92b874-1b32-4334-96e3-81b5a5249dbe,2010-09-24,Dios llamando al Ser humano para la solucion a todos sus problemas.,22,APROBADO,E97A40B0D938F5EF92ED169B4DEA24E02793CE33701145F7B4044DB8D551C651,normalizacion_paginada_v2_1_guiones_lexico_20260811,B75821DCA7E73A9A59289274E77E823F84436591E15C224011B0ECD7D1694ABC,PASS,17,0,1.0,PASS,PASS,PASS,0.056645
"C:\Users\USUARIO\Documents\Downloads\BASE DE DATOS 1974-2018 PDFs. WSS\2010\2010-09-27 Escogidos desde antes de la fundacion del mundo (WSS) Torreón, Coahuila, México (movil).pdf",ffd51f54-4805-43f1-afb3-16708d8fef14,60dce31a-322d-4ed0-ac57-200bdf01fb33,2010-09-27,Escogidos desde antes de la fundacion del mundo.,25,APROBADO,EC2FF4AFAC29F2C6E693AA3959A0F1CD8CCBDC87E02BB4871F095CEF33297DB8,normalizacion_paginada_v2_1_guiones_lexico_20260811,B75821DCA7E73A9A59289274E77E823F84436591E15C224011B0ECD7D1694ABC,PASS,17,0,1.0,PASS,PASS,PASS,0.049356
"C:\Users\USUARIO\Documents\Downloads\BASE DE DATOS 1974-2018 PDFs. WSS\2010\2010-09-29 Heme aquí, enviame a mi (El Enviado del Dios de Israel) (WSS) Ciudad de México, México (movil).pdf",dcf12095-e9e4-4361-b102-5dbd15074bf3,62b2ccca-9555-49e8-a24f-b75ca8f35330,2010-09-29,Heme aqui enviame a mi el Enviado del Dios de Israel.,32,APROBADO,6F264CE3EA4A3E3ECD65B731FB6BEB0FAD68B10466592FCF85B4113CF9C2EA65,normalizacion_paginada_v2_1_guiones_lexico_20260811,B75821DCA7E73A9A59289274E77E823F84436591E15C224011B0ECD7D1694ABC,PASS,24,0,1.0,PASS,PASS,PASS,0.017609
"C:\Users\USUARIO\Documents\Downloads\BASE DE DATOS 1974-2018 PDFs. WSS\2010\2010-09-30 Esfuerzate que Yo Soy tu Ayudador (WSS) Poza Rica, Veracruz, México (movil).pdf",ba20abbf-a391-466b-a3e7-fd1e461be3d9,a8c48956-7db9-45a3-9fe1-8be318685fc4,2010-09-30,Esfuerzate que Yo Soy tu Ayudador.,26,APROBADO,77AB1AD1EA138B9989DFB4B4259B5FA8965937ABF1A823F69E6449CEE8C7E56E,normalizacion_paginada_v2_1_guiones_lexico_20260811,B75821DCA7E73A9A59289274E77E823F84436591E15C224011B0ECD7D1694ABC,PASS,21,0,1.0,PASS,PASS,PASS,0.041187
"C:\Users\USUARIO\Documents\Downloads\BASE DE DATOS 1974-2018 PDFs. WSS\2010\2010-10-02 Dios descendiendo con Poder para libertar a su pueblo (WSS) Villahermosa, Tabasco, México (movil).pdf",70a7e1ea-da4d-4071-9b98-4dfad84d6484,df5e89ac-a39f-4caf-acdc-43bda0fdc4ef,2010-10-02,Dios descendiendo con Poder para libertar a su pueblo.,29,APROBADO,1B02709265479D36274BC44A0DA8B6A467BD201C255116F6CB061148989A5E4A,normalizacion_paginada_v2_1_guiones_lexico_20260811,B75821DCA7E73A9A59289274E77E823F84436591E15C224011B0ECD7D1694ABC,PASS,24,0,1.0,PASS,PASS,PASS,0.040716
"C:\Users\USUARIO\Documents\Downloads\BASE DE DATOS 1974-2018 PDFs. WSS\2010\2010-10-03 La Verdadera y Ultima Señal del fin (WSS) Villahermosa, Tabasco, México.pdf",50b9a7a9-33d1-433f-896a-c57976e225cc,d5d88d3d-2fbe-4c61-9cbe-913430cf340c,2010-10-03,La Verdadera y Ultima Señal del fin.,29,APROBADO,544A8F7E4DD727E3893F585AD8AD03484F243A3F13F6DECA0532BFFDD55C3FBB,normalizacion_paginada_v2_1_guiones_lexico_20260811,B75821DCA7E73A9A59289274E77E823F84436591E15C224011B0ECD7D1694ABC,PASS,23,0,1.0,PASS,PASS,PASS,0.045480
C:\Users\USUARIO\Documents\Downloads\BASE DE DATOS 1974-2018 PDFs. WSS\2010\2010-10-05 Negociad entre tanto que vengo (WSS) Guatemala.pdf,f5e866ce-0d7f-4cf9-a921-48ba74010eb4,6bdffad8-1c0f-4db0-b66a-735ec1ad1795,2010-10-05,Negociad entre tanto que vengo.,29,APROBADO,76078B779A8F937FA1511E951AA63F60936CD75AAA250F1A046449D78F0E1F96,normalizacion_paginada_v2_1_guiones_lexico_20260811,B75821DCA7E73A9A59289274E77E823F84436591E15C224011B0ECD7D1694ABC,PASS,22,0,1.0,PASS,PASS,PASS,0.027266
"C:\Users\USUARIO\Documents\Downloads\BASE DE DATOS 1974-2018 PDFs. WSS\2010\2010-11-06 La profecia de los Dos Olivos (WSS) Cayey, Puerto Rico (movil).pdf",ed8cb26b-3091-434d-b819-92b9a86fd0a6,0493bd56-3b35-4821-b6fd-5d5696d16c58,2010-11-06,La Profecia de los Dos olivos.,24,APROBADO,8D6DAF456B107EC47F53A7F900216637FE6EBEA2E77600E73663895F32C35C5A,normalizacion_paginada_v2_1_guiones_lexico_20260811,B75821DCA7E73A9A59289274E77E823F84436591E15C224011B0ECD7D1694ABC,PASS,18,0,1.0,PASS,PASS,PASS,0.044692
"C:\Users\USUARIO\Documents\Downloads\BASE DE DATOS 1974-2018 PDFs. WSS\2010\2010-12-04 La Voz de Dios a traves de su Angel (WSS) Bogotá, Colombia (movil).pdf",27c32ee1-4573-4ab5-80d6-0878b77cd241,fd7619bb-3cb5-4a89-8e29-46631e56d9ef,2010-12-04,La Voz de Dios a traves de su Angel.,30,APROBADO,D57E2EA028BC48F1B59B4C133A04445607E8F4F9DD008B6AAA4E9CF1CC2719B6,normalizacion_paginada_v2_1_guiones_lexico_20260811,B75821DCA7E73A9A59289274E77E823F84436591E15C224011B0ECD7D1694ABC,PASS,25,0,1.0,PASS,PASS,PASS,0.022748
"C:\Users\USUARIO\Documents\Downloads\BASE DE DATOS 1974-2018 PDFs. WSS\2010\2010-12-05 La Paciencia de nuestro Señor es para Salvación (WSS) Bogotá, Colombia.pdf",0e01ec9b-bd59-44e4-84c4-093c830eae22,2bde08c1-69dc-4c1b-b24b-05c3c30fbeb4,2010-12-05,La Paciencia de nuestro Señor es para Salvacion.,35,APROBADO,D960CD8C90691EB0F77079FB3C3C1895B935EC40E7A773C843BF7F9C8D99E19A,normalizacion_paginada_v2_1_guiones_lexico_20260811,B75821DCA7E73A9A59289274E77E823F84436591E15C224011B0ECD7D1694ABC,PASS,28,0,1.0,PASS,PASS,PASS,0.035164
"C:\Users\USUARIO\Documents\Downloads\BASE DE DATOS 1974-2018 PDFs. WSS\2010\2010-12-19 La Trayectoria del Angel del Pacto en la historia de la Raza humana (WSS) Cayey, Puerto Rico (movil).pdf",efd46b97-66d0-40bd-99ea-ec97b8f1035c,fc64acae-86f6-4949-b55e-a0c436702b61,2010-12-19,La Trayectoria del Angel del Pacto en la historia de la Raza humana.,32,APROBADO,5B482FA05F99FF9EB52ECF0E7D1064091D4DB8721360A6B4B3E75F3AFF86CB83,normalizacion_paginada_v2_1_guiones_lexico_20260811,B75821DCA7E73A9A59289274E77E823F84436591E15C224011B0ECD7D1694ABC,PASS,21,0,1.0,PASS,PASS,PASS,0.050970
"C:\Users\USUARIO\Documents\Downloads\BASE DE DATOS 1974-2018 PDFs. WSS\2010\2010-12-26 La Palabra Profetica (WSS) Cayey, Puerto Rico (movil).pdf",43dadf2e-108b-4f87-9feb-1c6647db38c4,a4118548-5242-4ddc-b50c-1da0ecc85a14,2010-12-26,La Palabra Profetica.,29,APROBADO,0197363970F99ED192BBD7976021388CAC28666B6C49C6E0C7F1892D2879F382,normalizacion_paginada_v2_1_guiones_lexico_20260811,B75821DCA7E73A9A59289274E77E823F84436591E15C224011B0ECD7D1694ABC,PASS,24,0,1.0,PASS,PASS,PASS,0.053319
"C:\Users\USUARIO\Documents\Downloads\BASE DE DATOS 1974-2018 PDFs. WSS\2011\2011-01-09 El Testimonio del Evangelio del Reino a todas las naciones (WSS) Cayey, Puerto Rico.pdf",2fc779e5-647c-4c73-aa49-5457677c0074,e263f48c-254b-48ce-b19e-ccc95f674ec6,2011-01-09,El Testimonio del Evangelio del Reino a todas las naciones.,25,APROBADO,5AF0F88DA5EC94078EE273CDCA19B1B3FBFA6F6A91025B4C956DEBC05A0D5CED,normalizacion_paginada_v2_1_guiones_lexico_20260811,B75821DCA7E73A9A59289274E77E823F84436591E15C224011B0ECD7D1694ABC,PASS,19,0,1.0,PASS,PASS,PASS,0.035618
"C:\Users\USUARIO\Documents\Downloads\BASE DE DATOS 1974-2018 PDFs. WSS\2011\2011-01-23 Discernir la Palabra (WSS) Cayey, Puerto Rico (movil).pdf",f9489a3d-9231-4f6f-baaf-2fb4f92b6201,69bde0d0-991b-4ec5-97d2-051647e981cc,2011-01-23,Discernir la Palabra.,12,APROBADO,30F95CF240BB374CBF196EF4A6C78087C2CFF94429245A962DEA1B90583A7C7D,normalizacion_paginada_v2_1_guiones_lexico_20260811,B75821DCA7E73A9A59289274E77E823F84436591E15C224011B0ECD7D1694ABC,PASS,9,0,1.0,PASS,PASS,PASS,0.036870
"C:\Users\USUARIO\Documents\Downloads\BASE DE DATOS 1974-2018 PDFs. WSS\2011\2011-01-26 La voz del Espíritu Santo y la esposa del Señor - RM (WSS) Ciudad de Mexico, México (movil).pdf",cdcac22c-edd0-4564-b4f6-f795b7a19d6c,c282358a-13b2-4716-9930-3b912a6fd6f8,2011-01-26,RM La voz del espíritu santo y la esposa del señor,28,APROBADO,C8ED34C37592CBB6E07860FDF5F57C5D3906ABE23E32E5F6FA2789637197A863,normalizacion_paginada_v2_1_guiones_lexico_20260811,B75821DCA7E73A9A59289274E77E823F84436591E15C224011B0ECD7D1694ABC,PASS,23,0,1.0,PASS,PASS,PASS,0.016090
"C:\Users\USUARIO\Documents\Downloads\BASE DE DATOS 1974-2018 PDFs. WSS\2011\2011-03-05 El Labrador Recogiendo el Fruto (WSS) Villahermosa, México (movil).pdf",7aa0fca5-6658-459f-9210-9bfbca9a7b7b,62c26614-4cd1-4ea7-a8ca-7a8522a7b139,2011-03-05,El Labrador Recogiendo el Fruto.,24,APROBADO,C90FB04A51803D910036C9DADFB51259AD8F031159CA86B08873284D19EA3A4B,normalizacion_paginada_v2_1_guiones_lexico_20260811,B75821DCA7E73A9A59289274E77E823F84436591E15C224011B0ECD7D1694ABC,PASS,15,0,1.0,PASS,PASS,PASS,0.021515
"C:\Users\USUARIO\Documents\Downloads\BASE DE DATOS 1974-2018 PDFs. WSS\2011\2011-04-02 La identificacion de los discipulos del Señor Jesucristo (WSS) Bogota, Colombia (movil).pdf",b21ae699-97c3-457c-a257-c7418df3846a,68742f3e-c176-4398-803d-cbe302058770,2011-04-02,La identificacion de los discipulos del Señor Jesucristo.,20,APROBADO,35AE9BC1401A759887A1145C56ECD7562F4087DD2FC88F387257F3451B547A4C,normalizacion_paginada_v2_1_guiones_lexico_20260811,B75821DCA7E73A9A59289274E77E823F84436591E15C224011B0ECD7D1694ABC,PASS,13,0,1.0,PASS,PASS,PASS,0.012896
"C:\Users\USUARIO\Documents\Downloads\BASE DE DATOS 1974-2018 PDFs. WSS\2011\2011-04-03 Todo aquel que invocare El Nombre del Señor sera Salvo (WSS) Bogota, Colombia (movil).pdf",31590eaf-26c0-4d03-90c6-79157483dfbf,2ff3a8ad-a9ce-4fb8-b9e4-1db575290b98,2011-04-03,Todo aquel que invocare El Nombre del Señor sera Salvo.,37,APROBADO,44E6AC4A6A3B31D02270C6BB902D8C16683124CED391A94C32E2FB8DB48EB14D,normalizacion_paginada_v2_1_guiones_lexico_20260811,B75821DCA7E73A9A59289274E77E823F84436591E15C224011B0ECD7D1694ABC,PASS,31,0,1.0,PASS,PASS,PASS,0.066824
"C:\Users\USUARIO\Documents\Downloads\BASE DE DATOS 1974-2018 PDFs. WSS\2011\2011-04-29 Tiempo de expectación para Salvación o para Juicio (WSS) Monterrey, México (movil).pdf",8cdf41ea-63cf-4abc-8aa5-61d286db0599,5c3d3839-f907-45ea-babe-84551fd355a5,2011-04-29,Tiempo de expectacion para salvacion o para juicio.,28,APROBADO,B494A56E318889AC56F2F3F60F9E258CB49070852B056B7C4620CBF11FA85D2C,normalizacion_paginada_v2_1_guiones_lexico_20260811,B75821DCA7E73A9A59289274E77E823F84436591E15C224011B0ECD7D1694ABC,PASS,23,0,1.0,PASS,PASS,PASS,0.031723
"C:\Users\USUARIO\Documents\Downloads\BASE DE DATOS 1974-2018 PDFs. WSS\2011\2011-05-01 Tiempo de Recibir La Corona de la Vida (WSS) Monterrey, México (movil).pdf",327095e5-5415-42ce-8762-0e3e6a2de05c,edfe3c81-cb81-4e3d-86d1-df0789f78867,2011-05-01,Tiempo de Recibir La Corona de la Vida.,35,APROBADO,1947D8EC1B35E1512E38E20C6BDEFD095507F089953891D898D0C4FFCEBF4CEC,normalizacion_paginada_v2_1_guiones_lexico_20260811,B75821DCA7E73A9A59289274E77E823F84436591E15C224011B0ECD7D1694ABC,PASS,30,0,1.0,PASS,PASS,PASS,0.045014
"C:\Users\USUARIO\Documents\Downloads\BASE DE DATOS 1974-2018 PDFs. WSS\2011\2011-05-13 Jesucristo El Restaurador de todas las cosas (WSS) Talcahuano, Chile (movil).pdf",c7ca1399-e6df-424b-a53e-848cffd1a11a,1afcbccf-ca56-41e5-93c5-20c50e8bd8ec,2011-05-13,Jesucristo El Restaurador de todas las cosas.,26,APROBADO,641AB94BD0CBC572E9BD0DD85C120CF441665156D833C948ACDEEE314AE4E8C7,normalizacion_paginada_v2_1_guiones_lexico_20260811,B75821DCA7E73A9A59289274E77E823F84436591E15C224011B0ECD7D1694ABC,PASS,19,0,1.0,PASS,PASS,PASS,0.046258
"C:\Users\USUARIO\Documents\Downloads\BASE DE DATOS 1974-2018 PDFs. WSS\2011\2011-05-14 Tiempo de union y trabajo para Recibir la Promesa de la Transformacion (WSS) La Florida, Chile (movil).pdf",bb435363-b9be-4653-bce5-8e3426dfe875,5b34a470-7965-435b-87ef-a1a73c76b195,2011-05-14,Tiempo de union y trabajo para Recibir la Promesa de la Transformacion.,34,APROBADO,0ADB41AB21C0069D2FE716666D67CCEA90B12C0B4C9F4EC92EB258AD037EBCD9,normalizacion_paginada_v2_1_guiones_lexico_20260811,B75821DCA7E73A9A59289274E77E823F84436591E15C224011B0ECD7D1694ABC,PASS,27,0,1.0,PASS,PASS,PASS,0.013852
"C:\Users\USUARIO\Documents\Downloads\BASE DE DATOS 1974-2018 PDFs. WSS\2011\2011-05-28 El Angel y Los Ministros trabajando en el ultimo tiempo - RM (WSS) Austin, Texas, EEUU (movil).pdf",72d879fc-6996-4d4b-9fb4-93843feb8229,50952899-bca0-49a2-9845-de8385173c3d,2011-05-28,RM El Angel y Los Ministros trabajando en el ultimo tiempo.,31,APROBADO,40B1C202DE7AC90745BDBE72B5A80F6CD42F7CD14F5BB8E15C9AC34DF8F273B6,normalizacion_paginada_v2_1_guiones_lexico_20260811,B75821DCA7E73A9A59289274E77E823F84436591E15C224011B0ECD7D1694ABC,PASS,26,0,1.0,PASS,PASS,PASS,0.017178
"C:\Users\USUARIO\Documents\Downloads\BASE DE DATOS 1974-2018 PDFs. WSS\2011\2011-05-29 La Iglesia Novia tomando de la Plenitud de Jesucristo (WSS) Austin, Texas, EEUU (movil).pdf",38cb90f9-60d5-41f0-8ff9-178552b88b81,e97edf6b-b68f-4c9b-93d7-f913576f1d74,2011-05-29,La Iglesia Novia tomando de la Plenitud de Jesucristo.,30,APROBADO,E7F064601D878D7C6C2C1E2B3496910FDC3CE623A0F49860B139BEEEEEC9D565,normalizacion_paginada_v2_1_guiones_lexico_20260811,B75821DCA7E73A9A59289274E77E823F84436591E15C224011B0ECD7D1694ABC,PASS,24,0,1.0,PASS,PASS,PASS,0.037602
C:\Users\USUARIO\Documents\Downloads\BASE DE DATOS 1974-2018 PDFs. WSS\2011\2011-06-02 Por decreto divino Dios da la victoria a su ungido.pdf,6866d838-e470-40ff-a722-8c613c82f6af,e6c54135-b940-4c2a-bcde-e876619ef871,2011-06-02,Por decreto Divino Dios da la Victoria a su Ungido.,22,APROBADO,E57D620078ABDF63AE8B339CE055658C2840410CE9E1E1359B781778448C8A78,normalizacion_paginada_v2_1_guiones_lexico_20260811,B75821DCA7E73A9A59289274E77E823F84436591E15C224011B0ECD7D1694ABC,PASS,19,0,1.0,PASS,PASS,PASS,0.009621
"C:\Users\USUARIO\Documents\Downloads\BASE DE DATOS 1974-2018 PDFs. WSS\2011\2011-06-05 La Fuente del Agua de la Vida Eterna (WSS) Bogota, Colombia (movil).pdf",6f90a975-de22-4963-999e-2239e74a3fa6,8bd3ae60-7a1d-4cc4-9e91-57804c10ee0a,2011-06-05,La Fuente del Agua de la Vida Eterna.,39,APROBADO,A8D74AAB845A42B05CC26398A1CBF75B543FAA4FAFC2C06198483D1F8CEA74AA,normalizacion_paginada_v2_1_guiones_lexico_20260811,B75821DCA7E73A9A59289274E77E823F84436591E15C224011B0ECD7D1694ABC,PASS,28,0,1.0,PASS,PASS,PASS,0.035914
"C:\Users\USUARIO\Documents\Downloads\BASE DE DATOS 1974-2018 PDFs. WSS\2011\2011-06-10 Mas El que Perseverare hasta el fin este sera salvo (WSS) Ocuiltzapotlan, Mexico.pdf",7d9f68a3-9d23-4d60-b3b8-f9283f820709,b991c9e8-4295-475d-93b0-2bcc37bf924e,2011-06-10,Mas El que Perseverare hasta el fin este sera salvo.,32,APROBADO,7408FAD857CA983A5DE13D23B676CE9BF7B680AB2957C7BE146BA1DF0D3FF10B,normalizacion_paginada_v2_1_guiones_lexico_20260811,B75821DCA7E73A9A59289274E77E823F84436591E15C224011B0ECD7D1694ABC,PASS,24,0,1.0,PASS,PASS,PASS,0.047247
"C:\Users\USUARIO\Documents\Downloads\BASE DE DATOS 1974-2018 PDFs. WSS\2011\2011-06-12 La Restauracion en la Cuarta y Ultima etapa (WSS) Villahermosa, México.pdf",15586f10-56e7-4906-a975-8ce8f7bbd960,8e30930d-3cf6-4d3c-a25b-89f0c9c119cc,2011-06-12,La Restauracion en la Cuarta y Ultima etapa.,34,APROBADO,41A414876CD767BB0E2B9A185A6975CACFC7EF8578E0353F39D36E26CFFB4129,normalizacion_paginada_v2_1_guiones_lexico_20260811,B75821DCA7E73A9A59289274E77E823F84436591E15C224011B0ECD7D1694ABC,PASS,29,0,1.0,PASS,PASS,PASS,0.043346
"C:\Users\USUARIO\Documents\Downloads\BASE DE DATOS 1974-2018 PDFs. WSS\2011\2011-06-26 Los eventos que sucederan en el dia postrero (WSS) Cayey, Puerto Rico (movil).pdf",f5c66478-5242-4499-b734-7ae40726eefd,c7c03467-260a-4d5a-9b03-b7d633e5de01,2011-06-26,Los eventos que sucederan en el dia postrero. sencillo,29,APROBADO,52CA5CABE6C66C42ABCF3917C8EA93C91F3C00A8844DAA5CD31222404B689E50,normalizacion_paginada_v2_1_guiones_lexico_20260811,B75821DCA7E73A9A59289274E77E823F84436591E15C224011B0ECD7D1694ABC,PASS,26,0,1.0,PASS,PASS,PASS,0.053277
"C:\Users\USUARIO\Documents\Downloads\BASE DE DATOS 1974-2018 PDFs. WSS\2011\2011-07-03 El Tiempo en que La Iglesia reconozca su Posicion (WSS) Cayey, Puerto Rico (movil).pdf",8d599397-1f83-4b32-90b1-d75ce9e9b412,7030cb7d-01ec-4be7-a193-39b7e5c5afdf,2011-07-03,El Tiempo en que La Iglesia reconozca su Posicion.,29,APROBADO,95A6B36FE04421FD62FA70913329DBF4275B08E87A56729777BAE9C71101E71E,normalizacion_paginada_v2_1_guiones_lexico_20260811,B75821DCA7E73A9A59289274E77E823F84436591E15C224011B0ECD7D1694ABC,PASS,20,0,1.0,PASS,PASS,PASS,0.036449
"C:\Users\USUARIO\Documents\Downloads\BASE DE DATOS 1974-2018 PDFs. WSS\2011\2011-07-08 Jesucristo el buen Pastor juntando a Sus ovejas (WSS) Veracruz, México (movil).pdf",5d83e22c-e7d1-4a7f-a2cd-f7e0b62098fb,b18e813e-cecf-4c78-ac43-11b893eddd24,2011-07-08,Jesucristo el buen Pastor juntando a Sus ovejas,19,APROBADO,57087697573011C101D1FA23E61FE23981A350ED523FB8AA334808A0F7B8A470,normalizacion_paginada_v2_1_guiones_lexico_20260811,B75821DCA7E73A9A59289274E77E823F84436591E15C224011B0ECD7D1694ABC,PASS,16,0,1.0,PASS,PASS,PASS,0.028768
"C:\Users\USUARIO\Documents\Downloads\BASE DE DATOS 1974-2018 PDFs. WSS\2011\2011-07-19 Jesucristo el mejor Amigo (WSS) Buenos Aires, Argentina (movil).pdf",4e0054b3-c5a8-430b-8035-9dae04295774,97b7b575-8843-4de5-a9a0-68d08051a0e4,2011-07-19,Jesucristo el mejor Amigo.,25,APROBADO,EF0A5FB636469FEF17A88E102045DB2E1E359727B4F0888AE54294BAC19EF9B6,normalizacion_paginada_v2_1_guiones_lexico_20260811,B75821DCA7E73A9A59289274E77E823F84436591E15C224011B0ECD7D1694ABC,PASS,20,0,1.0,PASS,PASS,PASS,0.038998
"C:\Users\USUARIO\Documents\Downloads\BASE DE DATOS 1974-2018 PDFs. WSS\2011\2011-07-21 Ya es tiempo de estar en el lugar seguro (WSS) Talcahuano, Biobio, Chile (movil).pdf",73d93fe5-d849-43ec-96ec-253f02828e37,52dbcc3b-9ee2-4ff0-8509-1fc79a776454,2011-07-21,Ya es tiempo de estar en el lugar seguro.,16,APROBADO,8E0A33E076EB2DB771B445B0754E0C1AE7B6F43F60A55C115B799AC9CA1E55AC,normalizacion_paginada_v2_1_guiones_lexico_20260811,B75821DCA7E73A9A59289274E77E823F84436591E15C224011B0ECD7D1694ABC,PASS,10,0,1.0,PASS,PASS,PASS,0.040702
"C:\Users\USUARIO\Documents\Downloads\BASE DE DATOS 1974-2018 PDFs. WSS\2011\2011-07-23 Cristo y Su Iglesia venciendo siempre (WSS) Santiago de Chile, Chile (movil).pdf",8545be00-9dc7-4bba-9301-b1a3bfdb53c6,815cf450-7cae-468a-9990-1b4a233437c3,2011-07-23,RM Cristo y su Iglesia Venciendo siempre.,20,APROBADO,D61B2B9DABC792260E57667EE052399B707E4A662439EBB00058637517B6FC4C,normalizacion_paginada_v2_1_guiones_lexico_20260811,B75821DCA7E73A9A59289274E77E823F84436591E15C224011B0ECD7D1694ABC,PASS,14,0,1.0,PASS,PASS,PASS,0.046414
"C:\Users\USUARIO\Documents\Downloads\BASE DE DATOS 1974-2018 PDFs. WSS\2011\2011-07-26 Es tiempo de entender la Palabra (WSS) Lima, Perú (movil).pdf",583d0098-cae7-4be7-8918-535eccb4960f,2e34c0b4-22ec-4a3c-be8d-a721d8c0708a,2011-07-26,Es tiempo de entender la Palabra.,33,APROBADO,D359ABBC7C5B83C4289D42E0B8F57CE7D243CBCCAE1558852871A4E4718B673B,normalizacion_paginada_v2_1_guiones_lexico_20260811,B75821DCA7E73A9A59289274E77E823F84436591E15C224011B0ECD7D1694ABC,PASS,29,0,1.0,PASS,PASS,PASS,0.046470
"C:\Users\USUARIO\Documents\Downloads\BASE DE DATOS 1974-2018 PDFs. WSS\2011\2011-08-07 La Iglesia del Señor Jesucristo como un Arbol (WSS) Villahermosa, México (movil).pdf",8cbced04-3afa-4db2-bc56-4329d1f43ff2,9361ff87-f972-4772-bad6-38ae8b7d0eb3,2011-08-07,La Iglesia del Señor Jesucristo como un Arbol.,38,APROBADO,555AB0227C69FE257BD7F4DD98AABB56AB8D477BAE53C52B7D99A656DCE9DDB5,normalizacion_paginada_v2_1_guiones_lexico_20260811,B75821DCA7E73A9A59289274E77E823F84436591E15C224011B0ECD7D1694ABC,PASS,29,0,1.0,PASS,PASS,PASS,0.042067
"C:\Users\USUARIO\Documents\Downloads\BASE DE DATOS 1974-2018 PDFs. WSS\2011\2011-08-14 Una Obra cuyo disenador es Dios (WSS) Villahermosa, México (movil).pdf",b53aa21e-29ee-49b5-ae87-5bb9e40d965a,51ece787-8df4-470c-8886-76cb4429e747,2011-08-14,Una Obra cuyo disenador es Dios.,30,APROBADO,9A3DAA70321A6832E1FDD31F9CDAE239880FEDEE4321538C3CE9DF006E1ED56F,normalizacion_paginada_v2_1_guiones_lexico_20260811,B75821DCA7E73A9A59289274E77E823F84436591E15C224011B0ECD7D1694ABC,PASS,24,0,1.0,PASS,PASS,PASS,0.045361
"C:\Users\USUARIO\Documents\Downloads\BASE DE DATOS 1974-2018 PDFs. WSS\2011\2011-08-21 Jesucristo el Autor de Eterna Salvacion para todos los que le Obedecen (WSS) Monterrey, México (movil).pdf",4aea9956-fa0b-4997-9c3c-087128db34bc,82084ccb-d9e1-4e1c-9ba4-fd96b12bda60,2011-08-21,Jesucristo el Autor de Eterna Salvacion para todos los que le Obedecen.,41,APROBADO,89750E9E32574FAE0B16B0AC61CF83421B5A12FA4D8F2170EC67B870D4314CF5,normalizacion_paginada_v2_1_guiones_lexico_20260811,B75821DCA7E73A9A59289274E77E823F84436591E15C224011B0ECD7D1694ABC,PASS,34,0,1.0,PASS,PASS,PASS,0.029580
"C:\Users\USUARIO\Documents\Downloads\BASE DE DATOS 1974-2018 PDFs. WSS\2011\2011-08-25 Luchando y Perseverando hasta alcanzar la Bendicion de Dios (WSS) Chinandega, Nicaragua (movil).pdf",87526f28-d898-45f0-86e8-665c0220074b,b758a6c3-2434-4065-9b7c-ef60dcfeb086,2011-08-25,Luchando y Perseverando hasta alcanzar la Bendicion de Dios.,35,APROBADO,6321AC72F995C9EA8D7D0C9023D0D32B5928A96CC9B0CBDF08B9F80E28FEED51,normalizacion_paginada_v2_1_guiones_lexico_20260811,B75821DCA7E73A9A59289274E77E823F84436591E15C224011B0ECD7D1694ABC,PASS,27,0,1.0,PASS,PASS,PASS,0.034014
"C:\Users\USUARIO\Documents\Downloads\BASE DE DATOS 1974-2018 PDFs. WSS\2011\2011-08-26 Donde esta el Dios de Elias (WSS) San Salvador, El Salvador (movil).pdf",0aecda93-eaf3-44ff-8166-ef43372672e7,6bed245c-ddc5-4f53-a5cb-1f8d3913aa9a,2011-08-26,Donde esta el Dios de Elias.,36,APROBADO,9CC914F4099359C3ABF71105E5DBC2ABD1171C3A8A913FA5F2431C7EE760CEFF,normalizacion_paginada_v2_1_guiones_lexico_20260811,B75821DCA7E73A9A59289274E77E823F84436591E15C224011B0ECD7D1694ABC,PASS,30,0,1.0,PASS,PASS,PASS,0.039256
"C:\Users\USUARIO\Documents\Downloads\BASE DE DATOS 1974-2018 PDFs. WSS\2011\2011-08-26 El Secreto de la seguridad y la prosperidad del Ser Humano (WSS) San Salvador, El Salvador (movil).pdf",8b8d1de5-7549-4065-8ed9-bb958be7f441,39718cb1-e287-43b7-9038-45bebe95a3c5,2011-08-26,El Secreto de la seguridad y la prosperidad del Ser Humano.,22,APROBADO,D3DD498C3B8E824D154E3F92C10FF76A31E276470995B170909A8623D17B1949,normalizacion_paginada_v2_1_guiones_lexico_20260811,B75821DCA7E73A9A59289274E77E823F84436591E15C224011B0ECD7D1694ABC,PASS,13,0,1.0,PASS,PASS,PASS,0.023230
"C:\Users\USUARIO\Documents\Downloads\BASE DE DATOS 1974-2018 PDFs. WSS\2011\2011-08-30 Los que seran uno con Dios y con Cristo (WSS) Santa Marta, Mexico.pdf",4408a6fc-16d0-469f-80c0-2cc156914750,60fb3ac3-e6c0-4d55-84e1-7a6976b4fcfd,2011-08-30,Los que seran uno con Dios y con Cristo.,16,APROBADO,2B9C09889298BC5637E11B7283B38F3CB76369779EC6B9C770D3BA0851F35147,normalizacion_paginada_v2_1_guiones_lexico_20260811,B75821DCA7E73A9A59289274E77E823F84436591E15C224011B0ECD7D1694ABC,PASS,9,0,1.0,PASS,PASS,PASS,0.054260
"C:\Users\USUARIO\Documents\Downloads\BASE DE DATOS 1974-2018 PDFs. WSS\2011\2011-09-04 La Estatura de la Plenitud de Cristo (WSS) Villahermosa, México (movil).pdf",1e0c1836-fc0c-40a6-9fba-90f7fee8065f,acfd8f24-69d7-4a78-a087-34560db49132,2011-09-04,La Estatura de la Plenitud de Cristo.,26,APROBADO,F4B9E437FBDFF7DBC8BF4BA98CF6156F4912943AD732CB5644DC5846D75D47D5,normalizacion_paginada_v2_1_guiones_lexico_20260811,B75821DCA7E73A9A59289274E77E823F84436591E15C224011B0ECD7D1694ABC,PASS,19,0,1.0,PASS,PASS,PASS,0.047817
"C:\Users\USUARIO\Documents\Downloads\BASE DE DATOS 1974-2018 PDFs. WSS\2011\2011-09-25 El Hijo del Hombre Señor del Dia de Reposo (WSS) Cayey, Puerto Rico (movil).pdf",ff079fcc-6632-4a3a-8deb-2312f97d869c,e366af34-9643-40ec-8bfd-57e611183204,2011-09-25,El Hijo del Hombre Señor del Dia de Reposo.,39,APROBADO,212456030BE2979D03E9059C39D3C90B263A489C90EB7D7C460139EB5840A021,normalizacion_paginada_v2_1_guiones_lexico_20260811,B75821DCA7E73A9A59289274E77E823F84436591E15C224011B0ECD7D1694ABC,PASS,28,0,1.0,PASS,PASS,PASS,0.031700
"C:\Users\USUARIO\Documents\Downloads\BASE DE DATOS 1974-2018 PDFs. WSS\2011\2011-10-01 El Ejercito escogido que lucha para la Victoria por el Trono de Dios (WSS) Cayey, Puerto Rico (movil).pdf",38f30ced-02d9-4509-adf6-4aec1d9dd123,4b550ce9-dfa3-4963-a83e-a7bf2d0696f1,2011-10-01,El Ejercito escogido que lucha para la Victoria por el Trono de Dios.,24,APROBADO,01985027BFB62795040AA90B5FDD23881323920588C633EB96FB1061B96726B4,normalizacion_paginada_v2_1_guiones_lexico_20260811,B75821DCA7E73A9A59289274E77E823F84436591E15C224011B0ECD7D1694ABC,PASS,14,0,1.0,PASS,PASS,PASS,0.032001
"C:\Users\USUARIO\Documents\Downloads\BASE DE DATOS 1974-2018 PDFs. WSS\2011\2011-10-02 El toque de la Diestra de Dios (WSS) Cayey, Puerto Rico (movil).pdf",4284972c-489d-4265-8541-51ef6372fa0f,393622bc-c941-4145-a6f7-afcfef239e02,2011-10-02,El toque de la Diestra de Dios.,40,APROBADO,FE434F5A37448B092F5547D6279314493E86BE781108B9F21E962C5C46413EB2,normalizacion_paginada_v2_1_guiones_lexico_20260811,B75821DCA7E73A9A59289274E77E823F84436591E15C224011B0ECD7D1694ABC,PASS,34,0,1.0,PASS,PASS,PASS,0.050587
