documento_id,conferencia_id,ruta,fecha,titulo,motivo,detalle,duplicado_de,similitud_jaccard
7e12e76f-c315-43f6-abe1-5b40faa06dd0,116b08e1-e9ea-4d6c-9dc5-74b3ea57ea81,C:\Users\USUARIO\Documents\Downloads\BASE DE DATOS 1974-2018 PDFs. WSS\1974\1974-02-20 DESPERTANDO A LA REALIDAD Aclaib-cel.pdf,1974-02-20,Despertando a la Realidad,cierre,,,0.000000
6c795ad3-224c-41d5-a30c-c14895eca8a0,fc1016cb-c765-49d7-8c43-f1dacc27175c,C:\Users\USUARIO\Documents\Downloads\BASE DE DATOS 1974-2018 PDFs. WSS\1974\1974-03-30 EL INVIERNO ESTÁ CERCA AClaib-cel.pdf,1974-03-30,El Invierno Está Cerca,cierre,,,0.000000
a8b7aeee-3e75-475e-b222-7683b2df2cf8,c17a0017-9ec0-4dea-bc80-e1d9599a8116,C:\Users\USUARIO\Documents\Downloads\BASE DE DATOS 1974-2018 PDFs. WSS\1974\1974-05-26 Los tres éxodos y la señal en ellos AClaib-cel.pdf,1974-05-26,Los tres éxodos y la señal en ellos,cierre,,,0.000000
3c1233a3-9ea6-4ba2-99f3-c69e0899b92c,4a629393-b50a-410c-9b32-643206165a64,C:\Users\USUARIO\Documents\Downloads\BASE DE DATOS 1974-2018 PDFs. WSS\1974\1974-07-31 EL MISTERIO DE LOS SIETE TRUENOS DEL SEPTIMO SELLO Y DE LA FE DE RAPTO AClaib-cel.pdf,1974-07-31,El Misterio de los Siete Truenos del Septimo Sello y de la Fe de Rapto,cierre,,,0.000000
fd26d5f6-8ac2-4836-89b8-834db4cc25d7,46b6b58a-296f-4bf5-8de1-334ac308eaf9,C:\Users\USUARIO\Documents\Downloads\BASE DE DATOS 1974-2018 PDFs. WSS\1974\1974-08-04 LA REVELACIÓN DE LOS SIETE TRUENOS lectura.pdf,1974-08-04,La Revelacion de los 7 Truenos,orden_logico,,,0.000000
66b694f3-8754-4f80-a543-a34c4030f5a9,49db5aca-87f7-4560-b7ab-bdf57452b97b,C:\Users\USUARIO\Documents\Downloads\BASE DE DATOS 1974-2018 PDFs. WSS\1974\1974-08-25 EL DIOS PODEROSO REVELADO ANTE NOSOTROS lectura.pdf,1974-08-25,El Dios Poderoso Revelado Ante Nosotros,orden_logico,,,0.000000
c3524687-5178-4d8c-8415-bd18ccc92a24,b51dc2a8-8f28-4b36-9e8a-0d88a2412fe6,C:\Users\USUARIO\Documents\Downloads\BASE DE DATOS 1974-2018 PDFs. WSS\1974\1974-12-08 TIEMPO DE SEPARACION PARA RECIBIR LA PROMESA AClaib-cel.pdf,1974-12-08,Tiempo de Separacion para Recibir la Promesa,orden_logico,,,0.000000
2e61c003-dc98-498d-9a86-0691bf979c94,23bb55df-f9f7-4bf4-83ee-b3cda924f45c,C:\Users\USUARIO\Documents\Downloads\BASE DE DATOS 1974-2018 PDFs. WSS\1975\1975-01-06 LA REVELACIÓN SIEMPRE ESTÁ Y ESTARÁ VELADA EN CARNE HUMANA Y NUESTRA RESPONSABILIDAD lectura.pdf,1975-01-06,La Revelación Siempre Está y Estará Velada en Carne Humana y Nuestra Responsabilidad,orden_logico,,,0.000000
31a9b6a7-ad9a-4b37-9863-9c37f84f35bf,23bb55df-f9f7-4bf4-83ee-b3cda924f45c,C:\Users\USUARIO\Documents\Downloads\BASE DE DATOS 1974-2018 PDFs. WSS\REUNIÓN DE MINISTROS\1975-01-06 La revelación siempre está y estará velada en carne humana y nuestra responsabilidad -RM (WSS).pdf,1975-01-06,La Revelación Siempre Está y Estará Velada en Carne Humana y Nuestra Responsabilidad,orden_logico,,,0.000000
20b08c74-fdd9-4aa7-ae36-8ce401f7082b,b3616031-bb04-4653-9cf8-b48ca4176167,C:\Users\USUARIO\Documents\Downloads\BASE DE DATOS 1974-2018 PDFs. WSS\1975\1975-03-23 QUIÉNES SON LOS HIJOS DE DIOS AClaib-cel.pdf,1975-03-23,Quiénes Son los Hijos de Dios,orden_logico,,,0.000000
74b8d38d-ed4f-440b-a48b-443daea8509a,6c38699a-cde1-43ed-8be5-e4d218353069,C:\Users\USUARIO\Documents\Downloads\BASE DE DATOS 1974-2018 PDFs. WSS\1975\1975-04-27 NADA NOS APARTARÁ DE DIOS lectura.pdf,1975-04-27,Nada Nos Apartará de Dios,orden_logico,,,0.000000
96fb063b-ce56-43c6-8e9d-d46c178e9385,8424b9df-08b4-4603-b734-870c3cceacbc,C:\Users\USUARIO\Documents\Downloads\BASE DE DATOS 1974-2018 PDFs. WSS\1975\1975-06-06-LOS HIJOS DE DIOS DE REGRESO AL HOGAR LOS 700 RAPTADOS lectura.pdf,1975-06-06,Los Hijos de Dios de Regreso al Hogar los 700 Raptados,orden_logico,,,0.000000
cb50d138-9de2-4cae-ae00-a23bf2c80821,8edca753-4821-4d07-842c-367884875f90,C:\Users\USUARIO\Documents\Downloads\BASE DE DATOS 1974-2018 PDFs. WSS\1975\1975-09-11 El tercer Éxodo (WSS).pdf,1975-09-11,El Tercer Éxodo,orden_logico,,,0.000000
67fda3d5-9a61-43ba-9b5e-a69f3323c954,65f8921e-1975-4c54-b1b4-8bf81506e8d5,C:\Users\USUARIO\Documents\Downloads\BASE DE DATOS 1974-2018 PDFs. WSS\1975\1975-09-14 LA CONSTRUCCIÓN DEL TABERNÁCULO folleto.pdf,1975-09-14,La Construcción del Tabernáculo,orden_logico,,,0.000000
b2f1ff3b-1035-46d8-a4d3-8c1b479f8ba0,4a89a6d5-abf5-411c-8481-d708a2f4fd37,C:\Users\USUARIO\Documents\Downloads\BASE DE DATOS 1974-2018 PDFs. WSS\1975\1975-10-31 SOBRE LAS ALAS DE UN AGUILA BLANCA folleto.pdf,1975-10-31,Sobre las Alas de un Aguila Blanca,orden_logico,,,0.000000
b1d588de-2dfa-41e6-8eec-afea609772f9,6c4d1c57-3cff-4bc2-9a06-7ba869004f2e,C:\Users\USUARIO\Documents\Downloads\BASE DE DATOS 1974-2018 PDFs. WSS\1975\1975-11-16  POR QUÉ FUE A PASTORES folleto.pdf,1975-11-16,Por Qué Fue a Pastores,orden_logico,,,0.000000
580f9366-ef25-4298-9019-4aa2f21d6ddb,06f6d73d-248b-483d-ada3-ae91be8fd734,C:\Users\USUARIO\Documents\Downloads\BASE DE DATOS 1974-2018 PDFs. WSS\1975\1975-11-30 LA REPRESENTACION EN LA ETERNIDAD DE LOS HIJOS DE DIOS lectura.pdf,1975-11-30,La Representacion en la Eternidad de los Hijos de Dios,cierre,,,0.000000
90c7756d-616f-4d5a-9025-85598f12d9e7,54037465-1514-442d-8e60-a745ffb4ced3,C:\Users\USUARIO\Documents\Downloads\BASE DE DATOS 1974-2018 PDFs. WSS\1976\1976-01-18 EL DÍA DEL SEÑOR folleto.pdf,1976-01-18,El Día del Señor,orden_logico,,,0.000000
4890c8c6-03f9-4ada-aa22-fad46dcd645e,53e30a30-4a32-4122-9970-649fb0663b45,C:\Users\USUARIO\Documents\Downloads\BASE DE DATOS 1974-2018 PDFs. WSS\1976\1976-02-01 UN NUEVO CIELO folleto.pdf,1976-02-01,Un Nuevo Cielo,orden_logico,,,0.000000
09c8f69d-7b6f-4167-bd59-fc224795ce61,3dd442d7-1611-47ff-a31e-583a48b32956,C:\Users\USUARIO\Documents\Downloads\BASE DE DATOS 1974-2018 PDFs. WSS\1976\1976-02-05 DIOS EL CREADOR folleto.pdf,1976-02-05,Dios el Creador,orden_logico,,,0.000000
a3688021-595f-4a78-9f3f-46968c392df6,93944000-68b0-44b1-a95e-0fa5d248d75c,C:\Users\USUARIO\Documents\Downloads\BASE DE DATOS 1974-2018 PDFs. WSS\1976\1976-02-15 EL PODER DE LA RESURRECCIÓN folleto.pdf,1976-02-15,El Poder de la Resurrección,orden_logico,,,0.000000
07668956-4129-46ba-bd35-b232e6b133ed,4f838976-c6b2-46f4-ad8d-730debc0301f,C:\Users\USUARIO\Documents\Downloads\BASE DE DATOS 1974-2018 PDFs. WSS\1976\1976-02-19 LA VIDA NUEVA POR ALIMENTO NUEVO EN LA TIERRA NUEVA folleto.pdf,1976-02-19,La Vida Nueva por Alimento Nuevo en la Tierra Nueva,orden_logico,,,0.000000
ea595501-6b71-47a4-877a-a81ed95e2c4b,a46e34ed-a955-4004-81a2-0bb8d215502e,C:\Users\USUARIO\Documents\Downloads\BASE DE DATOS 1974-2018 PDFs. WSS\1976\1976-03-07 A LA MEDIANOCHE folleto.pdf,1976-03-07,A la Medianoche,orden_logico,,,0.000000
6025d859-84ff-4f70-ace6-5d9d3ddf3e88,85e87850-76f4-4d97-8292-14fdcd99ee6e,C:\Users\USUARIO\Documents\Downloads\BASE DE DATOS 1974-2018 PDFs. WSS\1976\1976-03-11 A LA HORA MÁS OSCURA lectura.pdf,1976-03-11,A la Hora Más Oscura,orden_logico,,,0.000000
6d069f65-2220-4701-b7cf-7a337bf27999,4b823a27-6611-44fa-a0a3-eb3be90a9837,C:\Users\USUARIO\Documents\Downloads\BASE DE DATOS 1974-2018 PDFs. WSS\1976\1976-03-18 EL AVIVAMIENTO DEL ESPÍRITU SANTO folleto.pdf,1976-03-18,El Avivamiento del Espíritu Santo,orden_logico,,,0.000000
d3cb7ed0-35d9-4caa-9e8b-34573d3d624a,7bbe88a2-2d4d-4a20-9299-52786198dde2,C:\Users\USUARIO\Documents\Downloads\BASE DE DATOS 1974-2018 PDFs. WSS\1976\1976-03-21 EL TIEMPO DE LOS TRUENOS HABLAR lectura.pdf,1976-03-21,El Tiempo de los Truenos Hablar,cierre,,,0.000000
4809fdde-0e85-4ae8-8c10-04f561981836,1c1b0fb2-6224-44f2-9269-1cb7ff583349,C:\Users\USUARIO\Documents\Downloads\BASE DE DATOS 1974-2018 PDFs. WSS\1976\1976-04-08 A quién se le enseñará la ciencia.pdf,1976-04-08,A quién se le enseñará la ciencia,orden_logico,,,0.000000
a556d046-08f6-43c6-b0c5-027c7ee54427,d7722e28-7153-40c0-b30a-1ac22b7a2dac,C:\Users\USUARIO\Documents\Downloads\BASE DE DATOS 1974-2018 PDFs. WSS\1976\1976-04-11 QUÉ QUIERE DECIR ESTO folleto.pdf,1976-04-11,Qué Quiere Decir Esto,orden_logico,,,0.000000
de8b01a5-9b36-4998-ba29-4b8b75c81dec,7944ddb1-6565-4fe9-827d-1d6f204ed814,C:\Users\USUARIO\Documents\Downloads\BASE DE DATOS 1974-2018 PDFs. WSS\1976\1976-05-09 LA VENIDA DEL REINO folleto.pdf,1976-05-09,La Venida del Reino,orden_logico,,,0.000000
ad2d21db-5e30-4fd9-b036-bebc15eea491,86659c9e-657a-4abe-89bd-06bbb024295b,C:\Users\USUARIO\Documents\Downloads\BASE DE DATOS 1974-2018 PDFs. WSS\1976\1976-05-18 PARA QUÉ ESTAMOS CASADOS CON CRISTO lectura.pdf,1976-05-18,Para Qué Estamos Casados con Cristo,cierre,,,0.000000
ce36055a-bcb2-4a6c-b751-98b821d5c87f,04cc23e4-b1d4-4124-968f-df623cf9898b,C:\Users\USUARIO\Documents\Downloads\BASE DE DATOS 1974-2018 PDFs. WSS\1976\1976-06-06 LAS LLAVES folleto.pdf,1976-06-06,Las Llaves,orden_logico,,,0.000000
38b3c019-8163-48e7-b244-91e5fcddb295,f022800a-93c7-4948-8630-060f9f700086,C:\Users\USUARIO\Documents\Downloads\BASE DE DATOS 1974-2018 PDFs. WSS\1976\1976-06-13 LA PALABRA ESCRITA EN TABLAS DE CARNE lectura.pdf,1976-06-13,La Palabra Escrita en Tablas de Carne,cierre,,,0.000000
d8c44685-7f9d-4225-a66d-008c2c061a99,1ceab09c-bcad-4b10-bd07-dfa053857d15,C:\Users\USUARIO\Documents\Downloads\BASE DE DATOS 1974-2018 PDFs. WSS\1976\1976-06-23 DIOS PROMETE ESCRIBIR EN EL CORAZON (DEDICACION DE LA CARPA) folleto.pdf,1976-06-23,Dios Promete Escribir en el Corazon (dedicacion de la Carpa),orden_logico,,,0.000000
69371102-8f0a-4661-8ff9-109eb995a8f1,d5f018ca-8121-40cc-8a95-510dedaca371,C:\Users\USUARIO\Documents\Downloads\BASE DE DATOS 1974-2018 PDFs. WSS\1976\1976-06-27 EL SENTARSE SOBRE EL TRONO DEL SEÑOR folleto.pdf,1976-06-27,El Sentarse Sobre el Trono del Señor,orden_logico,,,0.000000
e35318af-2ae7-4c49-a4d3-0e29f407314b,af876cfd-ae03-4691-ae66-25fc3837dedd,C:\Users\USUARIO\Documents\Downloads\BASE DE DATOS 1974-2018 PDFs. WSS\1976\1976-07-01 EL HIJO DE DIOS COMIENDO DEL ÁRBOL DE LA VIDA EN EL HUERTO DEL EDÉN lectura.pdf,1976-07-01,El Hijo de Dios Comiendo del Árbol de la Vida en el Huerto del Edén,cierre,,,0.000000
89addc16-c71b-4f3f-9001-90b1621329ed,a151eba7-b90e-428a-96d5-033e123740cd,C:\Users\USUARIO\Documents\Downloads\BASE DE DATOS 1974-2018 PDFs. WSS\1976\1976-07-09 LA CAMPANA DE LA LIBERTAD folleto.pdf,1976-07-09,La Campana de la Libertad,orden_logico,,,0.000000
d61ffd76-d1ce-488a-829d-9aa2b493067c,e18fa008-5be1-437d-bbf4-804f7d66257b,C:\Users\USUARIO\Documents\Downloads\BASE DE DATOS 1974-2018 PDFs. WSS\1976\1976-07-16 TEMOR REVERENCIAL folleto.pdf,1976-07-16,Temor Reverencial,orden_logico,,,0.000000
d4b5107e-7a5e-43c3-8f2a-7be017cc595e,e35ae7c1-c10b-401b-9f79-1c1f55ed9d89,"C:\Users\USUARIO\Documents\Downloads\BASE DE DATOS 1974-2018 PDFs. WSS\1976\1976-07-23 Examinando el fruto para conocer el árbol (WSS) Cayey, Puerto Rico.pdf",1976-07-23,Examinando el Fruto para Conocer el Arbol,orden_logico,,,0.000000
76eed91f-14e4-4c53-9a3e-54524f0860c8,1153916d-e323-474c-b499-f1c881e3284d,C:\Users\USUARIO\Documents\Downloads\BASE DE DATOS 1974-2018 PDFs. WSS\1976\1976-07-25 EL HOMBRE PRUDENTE lectura.pdf,1976-07-25,El Hombre Prudente,cierre,,,0.000000
946bb223-7fb2-4402-9b8d-b13654a16039,ca99e0b7-87c7-42b6-b37f-372819ee9778,"C:\Users\USUARIO\Documents\Downloads\BASE DE DATOS 1974-2018 PDFs. WSS\1976\1976-07-30 EL HUERTO DEL EDÉN (ojo con fecha, esta es la correcta) lectura.pdf",1976-07-30,"EL HUERTO DEL EDÉN (ojo con fecha, esta es la correcta)",orden_logico,,,0.000000
5f53ce83-4b33-4530-b71a-544dd945718a,5b917971-b2c5-4828-97cd-b17d4941d5e1,C:\Users\USUARIO\Documents\Downloads\BASE DE DATOS 1974-2018 PDFs. WSS\1976\1976-08-08 QUIÉN E ESE HOMBRE AClaib-lectura.pdf,1976-08-08,QUIÉN E ESE HOMBRE AClaib-,orden_logico,,,0.000000
2bbce4e5-6ded-45da-93c6-f93c425f29f3,e453ba2d-5f89-48d0-9996-433e082cddf0,C:\Users\USUARIO\Documents\Downloads\BASE DE DATOS 1974-2018 PDFs. WSS\1976\1976-08-22 SIGUIENDO A DIOS AClaib-cel.pdf,1976-08-22,Siguiendo a Dios,cierre,,,0.000000
4235b5c7-8fc0-4cf7-aa0a-94f2258936d8,e313e389-347b-479a-bcc5-56ba8169bd22,C:\Users\USUARIO\Documents\Downloads\BASE DE DATOS 1974-2018 PDFs. WSS\1976\1976-08-27 SEGÚN EL ORDEN DE MELQUISEDEC folleto.pdf,1976-08-27,Según el Orden de Melquisedec,orden_logico,,,0.000000
25656ac5-156c-453c-aff3-7657bd059b75,c1df06a4-63fe-41b6-8d11-79ee7c0403c2,C:\Users\USUARIO\Documents\Downloads\BASE DE DATOS 1974-2018 PDFs. WSS\1976\1976-09-08 TRONO DE JUICIO folleto.pdf,1976-09-08,Trono de Juicio,orden_logico,,,0.000000
e9b273f3-a49f-47f5-8bb8-e8f9105342e7,7cf7702a-28eb-4c6c-b1cf-df766e4e39c6,"C:\Users\USUARIO\Documents\Downloads\BASE DE DATOS 1974-2018 PDFs. WSS\1976\1976-09-15 EL ORDEN DE LA RESURRECCION (ojo con la fecha, esta es la correcta) folleto.pdf",1976-09-15,"EL ORDEN DE LA RESURRECCION (ojo con la fecha, esta es la correcta)",orden_logico,,,0.000000
874b3ba7-9154-4c2d-8a3f-3fb9347cd6e3,5778b056-3563-46bf-bdf8-68205b5e8204,C:\Users\USUARIO\Documents\Downloads\BASE DE DATOS 1974-2018 PDFs. WSS\1976\1976-10-22 QUIÉN ES LA LUZ folleto.pdf,1976-10-22,Quién es la Luz,orden_logico,,,0.000000
1b9fe7af-8d72-4f3b-a354-649ffa2438c5,2b680c3e-7194-4e64-b68b-fe12365e5144,"C:\Users\USUARIO\Documents\Downloads\BASE DE DATOS 1974-2018 PDFs. WSS\1976\1976-10-28 LO QUE NADIE CONOCÍA (ojo con la fecha, esta es la correcta) lectura.pdf",1976-10-28,"LO QUE NADIE CONOCÍA (ojo con la fecha, esta es la correcta)",duplicacion,Jaccard 8-gramas=0.764764,cfb4b1bc-f871-4613-8b46-da91e647dc6b,0.764764
068f6c0c-7961-45a5-a7a0-d837a28fde7b,b1a4d5c9-9551-4a27-b079-388b45e256e7,C:\Users\USUARIO\Documents\Downloads\BASE DE DATOS 1974-2018 PDFs. WSS\1976\1976-11-05 EL ESTABLECIMIENTO DEL REINO DE DIOS folleto.pdf,1976-11-05,El Establecimiento del Reino de Dios,orden_logico,,,0.000000
943d8a31-a006-4e7f-8d79-13229784cac0,4703ac91-4ad2-4bbd-bf26-d2899745d4c8,C:\Users\USUARIO\Documents\Downloads\BASE DE DATOS 1974-2018 PDFs. WSS\1976\1976-11-14 POSEEDORES DE TODO folleto.pdf,1976-11-14,Poseedores de Todo,orden_logico,,,0.000000
6ae124e7-be9c-4d92-aa28-d25d66a07992,e836ade4-8960-441f-90da-3c50862c5fe7,C:\Users\USUARIO\Documents\Downloads\BASE DE DATOS 1974-2018 PDFs. WSS\1976\1976-11-28 ESTE ES EL DÍA folleto.pdf,1976-11-28,Este es el Día,orden_logico,,,0.000000
4d70e255-a9bf-4522-896c-4c8891f39043,8aca7640-4dd8-4afb-a326-bce9ee8480a0,C:\Users\USUARIO\Documents\Downloads\BASE DE DATOS 1974-2018 PDFs. WSS\1976\1976-12-05 IDENTIFICADO folleto.pdf,1976-12-05,Identificado,orden_logico,,,0.000000
e7fc7804-eddf-48d2-9975-fc645f002f60,b0c2c979-ad4f-49f3-8d2f-007a4de51d6d,C:\Users\USUARIO\Documents\Downloads\BASE DE DATOS 1974-2018 PDFs. WSS\1976\1976-12-12 EL ORDEN DE LA TRANSFORMACIÓN AClaib-lectura.pdf,1976-12-12,EL ORDEN DE LA TRANSFORMACIÓN AClaib-,orden_logico,,,0.000000
b7677970-9e42-431a-bf59-216fe89a763b,b154ace1-915f-4fd9-ba26-2289d750cc47,C:\Users\USUARIO\Documents\Downloads\BASE DE DATOS 1974-2018 PDFs. WSS\1976\1976-12-19 UNA VEZ MAS folleto.pdf,1976-12-19,Una Vez Mas,orden_logico,,,0.000000
2b2f8e68-07bd-46c5-9527-8836e36cdbbe,1bfe90d1-64b4-4e23-af3c-1600b987c7b0,C:\Users\USUARIO\Documents\Downloads\BASE DE DATOS 1974-2018 PDFs. WSS\1976\1976-12-31 LA TERCERA FASE ESTÁ A LA MANO folleto.pdf,1976-12-31,La Tercera Fase Está a la Mano,orden_logico,,,0.000000
34c18fde-3a63-49aa-8b8e-cf75a89fb3d5,b7d59c6c-e29c-42e0-b3fb-82a4fbec4925,C:\Users\USUARIO\Documents\Downloads\BASE DE DATOS 1974-2018 PDFs. WSS\1977\1977-01-16 LA COIGUALDAD EN EL HUERTO DEL EDÉN folleto.pdf,1977-01-16,La Coigualdad en el Huerto del Edén,orden_logico,,,0.000000
1cfbf186-af06-467e-8eb4-78821cd6237a,4d73ff89-20b0-4051-a567-a78b303e7a06,"C:\Users\USUARIO\Documents\Downloads\BASE DE DATOS 1974-2018 PDFs. WSS\1977\1977-01-28 La primera recompensa (WSS) Cayey, Puerto Rico..pdf",1977-01-28,LA PRIMERA RECOMPENSA folleto antiguo,orden_logico,,,0.000000
72eae2e8-b629-4c1e-94bd-df65c9ba4fd7,55a35365-a73f-4f39-8349-b48abd327a97,"C:\Users\USUARIO\Documents\Downloads\BASE DE DATOS 1974-2018 PDFs. WSS\1977\1977-02-11 La segunda recompensa (WSS) Cayey, Puerto Rico.PDF",1977-02-11,LA SEGUNDA RECOMPENSA folleto antiguo,orden_logico,,,0.000000
3c95a4ca-2877-46e0-bffd-331746c6c944,a977dfc3-b8f5-4e0d-8ae1-116ee2acc153,"C:\Users\USUARIO\Documents\Downloads\BASE DE DATOS 1974-2018 PDFs. WSS\1977\1977-02-18 La cuarta recompensa (WSS) Cayey, Puerto Rico..PDF",1977-02-18,LA CUARTA RECOMPENSA folleto antiguo,orden_logico,,,0.000000
1d0f84c7-f9a8-4684-9218-ece19d663976,027260d6-1f39-42b4-a47f-8a4a0ee910bd,"C:\Users\USUARIO\Documents\Downloads\BASE DE DATOS 1974-2018 PDFs. WSS\1977\1977-02-20 La Quinta recompensa Parte I (WSS) Cayey, Puerto Rico.PDF",1977-02-20,LA QUINTA RECOMPENSA (PARTE 1) folleto antiguo,orden_logico,,,0.000000
ad20ce32-65d1-4613-914e-3a870fc36379,1a186e31-5960-45f3-818e-8dc09aa2f0c4,"C:\Users\USUARIO\Documents\Downloads\BASE DE DATOS 1974-2018 PDFs. WSS\1977\1977-02-27 La Quinta recompensa - Parte II (WSS) Cayey, Puerto Rico.pdf",1977-02-27,LA QUINTA RECOMPENSA (PARTE 2) folleto antiguo,orden_logico,,,0.000000
94044c16-b7f9-4105-b389-e4f9e87e6dd6,0ca03935-ea62-4362-b5be-b5fdf9ce7b01,"C:\Users\USUARIO\Documents\Downloads\BASE DE DATOS 1974-2018 PDFs. WSS\1977\1977-03-06 La Sexta recompensa (WSS) Cayey, Puerto Rico (MOVIL).pdf",1977-03-06,LA SEXTA RECOMPENSA folleto antiguo,orden_logico,,,0.000000
92e5ee73-dbca-47f1-a020-2a8461bc21e7,25dc4ebb-f169-483d-be09-ed0ec5f71c87,C:\Users\USUARIO\Documents\Downloads\BASE DE DATOS 1974-2018 PDFs. WSS\1977\1977-03-20 DIOS ATRAYENDO A SU PROFETA folleto.pdf,1977-03-20,Dios Atrayendo a su Profeta,orden_logico,,,0.000000
ddfddf9f-cd42-438a-b779-862ffc4ea629,e7c4dc16-4c4a-4319-b817-ffde4aa1aebb,C:\Users\USUARIO\Documents\Downloads\BASE DE DATOS 1974-2018 PDFs. WSS\1977\1977-04-07 Esta a las Puertas (WSS) Puerto Rico.PDF,1977-04-07,Esta a las Puertas,orden_logico,,,0.000000
4a797fce-009c-4793-a94a-6f3cf3c8abdb,e3028bf0-d3c1-4e3b-8cde-e9e4395ec9fc,C:\Users\USUARIO\Documents\Downloads\BASE DE DATOS 1974-2018 PDFs. WSS\1977\1977-04-08 ESTARÁ EL MISTERIO DE LOS SIETE TRUENOS CONSUMADO AClaib-cel.pdf,1977-04-08,Estará el Misterio de los Siete Truenos Consumado,cierre,,,0.000000
ed07407e-7c2f-46c8-8171-230cd9ae9240,e3028bf0-d3c1-4e3b-8cde-e9e4395ec9fc,C:\Users\USUARIO\Documents\Downloads\BASE DE DATOS 1974-2018 PDFs. WSS\1975\1977-04-08 Estará el Misterio de los Siete Truenos consumado.pdf,1977-04-08,Estará el Misterio de los Siete Truenos Consumado,orden_logico,,,0.000000
76b2cee7-5611-4194-ba06-c6e06e5dc347,84a5be5b-bf15-4c77-8090-153eb1d128ac,C:\Users\USUARIO\Documents\Downloads\BASE DE DATOS 1974-2018 PDFs. WSS\1977\1977-05-01 ADOPTADOS POR JESUCRISTO folleto.pdf,1977-05-01,Adoptados por Jesucristo,orden_logico,,,0.000000
3684df85-a21f-4f7f-ad2d-9e2dd429302e,9cb8118d-ffc0-43f7-8168-6a9cb45e6673,C:\Users\USUARIO\Documents\Downloads\BASE DE DATOS 1974-2018 PDFs. WSS\1977\1977-05-29 MIRE AL ESTE AClaib-lectura.pdf,1977-05-29,MIRE AL ESTE AClaib-,inicio,,,0.000000
7e86f784-a03a-47e9-9d8d-a0355e370803,5c77fe84-8fd4-480f-9825-9e045546fc43,C:\Users\USUARIO\Documents\Downloads\BASE DE DATOS 1974-2018 PDFs. WSS\1977\1977-06-05 JEHOVA-RAPHA (sin) AClaib-cel.pdf,1977-06-05,JEHOVA-RAPHA (sin),cierre,,,0.000000
dbb2d544-df44-413e-87e1-e03cb2de652c,521620c4-7bdf-4292-af69-b5bc4e6f9d6f,C:\Users\USUARIO\Documents\Downloads\BASE DE DATOS 1974-2018 PDFs. WSS\1977\1977-07-08 SALUTACIÓN DE TESTIMONIO AClaib-lectura.pdf,1977-07-08,SALUTACIÓN DE TESTIMONIO AClaib-,orden_logico,,,0.000000
d25a6651-4981-4745-85d2-b024dcfb1ffb,4f0144d9-e4bf-4851-bb7c-94398503cce7,C:\Users\USUARIO\Documents\Downloads\BASE DE DATOS 1974-2018 PDFs. WSS\1977\1977-07-17 EL REY CONFORME AL ORDEN DE MELQUISEDEC folleto.pdf,1977-07-17,El Rey Conforme al Orden de Melquisedec,orden_logico,,,0.000000
0b4c35a3-1a5e-4041-acfd-5cb553ab202f,547eb3a4-43a6-44f2-aee5-5f7ff386e1da,C:\Users\USUARIO\Documents\Downloads\BASE DE DATOS 1974-2018 PDFs. WSS\1977\1977-07-29 AGUA PARA EL SEDIENTO AClaib-lectura.pdf,1977-07-29,AGUA PARA EL SEDIENTO AClaib-,inicio,,,0.000000
5b698ed1-f270-4a1e-830f-df13fdadd825,01f0f051-ef5e-4f2c-adbe-4d54424d997b,C:\Users\USUARIO\Documents\Downloads\BASE DE DATOS 1974-2018 PDFs. WSS\1977\1977-07-31 LA SIMIENTE REAL DE ABRAHAM SE ENCONTRARÁ CON EL REY DE SALEM AClaib-lectura.pdf,1977-07-31,LA SIMIENTE REAL DE ABRAHAM SE ENCONTRARÁ CON EL REY DE SALEM AClaib-,orden_logico,,,0.000000
8a454a44-861c-4c3a-bd56-b65c5b60f607,4dae7b4b-1615-4ba1-9ac1-1182704115d8,C:\Users\USUARIO\Documents\Downloads\BASE DE DATOS 1974-2018 PDFs. WSS\1977\1977-08-05 BUENAS NUEVAS DE LEJANAS TIERRAS folleto .pdf,1977-08-05,Buenas Nuevas de Lejanas Tierras,orden_logico,,,0.000000
d0ec3ad5-e60e-468c-a770-02a37454ff47,92d0bc20-d251-4533-840a-d79d706fb818,C:\Users\USUARIO\Documents\Downloads\BASE DE DATOS 1974-2018 PDFs. WSS\1977\1977-08-07 UN PACTO ETERNO ESCRITO SOBRE LOS CORAZONES AClaib-lectura.pdf,1977-08-07,UN PACTO ETERNO ESCRITO SOBRE LOS CORAZONES AClaib-,orden_logico,,,0.000000
21623e93-f9c8-4338-8d36-6f0a0a34533a,c73d8d48-3d73-4c91-88b0-bdd487d4b3fc,C:\Users\USUARIO\Documents\Downloads\BASE DE DATOS 1974-2018 PDFs. WSS\1977\1977-09-11 LA SEÑAL DE ESCAPE lectura.pdf,1977-09-11,La Señal de Escape,cierre,,,0.000000
33d2475b-4764-4dbb-80bb-0d58f68b30cf,7fc3d894-e99d-4e5b-b464-fa33eca4cb11,"C:\Users\USUARIO\Documents\Downloads\BASE DE DATOS 1974-2018 PDFs. WSS\1977\1977-09-18 MIRANDO LA PALABRA (error en la fecha, esta es la correcta) AClaib-lectura.pdf",1977-09-18,"MIRANDO LA PALABRA (error en la fecha, esta es la correcta) AClaib-",orden_logico,,,0.000000
9af45bb5-1919-4063-a252-8134c563e62b,37875236-6497-4c64-b057-df97d8e13087,C:\Users\USUARIO\Documents\Downloads\BASE DE DATOS 1974-2018 PDFs. WSS\1977\1977-09-25 EL SOL NACIENTE AClaib-lectura.pdf,1977-09-25,EL SOL NACIENTE AClaib-,orden_logico,,,0.000000
4025caa7-7e89-4d73-b327-b652e8c8bc7f,73a50d48-9cb2-4c42-aa7a-9c3e66074135,C:\Users\USUARIO\Documents\Downloads\BASE DE DATOS 1974-2018 PDFs. WSS\1977\1977-10-01 EL DÍA DE LA REDENCIÓN AClaib-lectura.pdf,1977-10-01,EL DÍA DE LA REDENCIÓN AClaib-,orden_logico,,,0.000000
4fd0aa2f-b04a-4a73-82b1-d8df2e871b5a,9a49db0e-1bd4-4f63-b819-e0185490181d,C:\Users\USUARIO\Documents\Downloads\BASE DE DATOS 1974-2018 PDFs. WSS\1977\1977-10-09 PREDICACIÓN DE JUICIO SOBRE AMÉRICA (SALUDO A TUCSON) AClaib-lectura.pdf,1977-10-09,PREDICACIÓN DE JUICIO SOBRE AMÉRICA (SALUDO A TUCSON) AClaib-,orden_logico,,,0.000000
5011c70a-6d29-49ff-a273-9d31bedd0f29,def58696-ae6b-44be-b18a-c9e2960fe8c9,C:\Users\USUARIO\Documents\Downloads\BASE DE DATOS 1974-2018 PDFs. WSS\1977\1977-10-23 RECONOCIENDO LA EDAD Y SU MENSAJE AClaib-lectura.pdf,1977-10-23,RECONOCIENDO LA EDAD Y SU MENSAJE AClaib-,orden_logico,,,0.000000
13c058a2-7ff6-42c3-8e74-4f49222a1f22,bf5e36c3-fd9e-4bd3-8f9c-d46f8e50554e,C:\Users\USUARIO\Documents\Downloads\BASE DE DATOS 1974-2018 PDFs. WSS\1977\1977-11-13 TIEMPO DE TOMAR POSESIÓN AClaib-lectura.pdf,1977-11-13,TIEMPO DE TOMAR POSESIÓN AClaib-,orden_logico,,,0.000000
ad356409-ff05-4647-9fcf-bf024ed268bb,7618c261-5c92-48e6-84ee-da31d02441cb,C:\Users\USUARIO\Documents\Downloads\BASE DE DATOS 1974-2018 PDFs. WSS\1977\1977-11-20 EL DÍA DEL HIJO AClaib-lectura.pdf,1977-11-20,EL DÍA DEL HIJO AClaib-,orden_logico,,,0.000000
45003632-e8b6-4eab-923c-950b1af67bca,349e6468-ddec-469e-9d85-2fc627e895cf,C:\Users\USUARIO\Documents\Downloads\BASE DE DATOS 1974-2018 PDFs. WSS\1977\1977-11-24 EL INVIERNO ESTA CERCA AClaib-folleto antiguo.pdf,1977-11-24,EL INVIERNO ESTA CERCA AClaib-folleto antiguo,orden_logico,,,0.000000
bc915974-da85-4b71-ace7-a2a9e3f2c201,34829d04-3822-44ee-a029-10df37cd9aa4,C:\Users\USUARIO\Documents\Downloads\BASE DE DATOS 1974-2018 PDFs. WSS\1977\1977-11-27 EL PODER MAGNETICO (COMPLETO) AClaib-lectura.pdf,1977-11-27,EL PODER MAGNETICO (COMPLETO) AClaib-,orden_logico,,,0.000000
b34a9c2d-d0ad-450d-91bb-5c2b8f5ca206,8d7943d1-5a99-436e-803d-78690b7ad590,"C:\Users\USUARIO\Documents\Downloads\BASE DE DATOS 1974-2018 PDFs. WSS\1978\1978-04-02 El orden del Rapto (WSS) Cayey, Puerto Rico.pdf",1978-04-02,El orden del rapto,orden_logico,,,0.000000
3dc322ab-13f0-444f-b57c-cf957369e8f2,cc73f31c-db11-4ee7-a591-a4814773edaf,"C:\Users\USUARIO\Documents\Downloads\BASE DE DATOS 1974-2018 PDFs. WSS\1978\1978-04-23 Mire a Dios (WSS) Cayey, Puerto Rico.pdf",1978-04-23,Mire a Dios,orden_logico,,,0.000000
7a439158-c6f8-4203-b97d-79a2a745cc75,fc8fc277-8fd0-4dc0-b933-17078ba9b788,"C:\Users\USUARIO\Documents\Downloads\BASE DE DATOS 1974-2018 PDFs. WSS\1978\1978-04-30 El tiempo para ver Su Venida (WSS) Cayey, Puerto Rico.pdf",1978-04-30,El tiempo para ver su venida,orden_logico,,,0.000000
77eefae9-ae94-4356-838f-d416466ed593,44079ddb-dd03-432e-9bf7-4d7a45b54287,"C:\Users\USUARIO\Documents\Downloads\BASE DE DATOS 1974-2018 PDFs. WSS\1978\1978-05-21 El lugar de refugio (WSS) Cayey, Puerto Rico.pdf",1978-05-21,El lugar de refugio,orden_logico,,,0.000000
a427402c-5070-4eda-975e-c4049d710310,a9dcd39a-b101-4e73-b71b-bbfbe3b9d9bd,C:\Users\USUARIO\Documents\Downloads\BASE DE DATOS 1974-2018 PDFs. WSS\1978\1978-06-11 La venida de la Piedra Angular (WSS).pdf,1978-06-11,LA VENIDA DE LA PIEDRA ANGULAR book AClaib,orden_logico,,,0.000000
9f621677-af41-4db1-9e10-10e9ff68cbc8,b5f6aba0-b916-4cb3-b27b-3f2165c3c05c,"C:\Users\USUARIO\Documents\Downloads\BASE DE DATOS 1974-2018 PDFs. WSS\1978\1978-10-15 Las siete fiestas en el año del Jubileo (WSS) Cayey, Puerto Rico.pdf",1978-10-15,Las siete fiestas en el año del jubileo,orden_logico,,,0.000000
db56c56a-2aee-42f3-a9b5-ba03b9e5d567,281a282e-b36e-4bf8-9eee-e52c06a276dc,C:\Users\USUARIO\Documents\Downloads\BASE DE DATOS 1974-2018 PDFs. WSS\1978\1978-11-28 La visitacion de Dios a los Hijos de Abraham (WSS) Brasil (MOVIL).pdf,1978-11-28,LA VISITACION DE DIOS A LOS HIJOS DE ABRAHAM book,orden_logico,,,0.000000
abd3055a-65cc-4ba6-8977-ab8fdcae8a54,124263c1-411c-44c3-8165-fb897cd80eef,C:\Users\USUARIO\Documents\Downloads\BASE DE DATOS 1974-2018 PDFs. WSS\1979\1979-01-07 SU ESTRELLA HEMOS VISTO (MOVIL) AClaib.pdf,1979-01-07,Su Estrella Hemos Visto,cierre,,,0.000000
7d989774-c820-4d36-9e19-4c280706247d,faa18a5f-a21f-414a-8b18-ff1b6cf0b5c3,C:\Users\USUARIO\Documents\Downloads\BASE DE DATOS 1974-2018 PDFs. WSS\1979\1979-01-14 La Piedra Desechada (MOVIL) AClaib.pdf,1979-01-14,La Piedra Desechada,cierre,,,0.000000
e3a1b1a8-e351-4739-9690-97d6b5c1049e,79f3f23a-3b18-4b1f-a60f-8592358bf9d4,"C:\Users\USUARIO\Documents\Downloads\BASE DE DATOS 1974-2018 PDFs. WSS\1979\1979-04-29 Sin mi nada podeis hacer (WSS) Cayey, Puerto Rico.pdf",1979-04-29,"Sin mi, nada podeis hacer",orden_logico,,,0.000000
4ac21173-927e-45d5-9101-042c626de627,6b0825b9-57fe-4480-a8e2-58b3707d8d25,"C:\Users\USUARIO\Documents\Downloads\BASE DE DATOS 1974-2018 PDFs. WSS\1979\1979-06-03 Los obreros de la cosecha (WSS) Cayey, Puerto Rico (movil).pdf",1979-06-03,Los obreros de la cosecha,orden_logico,,,0.000000
4abb1b0a-c2d7-4454-8d46-ff319a695209,ca71d9a6-01da-4594-82dd-57440f3a8403,"C:\Users\USUARIO\Documents\Downloads\BASE DE DATOS 1974-2018 PDFs. WSS\1979\1979-06-13 En los negocios de mi Padre me conviene estar (WSS) Cayey, Puerto Rico.pdf",1979-06-13,En los negocios de mi Padre me conviene estar,orden_logico,,,0.000000
dd8082ae-9cde-4400-9ff7-d8bf508519df,e9a40587-ab4c-4702-862c-879c56d82788,"C:\Users\USUARIO\Documents\Downloads\BASE DE DATOS 1974-2018 PDFs. WSS\1979\1979-07-08 Nuestro pan cotidiano (WSS) Cayey, Puerto Rico.pdf",1979-07-08,Nuestro pan cotidiano,orden_logico,,,0.000000
f1aa0fd1-e114-4e9d-9a24-7b3a9b257a81,5faba721-81d9-4e39-8cee-91e078c0c933,"C:\Users\USUARIO\Documents\Downloads\BASE DE DATOS 1974-2018 PDFs. WSS\1979\1979-07-10 El camino de Dios (WSS) Cayey, Puerto Rico.pdf",1979-07-10,El camino de Dios,orden_logico,,,0.000000
8f61303a-4bd9-495f-87e7-9b90b5e761d2,d2c8add6-2b9d-4758-96e3-fefb1798bf07,"C:\Users\USUARIO\Documents\Downloads\BASE DE DATOS 1974-2018 PDFs. WSS\1979\1979-08-03 La Edad de Coronación (WSS) Fusagasugá, Colombia.pdf",1979-08-03,La edad de coronacion,orden_logico,,,0.000000
cb2d9db1-b3d8-45c5-ab50-1786149e0634,05674e97-2a5b-469e-8ed8-56c004e2921e,"C:\Users\USUARIO\Documents\Downloads\BASE DE DATOS 1974-2018 PDFs. WSS\1979\1979-08-05 Tiempo de despertar (WSS) Cayey, Puerto Rico.pdf",1979-08-05,Tiempo de despertar,orden_logico,,,0.000000
8c03bca6-f3b1-4daa-8cb1-b3be627b1a6f,87859108-78e6-4182-8e59-5a4ae3b59da4,"C:\Users\USUARIO\Documents\Downloads\BASE DE DATOS 1974-2018 PDFs. WSS\1979\1979-11-11 Yo sólo he quedado (WSS) Cayey, Puerto Rico..pdf",1979-11-11,Yo solo he quedado,orden_logico,,,0.000000
f8caa28a-ee2b-4570-a721-91d15e4bcf0a,b79e405c-7369-41c0-ac1a-79183c6460f1,"C:\Users\USUARIO\Documents\Downloads\BASE DE DATOS 1974-2018 PDFs. WSS\1980\1980-01-13 El Cabello blanco del Señor (WSS) Cayey, Puerto Rico (movil).pdf",1980-01-13,El Cabello blanco del Señor,orden_logico,,,0.000000
e43d026a-24ea-4019-bbb3-43e2b7112542,72b616cf-3042-4e70-9184-6c929005b1ad,C:\Users\USUARIO\Documents\Downloads\BASE DE DATOS 1974-2018 PDFs. WSS\1980\1980-01-20 Sus ojos como llama de fuego SL - Booklet.pdf,1980-01-20,Sus ojos como llama de fuego SL -,orden_logico,,,0.000000
65475d32-1d5f-48aa-a1d6-7816d9d19b17,99d0a657-76cc-4761-8e4f-5aed67e5f99c,"C:\Users\USUARIO\Documents\Downloads\BASE DE DATOS 1974-2018 PDFs. WSS\1980\1980-02-10 Serie LA GLORIA SEPTUPLE Los pies de bronce del Señor (WSS) Cayey, Puerto Rico (movil).pdf",1980-02-10,Serie LA GLORIA SEPTUPLE Los pies de bronce del Señor,orden_logico,,,0.000000
d2b7c4c2-8cef-4e96-9a8d-991ceeb525c5,8c8c1880-7519-421f-ada5-dbf37c6221a2,"C:\Users\USUARIO\Documents\Downloads\BASE DE DATOS 1974-2018 PDFs. WSS\1980\1980-02-17 Serie LA GLORIA SEPTUPLE La Voz del Señor como ruido de muchas Aguas (WSS) Cayey, Puerto Rico (movil).pdf",1980-02-17,Serie LA GLORIA SEPTUPLE La Voz del Señor como ruido de muchas Aguas.,orden_logico,,,0.000000
ac1f494d-42d4-4fef-ae0a-b750beec1c09,f56b3a94-bd63-4e9c-a328-b5e77ac0e275,"C:\Users\USUARIO\Documents\Downloads\BASE DE DATOS 1974-2018 PDFs. WSS\1980\1980-02-24 Serie LA GLORIA SEPTUPLE El de las siete Estrellas en su diestra (WSS) Cayey, Puerto Rico.pdf",1980-02-24,Serie LA GLORIA SEPTUPLE El de las siete Estrellas en su diestra.,orden_logico,,,0.000000
8b32d725-2489-4a45-8d00-0398a643d367,8badc8f3-7d69-4362-8a62-ae76848766ad,"C:\Users\USUARIO\Documents\Downloads\BASE DE DATOS 1974-2018 PDFs. WSS\1980\1980-03-02 Serie LA GLORIA SEPTUPLE El de la espada en la boca (WSS) Cayey, Puerto Rico (movil).pdf",1980-03-02,Serie LA GLORIA SEPTUPLE El de la espada en la boca,orden_logico,,,0.000000
a8dac7a3-9395-4344-ad1c-dad358cd3f2e,563c6dba-2fc7-4290-b240-f00d97004c86,"C:\Users\USUARIO\Documents\Downloads\BASE DE DATOS 1974-2018 PDFs. WSS\1980\1980-03-09 El del Rostro como el Sol Resplandeciente (WSS) Cayey, Puerto Rico (movil).pdf",1980-03-09,El del Rostro como el Sol Resplandeciente,orden_logico,,,0.000000
f8816d09-84b8-468b-a3d1-71e75284d7f2,a2a01f9f-5758-48f2-a3b0-c0a4e1117be3,"C:\Users\USUARIO\Documents\Downloads\BASE DE DATOS 1974-2018 PDFs. WSS\1980\1980-04-13 La sed del alma (WSS) Cayey, Puerto Rico.pdf",1980-04-13,La sed del alma.,orden_logico,,,0.000000
038d838e-864d-4c79-87a7-c2587ea4cf35,257d2df3-f90a-4272-b9d0-0aab679143ac,"C:\Users\USUARIO\Documents\Downloads\BASE DE DATOS 1974-2018 PDFs. WSS\1980\1980-04-20 La expiacion (WSS) Cayey, Puerto Rico.pdf",1980-04-20,La expiacion.,orden_logico,,,0.000000
594aa9b7-4d95-46b0-8bda-03915b4b8909,3d524f58-8e59-4915-bc63-6464b08095b7,C:\Users\USUARIO\Documents\Downloads\BASE DE DATOS 1974-2018 PDFs. WSS\1980\1980-05-10 La Gran Conquista (WSS).pdf,1980-05-10,La Gran Conquista.,orden_logico,,,0.000000
7f46a39d-94bc-418c-b289-32d7f205b62e,31b7b3bf-09ab-4709-87be-239670036cdd,"C:\Users\USUARIO\Documents\Downloads\BASE DE DATOS 1974-2018 PDFs. WSS\1980\1980-05-25 La trayectoria de Elias (WSS) Cayey, Puerto Rico.pdf",1980-05-25,La Trayectoria de Elias.,orden_logico,,,0.000000
b3e8f1c7-637f-447a-9127-12d9e250d6dc,dececd5f-6365-4063-81dd-e715bf8f98d4,"C:\Users\USUARIO\Documents\Downloads\BASE DE DATOS 1974-2018 PDFs. WSS\1980\1980-06-01 El Ciclo Eterno (WSS) Cayey, Puerto Rico (movil).pdf",1980-06-01,El Ciclo Eterno,orden_logico,,,0.000000
91b33edb-54a6-4d26-822e-aedc2a836ea2,30d3b538-68d6-499f-b800-931597df979a,C:\Users\USUARIO\Documents\Downloads\BASE DE DATOS 1974-2018 PDFs. WSS\1980\1980-06-08 La vindicacion de la Palabra escrita (WSS) Puerto Rico.pdf,1980-06-08,La vindicacion de la Palabra escrita.,orden_logico,,,0.000000
ab497941-2ef1-4bf0-b7d5-fb754ee463dc,ee3216d8-f822-48e8-99c2-e6af7f5e19e1,"C:\Users\USUARIO\Documents\Downloads\BASE DE DATOS 1974-2018 PDFs. WSS\1980\1980-07-13 El aguador (WSS) Cayey, Puerto Rico (movil).pdf",1980-07-13,El Aguador.,orden_logico,,,0.000000
6db3b8ec-772a-4a8f-989c-482a4c211bbe,73f52cf1-4f2f-4872-8b61-3bb77caf0a04,"C:\Users\USUARIO\Documents\Downloads\BASE DE DATOS 1974-2018 PDFs. WSS\1980\1980-08-10 Tiempo cumplido (WSS) Cayey, Puerto Rico (movil).pdf",1980-08-10,Tiempo cumplido.,orden_logico,,,0.000000
834038d8-ea02-47f9-b17f-28499221c625,e377a99e-cbf9-4d15-acd5-fa8a77fd8f73,"C:\Users\USUARIO\Documents\Downloads\BASE DE DATOS 1974-2018 PDFs. WSS\1980\1980-09-27 La Venida del Angel Fuerte (WSS) Valencia, Venezuela (movil).pdf",1980-09-27,La Venida del Angel Fuerte.,orden_logico,,,0.000000
a845de29-7de9-4296-858b-e7e20ea41617,4ad362f4-fa19-47d5-8006-3b1a214b7841,"C:\Users\USUARIO\Documents\Downloads\BASE DE DATOS 1974-2018 PDFs. WSS\1980\1980-10-11 La Gran Trompeta (WSS) Villavicencio, Colombia.pdf",1980-10-11,La Gran Trompeta.,orden_logico,,,0.000000
37709777-4a04-4e66-ad4d-c12fd9a5edf8,df9a22c1-40e7-45dc-a2b5-830bf9479942,"C:\Users\USUARIO\Documents\Downloads\BASE DE DATOS 1974-2018 PDFs. WSS\1981\1981-02-20 Enfrentando la Realidad (WSS) Santa Cruz, Bolivia.pdf",1981-02-20,Enfrentando la realidad.,orden_logico,,,0.000000
bb59e47b-6400-4056-adc6-6b5c641050ac,683c8c86-7a90-4ccd-ac2a-32ffd9c6f003,"C:\Users\USUARIO\Documents\Downloads\BASE DE DATOS 1974-2018 PDFs. WSS\1981\1981-03-18 Tiempo de la gran cosecha (WSS) Asunción, Paraguay (movil).pdf",1981-03-18,Tiempo de la gran cosecha. sencillo,orden_logico,,,0.000000
c56489f5-9a82-4a34-b9d8-415c4d686f3e,70f22032-4092-4da1-a914-3b113a5e77df,"C:\Users\USUARIO\Documents\Downloads\BASE DE DATOS 1974-2018 PDFs. WSS\1981\1981-04-01 Tiempo para Entender (WSS) San Felipe, Yaracuy, Venezuela (movil).pdf",1981-04-01,Tiempo para Entender,orden_logico,,,0.000000
168e72f8-6ce2-4f3f-afea-0b3039102515,23298f1b-81d3-4fec-b0ec-b8fc870ad577,"C:\Users\USUARIO\Documents\Downloads\BASE DE DATOS 1974-2018 PDFs. WSS\1981\1981-04-12 La trayectoria de la raza humana (WSS) Cayey, Puerto Rico (movil) - AClaib-cel.pdf",1981-04-12,La Trayectoria de la Raza humana. sencillo,cierre,,,0.000000
674caa4a-ef8e-4153-8cb8-b2d711a320ff,168cc16a-9960-40c8-b542-0a35fa0f06f4,"C:\Users\USUARIO\Documents\Downloads\BASE DE DATOS 1974-2018 PDFs. WSS\1981\1981-04-17 La Trayectoria de la Raza humana y la muerte de Jesús (WSS) Cayey, Puerto Rico (movil).pdf",1981-04-17,La trayectoria de la raza humana y la muerte de Jesús,orden_logico,,,0.000000
a6bae227-e9c2-4b3d-b779-8763fdf5916d,a6d75c28-f2f6-44f6-8d80-da27fab1d37b,"C:\Users\USUARIO\Documents\Downloads\BASE DE DATOS 1974-2018 PDFs. WSS\1981\1981-04-19 La Trayectoria de la Raza humana y la Resurrección del Señor (WSS) Cayey, Puerto Rico (movil).pdf",1981-04-19,La trayectoria de la raza humana y la resurrección del Señor,orden_logico,,,0.000000
8b70c590-5911-497e-9887-a0e963886cda,d896be1d-b45f-4280-8cc8-47b48e7e964c,"C:\Users\USUARIO\Documents\Downloads\BASE DE DATOS 1974-2018 PDFs. WSS\1981\1981-04-26 La trayectoria de la raza humana y el nacimiento de la Iglesia (WSS) Cayey, Puerto Rico (movil).pdf",1981-04-26,La Trayectoria de la Raza humana y el nacimiento de la Iglesia. sencillo,orden_logico,,,0.000000
612d5828-bf7d-4eab-9dc6-c8063d72e25c,7a0c0aa4-e7ec-4a4c-b8f0-3fa7ec0d9a33,"C:\Users\USUARIO\Documents\Downloads\BASE DE DATOS 1974-2018 PDFs. WSS\1982\1982-01-12 Tiempo de Despertar (WSS) Bogotá, Colombia (movil) AClaib.pdf",1982-01-12,Tiempo de Despertar,orden_logico,,,0.000000
22afe246-93cf-416d-8cf6-deaa841a6a42,89e14b11-a271-4649-b237-5e6314363010,C:\Users\USUARIO\Documents\Downloads\BASE DE DATOS 1974-2018 PDFs. WSS\1982\1982-01-20 Tiempo de conocer el Apocalipsis AClaib-cel.pdf,1982-01-20,Tiempo de conocer el Apocalipsis,cierre,,,0.000000
cbff97da-66ae-4aaa-8ada-d14b26a12f73,72cba16d-732a-485b-aaa9-7cd166343164,"C:\Users\USUARIO\Documents\Downloads\BASE DE DATOS 1974-2018 PDFs. WSS\1982\1982-01-30 Juntando los escogidos (WSS) Valencia, Venezuela.pdf",1982-01-30,Juntando los escogidos,orden_logico,,,0.000000
69b4e04f-4e6c-40b2-8d85-3c55d2a06917,536a7f0a-4ffd-4971-a08c-49fa3b959dfa,"C:\Users\USUARIO\Documents\Downloads\BASE DE DATOS 1974-2018 PDFs. WSS\1982\1982-02-11 Siendo Saciados (WSS) Servicio bajo Carpa, Perú.pdf",1982-02-11,Siendo Saciados,orden_logico,,,0.000000
09cb8cb2-8bde-4f8c-9572-1294e47cc280,60db9ce7-a7fa-493b-abc1-b72a6e5b8967,"C:\Users\USUARIO\Documents\Downloads\BASE DE DATOS 1974-2018 PDFs. WSS\1982\1982-03-17 Marcando el tiempo (WSS) Maturín, Monagas, Venezuela.pdf",1982-03-17,Marcando el tiempo,orden_logico,,,0.000000
3f499d4d-502a-467e-b408-32fb650449f7,9d857f65-c26d-4118-aba7-73075328780f,C:\Users\USUARIO\Documents\Downloads\BASE DE DATOS 1974-2018 PDFs. WSS\1982\1982-03-18 El Libro misterioso (WSS).pdf,1982-03-18,El Libro misterioso,orden_logico,,,0.000000
843945c4-87d5-4e0f-a28a-2824e8c7c807,dfda70e5-6acc-4b84-a86a-9e362dcea76b,"C:\Users\USUARIO\Documents\Downloads\BASE DE DATOS 1974-2018 PDFs. WSS\1982\1982-03-19 El Libro en la mano del Cordero (WSS) Maturín, Venezuela.pdf",1982-03-19,El Libro en la mano del Cordero,orden_logico,,,0.000000
583d0c1c-b783-468d-a830-31b3988a9878,dca4aaf5-8bf8-4c9b-b468-559f55c8a73d,"C:\Users\USUARIO\Documents\Downloads\BASE DE DATOS 1974-2018 PDFs. WSS\1982\1982-03-20 El libro en la mano del Ángel fuerte (WSS) Maturín, Venezuela.pdf",1982-03-20,El libro en la mano del Ángel fuerte,orden_logico,,,0.000000
070334b9-ffb8-4e24-86ac-69c6ecbe7ee7,12879184-7495-430d-9a18-68e7aaf4031e,"C:\Users\USUARIO\Documents\Downloads\BASE DE DATOS 1974-2018 PDFs. WSS\1982\1982-03-21 El libro que un hombre se comió (WSS) Maturín, Venezuela.pdf",1982-03-21,El libro que un hombre se comió,orden_logico,,,0.000000
a21647f6-ae43-4eb0-8078-f13836d75c2b,c271f933-129e-4b4c-b984-4c29a9203f27,C:\Users\USUARIO\Documents\Downloads\BASE DE DATOS 1974-2018 PDFs. WSS\1982\1982-03-21 El Libro misterioso y su trayectoria (WSS).pdf,1982-03-21,El Libro misterioso y su trayectoria,orden_logico,,,0.000000
d254f23e-0f5f-456a-9640-1491d2dbd8fd,968aa50e-ca14-4aef-a5ec-750fced44614,"C:\Users\USUARIO\Documents\Downloads\BASE DE DATOS 1974-2018 PDFs. WSS\1982\1982-04-09 Día Memorable (WSS) Cayey, Puerto Rico (movil).pdf",1982-04-09,Día Memorable,orden_logico,,,0.000000
ea0eb31d-5b9d-40f2-af8a-5d02f988582e,e8883001-62f1-4715-a276-f5fd68093cdd,C:\Users\USUARIO\Documents\Downloads\BASE DE DATOS 1974-2018 PDFs. WSS\1982\1982-04-25 Fe Viva (WSS) Venezuela.pdf,1982-04-25,Fe Viva,orden_logico,,,0.000000
d585bffd-b42a-4d85-a1b8-861105916dcd,7de7865b-3b93-4752-b576-81950866ed1e,"C:\Users\USUARIO\Documents\Downloads\BASE DE DATOS 1974-2018 PDFs. WSS\1982\1982-04-30 El Soñador (WSS) Maturín, Venezuela (movil).pdf",1982-04-30,El Soñador,orden_logico,,,0.000000
2c7ba0be-ab67-41c4-b922-34279adfeb55,c10ca22a-536b-443c-ae04-9265bc94bc58,C:\Users\USUARIO\Documents\Downloads\BASE DE DATOS 1974-2018 PDFs. WSS\1982\1982-05-02 La vida un milagro de amor (WSS).pdf,1982-05-02,La vida un milagro de amor,orden_logico,,,0.000000
7f5b599c-7557-4f92-8241-a23a4585ff96,959b8e04-2d98-4241-8e79-73626d5d6270,"C:\Users\USUARIO\Documents\Downloads\BASE DE DATOS 1974-2018 PDFs. WSS\1982\1982-05-05 Ensancha el sitio de tu cabaña (WSS) San Felipe, Yaracuy, Venezuela.pdf",1982-05-05,Ensancha el sitio de tu cabaña,orden_logico,,,0.000000
42cf7e28-3392-4394-8e60-0ae1906cb16d,510a3a17-8a91-4b8a-9529-c4318d9529b9,C:\Users\USUARIO\Documents\Downloads\BASE DE DATOS 1974-2018 PDFs. WSS\1982\1982-05-30 La existencia y su motivo (WSS).pdf,1982-05-30,La existencia y su motivo,orden_logico,,,0.000000
08e29b25-a4ad-4785-b60c-5f335d1488d0,605ef342-8275-4df3-a505-1c27616627f7,"C:\Users\USUARIO\Documents\Downloads\BASE DE DATOS 1974-2018 PDFs. WSS\1982\1982-06-05 El Legislador (WSS) Cayey, Puerto Rico.pdf",1982-06-05,El Legislador,orden_logico,,,0.000000
30608e10-ff30-46b5-81b9-5d22f349b42b,d853399d-768e-4e97-b478-a30f8d8a335e,"C:\Users\USUARIO\Documents\Downloads\BASE DE DATOS 1974-2018 PDFs. WSS\1982\1982-06-13 El Poder de la Palabra (WSS) Cayey, Puerto Rico (movil).pdf",1982-06-13,El poder de la Palabra,orden_logico,,,0.000000
143b83d2-5682-4b9e-a6dd-91c2ae2fb93f,5b3bc98c-ce88-4961-b402-2a9b6c790af0,C:\Users\USUARIO\Documents\Downloads\BASE DE DATOS 1974-2018 PDFs. WSS\1982\1982-07-02 La Palabra que todos deben conocer (WSS).pdf,1982-07-02,La Palabra que todos deben conocer,orden_logico,,,0.000000
cf5e60c4-b5ec-4b16-8c05-56c2f9534a9d,fb5fc6d6-af8b-4271-8487-c97f2fc89e78,"C:\Users\USUARIO\Documents\Downloads\BASE DE DATOS 1974-2018 PDFs. WSS\1982\1982-07-04 La palabra que sale de la boca de Dios (WSS) Villahermosa, México (movil).pdf",1982-07-04,La Palabra que sale de la boca de Dios,orden_logico,,,0.000000
e4ee0ec5-a67d-434b-879f-47f9d45c4450,df811541-79ef-4430-be5c-dd511ece83ae,C:\Users\USUARIO\Documents\Downloads\BASE DE DATOS 1974-2018 PDFs. WSS\1982\1982-07-18 Llanto en la casa de David y en Jerusalén (WSS).pdf,1982-07-18,Llanto en la casa de David y en Jerusalén,orden_logico,,,0.000000
79587f9d-d1f3-4027-acdf-66eef180f5e8,580293e2-68a4-4e0b-ba9b-92de18fb24f9,C:\Users\USUARIO\Documents\Downloads\BASE DE DATOS 1974-2018 PDFs. WSS\1982\1982-07-23 La introducción del Apocalipsis desde el oriente hasta el occidente (WSS).pdf,1982-07-23,La introducción del Apocalipsis desde el oriente hasta el occidente,orden_logico,,,0.000000
e8f1bcb8-4651-4738-a827-c85ac7d0ffcd,d36f2d65-263e-4ea6-ac95-50e8536648f7,"C:\Users\USUARIO\Documents\Downloads\BASE DE DATOS 1974-2018 PDFs. WSS\1982\1982-07-25 La Política en la trayectoria de Genesis al Apocalipsis (WSS) Maturín, Venezuela (movil).pdf",1982-07-25,La Política en la trayectoria de Genesis al apocalipsis,orden_logico,,,0.000000
13a6ad6f-b74c-4a1d-acbc-7fcc5e67116e,66057cb4-9ddc-4e5f-accf-980e6e1b160d,"C:\Users\USUARIO\Documents\Downloads\BASE DE DATOS 1974-2018 PDFs. WSS\1982\1982-08-08 El motivo de grande gozo (WSS) Cayey, Puerto Rico.pdf",1982-08-08,El motivo de grande gozo,orden_logico,,,0.000000
f4b5d31c-1fde-47ed-bba4-d226075857bd,2e5ac393-492c-464c-9a66-672a875537c7,"C:\Users\USUARIO\Documents\Downloads\BASE DE DATOS 1974-2018 PDFs. WSS\1982\1982-09-12 Los siete ciclos divinos (WSS) Santa Cruz, Bolivia (movil).pdf",1982-09-12,Los Siete Ciclos Divinos,orden_logico,,,0.000000
68ca8e29-e8b0-48ea-bb82-40a4347ec704,144cf3f0-6931-49f3-a76c-6c0c66e7ce0e,"C:\Users\USUARIO\Documents\Downloads\BASE DE DATOS 1974-2018 PDFs. WSS\1982\1982-09-26 He aqui un verdadero israelita (WSS) San Felipe, Yaracuy, Venezuela (movil).pdf",1982-09-26,He aquí un verdadero israelita,cierre,,,0.000000
0fcbff76-540d-4901-b23d-eeb6093d3362,670d5057-5728-4a22-a501-faed4f852512,"C:\Users\USUARIO\Documents\Downloads\BASE DE DATOS 1974-2018 PDFs. WSS\1982\1982-11-19 Antiguas Profecías (WSS) Maturín, Venezuela (movil).pdf",1982-11-19,Antiguas Profecías,orden_logico,,,0.000000
161e6308-0190-44e8-b4b8-d221e6625d62,d2caca41-88a2-42ea-9663-85e54d3ba30d,"C:\Users\USUARIO\Documents\Downloads\BASE DE DATOS 1974-2018 PDFs. WSS\1982\1982-11-20 Antiguos Edificios (WSS) Maturín, Venezuela (movil).pdf",1982-11-20,Antiguos Edificios,orden_logico,,,0.000000
da5e19aa-1fac-4ef3-8809-6c607753bc18,c2a4aa22-9a3b-4473-9a6b-99f9f9d0f7a0,"C:\Users\USUARIO\Documents\Downloads\BASE DE DATOS 1974-2018 PDFs. WSS\1982\1982-11-21 Antiguos Personajes (WSS) Maturín, Venezuela (movil).pdf",1982-11-21,Antiguos Personajes,orden_logico,,,0.000000
fb93fd85-4784-4d1f-8cb7-869f9b9bbc2d,d5f8fb5a-c9a7-4380-9167-411beb62936f,"C:\Users\USUARIO\Documents\Downloads\BASE DE DATOS 1974-2018 PDFs. WSS\1983\1983-01-16 La mano de un hombre (WSS) Maturín, Venezuela.pdf",1983-01-16,La mano de un hombre.,orden_logico,,,0.000000
4e531b1b-a849-40c3-8b5a-fe2d23298122,b383dba3-9e0b-4664-86f8-98454885fcad,"C:\Users\USUARIO\Documents\Downloads\BASE DE DATOS 1974-2018 PDFs. WSS\1983\1983-02-13 Cuando la Piedra hable (WSS) Valencia, Venezuela.pdf",1983-02-13,Cuando la Piedra hable.,orden_logico,,,0.000000
c86f6fb9-83e5-46dd-b56b-b7daa4c1b1c9,deef1e92-8702-409f-9ad7-96d5aba5ad0a,"C:\Users\USUARIO\Documents\Downloads\BASE DE DATOS 1974-2018 PDFs. WSS\1983\1983-04-17 La ley de la adopcion El tutor (WSS) Cayey, Puerto Rico.pdf",1983-04-17,La Ley de la Adopcion El Tutor.,orden_logico,,,0.000000
0343b554-9782-4c83-bdb3-f800c21201bd,5033a649-a27e-46e4-a8ec-d178c2fa1b41,"C:\Users\USUARIO\Documents\Downloads\BASE DE DATOS 1974-2018 PDFs. WSS\1983\1983-04-24 La ley de la adopción, La adopción de un hijo (WSS) Cayey, Puerto Rico (movil).pdf",1983-04-24,La Ley de la Adopcion La Adopcion de un Hijo.,orden_logico,,,0.000000
8083e93b-2076-4f1c-a82c-cc75170b82d4,502a7611-e605-45a1-aeef-bbd1d0eb1eaf,"C:\Users\USUARIO\Documents\Downloads\BASE DE DATOS 1974-2018 PDFs. WSS\1983\1983-05-22 Vida y Continuidad (WSS) Bogotá, Colombia (movil).pdf",1983-05-22,Vida y Continuidad.,orden_logico,,,0.000000
e9293acd-4186-4371-b274-ec4f0614591f,fca1bf25-b77e-4dbb-ae36-595aee3ca69f,"C:\Users\USUARIO\Documents\Downloads\BASE DE DATOS 1974-2018 PDFs. WSS\1983\1983-06-14 Recordando la ley de Moisés La Pascua (WSS) Maracaibo, Venezuela (movil).pdf",1983-06-14,Recordando la ley de Moises- La Pascua.,orden_logico,,,0.000000
b7c0c600-7c17-4479-93ab-68bf5ca09641,02144e36-df46-411e-8919-09fcc2a7044c,"C:\Users\USUARIO\Documents\Downloads\BASE DE DATOS 1974-2018 PDFs. WSS\1983\1983-06-21 Recordando la ley de Moisés El Día de Pentecostés (WSS) Barcelona, Venezuela (movil).pdf",1983-06-21,Recordando la ley de Moises El dia de pentecostes. sencillo,orden_logico,,,0.000000
168045b0-81a9-4f41-a7db-10ff72701b33,13361806-bbc6-40b6-aff0-32a10d4e54a7,"C:\Users\USUARIO\Documents\Downloads\BASE DE DATOS 1974-2018 PDFs. WSS\1983\1983-06-24 Recordando la ley de Moisés El Día de la Expiación (WSS) San Félix, Venezuela (movil).pdf",1983-06-24,Recordando la ley de Moises el dia de la Expiacion. sencillo,orden_logico,,,0.000000
eb07585d-6b96-41f4-bdf4-f5f9dab73336,7334fe51-21fb-49bf-a1e5-005733f15b65,"C:\Users\USUARIO\Documents\Downloads\BASE DE DATOS 1974-2018 PDFs. WSS\1983\1983-06-26 Recordando la ley de Moisés La Fiesta de los Tabernáculos (WSS) Maturín, Venezuela (movil).pdf",1983-06-26,Recordando la ley de Moises la fiesta de los Tabernaculos. sencillo,orden_logico,,,0.000000
93dd054c-90a8-49a5-bfa9-9f68b1a856de,f38f2265-8477-498d-b978-36f912cc0a20,"C:\Users\USUARIO\Documents\Downloads\BASE DE DATOS 1974-2018 PDFs. WSS\1983\1983-07-10 La Ley de Creación (WSS) Cayey, Puerto Rico.pdf",1983-07-10,La Ley de Creación.,orden_logico,,,0.000000
80485df3-d889-43b1-90b2-345b0c5f85cb,b16758e5-7785-46f9-a382-81d0a614a68e,"C:\Users\USUARIO\Documents\Downloads\BASE DE DATOS 1974-2018 PDFs. WSS\1983\1983-07-17 Un nuevo exodo (WSS) Cayey, Puerto Rico.pdf",1983-07-17,Un nuevo exodo.,orden_logico,,,0.000000
b746a7c2-0c84-45f9-9e54-5f6f39e3eeab,d02c28b1-5f39-4bad-a0b0-c727358357e2,"C:\Users\USUARIO\Documents\Downloads\BASE DE DATOS 1974-2018 PDFs. WSS\1983\1983-08-12 Espiritu de sabiduria y de revelacion (WSS) Minatitlan, Mexico.pdf",1983-08-12,Espiritu de sabiduria y de revelacion.,orden_logico,,,0.000000
f154d2c9-399f-4eef-8b68-3df710116f3d,589dd33a-a0f2-4b68-9a00-a7862efadbe9,"C:\Users\USUARIO\Documents\Downloads\BASE DE DATOS 1974-2018 PDFs. WSS\1983\1983-08-15 La profecia actualizada (WSS) Tizayuca, México.pdf",1983-08-15,La profecia actualizada.,orden_logico,,,0.000000
91236638-4eca-4bea-9645-ce2cd5e1af14,e51b33e7-852c-45bc-ae21-25a5aa13def9,"C:\Users\USUARIO\Documents\Downloads\BASE DE DATOS 1974-2018 PDFs. WSS\1983\1983-10-02 El programa de Dios (WSS) San Pablo, Brasil.pdf",1983-10-02,El programa de Dios.,orden_logico,,,0.000000
d531ec03-2db2-4b3f-a86d-a11d13cb9f62,7c4cc0ee-e5d7-43a9-a7cc-6f3ac4e32d03,"C:\Users\USUARIO\Documents\Downloads\BASE DE DATOS 1974-2018 PDFs. WSS\1983\1983-10-09 La mas grande bienaventuranza (WSS) Valencia, Venezuela.pdf",1983-10-09,La mas grande bienaventuranza.,orden_logico,,,0.000000
84f4a1e8-3eca-4c34-ab56-4f09abb404c6,f5838282-d265-4e0c-b9be-84bfb02bc0d6,"C:\Users\USUARIO\Documents\Downloads\BASE DE DATOS 1974-2018 PDFs. WSS\1984\1984-01-15 La Revelacion de Jesucristo, El pueblo del Señor Jesucristo (WSS) Cumaná, Venezuela.pdf",1984-01-15,La Revelacion de Jesucristo El pueblo del Señor Jesucristo. sencillo,orden_logico,,,0.000000
9c5ea691-1803-47ba-a9cd-6ce521c8ee2f,3d68a437-194e-4ff1-86fc-566054c56ff4,"C:\Users\USUARIO\Documents\Downloads\BASE DE DATOS 1974-2018 PDFs. WSS\1984\1984-01-29 El Individuo Prudente (WSS) Bogotá, Colombia.pdf",1984-01-29,El Individuo Prudente.,orden_logico,,,0.000000
7bb83e9a-979e-4ecc-9fdf-ddf9d10505be,7c26eec6-4fcd-4062-859c-e1595689acca,"C:\Users\USUARIO\Documents\Downloads\BASE DE DATOS 1974-2018 PDFs. WSS\1984\1984-02-26 El secreto de la Vida (WSS) Cayey, Puerto Rico.pdf",1984-02-26,El secreto de la Vida.,orden_logico,,,0.000000
6d071ff8-4a2e-40bb-8f17-028a39ecfd17,1f137658-9499-48b4-bce3-dc657f70bd72,"C:\Users\USUARIO\Documents\Downloads\BASE DE DATOS 1974-2018 PDFs. WSS\1984\1984-03-04 La verdad revelada (WSS) Cayey, Puerto Rico.pdf",1984-03-04,La verdad revelada.,orden_logico,,,0.000000
71ea87b1-e4d1-47d8-9490-17be689b5e42,d1c0a74f-ea1e-401d-a8f4-748ad053e760,"C:\Users\USUARIO\Documents\Downloads\BASE DE DATOS 1974-2018 PDFs. WSS\1984\1984-03-24 La Sabiduría Divina (WSS) San José de los Campos, Brasil (movil).pdf",1984-03-24,La Sabiduría Divina,orden_logico,,,0.000000
4a4eb7f6-8258-48ed-afec-e44ce736d126,51499256-df1c-4414-9cab-2742b45d365a,"C:\Users\USUARIO\Documents\Downloads\BASE DE DATOS 1974-2018 PDFs. WSS\1984\1984-03-25 Palabra de Vida Eterna (WSS) San Pablo, Brasil (movil).pdf",1984-03-25,Palabra de vida eterna,orden_logico,,,0.000000
e5d8645c-a9e6-4abf-ab9c-8ec6b5996efa,c34cdf64-1300-426a-a9e5-71751bcbc8c4,"C:\Users\USUARIO\Documents\Downloads\BASE DE DATOS 1974-2018 PDFs. WSS\1984\1984-03-30 La Fe Viva (WSS) Piranha, Brasil (movil).pdf",1984-03-30,La Fe Viva,orden_logico,,,0.000000
4cb0e06a-6d29-4098-86fd-db21e2e980b0,53d3aac1-ad1b-4520-9064-e00c616623e7,C:\Users\USUARIO\Documents\Downloads\BASE DE DATOS 1974-2018 PDFs. WSS\1982\1984-04-29 El trono del Hijo.pdf,1984-04-29,El trono del hijo,orden_logico,,,0.000000
c4b292f8-7f43-4648-bc21-d392f2c9c2a3,c8acc223-2db2-4da9-9fcc-50a20dc41957,"C:\Users\USUARIO\Documents\Downloads\BASE DE DATOS 1974-2018 PDFs. WSS\1984\1984-05-27 La Doctrina de Jesús (WSS) Cayey, Puerto Rico (movil).pdf",1984-05-27,La Doctrina de Jesus. sencillo,orden_logico,,,0.000000
af792a01-55a4-4d36-999a-ea936121f9e2,ff00296b-4057-413f-847c-ed821a261e3a,C:\Users\USUARIO\Documents\Downloads\BASE DE DATOS 1974-2018 PDFs. WSS\1984\1984-06-06 La realidad apocaliptica (WSS) Venezuela.pdf,1984-06-06,La Realidad apocaliptica.,orden_logico,,,0.000000
71752ed5-3080-4668-8198-f8048026c00e,4c2badb4-bb36-42ea-b9e3-2fc93c431079,"C:\Users\USUARIO\Documents\Downloads\BASE DE DATOS 1974-2018 PDFs. WSS\1984\1984-06-17 El Amor del Padre (WSS) Cayey, Puerto Rico (movil).pdf",1984-06-17,El Amor del Padre. sencillo,orden_logico,,,0.000000
fcde2d9e-5e66-4e04-b421-327893147622,ef5feb83-5e19-45e8-af93-b0599613b44e,"C:\Users\USUARIO\Documents\Downloads\BASE DE DATOS 1974-2018 PDFs. WSS\1984\1984-07-08 Identificado por su obra (WSS) Cayey, Puerto Rico (movil).pdf",1984-07-08,Identificado por su obra,cierre,,,0.000000
058cb7a1-7532-4090-988c-dd1744402e9a,69638869-dc97-4def-a199-51406a3aaba1,"C:\Users\USUARIO\Documents\Downloads\BASE DE DATOS 1974-2018 PDFs. WSS\1984\1984-09-02 Yo quiero Ver (WSS) Pereira, Colombia.pdf",1984-09-02,Yo quiero Ver. sencillo,orden_logico,,,0.000000
5bdcc612-863f-4221-ba18-9776824ea29f,df96de6e-71b4-4779-9407-09ca4df2d4f8,"C:\Users\USUARIO\Documents\Downloads\BASE DE DATOS 1974-2018 PDFs. WSS\1984\1984-10-12 Escudriñando las Escrituras (WSS) Maturín, Venezuela.pdf",1984-10-12,Escudriñando las Escrituras,orden_logico,,,0.000000
5ba77236-aa03-4976-9f5c-753e113505e2,92aa45c4-826a-4158-b3cb-74204326c884,"C:\Users\USUARIO\Documents\Downloads\BASE DE DATOS 1974-2018 PDFs. WSS\1984\1984-10-14 El Monte de la Adopcion (WSS) Maturín, Venezuela (movil).pdf",1984-10-14,El Monte de la Adopcion.,orden_logico,,,0.000000
e5ad0f28-816c-47bb-b1c7-cce605c787a2,cf24a424-81ad-4808-bd45-911e8e80ee8f,"C:\Users\USUARIO\Documents\Downloads\BASE DE DATOS 1974-2018 PDFs. WSS\1984\1984-12-16 La pequeña Belén (WSS) Cayey, Puerto Rico (movil).pdf",1984-12-16,La pequeña Belén,orden_logico,,,0.000000
7e0e07f1-6b12-4556-adb3-f24f51dc6000,5d5fd210-a5bf-4ddf-91a7-971f76a26d42,"C:\Users\USUARIO\Documents\Downloads\BASE DE DATOS 1974-2018 PDFs. WSS\1985\1985-01-01 Feliz año (WSS) Maturín, Venezuela (movil).pdf",1985-01-01,Feliz año,orden_logico,,,0.000000
0cdb8906-e11f-48d9-a326-833fc077a517,1a8b5e54-a13d-4ea7-bcb4-6fa840fdd2ab,"C:\Users\USUARIO\Documents\Downloads\BASE DE DATOS 1974-2018 PDFs. WSS\1985\1985-01-06 Los negocios del Padre (WSS) Maturín, Venezuela (movil).pdf",1985-01-06,Los negocios del Padre,orden_logico,,,0.000000
96665ed3-ed30-4e8d-bfe8-5f711aa555a8,53f4bf32-0f59-44ae-977b-c25ed677f802,"C:\Users\USUARIO\Documents\Downloads\BASE DE DATOS 1974-2018 PDFs. WSS\1985\1985-01-13 La posición de nuestra fe (WSS) Lima, Perú.pdf",1985-01-13,La posición de nuestra fe,orden_logico,,,0.000000
ce72ce1d-4700-4e35-95aa-bae30ed5185e,201467ce-19f2-491d-b6d5-8358a5599282,"C:\Users\USUARIO\Documents\Downloads\BASE DE DATOS 1974-2018 PDFs. WSS\1985\1985-02-10 Viendo al invisible (WSS) San José de los Campos, Brasil.pdf",1985-02-10,Viendo al invisible,orden_logico,,,0.000000
93d743da-5505-4e6d-a9f6-959d34d8a9cb,e0dcf757-d070-454d-a005-c2e8bc84b355,"C:\Users\USUARIO\Documents\Downloads\BASE DE DATOS 1974-2018 PDFs. WSS\1985\1985-03-01 El Libro de la redención (WSS) Maturín, Venezuela (movil).pdf",1985-03-01,El Libro de la redención,orden_logico,,,0.000000
7bc0323c-2fbd-4deb-8797-7a6f27bd0698,ebd1d330-5526-4de6-9c5c-297c9b4d4fc2,C:\Users\USUARIO\Documents\Downloads\BASE DE DATOS 1974-2018 PDFs. WSS\1985\1985-03-03 El Testimonio de Jesús (WSS) (movil).pdf,1985-03-03,El Testimonio de Jesús,orden_logico,,,0.000000
79f00176-fba6-4441-8725-fb995e484c1d,d92c713e-f4e2-4ccb-9cbf-fe60de15edba,C:\Users\USUARIO\Documents\Downloads\BASE DE DATOS 1974-2018 PDFs. WSS\1985\1985-03-10 Las palabras de vida eterna - Booklet.pdf,1985-03-10,LAS palabras de vida eterna,orden_logico,,,0.000000
02566817-5ef8-48a0-970d-98ae8a2198aa,55f64a32-f14c-47b8-b24a-07754c059389,C:\Users\USUARIO\Documents\Downloads\BASE DE DATOS 1974-2018 PDFs. WSS\1985\1985-05-03 Los Secretos Divinos (WSS) (movil).pdf,1985-05-03,Los Secretos Divinos,orden_logico,,,0.000000
a0a1c6cb-0c04-4e10-8023-ab8e9fa409e4,af25852c-a46c-49e7-beb1-3007f7eef344,C:\Users\USUARIO\Documents\Downloads\BASE DE DATOS 1974-2018 PDFs. WSS\1985\1985-05-04 La Gloria del Templo (WSS) (movil).pdf,1985-05-04,La Gloria del Templo,orden_logico,,,0.000000
2006f80b-f722-426a-914f-21e06d4dc325,7af8de02-afe8-4d1f-99b2-9b234f65a039,C:\Users\USUARIO\Documents\Downloads\BASE DE DATOS 1974-2018 PDFs. WSS\1985\1985-05-11 Expectación en Occidente (WSS) (movil).pdf,1985-05-11,Expectación en Occidente,orden_logico,,,0.000000
e8b5289b-c145-47ec-a91d-4613c5303c70,256689ff-2f01-4f6f-aa9d-e0035a073773,C:\Users\USUARIO\Documents\Downloads\BASE DE DATOS 1974-2018 PDFs. WSS\1985\1985-05-12 El futuro hogar de los elegidos - Booklet.pdf,1985-05-12,El futuro hogar de los elegidos,orden_logico,,,0.000000
ebf4dbe7-5c78-4201-869e-844633458c69,2884cfae-a01c-4aa5-92ef-c227a0467d49,"C:\Users\USUARIO\Documents\Downloads\BASE DE DATOS 1974-2018 PDFs. WSS\1985\1985-06-02 El verbo hecho carne (WSS) Cayey, Puerto Rico (movil).pdf",1985-06-02,El verbo hecho carne,cierre,,,0.000000
a7437f82-a0f2-42b7-9975-9cfcdf9031fc,91e52124-6f6b-4003-b998-5f0d2641a0bb,"C:\Users\USUARIO\Documents\Downloads\BASE DE DATOS 1974-2018 PDFs. WSS\1985\1985-07-20 La atracción final (WSS) Maturín, Venezuela.pdf",1985-07-20,La atracción final,orden_logico,,,0.000000
9bf50a46-9c05-4eca-9d34-ce646e12f3fb,99b46225-0496-4de7-9c94-c08b973deeee,"C:\Users\USUARIO\Documents\Downloads\BASE DE DATOS 1974-2018 PDFs. WSS\1985\1985-07-23 La Simplicidad Divina (WSS) San Felipe, Venezuela (movil).pdf",1985-07-23,La Simplicidad Divina.,orden_logico,,,0.000000
84b46bdd-8550-47b9-a050-4ddd628711b3,da68ce3c-5d9b-402a-9020-84abbb072ec6,"C:\Users\USUARIO\Documents\Downloads\BASE DE DATOS 1974-2018 PDFs. WSS\1985\1985-08-23 Donde estas tu (WSS) Cumaná, Venezuela (movil).pdf",1985-08-23,Donde estas tu.,orden_logico,,,0.000000
0276c774-f4d9-499c-82ce-b7f36f5426b4,3b74ac56-7af9-45c6-959b-9db475338e88,"C:\Users\USUARIO\Documents\Downloads\BASE DE DATOS 1974-2018 PDFs. WSS\1985\1985-08-25 Palabras de vida eterna (WSS) Maturín, Venezuela.pdf",1985-08-25,Palabras de vida eterna,orden_logico,,,0.000000
a776a1ca-b27b-4726-bee0-ac113360b4e4,caf4025e-6605-4537-b5ca-bc1370f60806,"C:\Users\USUARIO\Documents\Downloads\BASE DE DATOS 1974-2018 PDFs. WSS\1985\1985-10-07 La Única esperanza de los elegidos (WSS) Cayey, Puerto Rico (movil).pdf",1985-10-07,La Única esperanza de los elegidos,orden_logico,,,0.000000
450210c4-46cd-4daf-8461-2b13308f27e4,3f2c243e-1de6-4300-a4b9-b38334db3f91,"C:\Users\USUARIO\Documents\Downloads\BASE DE DATOS 1974-2018 PDFs. WSS\1985\1985-10-12 El Hombre su creador y el Pacto (WSS) Maturín, Venezuela.pdf",1985-10-12,El Hombre su creador y el Pacto.,orden_logico,,,0.000000
143c20df-fd7d-4d58-b760-0aed0d7a6460,37c396f7-0eda-4726-bb36-bcdbccfeaa57,"C:\Users\USUARIO\Documents\Downloads\BASE DE DATOS 1974-2018 PDFs. WSS\1985\1985-10-24 A quien debemos oir (WSS) Maracaibo, Venezuela.pdf",1985-10-24,A quien debemos oir,orden_logico,,,0.000000
6cb3a0de-963d-442f-bb38-6c81d3e4fb94,219f7628-3c1c-41cc-81db-55b5dc9392df,"C:\Users\USUARIO\Documents\Downloads\BASE DE DATOS 1974-2018 PDFs. WSS\1985\1985-10-27 El llamado final (WSS) San Felipe, Venezuela.pdf",1985-10-27,El llamado final.,orden_logico,,,0.000000
07a81c03-2c2c-494c-a048-73ac0ca020aa,38d899be-5ff3-4fe0-9c55-0aec19545cbb,"C:\Users\USUARIO\Documents\Downloads\BASE DE DATOS 1974-2018 PDFs. WSS\1985\1985-12-15 El orden de la venida del Hijo del Hombre (WSS) Cayey, Puerto Rico.pdf",1985-12-15,El orden de la venida del Hijo del Hombre,orden_logico,,,0.000000
368e0bf4-c9a5-4bcf-bb7f-3d41fc5dabb9,dadc2da7-22ec-412b-813e-1cd6b4bcc1c4,"C:\Users\USUARIO\Documents\Downloads\BASE DE DATOS 1974-2018 PDFs. WSS\1985\1985-12-22 Cosas que debemos conocer en este tiempo (WSS) Cayey, Puerto Rico (movil).pdf",1985-12-22,Cosas que debemos conocer en este tiempo,orden_logico,,,0.000000
32e861ee-ff23-458b-bd06-0819bdd55652,5ee84651-a95d-48f9-b967-349821ca2597,"C:\Users\USUARIO\Documents\Downloads\BASE DE DATOS 1974-2018 PDFs. WSS\1985\1985-12-29 Escudriñando las escrituras (WSS) San Felipe, Yaracuy, Venezuela.pdf",1985-12-29,Escudriñando las escrituras,orden_logico,,,0.000000
84c638ee-e15f-4ab0-8470-c58c0a56c19c,7e298c78-4f04-4851-a261-2b3f35467891,"C:\Users\USUARIO\Documents\Downloads\BASE DE DATOS 1974-2018 PDFs. WSS\1985\1985-12-29 Cosas que deben suceder antes de concluir esta generacion (WSS) Valencia, Venezuela.pdf",1985-12-29,Cosas que deben suceder antes de concluir esta generacion.,orden_logico,,,0.000000
46910428-eaa0-49e3-acc5-6e47036720f0,7e6c8968-f23a-48d1-b58a-55852539789a,"C:\Users\USUARIO\Documents\Downloads\BASE DE DATOS 1974-2018 PDFs. WSS\1986\1986-01-01 Los bienaventurados de esta Generacion (WSS) Maturín, Venezuela.pdf",1986-01-01,Los bienaventurados de esta Generacion.,orden_logico,,,0.000000
bd4f132b-f816-4726-911b-957c7c82d2b8,4b7e444b-ce1f-447e-b3af-1225d0b25712,"C:\Users\USUARIO\Documents\Downloads\BASE DE DATOS 1974-2018 PDFs. WSS\1986\1986-01-03 La Venida del Reino de Dios (WSS) Maturín, Venezuela.pdf",1986-01-03,La Venida del Reino de Dios.,orden_logico,,,0.000000
a3f82403-9cf2-4d02-ab0a-1c202b13a54b,d292b2ff-b77f-47d5-a215-cd6b4be0bf11,"C:\Users\USUARIO\Documents\Downloads\BASE DE DATOS 1974-2018 PDFs. WSS\1986\1986-01-04 La Fuente de Vida Eterna (WSS) Maturín, Venezuela.pdf",1986-01-04,La Fuente de Vida Eterna.,orden_logico,,,0.000000
3686926b-78e6-46d1-b70f-6bc28552ed9f,650e07d9-18ef-455f-a2dc-8dac1130a252,"C:\Users\USUARIO\Documents\Downloads\BASE DE DATOS 1974-2018 PDFs. WSS\1986\1986-03-28 Jesus el hombre Perfecto (WSS) Maturín, Venezuela.pdf",1986-03-28,Jesus el hombre Perfecto.,orden_logico,,,0.000000
8cc6b67c-13d0-48a3-bc94-b1091e4e9d02,11004417-1138-43e4-ae2a-04e675fb3b62,C:\Users\USUARIO\Documents\Downloads\BASE DE DATOS 1974-2018 PDFs. WSS\1986\1986-03-29 Jesus el hombre Perfecto en el infierno con la llave del infierno y de la muerte (WSS) Venezuela.pdf,1986-03-29,Jesus el hombre Perfecto en el infierno con la llave del infierno y de la muerte.,orden_logico,,,0.000000
46f463b4-1727-42f7-a1bc-dab505a6a1bc,23ef0845-237b-4369-a2a1-5fb8b817fe8d,"C:\Users\USUARIO\Documents\Downloads\BASE DE DATOS 1974-2018 PDFs. WSS\1986\1986-04-04 Localizacion de tiempo y acontecimientos (WSS) Cumaná, Venezuela.pdf",1986-04-04,Localizacion de tiempo y acontecimientos.,orden_logico,,,0.000000
35744629-1670-4dba-a014-40a2d45b1abd,026e2fce-944d-475c-bc9c-72dce20a967e,C:\Users\USUARIO\Documents\Downloads\BASE DE DATOS 1974-2018 PDFs. WSS\1986\1986-05-25 Bartimeo que quieres que te haga (WSS) (movil).pdf,1986-05-25,Bartimeo que quieres que te haga.,orden_logico,,,0.000000
143b2a7c-d26a-4565-8dc8-ea2a2874f114,0bf95142-8203-48d7-9194-a2303db833d9,"C:\Users\USUARIO\Documents\Downloads\BASE DE DATOS 1974-2018 PDFs. WSS\1986\1986-06-01 El mensajero de las iglesias (WSS) Pereira, Colombia (MOVIL).pdf",1986-06-01,El Mensajero de las Iglesias.,orden_logico,,,0.000000
9d2daae9-5927-44fb-8b4e-8137dc1f9888,e31320ce-7411-4c71-b237-2f3d784b0b03,"C:\Users\USUARIO\Documents\Downloads\BASE DE DATOS 1974-2018 PDFs. WSS\1986\1986-07-06  La verdad libertadora (WSS) Villavicencio, Colombia (MOVIL).pdf",1986-07-06,La verdad libertadora,orden_logico,,,0.000000
7b27c6df-f094-4268-81ed-34a2161e3b0e,af8b91bd-65ce-4c47-a36c-9bb3fb244e67,"C:\Users\USUARIO\Documents\Downloads\BASE DE DATOS 1974-2018 PDFs. WSS\1986\1986-08-24 Marcando el fin del siglo (WSS) Maturín, Venezuela.pdf",1986-08-24,Marcando el fin del siglo.,orden_logico,,,0.000000
1c03576b-f093-45f4-8679-d25dd77c6a54,53abcc64-02fb-4183-8a4b-2692a2a7f600,"C:\Users\USUARIO\Documents\Downloads\BASE DE DATOS 1974-2018 PDFs. WSS\1987\1987-01-25 La Palabra Verdadera (WSS) Cayey, Puerto Rico.pdf",1987-01-25,La Palabra Verdadera.,orden_logico,,,0.000000
eed47c6f-65e1-471a-a757-7157d3664b0b,4a75b707-50f2-46df-9b83-94113c8996c2,"C:\Users\USUARIO\Documents\Downloads\BASE DE DATOS 1974-2018 PDFs. WSS\1987\1987-03-15 Las palabras de esta profecía (WSS) Lima, Perú.pdf",1987-03-15,Las palabras de esta profecía,orden_logico,,,0.000000
25d5eae6-dc9f-4e13-a5f2-f2eab1f2a8a3,abd3f7d3-cc46-46da-acf4-b36030be5542,"C:\Users\USUARIO\Documents\Downloads\BASE DE DATOS 1974-2018 PDFs. WSS\1987\1987-03-29 Los verdaderos adoradores (WSS) Cayey, Puerto Rico.pdf",1987-03-29,Los Verdaderos Adoradores.,orden_logico,,,0.000000
58b0da7f-95e9-40db-8e23-74426e4caf28,6fa0eeaf-25d3-4106-ae15-b636326c539a,"C:\Users\USUARIO\Documents\Downloads\BASE DE DATOS 1974-2018 PDFs. WSS\1987\1987-04-08 El Secreto Divino (WSS) Torreón, México.pdf",1987-04-08,El Secreto Divino.,orden_logico,,,0.000000
6107f435-bed8-4a9e-a089-1d5ccfc8c0cd,25550829-2704-4885-affa-3aee3b611949,"C:\Users\USUARIO\Documents\Downloads\BASE DE DATOS 1974-2018 PDFs. WSS\1987\1987-04-15 Serie la semana mayor Las parabolas de Jesus en la Semana Mayor (WSS) Veracruz, México (movil).pdf",1987-04-15,Serie la semana mayor Las parabolas de Jesus en la Semana Mayor. sencillo,orden_logico,,,0.000000
6fd7ed67-3f92-4493-9038-eaaf84ad14d3,d61b3216-9b5b-42db-9496-d545686997b5,C:\Users\USUARIO\Documents\Downloads\BASE DE DATOS 1974-2018 PDFs. WSS\1987\1987-04-17 Serie la semana mayor Jesus Crucificado en la Semana Mayor (WSS) México.pdf,1987-04-17,Serie la semana mayor Jesus Crucificado en la Semana Mayor. sencillo,orden_logico,,,0.000000
70a3fbb1-d627-435d-8bc3-79a6e6f1ad53,06f89a3d-7f6e-4cb9-a479-b93afda4918b,C:\Users\USUARIO\Documents\Downloads\BASE DE DATOS 1974-2018 PDFs. WSS\1987\1987-04-19 Serie la semana mayor Domingo de Resurrección Actualizado (WSS) Guatemala (movil).pdf,1987-04-19,Serie la semana mayor Domingo de Resurreccion Actualizado. sencillo,orden_logico,,,0.000000
7399aef7-7496-4818-8d62-1f66974747e6,bc542a77-56de-40dd-81e7-4a4a04378b86,"C:\Users\USUARIO\Documents\Downloads\BASE DE DATOS 1974-2018 PDFs. WSS\1987\1987-05-24 El Consejo Divino (WSS) Cayey, Puerto Rico.pdf",1987-05-24,El Consejo Divino. sencillo,orden_logico,,,0.000000
8dd8e238-fc7a-47f3-bb00-1e38a5cd09e3,7e2f1a66-dd1d-49ef-8923-9e8a39c17ac9,"C:\Users\USUARIO\Documents\Downloads\BASE DE DATOS 1974-2018 PDFs. WSS\1987\1987-05-31 La Espada del Rey (WSS) Cayey, Puerto Rico (movil).pdf",1987-05-31,La Espada del Rey. sencillo,orden_logico,,,0.000000
0310597b-b0b0-45c9-83f0-af02c5f92e34,148b3993-da6c-4760-a45a-54ae4f3f6791,C:\Users\USUARIO\Documents\Downloads\BASE DE DATOS 1974-2018 PDFs. WSS\1987\1987-07-26 El misterio de dos pueblos (WSS) Mexico (movil).PDF,1987-07-26,El misterio de dos pueblos,orden_logico,,,0.000000
b33acd3e-2b7b-4762-a5c2-fe377d77bd44,aa3d1c61-c6cd-4220-9852-5c6b3abc7579,"C:\Users\USUARIO\Documents\Downloads\BASE DE DATOS 1974-2018 PDFs. WSS\1987\1987-08-03 La eleccion Divina (WSS) Tapachula, México.pdf",1987-08-03,La eleccion Divina.,orden_logico,,,0.000000
c134b632-3a61-4ea6-940b-d8f58189f8b9,2f49936d-3841-4cbc-b899-8013527f1cba,"C:\Users\USUARIO\Documents\Downloads\BASE DE DATOS 1974-2018 PDFs. WSS\1987\1987-08-09 La Reunion en la cima del Monte de Sion (WSS) Cayey, Puerto Rico (movil).pdf",1987-08-09,La Reunion en la cima del Monte de Sion. sencillo,orden_logico,,,0.000000
d991bf75-4670-453e-84f4-785ea2ee422b,23d9a9b1-1b59-478e-bd09-1d85793baa26,C:\Users\USUARIO\Documents\Downloads\BASE DE DATOS 1974-2018 PDFs. WSS\1987\1987-09-27 Los hijos de Dios (WSS) Guatemala.pdf,1987-09-27,Los hijos de Dios.,orden_logico,,,0.000000
ebda551c-9092-4938-ae5c-89b2ae527d6b,3c6f149b-e570-4554-87b6-b9d2f8912ef8,"C:\Users\USUARIO\Documents\Downloads\BASE DE DATOS 1974-2018 PDFs. WSS\1987\1987-10-16 El Propósito Divino de la Vida (WSS) Fusagasugá, Colombia (movil).pdf",1987-10-16,El Propósito Divino de la Vida.,orden_logico,,,0.000000
1662d17f-a72a-4243-aa05-f387aaaf34be,4c3dc3ac-8d77-4d03-b521-01ba103ae78a,"C:\Users\USUARIO\Documents\Downloads\BASE DE DATOS 1974-2018 PDFs. WSS\1987\1987-10-27 La Luz en el Occidente (WSS) Montería, Colombia (movil).pdf",1987-10-27,La Luz en el Occidente.,orden_logico,,,0.000000
51002cc7-3fa5-44b5-a798-5097b109dd5a,c7f5e5e8-de4c-4345-a727-3a8ad115c69d,"C:\Users\USUARIO\Documents\Downloads\BASE DE DATOS 1974-2018 PDFs. WSS\1987\1987-11-04 La Voz Celestial (WSS) Valledupar, Colombia.pdf",1987-11-04,La Voz Celestial.,orden_logico,,,0.000000
02a5edaa-09c4-4e48-97ce-9e86e55273ee,65913672-bedb-41d6-91db-9c79e9dd8bff,"C:\Users\USUARIO\Documents\Downloads\BASE DE DATOS 1974-2018 PDFs. WSS\1988\1988-01-28 La Vida Eterna (WSS) Caicedo, Colombia.pdf",1988-01-28,La Vida Eterna.,orden_logico,,,0.000000
a8677020-a194-420a-88fa-65640e39912d,de8df4ff-d12a-4e78-8e51-4aed0559335e,"C:\Users\USUARIO\Documents\Downloads\BASE DE DATOS 1974-2018 PDFs. WSS\1988\1988-01-31 El Trono del Señor Jesucristo (WSS) Bogotá, Colombia.pdf",1988-01-31,El Trono del Señor Jesucristo.,orden_logico,,,0.000000
d20e00f7-aecd-4c62-929f-583a3f036db0,3459ddb8-91c0-4f07-bfb2-162c9d80095f,"C:\Users\USUARIO\Documents\Downloads\BASE DE DATOS 1974-2018 PDFs. WSS\1988\1988-03-06 Los hijos del Rey Melquisedec (WSS) Bogotá, Colombia.pdf",1988-03-06,Los hijos del Rey Melquisedec.,orden_logico,,,0.000000
f9057e2d-889f-4d57-97bc-f536427458fd,20e48e2b-c846-4b63-ac5b-54c6c145aeca,"C:\Users\USUARIO\Documents\Downloads\BASE DE DATOS 1974-2018 PDFs. WSS\1988\1988-03-24 Serie Los 8 grandes eventos, La senal del Hijo del Hombre en el cielo (MOVIL).pdf",1988-03-24,Serie Los 8 grandes eventos La señal del Hijo del Hombre en el cielo,duplicacion,conferencia_id ya seleccionado,,0.000000
e0fcfeb5-9ec8-4245-a960-3d78753a69f6,4ff30132-d710-45a4-84b3-44d4401a5594,"C:\Users\USUARIO\Documents\Downloads\BASE DE DATOS 1974-2018 PDFs. WSS\1988\1988-06-17 Hablando la Palabra (WSS) Santa Cruz, Bolivia.pdf",1988-06-17,Hablando la Palabra.,orden_logico,,,0.000000
41ee8b2e-c5f0-4643-8636-7310e9365b72,4d7b4799-e858-4518-ba74-ae602337628a,C:\Users\USUARIO\Documents\Downloads\BASE DE DATOS 1974-2018 PDFs. WSS\1988\1988-10-12 Por la Fe (WSS) México (movil).pdf,1988-10-12,Por la Fe.,orden_logico,,,0.000000
5e8abb05-885c-420a-962b-5ed13dbc4d16,f65959db-5563-420e-b435-9f87d84e9142,"C:\Users\USUARIO\Documents\Downloads\BASE DE DATOS 1974-2018 PDFs. WSS\1988\1988-10-16 La atraccion en el Monte de Sion (WSS) San Luis Potosí, México.pdf",1988-10-16,La atraccion en el Monte de Sion.,orden_logico,,,0.000000
4f0744ab-f13d-46de-a6df-4588386ddc0f,20db5c7a-cd51-41df-896f-393f2fc6db39,"C:\Users\USUARIO\Documents\Downloads\BASE DE DATOS 1974-2018 PDFs. WSS\1988\1988-10-24 La Voz del Esposo hoy (WSS) Minatitlán, México (WSS).pdf",1988-10-24,La Voz del Esposo hoy.,orden_logico,,,0.000000
d24c334b-b0e9-4db9-b107-3edd0f54045b,d04872cb-5ce5-402a-8f77-5a51f8af8ceb,"C:\Users\USUARIO\Documents\Downloads\BASE DE DATOS 1974-2018 PDFs. WSS\1988\1988-11-06 La simplicidad divina (WSS) Cayey, Puerto Rico (movil).pdf",1988-11-06,La Simplicidad Divina. sencillo,orden_logico,,,0.000000
ce3729d9-8188-473f-b5a7-bb976399d9ab,e8347ae9-fa47-4d8a-96d5-5ed14ecbb039,"C:\Users\USUARIO\Documents\Downloads\BASE DE DATOS 1974-2018 PDFs. WSS\1988\1988-12-11 Una Puerta abierta en el Cielo (WSS) Córdoba, Argentina.pdf",1988-12-11,Una Puerta abierta en el Cielo.,orden_logico,,,0.000000
ab68a772-20d7-4264-909d-cda0cbaa81f4,7bc9cb70-f05e-40c2-918c-4fa50831dc6f,"C:\Users\USUARIO\Documents\Downloads\BASE DE DATOS 1974-2018 PDFs. WSS\1989\1989-02-11 Conociendo el Tiempo - RM (WSS) Bogotá, Colombia (movil).pdf",1989-02-11,RM Conociendo el Tiempo. sencillo,orden_logico,,,0.000000
180ca8e9-3e74-4878-864f-f2e25abf5a5d,b69cf893-99e6-4361-bc60-44292575a32a,"C:\Users\USUARIO\Documents\Downloads\BASE DE DATOS 1974-2018 PDFs. WSS\1989\1989-02-12 Vigilando por la bendicion (WSS) Santa Marta, Colombia.pdf",1989-02-12,Vigilando por la bendicion.,orden_logico,,,0.000000
5d399a93-63c1-420d-b43e-99976acabecd,252a4c42-7701-4b79-bef1-8f675340b26b,"C:\Users\USUARIO\Documents\Downloads\BASE DE DATOS 1974-2018 PDFs. WSS\1989\1989-03-05 La obra del Septimo Sello (WSS) Cayey, Puerto Rico (MOVIL).pdf",1989-03-05,La Obra del Septimo Sello.,orden_logico,,,0.000000
f9aabf59-80a4-4a11-bd91-7542a6af6e78,1b18e3db-e935-47fd-a116-969712bb9c45,"C:\Users\USUARIO\Documents\Downloads\BASE DE DATOS 1974-2018 PDFs. WSS\1989\1989-03-19 Sentados en el Trono del Señor Jesucristo (WSS) Monterrey, México.pdf",1989-03-19,Sentados en el Trono del Señor Jesucristo.,orden_logico,,,0.000000
e12bf379-3832-4923-ab64-8837b2af90c1,5758ee74-fe9e-4aaa-9412-a5a6a54533a7,"C:\Users\USUARIO\Documents\Downloads\BASE DE DATOS 1974-2018 PDFs. WSS\1989\1989-03-20 Los Vencedores del tiempo final (WSS) Acapulco, México.pdf",1989-03-20,Los Vencedores del tiempo final.,orden_logico,,,0.000000
3e29c5e2-67bd-4d9d-aba2-b5ca5d20809b,1a7805c9-4c5f-41ce-9142-86f8727ec1cd,C:\Users\USUARIO\Documents\Downloads\BASE DE DATOS 1974-2018 PDFs. WSS\1989\1989-03-22 Los Negocios del Reino de Dios (WSS) México.pdf,1989-03-22,Los Negocios del Reino de Dios.,orden_logico,,,0.000000
91f88e86-e10c-4539-aaab-ddc9a2db5f36,1f7e2f15-5249-4a15-99db-0346a9c91a82,"C:\Users\USUARIO\Documents\Downloads\BASE DE DATOS 1974-2018 PDFs. WSS\1989\1989-03-29 Los Verdaderos Adoradores (WSS) Cayey, Puerto Rico (movil horizontal).PDF",1989-03-29,Los Verdaderos Adoradores. sencillo,orden_logico,,,0.000000
7b8ac66a-b69b-4a86-a14e-3ce5ce0e108b,57e570bb-434a-4ad2-a9c6-b3649d815fb5,"C:\Users\USUARIO\Documents\Downloads\BASE DE DATOS 1974-2018 PDFs. WSS\1989\1989-04-07 La descendencia Divina (WSS) Fusagasugá, Colombia.pdf",1989-04-07,La descendencia Divina.,orden_logico,,,0.000000
b63d1099-0f94-4262-a6fd-38102215eecb,fb92c71f-7769-4c5b-866d-851a88ba3b51,"C:\Users\USUARIO\Documents\Downloads\BASE DE DATOS 1974-2018 PDFs. WSS\1989\1989-04-09 El maná escondido (WSS) Bogotá, Colombia.pdf",1989-04-09,El mana escondido.,orden_logico,,,0.000000
5afdf5bf-ada6-495a-95b4-3c15cc112806,e3fba0f1-17c2-47fd-a8c1-17464bb9f247,"C:\Users\USUARIO\Documents\Downloads\BASE DE DATOS 1974-2018 PDFs. WSS\1989\1989-04-12 El Templo de Dios (WSS) Manizales, Colombia.pdf",1989-04-12,El Templo de Dios.,orden_logico,,,0.000000
296bdb34-1ad9-46cd-a3d9-6ec7cb1bf45e,e4aa9459-d253-4312-9c22-27fcd791a55b,C:\Users\USUARIO\Documents\Downloads\BASE DE DATOS 1974-2018 PDFs. WSS\1989\1989-04-14 Las tablas de la Ley (WSS) (movil).pdf,1989-04-14,Las tablas de la Ley.,orden_logico,,,0.000000
d7e421b5-b4bb-4a5d-a93d-14bd017cc9e2,e37db46a-4340-445b-810d-24c17595626f,"C:\Users\USUARIO\Documents\Downloads\BASE DE DATOS 1974-2018 PDFs. WSS\1989\1989-04-16 El día de la Redención (WSS) Medellín, Colombia.pdf",1989-04-16,El día de la Redención.,orden_logico,,,0.000000
3ad799e3-6d01-4d32-b287-cc301c333960,93cbe302-407e-4f71-98e9-b8a2e8d43e21,"C:\Users\USUARIO\Documents\Downloads\BASE DE DATOS 1974-2018 PDFs. WSS\1989\1989-04-19 La Obra del Señor Jesucristo en el fin del tiempo (WSS) La Dorada, Colombia.pdf",1989-04-19,La Obra del Señor Jesucristo en el fin del tiempo.,orden_logico,,,0.000000
6fa3a5fb-2aad-4387-903c-1f46c0798982,6692a228-65ee-4397-b0d5-4444147c7497,"C:\Users\USUARIO\Documents\Downloads\BASE DE DATOS 1974-2018 PDFs. WSS\1989\1989-04-30 El remanente sobre el Monte de Sion (WSS) Cayey, Puerto Rico.pdf",1989-04-30,El Remanente sobre el monte de Sion. sencillo,orden_logico,,,0.000000
bac2d51c-0fd0-4b3e-80a2-a8f08e58cc3a,a5d720e8-bc48-483c-a42f-01f8063f1849,"C:\Users\USUARIO\Documents\Downloads\BASE DE DATOS 1974-2018 PDFs. WSS\1989\1989-05-07 Jesucristo revelado en el Fin del Siglo (WSS) Cayey, Puerto Rico (movil).PDF",1989-05-07,Jesucristo Revelado en el fin del Siglo. sencillo,orden_logico,,,0.000000
f7595358-4d80-4920-8d8f-e245923ffa63,dbc7f811-b1b2-4c82-84d5-31794d63bcaa,"C:\Users\USUARIO\Documents\Downloads\BASE DE DATOS 1974-2018 PDFs. WSS\1989\1989-05-08 Consejos a los Ministros - RM (WSS) Bogotá, Colombia.pdf",1989-05-08,RM Consejos a los Ministros.,orden_logico,,,0.000000
60c47d2c-d79a-4936-8d1a-1aad80db9373,55b25d65-29cd-4a0b-bb1a-802229c6c0c4,C:\Users\USUARIO\Documents\Downloads\BASE DE DATOS 1974-2018 PDFs. WSS\1989\1989-05-28 El Amor Divino (WSS) (movil).pdf,1989-05-28,El Amor Divino. sencillo,orden_logico,,,0.000000
928d6677-0ea7-444a-ba42-f965c45fcf9d,75bef7de-35e2-49c7-b027-3b0238e1bf76,"C:\Users\USUARIO\Documents\Downloads\BASE DE DATOS 1974-2018 PDFs. WSS\1989\1989-06-04 El movimiento divino en marcha (WSS) Cayey, Puerto Rico (movil).pdf",1989-06-04,El Movimiento Divino en marcha.,orden_logico,,,0.000000
cbb5685f-6b4b-45a9-9c78-1d1790feb24a,f7d5e8a9-f146-479b-a1b6-cf4790705998,"C:\Users\USUARIO\Documents\Downloads\BASE DE DATOS 1974-2018 PDFs. WSS\1989\1989-06-07 La Salida (WSS) Bogotá, Colombia (movil horizontal).pdf",1989-06-07,La Salida. sencillo,orden_logico,,,0.000000
58542c5a-d90b-41b2-af95-7c5c84a4d69b,5a41a667-83bd-44f6-8005-e8afe35d63c6,"C:\Users\USUARIO\Documents\Downloads\BASE DE DATOS 1974-2018 PDFs. WSS\1989\1989-06-16 Dios, el hombre y la creacion (WSS) Brasil (MOVIL).pdf",1989-06-16,Dios el hombre y la creacion. sencillo,orden_logico,,,0.000000
f8e28ded-cecc-4995-8111-9c20381d7b58,cfb11e9c-0763-463b-bcb3-55a066599b2d,"C:\Users\USUARIO\Documents\Downloads\BASE DE DATOS 1974-2018 PDFs. WSS\1989\1989-07-05 Los primogénitos (WSS) Cayey, Puerto Rico (movil).pdf",1989-07-05,Los primogénitos,duplicacion,Jaccard 8-gramas=0.652001,a8e2868e-f6cb-4442-b813-e3c09ee0507e,0.652001
c54f8966-cfdb-4aae-a1ba-45a3ca4f771e,bd4e3a0c-ef11-4b14-aeb8-e46c719df670,"C:\Users\USUARIO\Documents\Downloads\BASE DE DATOS 1974-2018 PDFs. WSS\1989\1989-07-09 La Herencia (WSS) Cayey, Puerto Rico (MOVIL).pdf",1989-07-09,La Herencia. sencillo,orden_logico,,,0.000000
d19d65f6-3840-409d-9749-719b4871a81d,beb7cd55-d9b9-4f90-885b-7880068abc13,"C:\Users\USUARIO\Documents\Downloads\BASE DE DATOS 1974-2018 PDFs. WSS\1989\1989-08-13 La Obra de la Columna de fuego (WSS) Cayey, Puerto Rico (movil).pdf",1989-08-13,La Obra de la Columna de fuego,duplicacion,Jaccard 8-gramas=0.717705,f785aa7a-52ee-4477-96b4-d67d40a030a8,0.717705
6b3985a4-592c-4338-9da8-4a6e3f996127,beb7cd55-d9b9-4f90-885b-7880068abc13,"C:\Users\USUARIO\Documents\Downloads\BASE DE DATOS 1974-2018 PDFs. WSS\1989\1989-08-13 La Obra de la Columna de fuego (WSS Cayey, Puerto Rico.pdf",1989-08-13,La Obra de la Columna de fuego,orden_logico,,,0.000000
66b527a0-89b1-472a-b87d-23615de10e9c,02c5dc04-6a12-40be-ba5b-05068cad554c,"C:\Users\USUARIO\Documents\Downloads\BASE DE DATOS 1974-2018 PDFs. WSS\1989\1989-08-27 El Monte de la bendicion (WSS) Santiago de Chile, Chile.pdf",1989-08-27,El Monte de la bendicion.,orden_logico,,,0.000000
45039394-7096-4359-975c-cfc91f77819c,2e545aa2-9820-4670-8938-72ceed95d261,C:\Users\USUARIO\Documents\Downloads\BASE DE DATOS 1974-2018 PDFs. WSS\1989\1989-09-17 El Misterio de los Siete Colores del Arco Iris (WSS) (movil).pdf,1989-09-17,El Misterio de los Siete Colores del Arco Iris.,orden_logico,,,0.000000
7efd4eb8-5c91-4170-9fb8-ee61b9e92319,34079e1e-e8d6-472b-b613-a74a6d747ca5,"C:\Users\USUARIO\Documents\Downloads\BASE DE DATOS 1974-2018 PDFs. WSS\1989\1989-09-22 El ministerio del esposo y la esposa hoy (WSS) Bogotá, Colombia.pdf",1989-09-22,El ministerio del esposo y la esposa hoy.,orden_logico,,,0.000000
04fada36-5867-412e-98af-06af21c0a8dc,bd4056d6-5e68-4df5-978d-cf57ad04874e,"C:\Users\USUARIO\Documents\Downloads\BASE DE DATOS 1974-2018 PDFs. WSS\1989\1989-09-24 El Arco Iris alrededor del Trono (WSS) Cayey, Puerto Rico (movil).pdf",1989-09-24,El arco iris alrededor del Trono.,orden_logico,,,0.000000
9054267a-c212-46bb-9bb0-5ff03b57c9cb,7868ffa8-045b-40d9-b4c7-2571079a47fd,"C:\Users\USUARIO\Documents\Downloads\BASE DE DATOS 1974-2018 PDFs. WSS\1989\1989-10-08 La bendicion del primogenito (WSS) Monterrey, Mexico (movil).pdf",1989-10-08,La bendicion del Primogenito.,cierre,,,0.000000
b3c9fdf6-995e-4042-bf9f-fc4c92bf612c,c3aa6784-4bb5-4520-9501-37a1f35afccb,"C:\Users\USUARIO\Documents\Downloads\BASE DE DATOS 1974-2018 PDFs. WSS\1989\1989-10-15 La Obra del Senor Jesucristo hoy (WSS) Villahermosa, México (movil).pdf",1989-10-15,La Obra del Señor Jesucristo hoy.,orden_logico,,,0.000000
8f7f97d4-bac2-45de-b0a4-9fbd9c52ae3f,571f6c78-b581-4e2b-bf95-40db9f472ae1,C:\Users\USUARIO\Documents\Downloads\BASE DE DATOS 1974-2018 PDFs. WSS\1989\1989-10-16 Juntando a los escogidos (WSS) México (movil).pdf,1989-10-16,Juntando a los escogidos.,orden_logico,,,0.000000
d0295996-24a8-4087-905a-62e77560990b,57507c39-eea8-4780-a15d-da9fb46b86c4,"C:\Users\USUARIO\Documents\Downloads\BASE DE DATOS 1974-2018 PDFs. WSS\1989\1989-10-23 Los negocios del Señor Jesucristo en la edad de la Piedra Angular (WSS) Puebla, México (movil).pdf",1989-10-23,Los negocios del Señor Jesucristo en la edad de la Piedra Angular. sencillo,orden_logico,,,0.000000
43bc21c8-e646-4b1a-9ca0-cbd5d8881baa,46e34fa1-492c-47d2-a935-a7f26f54c760,C:\Users\USUARIO\Documents\Downloads\BASE DE DATOS 1974-2018 PDFs. WSS\1989\1989-10-25 La Venida del Señor en Gloria (WSS) (movil).pdf,1989-10-25,La Venida del Señor en Gloria. sencillo,orden_logico,,,0.000000
94f49b69-5fd3-4fa0-9c82-d981ef6fe929,28bcb0c1-3910-4deb-81c4-96704555f543,"C:\Users\USUARIO\Documents\Downloads\BASE DE DATOS 1974-2018 PDFs. WSS\1989\1989-10-29 El Mensaje de Bendicion (WSS) Cayey, Puerto Rico (MOVIL).pdf",1989-10-29,El Mensaje de bendicion.,orden_logico,,,0.000000
042ae37b-bce0-4ded-be3d-224104d45318,b334ca6f-0d8f-4113-901c-0d79e77a52fc,"C:\Users\USUARIO\Documents\Downloads\BASE DE DATOS 1974-2018 PDFs. WSS\1989\1989-11-04 Participantes del llamamiento Celestial - RM (WSS) Bogotá, Colombia.pdf",1989-11-04,RM Participantes del llamamiento Celestial. sencillo,orden_logico,,,0.000000
a1736970-ea3d-4b00-9c4f-ad1c4c61c6de,660bd215-420d-4565-8284-5f14515a0f18,"C:\Users\USUARIO\Documents\Downloads\BASE DE DATOS 1974-2018 PDFs. WSS\1989\1989-11-05 El Jinete del quinto caballo del Apocalipsis (WSS) Bogotá, Colombia (movil).pdf",1989-11-05,El Jinete del quinto Caballo del Apocalipsis.,orden_logico,,,0.000000
2088580a-574c-4ffb-b466-d8afc0f53602,46041a5a-0b10-457c-8a81-7d1399b3faea,"C:\Users\USUARIO\Documents\Downloads\BASE DE DATOS 1974-2018 PDFs. WSS\1989\1989-11-25 La Responsabilidad de un consiervo - RM (WSS) San José de los Campos, Brasil.pdf",1989-11-25,RM La Responsabilidad de un consiervo,orden_logico,,,0.000000
7691c937-25b3-435c-b158-761448b12e74,2f221598-9a00-4cd7-94fb-db5c500fe28e,C:\Users\USUARIO\Documents\Downloads\BASE DE DATOS 1974-2018 PDFs. WSS\1989\1989-12-24 La Verdad Revelada (WSS) (movil).pdf,1989-12-24,La Verdad Revelada sencillo,orden_logico,,,0.000000
fe9ed030-7167-44f4-81be-1e1b9b856350,ede10616-15b6-4e13-8754-4a0c2a666508,C:\Users\USUARIO\Documents\Downloads\BASE DE DATOS 1974-2018 PDFs. WSS\1989\1989-12-31 La Revelacion de Jesucristo (WSS) (movil).pdf,1989-12-31,La Revelacion de Jesucristo. sencillo,orden_logico,,,0.000000
b337ac60-0e2e-43a5-abf3-19fadbd59e0f,358ccb78-74e1-4cf2-b4bc-f017bc172067,"C:\Users\USUARIO\Documents\Downloads\BASE DE DATOS 1974-2018 PDFs. WSS\1990\1990-01-07 El Tiempo de mirar a Jesus (WSS) Cayey, Puerto R⁪ico (movil).pdf",1990-01-07,El tiempo de mirar a Jesus.,orden_logico,,,0.000000
62eaf021-e049-475c-995e-c6b31e1397ee,eb211d0e-bf89-4d11-ac55-426be7817277,"C:\Users\USUARIO\Documents\Downloads\BASE DE DATOS 1974-2018 PDFs. WSS\1990\1990-01-28 El Hombre del Futuro (WSS) Cayey, Puerto R⁪ico (movil).pdf",1990-01-28,El hombre del futuro.,orden_logico,,,0.000000
f315f65b-b7cb-424c-a2d0-816a6d29a935,3c8d9fcd-585e-467f-b487-c24620c52eb6,"C:\Users\USUARIO\Documents\Downloads\BASE DE DATOS 1974-2018 PDFs. WSS\1990\1990-02-04 El Trono de Jesús (WSS) Cayey, Puerto Rico (movil).pdf",1990-02-04,El Trono de Jesus.,orden_logico,,,0.000000
06ebc9d9-ef43-4586-b845-d3e912d4503a,bd3fc240-56ce-48d9-9253-9bb0d33fd671,"C:\Users\USUARIO\Documents\Downloads\BASE DE DATOS 1974-2018 PDFs. WSS\1990\1990-02-11 El Libro de la vida del Cordero (WSS) Bogotá, Colombia.pdf",1990-02-11,El Libro de la vida del Cordero.,orden_logico,,,0.000000
ee1e2f74-cf07-4e98-bf33-524f31c65620,5361de79-1df4-43e6-9c52-671071eda057,C:\Users\USUARIO\Documents\Downloads\BASE DE DATOS 1974-2018 PDFs. WSS\1990\1990-02-14 El mensaje de bendición del primogenito (FOLLETO).pdf,1990-02-14,El Mensaje de Bendición del Primogénito.,orden_logico,,,0.000000
823a06e7-e412-4487-befa-1d51fc051e7b,57aa461c-539d-4277-9aea-66d00f8bee6e,"C:\Users\USUARIO\Documents\Downloads\BASE DE DATOS 1974-2018 PDFs. WSS\1990\1990-02-20 La lucha por la Vida Eterna (WSS) Montería, Colombia.pdf",1990-02-20,La lucha por la Vida Eterna.,orden_logico,,,0.000000
dcf1f8a8-80e6-4e01-9ef5-779c20ac04fb,b76ec063-0482-4016-9282-cb1e1cf44d1a,"C:\Users\USUARIO\Documents\Downloads\BASE DE DATOS 1974-2018 PDFs. WSS\1990\1990-02-25 La Luz de su Venida (WSS) Cali, Colombia.pdf",1990-02-25,La Luz de su Venida.,orden_logico,,,0.000000
a90fb2fd-f9c4-4a05-b022-b9315e4b4c29,426093e6-5115-49c5-bdba-5d1f9e39372e,"C:\Users\USUARIO\Documents\Downloads\BASE DE DATOS 1974-2018 PDFs. WSS\1990\1990-02-26 La Creacion de una Nueva Raza (WSS) Bogotá, Colombia (movil).pdf",1990-02-26,La Creacion de una Nueva Raza. sencillo,orden_logico,,,0.000000
76c6a6be-5d3b-4ae5-9aa8-30eae26b30d5,4d4402d4-cb5d-4cd8-a00e-71a8c693a563,"C:\Users\USUARIO\Documents\Downloads\BASE DE DATOS 1974-2018 PDFs. WSS\1990\1990-03-02 La Fuente del Agua de la Vida para el Vencedor (WSS) Neiva, Colombia (movil).PDF",1990-03-02,La Fuente del Agua de la Vida para el Vencedor.,orden_logico,,,0.000000
f76aca21-4629-4f26-b3f0-72827a45bc10,dea9e37c-25f8-41a5-95bf-1c8129c4f007,"C:\Users\USUARIO\Documents\Downloads\BASE DE DATOS 1974-2018 PDFs. WSS\1990\1990-03-06 La Bendición del Primogénito hoy (WSS) Granada, Meta, Colombia.pdf",1990-03-06,La Bendición del Primogénito hoy.,orden_logico,,,0.000000
a3c10faa-7456-4f03-80fe-8f77bb309a05,c557e742-82e5-4d05-8b1a-b8381ce5aa4e,"C:\Users\USUARIO\Documents\Downloads\BASE DE DATOS 1974-2018 PDFs. WSS\1990\1990-03-11 La Gran Reunion (WSS) Cayey, Puerto Rico (movil).pdf",1990-03-11,La Gran Reunion.,orden_logico,,,0.000000
8442808d-7856-43b2-a65a-9022844d8462,7ffa3be4-ebe4-474e-9727-add9a3e02bdf,"C:\Users\USUARIO\Documents\Downloads\BASE DE DATOS 1974-2018 PDFs. WSS\1990\1990-03-18 Caminando en pos del Arca hoy (WSS) Cayey, Puerto Rico.pdf",1990-03-18,Caminando en pos del Arca hoy.,orden_logico,,,0.000000
c0e6c299-30ca-45f9-b1ea-e3b1355b50f8,14d760be-67d2-4670-a377-62d1f7b1b7b9,"C:\Users\USUARIO\Documents\Downloads\BASE DE DATOS 1974-2018 PDFs. WSS\1990\1990-03-25 Los Hijos de Bendicion (WSS) Cayey, Puerto Rico.pdf",1990-03-25,Los Hijos de Bendicion,orden_logico,,,0.000000
de384949-c677-429e-b0cb-ade5fc3b5b63,12805c8f-6557-4956-8985-586adec83b08,"C:\Users\USUARIO\Documents\Downloads\BASE DE DATOS 1974-2018 PDFs. WSS\1990\1990-04-01 Fiesta en la casa de Dios (WSS) Cayey, Puerto Rico (movil).pdf",1990-04-01,Fiesta en la casa de Dios. sencillo,orden_logico,,,0.000000
9ab03fbd-a655-4221-8870-29dbb94e241c,9ef057cf-fc9b-4353-b203-649e0341a344,"C:\Users\USUARIO\Documents\Downloads\BASE DE DATOS 1974-2018 PDFs. WSS\1990\1990-04-08 Reconociendo el tiempo de la Visitacion Divina (WSS) Cayey, Puerto R⁪ico (movil).pdf",1990-04-08,Reconociendo el tiempo de la Visitacion Divina. sencillo,orden_logico,,,0.000000
5038fb8d-e922-44ab-9c55-61b3272d8f91,e8bb48f2-8a44-4001-bc67-346b762aa552,"C:\Users\USUARIO\Documents\Downloads\BASE DE DATOS 1974-2018 PDFs. WSS\1990\1990-04-13 La trayectoria del Cordero de Dios, La Crucifixion del Señor Jesucristo (WSS) Cayey, Puerto Rico (movil).pdf",1990-04-13,La trayectoria del Cordero de Dios-La Crucifixion del Señor Jesucristo sencillo,orden_logico,,,0.000000
8e10f9a5-5909-49fd-8938-3860f3d9baf3,0e60fc6c-4ca6-4ba2-b5be-cee7490cf049,"C:\Users\USUARIO\Documents\Downloads\BASE DE DATOS 1974-2018 PDFs. WSS\1990\1990-04-15 La Trayectoria del Cordero de Dios Jesus Resucitado (WSS) Cayey, Puerto Rico (movil).pdf",1990-04-15,La Trayectoria del Cordero de Dios Jesus Resucitado. sencillo,orden_logico,,,0.000000
a1d0d457-f401-4999-bff8-0bcc428038d9,3421291d-bbfd-4a06-aa3f-caf80e9d346e,"C:\Users\USUARIO\Documents\Downloads\BASE DE DATOS 1974-2018 PDFs. WSS\1990\1990-04-22 El Cordero de Dios sentado en el Trono del Padre (WSS) Monterrey, México (movil).pdf",1990-04-22,El Cordero de Dios sentado en el Trono del Padre. sencillo,orden_logico,,,0.000000
ee83f4b8-e641-4bc1-8d29-ac12f5a9f364,7627bc47-dfd3-4b57-aa0f-67a95fc583e0,"C:\Users\USUARIO\Documents\Downloads\BASE DE DATOS 1974-2018 PDFs. WSS\1990\1990-04-28 La Bendicion del Primogenito en la trayectoria del Cordero (WSS) Villahermosa, México (movil).PDF",1990-04-28,La Bendicion del Primogenito en la trayectoria del Cordero.,orden_logico,,,0.000000
45d1641b-1588-40d1-adcb-347ab15eefc7,3d3f32c2-35a2-43c3-b7ba-9cab0fee4947,"C:\Users\USUARIO\Documents\Downloads\BASE DE DATOS 1974-2018 PDFs. WSS\1990\1990-04-29 El Cordero toma el Libro de los Siete Sellos (WSS) Villahermosa, México (movil).pdf",1990-04-29,El Cordero toma el Libro de los Siete Sellos,orden_logico,,,0.000000
6bbc3e82-0919-405e-b47e-48d525085062,77c61691-302a-41ac-a566-9acc9c85fc54,C:\Users\USUARIO\Documents\Downloads\BASE DE DATOS 1974-2018 PDFs. WSS\1990\1990-05-01 El Cordero de Dios como Leon de la tribu de Juda abriendo el Libro de Los Sellos (WSS) México.pdf,1990-05-01,El Cordero de Dios como Leon de la tribu de Juda abriendo el Libro de Los Sellos.,orden_logico,,,0.000000
79ab5ef7-cc6a-472f-a82d-af15429e5f52,41bbd7ca-b1b8-4acd-835f-8a089bd4f7f5,C:\Users\USUARIO\Documents\Downloads\BASE DE DATOS 1974-2018 PDFs. WSS\1990\1990-05-02 El Cordero de Dios abriendo el libro de los Siete Sellos (WSS) México.pdf,1990-05-02,El Cordero de Dios abriendo el libro de los Siete Sellos.,orden_logico,,,0.000000
a4c14e12-b8b2-4350-bd25-e7c71f2172a7,d0899b66-090f-4449-9285-9822b4da2d29,"C:\Users\USUARIO\Documents\Downloads\BASE DE DATOS 1974-2018 PDFs. WSS\1990\1990-05-05 El Cordero de Dios hablando la Palabra (WSS) Ciudad Guatemala, Guatemala.pdf",1990-05-05,El Cordero de Dios hablando la Palabra.,orden_logico,,,0.000000
6319a2b9-72b9-4ef6-b805-dc171ab4579f,c8d1801f-45d3-4fbe-b370-db2e6ccd484e,"C:\Users\USUARIO\Documents\Downloads\BASE DE DATOS 1974-2018 PDFs. WSS\1990\1990-05-06 El Cordero de Dios trae la Bendicion del Primogenito (WSS) San Lucas, Guatemala (movil).PDF",1990-05-06,El Cordero de Dios trae la Bendicion del Primogenito. sencillo,orden_logico,,,0.000000
dcce6be9-16ae-4ffe-829b-428e1feb8853,dcc216a3-5118-46dd-8ce9-8f758540ab71,C:\Users\USUARIO\Documents\Downloads\BASE DE DATOS 1974-2018 PDFs. WSS\1990\1990-05-11 El Cordero de Dios juntando a los escogidos (WSS) Nicaragua.pdf,1990-05-11,El Cordero de Dios juntando a los escogidos.,orden_logico,,,0.000000
c3c77180-7ea8-4322-95db-99ded930e40d,fdbdc180-8137-4a06-a5f6-957a33724287,"C:\Users\USUARIO\Documents\Downloads\BASE DE DATOS 1974-2018 PDFs. WSS\1990\1990-05-13 La bendición de la Primogenitura (WSS) Managua, Nicaragua (movil).pdf",1990-05-13,La bendición de la Primogenitura,cierre,,,0.000000
75d02a2f-26d5-4487-89cd-559e8b2c2c82,ffa8a35c-7518-4ac1-ad8d-ca71a7b88d68,"C:\Users\USUARIO\Documents\Downloads\BASE DE DATOS 1974-2018 PDFs. WSS\1990\1990-05-15 La trayectoria del Cordero de Dios de eternidad a eternidad (WSS) San José, Costa Rica (movil horizontal).PDF",1990-05-15,La trayectoria del Cordero de Dios de eternidad a eternidad. sencillo,orden_logico,,,0.000000
0ac3d93b-b79e-455a-a354-6c4eb3ddeed9,04cc1637-b14f-41e1-9659-ed09d6e27d95,"C:\Users\USUARIO\Documents\Downloads\BASE DE DATOS 1974-2018 PDFs. WSS\1990\1990-06-10 Nuestro lugar en el Reino de Dios (WSS) Cayey, Puerto Rico (movil horizontal).pdf",1990-06-10,Nuestro lugar en el Reino de Dios. sencillo,orden_logico,,,0.000000
782e0661-273c-4106-99b7-9d3eb3aae24d,c67619da-a3ec-4cbd-92e3-712b481c5489,"C:\Users\USUARIO\Documents\Downloads\BASE DE DATOS 1974-2018 PDFs. WSS\1990\1990-06-17 La Voz de Dios en Su templo hoy (WSS) Bogotá, Colombia.pdf",1990-06-17,La Voz de Dios en Su templo hoy.,orden_logico,,,0.000000
9d723a1e-3732-4bdf-be6e-ae6b83b9603e,5ff26612-d1d8-4e99-8b46-d9a790a5023b,"C:\Users\USUARIO\Documents\Downloads\BASE DE DATOS 1974-2018 PDFs. WSS\1990\1990-06-22 El Pregonero de Libertad (WSS) Trujillo, Perú.pdf",1990-06-22,El Pregonero de Libertad.,orden_logico,,,0.000000
a3e036e2-8df6-402b-954d-e9a84777a7ae,ee0ed636-fe93-4dec-955e-66b94f004437,"C:\Users\USUARIO\Documents\Downloads\BASE DE DATOS 1974-2018 PDFs. WSS\1990\1990-06-30 Palabras en Reunion de Ministros - RM (WSS) Santiago de Chile, Chile.pdf",1990-06-30,RM Palabras en reunion de Ministros.,orden_logico,,,0.000000
4b7817ff-0925-4df6-883e-47a82cf5a97e,3642c7e0-b0d1-4d49-948c-1c5b3b018ab4,"C:\Users\USUARIO\Documents\Downloads\BASE DE DATOS 1974-2018 PDFs. WSS\1990\1990-07-03 El Tiempo de juntar a los escogidos (WSS) La Paz, Bolivia (movil).pdf",1990-07-03,El Tiempo de juntar a los escogidos. sencillo,orden_logico,,,0.000000
aed2adc2-9011-4d36-a9f9-e870df91ee61,d814792c-e461-4f7d-841c-f0da4a3cb739,C:\Users\USUARIO\Documents\Downloads\BASE DE DATOS 1974-2018 PDFs. WSS\1990\1990-07-04 El pregonero de libertad (WSS) Bolivia (movil).PDF,1990-07-04,El Pregonero de Libertad.,orden_logico,,,0.000000
e846f21e-6a56-4b41-97d0-473421881227,b569495e-46b1-45cc-9fc3-54c7a1af30b8,"C:\Users\USUARIO\Documents\Downloads\BASE DE DATOS 1974-2018 PDFs. WSS\1990\1990-07-06 Los Herederos de Bendicion (WSS) Santa Cruz, Bolivia.PDF",1990-07-06,Los Herederos de Bendicion. sencillo,orden_logico,,,0.000000
ff6c9770-8292-4ed3-acb1-d1c6658c9c99,dfee50c3-1c94-4560-accc-b3d2b84c6a91,C:\Users\USUARIO\Documents\Downloads\BASE DE DATOS 1974-2018 PDFs. WSS\1990\1990-07-06 El exodo del presente (WSS) Brasil.pdf,1990-07-06,El exodo del presente.,orden_logico,,,0.000000
1f513707-53e7-47d1-9e31-e8ef1d999c2f,37d5da9d-748f-4901-b220-4c75554e3256,"C:\Users\USUARIO\Documents\Downloads\BASE DE DATOS 1974-2018 PDFs. WSS\1990\1990-07-07 El llamado a los escogidos (WSS) Santa Cruz, Bolivia (movil).PDF",1990-07-07,El llamado a los escogidos,orden_logico,,,0.000000
b44a04f0-d498-47ec-804b-123cea30de27,49e7b62f-9774-42ed-a248-180d829087d8,C:\Users\USUARIO\Documents\Downloads\BASE DE DATOS 1974-2018 PDFs. WSS\1990\1990-07-17 La Gran Voz de Trompeta (WSS) Brasil.pdf,1990-07-17,La Gran Voz de Trompeta.,orden_logico,,,0.000000
8cf335fb-7fe5-42c2-ae5f-ffa52ffb8c2e,4936f2b6-c7c6-4245-a6d5-b5ac4a5853ce,C:\Users\USUARIO\Documents\Downloads\BASE DE DATOS 1974-2018 PDFs. WSS\1990\1990-07-18 Los eventos profeticos del fin del Tiempo (WSS) Brasil.pdf,1990-07-18,Los eventos profeticos del fin del Tiempo.,orden_logico,,,0.000000
6dd897b8-04ff-4471-9311-eadb66caaf1d,db70a0f5-a707-4f6f-8bd5-4e7ad4b5efd2,"C:\Users\USUARIO\Documents\Downloads\BASE DE DATOS 1974-2018 PDFs. WSS\1990\1990-07-26 El año del Jubileo actualizado en la America Latina (WSS) Santa Marta, Colombia (movil).pdf",1990-07-26,El año del Jubileo actualizado en la America Latina. sencillo,orden_logico,,,0.000000
cf346e0b-4795-4b55-b5b5-d637397f49f8,1b15ca98-6c9f-49fe-b75e-d3525b51fbaa,"C:\Users\USUARIO\Documents\Downloads\BASE DE DATOS 1974-2018 PDFs. WSS\1990\1990-07-27 El Ministerio segun el orden de Melquisedec manifestado en la America Latina (WSS) Barranquilla, Colombia (movil).PDF",1990-07-27,El Ministerio segun el orden de Melquisedec manifestado en la America Latina. sencillo,orden_logico,,,0.000000
b2cac8cd-7eb0-4e41-841b-50bdeb6c4615,aa991e22-cce6-4dc1-b003-456e0785364a,"C:\Users\USUARIO\Documents\Downloads\BASE DE DATOS 1974-2018 PDFs. WSS\1990\1990-07-29 En pie Resplandeciendo (WSS) Cartagena, Colombia (movil horizontal).pdf",1990-07-29,En pie Resplandeciendo. sencillo,orden_logico,,,0.000000
9d5a90b9-83ad-4895-aca2-fcdb23a4dc84,552e7a4e-1c0d-4337-a45a-6019fdc6d9eb,"C:\Users\USUARIO\Documents\Downloads\BASE DE DATOS 1974-2018 PDFs. WSS\1990\1990-07-31 La Gran Voz de Trompeta en la America Latina juntando los escogidos (WSS) Bogota, Colombia.pdf",1990-07-31,La Gran Voz de Trompeta en la America Latina juntando los escogidos.,orden_logico,,,0.000000
7c923e5d-72f2-4bd6-b268-cefa25bd404f,8a184557-21bd-4c05-b607-2d161fddcb0d,"C:\Users\USUARIO\Documents\Downloads\BASE DE DATOS 1974-2018 PDFs. WSS\1990\1990-08-05 El movimiento milenial (WSS) Cali, Colombia.pdf",1990-08-05,El movimiento milenial.,orden_logico,,,0.000000
746b6f81-a2d6-465c-8e4d-9e21830143e7,0a26b5dc-a8f5-4171-84dc-c675e2cbaa11,"C:\Users\USUARIO\Documents\Downloads\BASE DE DATOS 1974-2018 PDFs. WSS\1990\1990-08-07 Quien dicen los hombres que es el Hijo del Hombre (WSS) Pasto, Colombia.pdf",1990-08-07,Quien dicen los hombres que es el Hijo del Hombre.,orden_logico,,,0.000000
82413728-6d0f-49c7-8e1f-73a6e3e2425d,9c9c7780-4e81-4db6-8230-734188103275,"C:\Users\USUARIO\Documents\Downloads\BASE DE DATOS 1974-2018 PDFs. WSS\1990\1990-08-14 Las bendiciones del Trono de Dios (WSS) Bogotá, Colombia.pdf",1990-08-14,Las bendiciones del Trono de Dios.,orden_logico,,,0.000000
fe74899a-12ab-4d19-9798-ac209d2900ff,2727aa2c-ff9c-42dc-a181-4ce959352533,"C:\Users\USUARIO\Documents\Downloads\BASE DE DATOS 1974-2018 PDFs. WSS\1990\1990-08-19 El Linaje Divino (WSS) Cayey, Puerto Rico.pdf",1990-08-19,El Linaje Divino.,orden_logico,,,0.000000
ee9c0506-b5a1-42d5-a02e-eaca2ff8f3ed,a6e6bf12-c7fe-498b-a8fe-f15cdb969c46,C:\Users\USUARIO\Documents\Downloads\BASE DE DATOS 1974-2018 PDFs. WSS\1990\1990-08-26 La bendicion de Abraham en la America Latina  (WSS) (movil).pdf,1990-08-26,La bendicion de Abraham en la America Latina,orden_logico,,,0.000000
8867cbca-7627-430b-868b-75eb0b46162b,b8afe5bb-c9f7-4653-b5a8-b6a438cba766,"C:\Users\USUARIO\Documents\Downloads\BASE DE DATOS 1974-2018 PDFs. WSS\1990\1990-09-02 El septimo sello y el proposito divino (WSS) Cayey, Puerto Rico.pdf",1990-09-02,El Septimo Sello y el Proposito Divino.,orden_logico,,,0.000000
d7cb581c-3b48-4d3c-b2e0-6434b0a576bb,fb197f45-a5d6-43df-ab39-83a32f9ac6a2,"C:\Users\USUARIO\Documents\Downloads\BASE DE DATOS 1974-2018 PDFs. WSS\1990\1990-09-09 Nuestros ojos puestos en el Cielo por que nuestra Redencion esta cerca (WSS) Cayey, Puerto Rico.PDF",1990-09-09,Nuestros ojos puestos en el Cielo por que nuestra Redencion esta cerca.,orden_logico,,,0.000000
28f55169-3496-437d-8361-30e2c9c74a0c,833b0751-9797-4ca2-b094-77df52c79fd5,"C:\Users\USUARIO\Documents\Downloads\BASE DE DATOS 1974-2018 PDFs. WSS\1990\1990-09-09 Nuestros ojos puestos en el Cielo (WSS) Cayey, Puerto Rico (movil).pdf",1990-09-09,Nuestros ojos puestos en el Cielo.,orden_logico,,,0.000000
583b6ae8-28aa-4515-8a58-3748167c308f,f20c0093-7574-418e-a2c6-405be2716b00,"C:\Users\USUARIO\Documents\Downloads\BASE DE DATOS 1974-2018 PDFs. WSS\1990\1990-09-20 El Glorioso futuro de la America Latina (WSS) Veracruz, México (movil).pdf",1990-09-20,El Glorioso futuro de la America Latina.,orden_logico,,,0.000000
26f492f8-acd7-4dc1-b49d-6687da701683,b89b5c40-1478-4460-b377-3fad2cad5475,C:\Users\USUARIO\Documents\Downloads\BASE DE DATOS 1974-2018 PDFs. WSS\1990\1990-09-22 La Ciencia del Altisimo (WSS) México.pdf,1990-09-22,La Ciencia del Altisimo.,orden_logico,,,0.000000
2f831acd-53dc-4f0e-841a-d7d8fa266a35,55d0e2ed-2d30-4543-a470-81347163ffa8,"C:\Users\USUARIO\Documents\Downloads\BASE DE DATOS 1974-2018 PDFs. WSS\1990\1990-09-23 Los Bienaventurados (WSS) Monterrey, México (movil horizontal).pdf",1990-09-23,Los Bienaventurados.,orden_logico,,,0.000000
1908d461-b86f-4c3e-9a51-36f08ff7c2d0,55d0e2ed-2d30-4543-a470-81347163ffa8,"C:\Users\USUARIO\Documents\Downloads\BASE DE DATOS 1974-2018 PDFs. WSS\1990\1990-09-23 Los Bienaventurados (WSS) Monterrey, México.pdf",1990-09-23,Los Bienaventurados.,orden_logico,,,0.000000
825269bf-515d-4aa2-bb0c-bd7bd4a0442e,f76798d8-5e44-4095-bd57-6f64d1005eeb,C:\Users\USUARIO\Documents\Downloads\BASE DE DATOS 1974-2018 PDFs. WSS\1990\1990-09-25 El Jubileo de Sion (WSS) México.pdf,1990-09-25,El Jubileo de Sion.,orden_logico,,,0.000000
03582af0-188f-4d4e-8c5c-c41b6064bf0c,e59ffebe-4c3d-4e8e-8d42-727fdd53e1dc,C:\Users\USUARIO\Documents\Downloads\BASE DE DATOS 1974-2018 PDFs. WSS\1990\1990-09-30 El despertamiento en la america latina FOLLETO).pdf,1990-09-30,El Despertamiento en la America Latina. sencillo,orden_logico,,,0.000000
5a29a52e-e635-4d07-82b6-94a33145f91e,f47759fd-ca2b-45ef-9cdb-432f206b8f26,C:\Users\USUARIO\Documents\Downloads\BASE DE DATOS 1974-2018 PDFs. WSS\1990\1990-10-02 El Señor Jesucristo Revelado en la America Latina (WSS) México.pdf,1990-10-02,El Señor Jesucristo Revelado en la America Latina.,orden_logico,,,0.000000
75c20ce0-63df-408b-b259-ff39cb3ef606,87693b3d-dcd0-4157-9cc2-44cd94bde9bc,"C:\Users\USUARIO\Documents\Downloads\BASE DE DATOS 1974-2018 PDFs. WSS\1990\1990-10-04 Siguiendo la luz de la vida (WSS) Acapulco, México.pdf",1990-10-04,Siguiendo la luz de la vida.,orden_logico,,,0.000000
d8bb620c-01b6-469b-8a54-c619b347b37a,2e13ed83-bd03-44e3-ba3e-95eeb6893376,"C:\Users\USUARIO\Documents\Downloads\BASE DE DATOS 1974-2018 PDFs. WSS\1990\1990-10-07 El Establecimiento del Reino de Cristo (WSS) San Lucas, Guatemala (movil).pdf",1990-10-07,El Establecimiento del Reino de Cristo. sencillo,orden_logico,,,0.000000
f855e3da-2091-40c3-bf1f-75d076ef8bf3,40f04d17-4a30-42f1-a36c-ab63050fc583,C:\Users\USUARIO\Documents\Downloads\BASE DE DATOS 1974-2018 PDFs. WSS\1990\1990-10-07 El Angel Mensajero para todas las Naciones (WSS) Guatemala.pdf,1990-10-07,El Angel Mensajero para todas las Naciones.,orden_logico,,,0.000000
f0a94f72-2ee5-490e-9945-d06897ba6db1,9ac12de1-ece9-4bf3-864b-6c0efbbd537d,"C:\Users\USUARIO\Documents\Downloads\BASE DE DATOS 1974-2018 PDFs. WSS\1990\1990-10-14 La trayectoria de la Divinidad hasta nuestro tiempo (WSS) Cayey, Puerto Rico (movil).pdf",1990-10-14,La trayectoria de la Divinidad hasta nuestro tiempo.,orden_logico,,,0.000000
9e4883d5-1b3d-41f3-b898-97e097b9daf4,62f68105-daf9-4344-9edb-601cd98e92d7,"C:\Users\USUARIO\Documents\Downloads\BASE DE DATOS 1974-2018 PDFs. WSS\1990\1990-11-04 El Divino Arquitecto del Universo (WSS) Bogotá, Colombia.pdf",1990-11-04,El Divino Arquitecto del Universo.,inicio,,,0.000000
6e01e0e3-edd8-4fd0-8ea1-a79fd04ae5a6,370bb71a-2c81-4ca3-b77c-c1c804922b39,C:\Users\USUARIO\Documents\Downloads\BASE DE DATOS 1974-2018 PDFs. WSS\1990\1990-11-06 El paso a la eternidad por el hombre del futuro (WSS).pdf,1990-11-06,El paso a la eternidad por el hombre del futuro.,orden_logico,,,0.000000
aa32680e-cf67-409c-af8e-066c0d9b05da,f2c83437-7dfb-420f-a86e-1c9bb4402a5e,"C:\Users\USUARIO\Documents\Downloads\BASE DE DATOS 1974-2018 PDFs. WSS\1990\1990-11-08 Tiempo de Despertar (WSS) Chimbote, Ecuador (movil).pdf",1990-11-08,Tiempo de Despertar. sencillo,orden_logico,,,0.000000
8d8af67f-451a-41f5-b69d-f71506bd0150,57e9dd10-5cbb-4f34-bd53-6a1c20ace19d,C:\Users\USUARIO\Documents\Downloads\BASE DE DATOS 1974-2018 PDFs. WSS\1990\1990-11-10 Recibiendo los misterio del Reino de Dios (WSS) Perú.pdf,1990-11-10,Recibiendo los misterio del Reino de Dios,orden_logico,,,0.000000
bdbbbc6c-e933-45bf-ad43-ac458801b730,8245c239-af83-4fca-95ab-066e939ca3c5,"C:\Users\USUARIO\Documents\Downloads\BASE DE DATOS 1974-2018 PDFs. WSS\1990\1990-11-11 La Victoria en el Amor Divino (WSS) Trujillo, Perú (movil).pdf",1990-11-11,La Victoria en el Amor Divino. sencillo,orden_logico,,,0.000000
1c025af1-6fcf-40e0-a207-6fe76d8c0535,a96c9171-edad-4de0-822d-6ffcd4691ece,C:\Users\USUARIO\Documents\Downloads\BASE DE DATOS 1974-2018 PDFs. WSS\1990\1990-11-12 El Sol de justicia resplandeciendo en la America Latina (WSS) Perú.pdf,1990-11-12,El Sol de justicia resplandeciendo en la America Latina,orden_logico,,,0.000000
3eadcf5e-b86c-428a-b33c-25fef1b531ee,da1dc254-0727-4e62-a792-12808f817d80,C:\Users\USUARIO\Documents\Downloads\BASE DE DATOS 1974-2018 PDFs. WSS\1990\1990-11-13 La Palabra de Vida Eterna (WSS) Perú.pdf,1990-11-13,La Palabra de Vida Eterna.,orden_logico,,,0.000000
f3f7f874-38fc-4353-8a74-8c3733086eb2,9fefdfcf-eab4-421f-9277-9f399adb210f,"C:\Users\USUARIO\Documents\Downloads\BASE DE DATOS 1974-2018 PDFs. WSS\1990\1990-11-14 La Gran Voz de Trompeta juntando a los escogidos en la America Latina (WSS) Tacna, Perú.pdf",1990-11-14,La Gran Voz de Trompeta juntando a los escogidos en la America Latina.,orden_logico,,,0.000000
458b40c2-0fff-4506-8a5d-84f0dbf24186,1a3f827e-860f-4981-a82a-e829a924106c,C:\Users\USUARIO\Documents\Downloads\BASE DE DATOS 1974-2018 PDFs. WSS\1990\1990-11-15 Levantate y resplandece (WSS) Chile.pdf,1990-11-15,Levantate y resplandece. sencillo,orden_logico,,,0.000000
ca688d1a-5b90-45a8-84ac-a943bd314f59,594d9c3e-be20-4de7-93b2-8aa3852f2708,"C:\Users\USUARIO\Documents\Downloads\BASE DE DATOS 1974-2018 PDFs. WSS\1990\1990-11-18 Frente a un cambio de Dispensacion (WSS) Santiago de Chile, Chile.pdf",1990-11-18,Frente a un cambio de Dispensacion. sencillo,orden_logico,,,0.000000
210532ec-c829-462d-9d3b-1e42e281c434,7165beb6-125e-4fb8-bf1d-a4a61ba41ce4,C:\Users\USUARIO\Documents\Downloads\BASE DE DATOS 1974-2018 PDFs. WSS\1990\1990-11-22 La Voz como de Trompeta (WSS).pdf,1990-11-22,La Voz como de Trompeta.,orden_logico,,,0.000000
4cabd618-1b59-41e7-b275-9315c53d3d8d,f2437c69-208a-463e-8759-fe518770c48b,"C:\Users\USUARIO\Documents\Downloads\BASE DE DATOS 1974-2018 PDFs. WSS\1990\1990-11-25 Latinoamerica, levantate y Resplandece (WSS) Córdoba, Argentina (movil).pdf",1990-11-25,Latinoamerica levantate y Resplandece. sencillo,orden_logico,,,0.000000
1e33a000-9095-4de7-a060-e89bbb226b17,5a416251-11fd-4f16-9aea-e1474c5ced5a,"C:\Users\USUARIO\Documents\Downloads\BASE DE DATOS 1974-2018 PDFs. WSS\1990\1990-12-06 La Luz que Resplandece en la America Latina (WSS) Asunción, Paraguay.pdf",1990-12-06,La Luz que Resplandece en la America Latina.,orden_logico,,,0.000000
a36a663b-ff9e-4242-8246-5d8325e2d92d,7139aaf1-0347-47ff-a57f-ab7006eb9f9b,C:\Users\USUARIO\Documents\Downloads\BASE DE DATOS 1974-2018 PDFs. WSS\1990\1990-12-13 La buena tierra (WSS) Brasil.pdf,1990-12-13,La buena tierra.,orden_logico,,,0.000000
0b6fdc82-59c3-4a77-83d0-48955dbb8dd5,6957967c-9f25-4838-a2d2-daa5084a68bd,"C:\Users\USUARIO\Documents\Downloads\BASE DE DATOS 1974-2018 PDFs. WSS\1990\1990-12-16 El fin del reino gentil (WSS) Bogotá, Colombia.pdf",1990-12-16,El fin del reino gentil.,orden_logico,,,0.000000
419726e6-8413-457d-acca-cbf95415871c,0f5fb155-19cf-4453-9e3f-555d85a8d48c,"C:\Users\USUARIO\Documents\Downloads\BASE DE DATOS 1974-2018 PDFs. WSS\1990\1990-12-21 Los heroes de la Fe (WSS) Ciudad de México, México.pdf",1990-12-21,Los heroes de la Fe.,orden_logico,,,0.000000
7f0aac07-dee4-451f-900f-7dfb618b6381,28dbe4dc-92cc-4ac7-8ffb-aa34ebdf6a66,"C:\Users\USUARIO\Documents\Downloads\BASE DE DATOS 1974-2018 PDFs. WSS\1990\1990-12-30 El Día de Reposo (WSS) Cayey, Puerto Rico (movil).pdf",1990-12-30,El Día de Reposo. sencillo,orden_logico,,,0.000000
8f099274-7596-49f3-96c5-036697e0f72f,041496fb-bb4f-4bb5-88e1-063e2c7c9e31,"C:\Users\USUARIO\Documents\Downloads\BASE DE DATOS 1974-2018 PDFs. WSS\1990\1990-12-31 El Hijo de la Palabra (WSS) Cayey, Puerto Rico (movil).PDF",1990-12-31,El Hijo de la Palabra. sencillo,orden_logico,,,0.000000
94e4ac74-2626-4b52-8209-3e065c49b29b,c343cb89-a60b-46a2-803d-a74c1e803f63,"C:\Users\USUARIO\Documents\Downloads\BASE DE DATOS 1974-2018 PDFs. WSS\1991\1991-01-01 El hijo de la palabra (WSS) Cayey, Puerto Rico (movil horizontal).pdf",1991-01-01,El hijo de la palabra,orden_logico,,,0.000000
667ac8c4-0305-4a1c-a290-edac530376aa,abe06dca-d574-4c4e-bc72-a3c63a9dd429,"C:\Users\USUARIO\Documents\Downloads\BASE DE DATOS 1974-2018 PDFs. WSS\1991\1991-01-13 La Bendición de la Palabra de Dios (WSS) Cayey, Puerto Rico.PDF",1991-01-13,La Bendición de la Palabra de Dios.,orden_logico,,,0.000000
f3060f37-3f45-474b-b8e7-02883fa0bc85,1e66ff13-c2e3-41f0-adcb-3c261be4d160,"C:\Users\USUARIO\Documents\Downloads\BASE DE DATOS 1974-2018 PDFs. WSS\1991\1991-01-27 Tierra Santa (WSS) Cayey, Puerto Rico (movil).PDF",1991-01-27,Tierra Santa,orden_logico,,,0.000000
f29a44bd-9cdc-4f4a-98a1-7a3b5ef22f6e,7199d163-708f-4e55-a23c-24d797723d30,"C:\Users\USUARIO\Documents\Downloads\BASE DE DATOS 1974-2018 PDFs. WSS\1991\1991-02-09 El Despertamiento Latinoamericano (WSS) Bogotá, Colombia (movil horizontal).PDF",1991-02-09,El Despertamiento Latinoamericano. sencillo,orden_logico,,,0.000000
e279a2d5-ba9d-4a63-a0ae-e8a403fe5f9a,b007a943-56f7-4a2a-b825-30a18e075b40,"C:\Users\USUARIO\Documents\Downloads\BASE DE DATOS 1974-2018 PDFs. WSS\1991\1991-02-11 El libro de la vida del Cordero en la América Latina (WSS) Bogotá, Colombia (movil horizontal).PDF",1991-02-11,El libro de la vida del Cordero en la America Latina. sencillo,orden_logico,,,0.000000
389246c8-5c3f-4ef8-b909-fba4829a7cbc,ee37f81c-7885-4dda-94e9-52ac0a8a5898,"C:\Users\USUARIO\Documents\Downloads\BASE DE DATOS 1974-2018 PDFs. WSS\1991\1991-02-14 Los misterios del Reino de los Cielos siendo revelados en Latinoamérica (WSS) Santa Marta, Colombia (movil).pdf",1991-02-14,Los misterios del Reino de los Cielos siendo revelados en Latinoamérica,orden_logico,,,0.000000
a38ace23-7d33-464f-b130-7d2efec11e3a,ecc5b487-9f20-434d-87ed-65448c6c8fdd,"C:\Users\USUARIO\Documents\Downloads\BASE DE DATOS 1974-2018 PDFs. WSS\1991\1991-02-17 La Gloria de Dios en el Continente Americano (WSS) Cartagena, Colombia (movil).PDF",1991-02-17,La gloria de Dios en el Continente Americano.,orden_logico,,,0.000000
768f5fbf-2034-4816-8704-e6cd77ff87b7,844d9dc2-8861-4f57-942c-1ecca5f73d7c,"C:\Users\USUARIO\Documents\Downloads\BASE DE DATOS 1974-2018 PDFs. WSS\1991\1991-02-18 La Redencion del cuerpo (WSS) Magangue, Colombia.pdf",1991-02-18,La Redencion del cuerpo.,orden_logico,,,0.000000
5186caa8-bbbe-44bc-be30-d6a52579db10,7c4a32bb-e3f9-47d3-9afd-dc7912d049bf,"C:\Users\USUARIO\Documents\Downloads\BASE DE DATOS 1974-2018 PDFs. WSS\1991\1991-02-24 El Espíritu y la esposa en Latinoamérica (WSS) Medellín, Colombia (movil).pdf",1991-02-24,El Espiritu y la esposa en Latinoamerica. sencillo,orden_logico,,,0.000000
fc3374ba-c542-4f31-82b9-0364b7e30ca2,d2fda097-3cce-4233-a94c-68fc4e383026,"C:\Users\USUARIO\Documents\Downloads\BASE DE DATOS 1974-2018 PDFs. WSS\1991\1991-02-24 El Espíritu de Dios moviéndose para una Resurrección (WSS) Medellín, Colombia (movil).PDF",1991-02-24,El Espiritu de Dios moviendose para una Resurreccion. sencillo,orden_logico,,,0.000000
134363a8-aefb-4538-b5e9-841be5571732,acb8165a-aeea-4e05-b478-8b85483e2fcc,"C:\Users\USUARIO\Documents\Downloads\BASE DE DATOS 1974-2018 PDFs. WSS\1991\1991-03-22 El fundamento del hombre prudente (WSS) Cayey, Puerto Rico (movil).pdf",1991-03-22,El fundamento del hombre prudente.,orden_logico,,,0.000000
cce0f176-bec9-45f8-a5af-1e58d7e7266b,511cce99-ffd2-4e44-8f20-1ca1f1f97287,"C:\Users\USUARIO\Documents\Downloads\BASE DE DATOS 1974-2018 PDFs. WSS\1991\1991-03-24 Jesús en el Getsemaní (WSS) Cayey, Puerto Rico.pdf",1991-03-24,Jesus en el Getsemani.,orden_logico,,,0.000000
b3663070-6518-441d-ba00-d1ae561fe25c,f09174fa-2acc-4877-b114-89f50fd9d26c,"C:\Users\USUARIO\Documents\Downloads\BASE DE DATOS 1974-2018 PDFs. WSS\1991\1991-03-29 Una Obra de Fe (WSS) Cayey, Puerto Rico (movil).pdf",1991-03-29,Una Obra de Fe.,orden_logico,,,0.000000
3c9b40bd-fecd-4f9d-a4ab-53e826da707b,d5c1ae64-c6ed-4b57-9f0c-f1cce77f9df1,"C:\Users\USUARIO\Documents\Downloads\BASE DE DATOS 1974-2018 PDFs. WSS\1991\1991-04-07 La bienvenida de los héroes de la Fe (WSS) Cayey, Puerto Rico (movil).pdf",1991-04-07,La bienvenida de los héroes de la Fe.,orden_logico,,,0.000000
42a3f7d4-32c6-48c5-a011-7f10a139e5c6,5431d503-3b20-470a-86d1-a317036a2de1,"C:\Users\USUARIO\Documents\Downloads\BASE DE DATOS 1974-2018 PDFs. WSS\1991\1991-04-14 En pie delante del Hijo del Hombre (WSS) Cayey, Puerto Rico.pdf",1991-04-14,En pie delante del Hijo del Hombre.,orden_logico,,,0.000000
bb555037-46ee-4af0-bd20-49f1178c6bbe,93e311c9-5ebf-44b3-915b-72f00053e6f3,"C:\Users\USUARIO\Documents\Downloads\BASE DE DATOS 1974-2018 PDFs. WSS\1991\1991-04-19 La lucha por la vida (WSS) Cayey, Puerto Rico (movil).pdf",1991-04-19,La lucha por la vida,orden_logico,,,0.000000
54c8805e-efe0-414e-9cbb-dd7464cbf00a,a561aa92-50c2-4663-a04b-64a28424284d,"C:\Users\USUARIO\Documents\Downloads\BASE DE DATOS 1974-2018 PDFs. WSS\1991\1991-04-20 Identificacion (WSS) Cayey, Puerto Rico (movil horizontal).pdf",1991-04-20,Identificación.,orden_logico,,,0.000000
d4f9fa45-c6dd-49d0-b699-51164ca1bfec,a561aa92-50c2-4663-a04b-64a28424284d,"C:\Users\USUARIO\Documents\Downloads\BASE DE DATOS 1974-2018 PDFs. WSS\1991\1991-04-20 Identificación (WSS) Cayey, Puerto Rico.pdf",1991-04-20,Identificación.,orden_logico,,,0.000000
6879c0b6-686c-40a2-91cf-38aba286096c,938417d9-51d8-4d80-8c50-b8865dbe58a5,"C:\Users\USUARIO\Documents\Downloads\BASE DE DATOS 1974-2018 PDFs. WSS\1991\1991-04-28 Jesucristo revelado (WSS) Cayey, Puerto Rico (movil horizontal).pdf",1991-04-28,Jesucristo Revelado.,orden_logico,,,0.000000
ed4e034c-154c-453a-9fbb-284971c534de,938417d9-51d8-4d80-8c50-b8865dbe58a5,"C:\Users\USUARIO\Documents\Downloads\BASE DE DATOS 1974-2018 PDFs. WSS\1991\1991-04-28 Jesucristo revelado (WSS) Cayey, Puerto Rico.pdf",1991-04-28,Jesucristo Revelado.,orden_logico,,,0.000000
09a73d68-293b-4c23-ac2a-ae6fa113f8d9,0c6f14c2-c122-4acc-8228-a06f72b25bd3,C:\Users\USUARIO\Documents\Downloads\BASE DE DATOS 1974-2018 PDFs. WSS\1991\1991-05-19 La Gran Voz como de Trompeta en el dia del Señor (WSS) México.pdf,1991-05-19,La Gran Voz como de Trompeta en el dia del Señor.,orden_logico,,,0.000000
8cc20e34-b741-4bbc-a054-8231d6053b93,0c6f14c2-c122-4acc-8228-a06f72b25bd3,C:\Users\USUARIO\Documents\Downloads\BASE DE DATOS 1974-2018 PDFs. WSS\1991\1991-05-19 La Gran Voz como de Trompeta en el Dia del Señor (WSS) Mexico (movil horizontal).pdf,1991-05-19,La Gran Voz como de Trompeta en el dia del Señor.,orden_logico,,,0.000000
9ba14b44-5333-4ad9-9b32-b05250c8e172,33629dd3-159d-4c06-ba52-7b31c7b05b47,"C:\Users\USUARIO\Documents\Downloads\BASE DE DATOS 1974-2018 PDFs. WSS\1991\1991-05-21 Los misterios del reino de Dios (WSS) Xalapa, Mexico (movil).pdf",1991-05-21,Los misterios del reino de Dios,orden_logico,,,0.000000
f3e90859-e998-44b9-87fe-b4051149aef9,734b4fdd-312f-4981-a469-81c9536b4409,"C:\Users\USUARIO\Documents\Downloads\BASE DE DATOS 1974-2018 PDFs. WSS\1991\1991-06-14 Un lugar para oír las palabras de la profecía apocalíptica (WSS) Cayey, Puerto Rico (movil).pdf",1991-06-14,Un lugar para oir las palabras de la profecia apocaliptica.,orden_logico,,,0.000000
f3557a14-217a-41a0-8e41-981f4bf524ca,7b5d7a95-4fdd-4e3b-a384-cb25b25eb238,"C:\Users\USUARIO\Documents\Downloads\BASE DE DATOS 1974-2018 PDFs. WSS\1991\1991-07-28 La Juventud Latinoamericana y la Transformacion (WSS) Cayey, Puerto Rico (movil horizontal).PDF",1991-07-28,La Juventud Latinoamericana y la Transformacion. sencillo,orden_logico,,,0.000000
1c8bd340-b498-4e9b-a6be-c661e6c7ee6c,41c8e637-33c3-4ad7-9b9e-6a8733fc808b,"C:\Users\USUARIO\Documents\Downloads\BASE DE DATOS 1974-2018 PDFs. WSS\1991\1991-08-01 La Juventud Mexicana y la reproducción Divina (WSS) Ciudad de México, México (movil).pdf",1991-08-01,La Juventud Mexicana y la Reproduccion Divina.,orden_logico,,,0.000000
6d56a900-22e8-4ba0-ad31-11e847d31485,6fe226f3-3c8a-454c-a683-a2b152e0de54,"C:\Users\USUARIO\Documents\Downloads\BASE DE DATOS 1974-2018 PDFs. WSS\1991\1991-08-09 La Familia Celestial (WSS) Cayey, Puerto Rico (movil).pdf",1991-08-09,La Familia Celestial.,orden_logico,,,0.000000
6db6fa9d-2a02-49da-97b3-955bfa64d393,1e1351ff-f54a-4fff-b3db-dac7bef1a91a,"C:\Users\USUARIO\Documents\Downloads\BASE DE DATOS 1974-2018 PDFs. WSS\1991\1991-08-11 El Arca de Salvacion (WSS) Cayey, Puerto Rico (movil horizontal).pdf",1991-08-11,El Arca de Salvacion.,orden_logico,,,0.000000
dfc16ceb-fcd6-49de-ac61-ca9112db1de7,1e1351ff-f54a-4fff-b3db-dac7bef1a91a,"C:\Users\USUARIO\Documents\Downloads\BASE DE DATOS 1974-2018 PDFs. WSS\1991\1991-08-11 El Arca de Salvacion (WSS) Cayey, Puerto Rico.pdf",1991-08-11,El Arca de Salvacion.,orden_logico,,,0.000000
2bf8416e-934d-49bc-9b79-91d6a07dcec9,9f6e1ca6-4bd0-4e8b-bae6-7119225a0ce5,"C:\Users\USUARIO\Documents\Downloads\BASE DE DATOS 1974-2018 PDFs. WSS\1991\1991-08-11 La Restauracion del Reino (WSS) Cayey, Puerto Rico (movil).pdf",1991-08-11,La Restauracion del Reino.,orden_logico,,,0.000000
dbb14ff2-ff5d-4507-88fd-9d8432f81b87,c4ed2a45-6278-492e-b366-f6a1d51c894c,"C:\Users\USUARIO\Documents\Downloads\BASE DE DATOS 1974-2018 PDFs. WSS\1991\1991-08-16 El Dia de la Redencion (WSS) Cayey, Puerto Rico.pdf",1991-08-16,El Dia de la Redencion.,orden_logico,,,0.000000
7020089d-edf3-469b-b04d-fd5535ccf7d9,f4d0bce6-9f06-445b-a502-cc88f6303f82,"C:\Users\USUARIO\Documents\Downloads\BASE DE DATOS 1974-2018 PDFs. WSS\1991\1991-08-18 El Ungido de Dios (WSS) Cayey, Puerto Rico (movil horizontal).pdf",1991-08-18,El Ungido de Dios.,orden_logico,,,0.000000
993cc2dd-eb43-46b5-9a1d-14a4a7cb50c4,f4d0bce6-9f06-445b-a502-cc88f6303f82,"C:\Users\USUARIO\Documents\Downloads\BASE DE DATOS 1974-2018 PDFs. WSS\1991\1991-08-18 El Ungido de Dios (WSS) Cayey, Puerto Rico.pdf",1991-08-18,El Ungido de Dios.,orden_logico,,,0.000000
fcd900d3-30c3-48d5-8dd3-09a93dfa2c3f,48dfeae3-a1fc-4824-864a-be870a35c8de,"C:\Users\USUARIO\Documents\Downloads\BASE DE DATOS 1974-2018 PDFs. WSS\1991\1991-08-18 La Señal de la esposa del Cordero (WSS) Cayey, Puerto Rico (movil).PDF",1991-08-18,La Señal de la esposa del Cordero. sencillo,orden_logico,,,0.000000
cc20e302-a935-4a23-9aa9-9bae112144fd,725ecc3a-fe39-49e0-904c-95112ae1e6c4,"C:\Users\USUARIO\Documents\Downloads\BASE DE DATOS 1974-2018 PDFs. WSS\1991\1991-08-23 La marcha a la Tierra Prometida (WSS) Bogotá, Colombia.pdf",1991-08-23,La marcha a la Tierra Prometida.,orden_logico,,,0.000000
b0ff004a-67dc-49c2-b3bb-ee0e881def03,cc731dda-9ebc-49a2-974e-1e7b8db4be9a,"C:\Users\USUARIO\Documents\Downloads\BASE DE DATOS 1974-2018 PDFs. WSS\1991\1991-08-24 La Obra de Dios en el fin del siglo (WSS) Cucuta, Colombia.pdf",1991-08-24,La Obra de Dios en el fin del siglo.,orden_logico,,,0.000000
6865316e-10c9-4309-8826-1c20e5896ed6,81ba557e-7c72-4c44-8574-6b5fb8615dbe,"C:\Users\USUARIO\Documents\Downloads\BASE DE DATOS 1974-2018 PDFs. WSS\1991\1991-09-01 La fuente del agua de la vida (WSS) Lima, Perú (movil horizontal).PDF",1991-09-01,La fuente del agua de la vida. sencillo,orden_logico,,,0.000000
c53cc30f-4d21-4d3f-b086-2f3b3282d0fc,969f3a6f-ecfa-4de7-90cd-e10d4251906e,"C:\Users\USUARIO\Documents\Downloads\BASE DE DATOS 1974-2018 PDFs. WSS\1991\1991-09-06 La Señal del fin del Siglo (WSS) Trujillo, Perú (movil horizontal).PDF",1991-09-06,La Señal del fin del Siglo. sencillo,orden_logico,,,0.000000
ee816af6-da21-4405-9f74-8c1993e1da56,0474bc6a-72c6-442b-919c-64e5f4b7525e,"C:\Users\USUARIO\Documents\Downloads\BASE DE DATOS 1974-2018 PDFs. WSS\1991\1991-09-08 Los atributos de Dios (WSS) Trujillo, Perú (movil horizontal).PDF",1991-09-08,Los atributos de Dios. sencillo,orden_logico,,,0.000000
bd3e1ff5-f003-40b7-ab6b-709f20a427f6,b0522ad2-bf5b-405d-b54c-25d39d7837dd,C:\Users\USUARIO\Documents\Downloads\BASE DE DATOS 1974-2018 PDFs. WSS\1991\1991-09-22 Despiertos a la realidad (WSS) Bolivia (MOVIL).PDF,1991-09-22,Despiertos a la Realidad. sencillo,orden_logico,,,0.000000
82b9296f-9dbe-4b9a-8a96-ea84bc734180,b438d709-ea06-4e03-8015-9c461961a89f,"C:\Users\USUARIO\Documents\Downloads\BASE DE DATOS 1974-2018 PDFs. WSS\1991\1991-09-29 La Juventud Latinoamericana y el proximo Milenio (WSS) Sao Paulo, Brasil (movil horizontal).PDF",1991-09-29,La Juventud Latinoamericana y el proximo Milenio. sencillo,orden_logico,,,0.000000
02c76690-d521-455d-9345-fa257fa71a01,3f0b9f3b-747b-4876-895c-1b372db4a1e3,"C:\Users\USUARIO\Documents\Downloads\BASE DE DATOS 1974-2018 PDFs. WSS\1991\1991-10-06 En la casa del Hombre Prudente (WSS) Bogotá, Colombia (movil horizontal).PDF",1991-10-06,En la casa del Hombre Prudente.,orden_logico,,,0.000000
f5c65e43-23b9-424e-8795-4e2175358430,314c0fbb-51f0-48a4-ba5a-144e75aec2e5,"C:\Users\USUARIO\Documents\Downloads\BASE DE DATOS 1974-2018 PDFs. WSS\1991\1991-10-11 El Todo para Nosotros, Dios y Su programa (WSS) Bogotá, Colombia (movil).PDF",1991-10-11,El todo para nosotros Dios y su programa.,orden_logico,,,0.000000
d513af54-fdc5-4775-b6a4-8acccab8da20,f83c319c-8b67-4131-ba91-e3d719a3a0e2,"C:\Users\USUARIO\Documents\Downloads\BASE DE DATOS 1974-2018 PDFs. WSS\1991\1991-10-13 Las Obras del Enviado (WSS) Villavicencio, Colombia (movil).pdf",1991-10-13,Las Obras del Enviado.,orden_logico,,,0.000000
13bf8cfb-0c67-4646-94ac-4154fb77a72f,75f6df01-45b9-44be-ab29-c89df067a70c,"C:\Users\USUARIO\Documents\Downloads\BASE DE DATOS 1974-2018 PDFs. WSS\1991\1991-10-13 Las Palabras del Libro de la Verdad (WSS) Villavicencio, Colombia (movil).pdf",1991-10-13,Las Palabras del Libro de la Verdad. sencillo,orden_logico,,,0.000000
0c1ec617-3668-4d68-873a-021b5c36af7b,0e24dd1e-e092-4f21-a7d2-fb32a028d379,"C:\Users\USUARIO\Documents\Downloads\BASE DE DATOS 1974-2018 PDFs. WSS\1991\1991-10-24 Dando testimonio del Evangelio del Reino (WSS) Bogotá, Colombia (movil).PDF",1991-10-24,Dando testimonio del Evangelio del Reino.,orden_logico,,,0.000000
11ec5cbf-3cdc-49a5-a852-c007d87e020a,2e31cf6d-7496-47a0-928d-f7c656b2c031,"C:\Users\USUARIO\Documents\Downloads\BASE DE DATOS 1974-2018 PDFs. WSS\1991\1991-11-01 Uno con Dios (WSS) Cayey, Puerto Rico (movil).pdf",1991-11-01,Uno con Dios.,orden_logico,,,0.000000
394b2dbe-b340-4f06-bc22-32a725096123,df95425c-801b-491e-b807-f8849b4c426a,C:\Users\USUARIO\Documents\Downloads\BASE DE DATOS 1974-2018 PDFs. WSS\1991\1991-11-03 Los derechos de los Primogénitos de Dios (WSS) (movil).pdf,1991-11-03,Los derechos de los Primogénitos de Dios.,orden_logico,,,0.000000
2852a5f7-8caf-47b9-bf35-304c3ffc494d,50c7ded2-4053-447d-9ced-afba185fa0f0,C:\Users\USUARIO\Documents\Downloads\BASE DE DATOS 1974-2018 PDFs. WSS\1991\1991-11-13 Jesus el Hijo de Dios (WSS) (movil).pdf,1991-11-13,Jesus el Hijo de Dios.,orden_logico,,,0.000000
cf96ea9b-27f0-441e-ba3f-96d0ed9e83f9,54ae756a-859f-40a2-ba77-11c95f8217ff,C:\Users\USUARIO\Documents\Downloads\BASE DE DATOS 1974-2018 PDFs. WSS\1991\1991-11-15 El hijo de David (WSS) (movil).pdf,1991-11-15,El hijo de David,orden_logico,,,0.000000
2ee920d7-2d12-4c39-8c7c-42b3b86cc697,7eafce40-c062-422c-aff4-3dc6725a66e0,"C:\Users\USUARIO\Documents\Downloads\BASE DE DATOS 1974-2018 PDFs. WSS\1991\1991-11-30 Tiempo de Union (WSS) Villahermosa, Mexico (movil).pdf",1991-11-30,Tiempo de Union.,orden_logico,,,0.000000
62ffa136-3608-4727-9944-e76e631d919f,e0269212-67e6-4042-b49f-1db2b1612799,"C:\Users\USUARIO\Documents\Downloads\BASE DE DATOS 1974-2018 PDFs. WSS\1991\1991-12-08 Los Santos recibiran el Reino (WSS) Cayey, Puerto Rico.pdf",1991-12-08,Los Santos recibiran el Reino.,orden_logico,,,0.000000
34bd34c6-3d88-4f6f-8c0f-af29bf4feca0,4309879d-7597-4478-b207-17ea83950965,"C:\Users\USUARIO\Documents\Downloads\BASE DE DATOS 1974-2018 PDFs. WSS\1991\1991-12-13 Una Puerta Abierta en el Cielo (WSS) Bogotá, Colombia.pdf",1991-12-13,Una Puerta Abierta en el Cielo.,orden_logico,,,0.000000
442d0bd3-7abe-4b79-9946-13898d7ce7e0,23021819-e8e6-4796-984d-1355d756b803,"C:\Users\USUARIO\Documents\Downloads\BASE DE DATOS 1974-2018 PDFs. WSS\1991\1991-12-22 El despertamiento de la Esposa del Cordero (WSS) Cayey, Puerto Rico (movil horizontal).PDF",1991-12-22,El despertamiento de la Esposa del Cordero. sencillo,orden_logico,,,0.000000
1656cce7-f650-4627-8c60-77f4e9957cf7,678f96a4-b09c-4c30-86fd-3c6c8158521c,"C:\Users\USUARIO\Documents\Downloads\BASE DE DATOS 1974-2018 PDFs. WSS\1991\1991-12-24 Vigilia Sueños y visiones del Rev William Marrrion Branham (WSS) Cayey, Puerto Rico.pdf",1991-12-24,Vigilia Sueños y visiones del Rev William Marrrion Branham.,orden_logico,,,0.000000
edde7ccc-01f8-4b56-8a7f-d35487af8822,53b3b892-cb7a-4b0a-b333-9851cdeb03a9,C:\Users\USUARIO\Documents\Downloads\BASE DE DATOS 1974-2018 PDFs. WSS\1991\1991-12-24 La Luz de la Palabra Prometida (WSS) (movil horizontal).pdf,1991-12-24,La Luz de la Palabra prometida.,orden_logico,,,0.000000
6c647b76-0380-45a9-af05-84f6fa992c39,37c67ac1-1cb7-48f2-b081-a3481610ab57,"C:\Users\USUARIO\Documents\Downloads\BASE DE DATOS 1974-2018 PDFs. WSS\1991\1991-12-29 El Tiempo del Fin (WSS) Cayey, Puerto Rico (movil horizontal).PDF",1991-12-29,El Tiempo del Fin.,orden_logico,,,0.000000
c1a00646-8657-4b5d-91ea-915061be1257,65a1926a-7014-46d8-b5a4-007303847adb,C:\Users\USUARIO\Documents\Downloads\BASE DE DATOS 1974-2018 PDFs. WSS\1991\1991-12-29 La Eternidad Reflejandose (WSS) (movil horizontal).pdf,1991-12-29,La Eternidad Reflejandose.,orden_logico,,,0.000000
3be32bba-5c79-4eb1-8ccf-77f30375891c,f6603fc4-532f-433d-82fb-9da8a9001add,"C:\Users\USUARIO\Documents\Downloads\BASE DE DATOS 1974-2018 PDFs. WSS\1992\1992-01-01 A la medianoche (WSS) Cayey, Puerto Rico (movil horizontal).pdf",1992-01-01,A la medianoche. sencillo,orden_logico,,,0.000000
61b78cd9-6d9c-4874-9d42-63161916a47f,ce184269-7040-45c6-acdb-e7f29c9b4922,"C:\Users\USUARIO\Documents\Downloads\BASE DE DATOS 1974-2018 PDFs. WSS\1992\1992-01-05 Los Genes de la Palabra (WSS) Cayey, Puerto Rico.pdf",1992-01-05,Los Genes de la Palabra.,orden_logico,,,0.000000
01b578b6-069e-4851-b664-a4e7ae86d28f,ce184269-7040-45c6-acdb-e7f29c9b4922,"C:\Users\USUARIO\Documents\Downloads\BASE DE DATOS 1974-2018 PDFs. WSS\1992\1992-01-05 Los Genes de la Palabra (WSS) Cayey, Puerto Rico (movil horizontal).pdf",1992-01-05,Los Genes de la Palabra.,orden_logico,,,0.000000
0e58afc2-9f3a-4f23-9ade-5c125de42162,a3e9eca9-cbd5-4210-8937-00233fbcbc80,"C:\Users\USUARIO\Documents\Downloads\BASE DE DATOS 1974-2018 PDFs. WSS\1992\1992-01-10 La Palabra Vivificada hoy (WSS) Cayey, Puerto Rico (movil horizontal).pdf",1992-01-10,La Palabra Vivificada hoy. sencillo,orden_logico,,,0.000000
aece39e2-c7e9-4d56-a7b9-4fb58e495ed3,0aec2e8e-37fe-444b-9497-231542a3a62b,C:\Users\USUARIO\Documents\Downloads\BASE DE DATOS 1974-2018 PDFs. WSS\1992\1992-01-30 El que es de Dios - Booklet.pdf,1992-01-30,El que es de Dios. sencillo,orden_logico,,,0.000000
43e1f24f-ad3c-4c97-ba0c-b39a835cf1dc,0aec2e8e-37fe-444b-9497-231542a3a62b,"C:\Users\USUARIO\Documents\Downloads\BASE DE DATOS 1974-2018 PDFs. WSS\1992\1992-01-30 El que es de Dios (WSS) Santiago de Chile, Chile (movil horizontal).pdf",1992-01-30,El que es de Dios. sencillo,orden_logico,,,0.000000
6a0fbbee-ae69-4cf8-ab87-eec99786f3b3,ee433f47-2d9e-442d-a2c2-f2e290656ffe,"C:\Users\USUARIO\Documents\Downloads\BASE DE DATOS 1974-2018 PDFs. WSS\1992\1992-01-31 La Restauracion del Reino (WSS) Valparaiso, Chile (movil horizontal).pdf",1992-01-31,La Restauracion del Reino. sencillo,orden_logico,,,0.000000
ad1508d7-53d5-444a-be4b-fe7ecc71dbe5,2507ad13-f720-49ad-9358-5637cd9d4494,"C:\Users\USUARIO\Documents\Downloads\BASE DE DATOS 1974-2018 PDFs. WSS\1992\1992-02-04 El Ministerio Profetico del fin del siglo (WSS) Antofagasta, Chile (movil horizontal).pdf",1992-02-04,El Ministerio Profetico del fin del siglo. sencillo,orden_logico,,,0.000000
6e1e3bc1-38df-429a-8476-b9b071944053,dc0385da-f4b8-414e-8e7b-10047d06c9e9,"C:\Users\USUARIO\Documents\Downloads\BASE DE DATOS 1974-2018 PDFs. WSS\1992\1992-02-09 La Edad Mesianica (WSS) Lo Prado, Chile (movil horizontal).PDF",1992-02-09,La Edad Mesianica.,orden_logico,,,0.000000
a3d1c37b-2bf4-4d14-8314-5e6aafcf7d91,9e9cd165-1da0-4a2c-bd0b-99b25f8e4996,"C:\Users\USUARIO\Documents\Downloads\BASE DE DATOS 1974-2018 PDFs. WSS\1992\1992-02-19 Los Primogenitos de la America Latina (WSS) La Paz, Bolivia (movil horizontal).pdf",1992-02-19,Los Primogenitos de la America Latina. sencillo,orden_logico,,,0.000000
e0efdae8-3458-49a3-87c7-778273e8abec,8f16947a-739f-4c82-9c07-73005d3a4b88,"C:\Users\USUARIO\Documents\Downloads\BASE DE DATOS 1974-2018 PDFs. WSS\1992\1992-02-23 Toda la creacion gira alrededor de la Palabra de Dios (WSS) Santa Cruz, Bolivia (movil horizontal).PDF",1992-02-23,Toda la creacion gira alrededor de la Palabra de Dios.,orden_logico,,,0.000000
8d285da5-afe2-4d38-82a5-615bd0213ed4,83be3ae5-5494-45ed-a4fc-6e4b4778cac2,C:\Users\USUARIO\Documents\Downloads\BASE DE DATOS 1974-2018 PDFs. WSS\1992\1992-02-23 La comida del Vencedor hoy (WSS) (movil horizontal).pdf,1992-02-23,La comida del Vencedor hoy.,orden_logico,,,0.000000
5e523af4-5870-4b86-bd97-fa20d34d6b31,857d51be-29fe-4b00-bab6-dba8280e9ec0,"C:\Users\USUARIO\Documents\Downloads\BASE DE DATOS 1974-2018 PDFs. WSS\1992\1992-03-01 La Vid Verdadera (WSS) San José de los Campos, Brasil (movil horizontal).PDF",1992-03-01,La Vid Verdadera.,orden_logico,,,0.000000
d62b668b-bf3d-482d-a9c9-0b2c11f0edbe,cba7ed85-17cc-4ba0-abe3-fa19f30412ae,"C:\Users\USUARIO\Documents\Downloads\BASE DE DATOS 1974-2018 PDFs. WSS\1992\1992-03-15 La potencia celestial (WSS) Goiania, Brasil (movil).pdf",1992-03-15,La potencia celestial,orden_logico,,,0.000000
b4249a8e-2dae-45ce-a017-4e97f0d32bcd,ba13cc4b-b465-4308-90af-ca251c7a5d6b,"C:\Users\USUARIO\Documents\Downloads\BASE DE DATOS 1974-2018 PDFs. WSS\1992\1992-03-19 El libro de los Siete Sellos en la mano de un profeta (WSS) Bogotá, Colombia.pdf",1992-03-19,El libro de los Siete Sellos en la mano de un profeta,orden_logico,,,0.000000
534d440b-3976-40f1-878f-08b2eaa050f2,da617c99-5198-4a8d-b73f-94158dfcd04f,C:\Users\USUARIO\Documents\Downloads\BASE DE DATOS 1974-2018 PDFs. WSS\1992\1992-03-29 El misterio de la semilla de la Palabra Hablada (WSS) Mexico (MOVIL).PDF,1992-03-29,El Misterio de la Semilla de la Palabra hablada.,orden_logico,,,0.000000
89464ab9-c7c4-497e-a0e2-1ec2c9a060d5,8501f0d0-984b-4397-863e-123df58202fd,C:\Users\USUARIO\Documents\Downloads\BASE DE DATOS 1974-2018 PDFs. WSS\1992\1992-04-12 La Palabra de Dios para los escogidos en el fin del siglo (WSS) Mexico.pdf,1992-04-12,La Palabra de Dios para los escogidos en el fin del siglo.,orden_logico,,,0.000000
e2eef224-88cc-47b5-9225-4452d2f231b3,22505fc8-b703-4709-a7ce-d752809ced21,"C:\Users\USUARIO\Documents\Downloads\BASE DE DATOS 1974-2018 PDFs. WSS\1992\1992-04-17 La muerte de Jesus (WSS) Cayey, Puerto Rico.pdf",1992-04-17,La muerte de Jesus.,orden_logico,,,0.000000
8b2a5782-0b2f-4bce-afe8-7e5366f4472f,f3db3a5c-53c4-4351-b101-46f2ac4f54f2,"C:\Users\USUARIO\Documents\Downloads\BASE DE DATOS 1974-2018 PDFs. WSS\1992\1992-04-19 La Gran Victoria del Amor Divino (WSS) Cayey, Puerto Rico (movil horizontal).pdf",1992-04-19,La Gran Victoria del Amor Divino. sencillo,orden_logico,,,0.000000
2d4435ad-dd9a-4ae8-967b-bdca129eb985,6788bace-2958-421d-b4be-ebb8cd431c6b,C:\Users\USUARIO\Documents\Downloads\BASE DE DATOS 1974-2018 PDFs. WSS\1992\1992-04-19 Jesus y los caminantes de Emaus (WSS) (movil horizontal).pdf,1992-04-19,Jesus y los caminantes de Emaus.,orden_logico,,,0.000000
2299d99e-a585-4b93-b069-69dc90c43efb,8b59819b-b8ce-41f2-a935-e2c2885c2636,"C:\Users\USUARIO\Documents\Downloads\BASE DE DATOS 1974-2018 PDFs. WSS\1992\1992-04-24 La luz de Dios (WSS) Cayey, Puerto Rico (movil horizontal).pdf",1992-04-24,La luz de Dios. sencillo,orden_logico,,,0.000000
37ee0dcd-5a78-4b32-a6cf-58b2d38c9319,eb858760-1fd9-4147-b1da-7e5170e4280e,"C:\Users\USUARIO\Documents\Downloads\BASE DE DATOS 1974-2018 PDFs. WSS\1992\1992-04-26 El Día Eterno (WSS) Cayey, Puerto Rico (movil).pdf",1992-04-26,El Día Eterno,orden_logico,,,0.000000
4440373f-e5c2-4408-a3a0-170cd0afa6f2,01b17084-0783-4902-b222-d35be59f9f0f,"C:\Users\USUARIO\Documents\Downloads\BASE DE DATOS 1974-2018 PDFs. WSS\1992\1992-04-26 La Nueva Jerusalen reflejada (WSS) Cayey, Puerto Rico (movil horizontal).pdf",1992-04-26,La Nueva Jerusalen reflejada.,orden_logico,,,0.000000
ae7cb3bf-4a2b-4036-a6dc-d393f43fd398,01b17084-0783-4902-b222-d35be59f9f0f,"C:\Users\USUARIO\Documents\Downloads\BASE DE DATOS 1974-2018 PDFs. WSS\1992\1992-04-26 La Nueva Jerusalen reflejada (WSS) Cayey, Puerto Rico.pdf",1992-04-26,La Nueva Jerusalen reflejada.,orden_logico,,,0.000000
3de83b1c-5bf9-4a16-bafd-53410d7ccf7b,db252d1e-7328-49b2-9a0d-c3fae537cc74,C:\Users\USUARIO\Documents\Downloads\BASE DE DATOS 1974-2018 PDFs. WSS\1992\1992-05-03 Ocupando nuestra posicion en el Reino del Señor Jesucristo (WSS) México (movil horizontal).pdf,1992-05-03,Ocupando nuestra posicion en el Reino del Señor Jesucristo. sencillo,orden_logico,,,0.000000
4791b777-131b-47f9-9c90-e11e84832b99,887b3090-5b0c-4162-b95c-369f1b0a5b56,"C:\Users\USUARIO\Documents\Downloads\BASE DE DATOS 1974-2018 PDFs. WSS\1992\1992-05-17 Los hijos del trueno (WSS) Villahermosa, México (movil horizontal).pdf",1992-05-17,Los hijos del trueno. sencillo,orden_logico,,,0.000000
477bc7b3-1006-40c0-99ab-1cd7c3d6c356,bd74cf05-80dc-48ee-a246-70680765fd21,"C:\Users\USUARIO\Documents\Downloads\BASE DE DATOS 1974-2018 PDFs. WSS\1992\1992-05-24 La Palabra que tiene que materializarse (WSS) Villahermosa, México (movil horizontal).pdf",1992-05-24,La Palabra que tiene que materializarse. sencillo,orden_logico,,,0.000000
71780169-e4be-4ac3-83f2-395fa886d39b,f4023e0d-e1bb-4271-aa46-9c5a51420601,"C:\Users\USUARIO\Documents\Downloads\BASE DE DATOS 1974-2018 PDFs. WSS\1992\1992-05-24 La Revelacion de Jesucristo (WSS) Villahermosa, México (movil horizontal).pdf",1992-05-24,La Revelacion de Jesucristo. sencillo,orden_logico,,,0.000000
e7f8168e-eec2-485e-b589-cac87a38d72c,5833d604-70de-42a8-923a-609bf98f554d,C:\Users\USUARIO\Documents\Downloads\BASE DE DATOS 1974-2018 PDFs. WSS\1992\1992-05-31 El Gran misterio del Septimo Sello (WSS) México (movil horizontal).pdf,1992-05-31,El Gran misterio del Septimo Sello. sencillo,orden_logico,,,0.000000
7700f6ac-55f7-4ae7-8797-80f59934f4b2,1d9b6c8f-6f09-47fe-8f09-f7d8a95ec0d1,C:\Users\USUARIO\Documents\Downloads\BASE DE DATOS 1974-2018 PDFs. WSS\1992\1992-05-31 El misterio de la Obra del Septimo Sello (WSS) México (movil horizontal).pdf,1992-05-31,El misterio de la Obra del Septimo Sello. sencillo,orden_logico,,,0.000000
054a2f22-adee-40df-bdcd-185f2ed4a88d,7241b2b6-09bc-41be-a4c9-b8ae6a562ea2,"C:\Users\USUARIO\Documents\Downloads\BASE DE DATOS 1974-2018 PDFs. WSS\1992\1992-06-05 Lo que está escrito cumplimiento tiene (WSS) Villahermosa, México.pdf",1992-06-05,Lo que está escrito cumplimiento tiene,orden_logico,,,0.000000
2b860ddb-1d6e-4f07-8188-5ef1e9916f4d,6b18b621-3825-4062-9e4d-f92120e36283,"C:\Users\USUARIO\Documents\Downloads\BASE DE DATOS 1974-2018 PDFs. WSS\1992\1992-06-07 La Voz del Angel Fuerte (WSS) Villahermosa, México (movil horizontal).pdf",1992-06-07,La Voz del Angel Fuerte. sencillo,orden_logico,,,0.000000
7c53e594-abc4-49e9-b34e-d0ff452faa45,64b17425-f645-4b22-a859-12e1ad03a582,"C:\Users\USUARIO\Documents\Downloads\BASE DE DATOS 1974-2018 PDFs. WSS\1992\1992-06-07 La preparación para la transformación (WSS) Villahermosa, México.pdf",1992-06-07,La preparacion para la transformacion. sencillo,orden_logico,,,0.000000
8cf9fab0-8fe1-41f6-bee9-a988563ce165,64b17425-f645-4b22-a859-12e1ad03a582,"C:\Users\USUARIO\Documents\Downloads\BASE DE DATOS 1974-2018 PDFs. WSS\1992\1992-06-07 La preparacion para la transformacion (WSS) Villahermosa, México (movil horizontal).pdf",1992-06-07,La preparacion para la transformacion. sencillo,orden_logico,,,0.000000
d607e8b1-258b-49bf-bc59-203b58058537,84c9495a-4d77-473c-b486-b40b11e77459,"C:\Users\USUARIO\Documents\Downloads\BASE DE DATOS 1974-2018 PDFs. WSS\1992\1992-06-14 El regreso a la vida eterna (WSS) Villahermosa, México (movil).pdf",1992-06-14,El regreso a la vida eterna,orden_logico,,,0.000000
bde61678-8fd9-4307-bf31-3f6ad58d7022,d2f9dd95-2ed2-4aca-bc3c-05c5f5c2eeb3,"C:\Users\USUARIO\Documents\Downloads\BASE DE DATOS 1974-2018 PDFs. WSS\1992\1992-06-21 El testimonio del Angel del Señor Jesucristo (WSS) Villahermosa, México (movil horizontal).pdf",1992-06-21,El testimonio del Angel del Señor Jesucristo. sencillo,orden_logico,,,0.000000
fdae8036-c29b-4a91-a720-f1b62f739798,981a777f-d85a-4fae-a079-b40dafa950ba,"C:\Users\USUARIO\Documents\Downloads\BASE DE DATOS 1974-2018 PDFs. WSS\1992\1992-06-21 El Señor Jesucristo y su esposa en la dispensacion del Reino (WSS) Monterrey, México (movil horizontal).pdf",1992-06-21,El Señor Jesucristo y su esposa en la dispensacion del Reino. sencillo,orden_logico,,,0.000000
12ebc096-2249-492c-9fdd-82770568b22c,ac5527c4-8bdf-454e-9d35-6e60c332a75b,"C:\Users\USUARIO\Documents\Downloads\BASE DE DATOS 1974-2018 PDFs. WSS\1992\1992-06-28 Jesucristo Revelado en la Dispensacion del Reino (WSS) Cayey, Puerto Rico (movil horizontal).pdf",1992-06-28,Jesucristo Revelado en la Dispensacion del Reino. sencillo,orden_logico,,,0.000000
9829a79c-1851-48f1-ac6f-bab7006d8b01,f8e5b996-6cbe-4232-a160-acc51b15ac67,"C:\Users\USUARIO\Documents\Downloads\BASE DE DATOS 1974-2018 PDFs. WSS\1992\1992-07-03 Luz para ser Revelada (WSS) Cayey, Puerto Rico (movil horizontal).pdf",1992-07-03,Luz para ser Revelada. sencillo,orden_logico,,,0.000000
691e1fb8-6fa4-4498-8223-dcebb9bc9ffe,530c185d-e2bb-4742-a9f8-344bf266765f,"C:\Users\USUARIO\Documents\Downloads\BASE DE DATOS 1974-2018 PDFs. WSS\1992\1992-07-05 La Señal del fin del siglo (WSS) Cayey, Puerto Rico (movil horizontal).pdf",1992-07-05,La Señal del fin del siglo. sencillo,orden_logico,,,0.000000
580a96ec-e3e1-4b97-b75f-08865080be1c,511e9b99-7c6a-4a39-ba8c-dc579f84eb80,"C:\Users\USUARIO\Documents\Downloads\BASE DE DATOS 1974-2018 PDFs. WSS\1992\1992-07-10 Dios Revelado a sus Hijos (WSS) Cayey, Puerto Rico (movil horizontal).pdf",1992-07-10,Dios Revelado a sus Hijos. sencillo,orden_logico,,,0.000000
d3cb93cb-5f01-4b13-91cd-a534cc36310f,adf587f4-c7b8-4bab-89c4-6512bd869948,"C:\Users\USUARIO\Documents\Downloads\BASE DE DATOS 1974-2018 PDFs. WSS\1992\1992-07-12 Quien es el Hijo del Hombre (WSS) Cayey, Puerto Rico (movil horizontal).PDF",1992-07-12,Quien es el Hijo del Hombre.,orden_logico,,,0.000000
59253f83-5a2e-47af-ab3f-6fd8883f012a,d8082766-0ced-4f68-b6ab-b565ca58202e,"C:\Users\USUARIO\Documents\Downloads\BASE DE DATOS 1974-2018 PDFs. WSS\1992\1992-07-12 La Voz del Angel Fuerte (WSS) Cayey, Puerto Rico (movil horizontal).pdf",1992-07-12,La Voz del Angel Fuerte. sencillo,orden_logico,,,0.000000
22bb2c36-15e2-4948-98d2-7b1701b5b122,a16f91a4-ab7d-408d-873a-511ab8c138c4,"C:\Users\USUARIO\Documents\Downloads\BASE DE DATOS 1974-2018 PDFs. WSS\1992\1992-07-18 El misterio del Ángel del Señor Jesucristo prometido para este tiempo (WSS) Ponce, Puerto Rico.pdf",1992-07-18,El misterio del Ángel del Señor Jesucristo prometido para este tiempo,orden_logico,,,0.000000
3ed1d09c-90d7-4ae6-92a7-8a53ff55c499,26179ccf-5b0e-4455-b66e-cbfe5cb15caf,C:\Users\USUARIO\Documents\Downloads\BASE DE DATOS 1974-2018 PDFs. WSS\1992\1992-07-27 Saludo a hombres y mujeres de negocios (WSS) Guatemala.pdf,1992-07-27,Saludo a hombres y mujeres de negocios.,orden_logico,,,0.000000
8912219a-3ee6-4e52-80b5-10c2513db0d3,a5e511bd-9811-45b0-9ad0-afe0f224e03c,C:\Users\USUARIO\Documents\Downloads\BASE DE DATOS 1974-2018 PDFs. WSS\1992\1992-08-05 La preparacion para la transformacion (WSS) México (movil horizontal).pdf,1992-08-05,La preparacion para la transformacion.,orden_logico,,,0.000000
161161ae-ef7d-4549-bb2a-5905cceab0f2,b50f729c-2e27-4949-ae0e-9938f578699d,"C:\Users\USUARIO\Documents\Downloads\BASE DE DATOS 1974-2018 PDFs. WSS\1992\1992-08-07 La Simiente Real de Abraham segun la Fe (WSS) Ciudad México, México (movil horizontal).pdf",1992-08-07,La Simiente Real de Abraham segun la Fe. sencillo,orden_logico,,,0.000000
eed9dce0-6150-488a-84cc-f58b4aca638c,4ddd58d4-d038-4ab2-ac1b-917f7980c1d9,"C:\Users\USUARIO\Documents\Downloads\BASE DE DATOS 1974-2018 PDFs. WSS\1992\1992-08-11 El misterio Revelado del Reino de Dios (WSS) San Nicolás, México (movil horizontal).pdf",1992-08-11,El misterio Revelado del Reino de Dios. sencillo,orden_logico,,,0.000000
566c7e72-c95c-4de1-8704-a958e7b0d3a7,650bb881-d892-42fc-9695-ad1170cbb41c,"C:\Users\USUARIO\Documents\Downloads\BASE DE DATOS 1974-2018 PDFs. WSS\1992\1992-08-15 La Voz de Jesucristo (WSS) Mineral Wells, Texas, EEUU (movil horizontal).pdf",1992-08-15,La Voz de Jesucristo. sencillo,orden_logico,,,0.000000
8b3957e0-3cc8-4400-a441-42999188bd8c,c9385961-db49-4c03-8214-13c938bd0af0,"C:\Users\USUARIO\Documents\Downloads\BASE DE DATOS 1974-2018 PDFs. WSS\1992\1992-08-30 El Señor Jesucristo resplandeciendo como el Sol (WSS) Cayey, Puerto Rico (movil horizontal).pdf",1992-08-30,El Señor Jesucristo resplandeciendo como el Sol. sencillo,orden_logico,,,0.000000
8c234a9b-ae96-42d1-bf3e-6dac3e56a554,c0a2d677-ed8f-4f8b-a885-d8aac5465947,"C:\Users\USUARIO\Documents\Downloads\BASE DE DATOS 1974-2018 PDFs. WSS\1992\1992-09-04 El despertamiento final del pueblo de Dios (WSS) Cayey, Puerto Rico (movil horizontal).pdf",1992-09-04,El despertamiento final del pueblo de Dios. sencillo,orden_logico,,,0.000000
27db4680-e4ab-4278-a6be-14b1abf33a9b,d2e35122-6dee-4a4c-b885-72a31372cf5b,"C:\Users\USUARIO\Documents\Downloads\BASE DE DATOS 1974-2018 PDFs. WSS\1992\1992-09-06 El señor Jesucristo en un caballo blanco (WSS) Cayey, Puerto Rico.pdf",1992-09-06,El Señor Jesucristo en un Caballo Blanco.,orden_logico,,,0.000000
ee81b392-f0a3-4e1d-99b7-37161ffb42a0,fb42b5af-5584-4526-882b-ce5f9d2e39c0,"C:\Users\USUARIO\Documents\Downloads\BASE DE DATOS 1974-2018 PDFs. WSS\1992\1992-09-11 La Revelacion del hijo del Hombre en su Venida (WSS) Bogotá, Colombia (movil horizontal).pdf",1992-09-11,La Revelacion del Hijo del Hombre en Su Venida.,orden_logico,,,0.000000
1cff634e-8ed5-42b9-970b-d2fe80294bf1,fb42b5af-5584-4526-882b-ce5f9d2e39c0,"C:\Users\USUARIO\Documents\Downloads\BASE DE DATOS 1974-2018 PDFs. WSS\1992\1992-09-11 La Revelacion del Hijo del Hombre en Su Venida (WSS) Bogotá, Colombia.pdf",1992-09-11,La Revelacion del Hijo del Hombre en Su Venida.,orden_logico,,,0.000000
6a6c2a0a-096c-4f93-9c35-c00350b79358,2cb85bd1-bf56-4b1f-9230-51848b975b91,C:\Users\USUARIO\Documents\Downloads\BASE DE DATOS 1974-2018 PDFs. WSS\1992\1992-09-18 Tiempo de oir las palabras de la profecia apocaliptica (WSS).pdf,1992-09-18,Tiempo de oir las palabras de la profecia apocaliptica.,orden_logico,,,0.000000
5d94e2a1-5af4-483e-980e-687dd6ab76ab,04d9909a-c4c1-45ea-b7b3-a10b5024e9ce,"C:\Users\USUARIO\Documents\Downloads\BASE DE DATOS 1974-2018 PDFs. WSS\1992\1992-09-20 De regreso a la vida eterna (WSS) Lima, Perú (movil).pdf",1992-09-20,De regreso a la vida eterna. sencillo,orden_logico,,,0.000000
1b5ae77d-4c14-4444-a5da-d414c4b485d4,3dfed150-3678-4562-8850-28f85c9c1d5d,"C:\Users\USUARIO\Documents\Downloads\BASE DE DATOS 1974-2018 PDFs. WSS\1992\1992-09-23 Viendo al Señor Jesucristo en Gloria (WSS) Talcahuano, Chile (movil horizontal).pdf",1992-09-23,Viendo al Señor Jesucristo en Gloria. sencillo,orden_logico,,,0.000000
7e02daf9-b720-41d8-9d46-454798d78e8e,341d4424-0eec-45d5-b96c-249259d85080,C:\Users\USUARIO\Documents\Downloads\BASE DE DATOS 1974-2018 PDFs. WSS\1992\1992-09-25 Elias en el Monte de Dios (WSS) (movil horizontal).pdf,1992-09-25,Elias en el Monte de Dios.,orden_logico,,,0.000000
96e69827-b0e8-4d1c-a2b5-f87ff84a2c0a,700042e2-c829-4183-96bd-0c9518a3fbab,"C:\Users\USUARIO\Documents\Downloads\BASE DE DATOS 1974-2018 PDFs. WSS\1992\1992-09-28 La Voz del Señor Jesucristo en la Edad de la Piedra Angular (WSS) Olavarría, Argentina.pdf",1992-09-28,La Voz del Señor Jesucristo en la Edad de la Piedra Angular.,orden_logico,,,0.000000
d87ba208-128b-4de4-9fd0-95465f4d1fb9,9d425f09-f20d-4e93-9443-d5b558b030a9,"C:\Users\USUARIO\Documents\Downloads\BASE DE DATOS 1974-2018 PDFs. WSS\1992\1992-09-29 La posicion de la Iglesia en el fin del tiempo (WSS) Tres Arroyos, Argentina.pdf",1992-09-29,La posicion de la Iglesia en el fin del tiempo.,orden_logico,,,0.000000
038b2fbd-b7fc-4071-882e-20cdeafd4605,e0d43716-8f90-4984-9590-faff183e8d74,"C:\Users\USUARIO\Documents\Downloads\BASE DE DATOS 1974-2018 PDFs. WSS\1992\1992-10-08 La Vision del fin del Siglo (WSS) Santa Cruz, Bolivia (movil horizontal).PDF",1992-10-08,La Vision del fin del Siglo.,orden_logico,,,0.000000
28bb5989-b5bb-4e31-b2c7-d089664f787c,86162beb-ff5f-42a6-96f2-0d3c44bc9f90,C:\Users\USUARIO\Documents\Downloads\BASE DE DATOS 1974-2018 PDFs. WSS\1992\1992-10-11 El Amor Divino manifestado (WSS) (movil horizontal).pdf,1992-10-11,El Amor Divino manifestado.,orden_logico,,,0.000000
9ea61041-a1e0-44b0-aa90-51dfc6dfe60d,d2be8118-084b-4d56-a29b-5e352b515c45,"C:\Users\USUARIO\Documents\Downloads\BASE DE DATOS 1974-2018 PDFs. WSS\1992\1992-10-11 Palabras de clausura al encuentro juvenil del cono sur (WSS) Santa Cruz, Bolivia (movil horizontal).PDF",1992-10-11,Palabras de clausura al encuentro juvenil del cono sur.,orden_logico,,,0.000000
5533424b-b56a-43d3-a332-b0e4b3e5eb8c,5d167a36-7c4e-48fc-9896-190c6b441271,"C:\Users\USUARIO\Documents\Downloads\BASE DE DATOS 1974-2018 PDFs. WSS\1992\1992-10-14 Bajo la sombra del Omnipotente (WSS) Penteada, Brasil (movil).PDF",1992-10-14,Bajo la sombra del Omnipotente.,orden_logico,,,0.000000
cbfbde21-0c85-40bb-942c-5f61d3c37930,7f666df9-8812-4b44-95a1-00f4da8fae6e,"C:\Users\USUARIO\Documents\Downloads\BASE DE DATOS 1974-2018 PDFs. WSS\1992\1992-10-18 Raya el Alba (WSS) San Pablo, Brasil (movil horizontal).PDF",1992-10-18,Raya el Alba.,orden_logico,,,0.000000
a6f9c617-647c-49f7-ac5a-0e5224b07c46,3795dd97-df0a-447c-8d6b-91a290d5edd7,"C:\Users\USUARIO\Documents\Downloads\BASE DE DATOS 1974-2018 PDFs. WSS\1992\1992-10-18 La Revelacion del Señor Jesucristo esta en su Angel (WSS) San Pablo, Brasil (movil horizontal).PDF",1992-10-18,La Revelacion del Señor Jesucristo esta en su Angel.,orden_logico,,,0.000000
3cd385ba-7260-4c23-bf5f-82a4be68c818,b3cbea6a-00fa-43fb-9d38-b10f3c819167,"C:\Users\USUARIO\Documents\Downloads\BASE DE DATOS 1974-2018 PDFs. WSS\1992\1992-11-06 La Voz de la Trompeta (WSS) Cayey, Puerto Rico (movil horizontal).PDF",1992-11-06,La Voz de la Trompeta.,orden_logico,,,0.000000
c11f730c-5d79-446c-9f96-5adca459c105,3ba46e10-7a06-4910-a8ac-5278c43d2645,"C:\Users\USUARIO\Documents\Downloads\BASE DE DATOS 1974-2018 PDFs. WSS\1992\1992-11-08 El liderato del Angel de Dios (WSS) Cayey, Puerto Rico (movil horizontal).PDF",1992-11-08,El liderato del Angel de Dios. sencillo,orden_logico,,,0.000000
666a46db-748f-4227-bfdf-6c005a75ebf0,4c929b76-e329-4b95-831b-aabe1cd4c988,"C:\Users\USUARIO\Documents\Downloads\BASE DE DATOS 1974-2018 PDFs. WSS\1992\1992-11-08 El hombre que enciende la luz de la libertad (WSS) Cayey, Puerto Rico (movil).pdf",1992-11-08,El hombre que enciende la luz de la libertad,orden_logico,,,0.000000
8e9da0e7-71fd-43b3-862c-63c25e61653f,c3a7f31d-338d-4a44-afcc-8ec11a0df584,"C:\Users\USUARIO\Documents\Downloads\BASE DE DATOS 1974-2018 PDFs. WSS\1992\1992-11-11 Saludo a los jovenes del Nuevo mundo (WSS) Cayey, Puerto Rico (movil horizontal).PDF",1992-11-11,Saludo a los jovenes del Nuevo mundo.,orden_logico,,,0.000000
d848b57c-9b23-40e8-bd86-36195b15a4be,8fe030c7-2d77-4be5-bad7-5b7ed79aea57,C:\Users\USUARIO\Documents\Downloads\BASE DE DATOS 1974-2018 PDFs. WSS\1992\1992-11-13 La vida esta en la palabra de Dios (FOLLETO).pdf,1992-11-13,La Vida esta en la Palabra de Dios.,orden_logico,,,0.000000
248f47f5-0e43-49cb-887a-1bac74f34810,8fe030c7-2d77-4be5-bad7-5b7ed79aea57,"C:\Users\USUARIO\Documents\Downloads\BASE DE DATOS 1974-2018 PDFs. WSS\1992\1992-11-13 La Vida esta en la Palabra de Dios (WSS) Cayey, Puerto Rico (movil horizontal).PDF",1992-11-13,La Vida esta en la Palabra de Dios.,orden_logico,,,0.000000
41f228a3-284f-47e9-94be-47a09224e1ff,a43ff935-f2f1-4ac0-afe7-bb20be8966b6,"C:\Users\USUARIO\Documents\Downloads\BASE DE DATOS 1974-2018 PDFs. WSS\1992\1992-11-15 La Vision Apocalitica en la Dispensacion de la Gracia (WSS) Cayey, Puerto Rico (movil horizontal).PDF",1992-11-15,La Vision Apocalitica en la Dispensacion de la Gracia.,orden_logico,,,0.000000
cda4a2b9-a652-4688-b440-171591dd53dd,987e9ec3-6925-4b99-80ba-40e91d1a541e,"C:\Users\USUARIO\Documents\Downloads\BASE DE DATOS 1974-2018 PDFs. WSS\1992\1992-11-15 La Vision del Apocalipsis en la Dispensacion del Reino (WSS) Cayey, Puerto Rico (movil horizontal).PDF",1992-11-15,La Vision del Apocalipsis en la Dispensacion del Reino.,orden_logico,,,0.000000
57c1bd47-8977-46cb-a11e-7c2ef70d4da1,56251f2b-0087-4c66-a5ba-fb525ab1537b,"C:\Users\USUARIO\Documents\Downloads\BASE DE DATOS 1974-2018 PDFs. WSS\1992\1992-11-20 La Palabra viniendo a Vida (WSS) Cayey, Puerto Rico (movil horizontal).PDF",1992-11-20,La Palabra viniendo a Vida.,orden_logico,,,0.000000
af216321-facb-405c-8983-8769eea56564,a6541e6f-49bc-4016-ac06-0e28aedfd61b,"C:\Users\USUARIO\Documents\Downloads\BASE DE DATOS 1974-2018 PDFs. WSS\1992\1992-11-22 Herederos de las promesas Divinas (WSS) Cayey, Puerto Rico (movil horizontal).PDF",1992-11-22,Herederos de las promesas Divinas,orden_logico,,,0.000000
aba1f732-c1b4-46c1-b359-a529b4fa1cb9,5329bba6-ff6f-48fb-bdb1-b909afa034a4,"C:\Users\USUARIO\Documents\Downloads\BASE DE DATOS 1974-2018 PDFs. WSS\1992\1992-11-22 El Septimo Sello sonando en la America Latina y el Caribe (WSS) Cayey, Puerto Rico.pdf",1992-11-22,El Septimo Sello sonando en la America Latina y el Caribe.,orden_logico,,,0.000000
7ab0b8c0-9f6a-47cf-8c86-122f5b4d8b09,5329bba6-ff6f-48fb-bdb1-b909afa034a4,"C:\Users\USUARIO\Documents\Downloads\BASE DE DATOS 1974-2018 PDFs. WSS\1992\1992-11-22 El Septimo Sello sonando en la America Latina y el Caribe (WSS) Cayey, Puerto Rico (movil horizontal).pdf",1992-11-22,El Septimo Sello sonando en la America Latina y el Caribe.,orden_logico,,,0.000000
1d20043f-9ac4-44f2-8647-f408a79eb9b8,b0a54b96-670b-4dc8-8dbe-dcbcd4e7b455,"C:\Users\USUARIO\Documents\Downloads\BASE DE DATOS 1974-2018 PDFs. WSS\1992\1992-11-27 Dios Revelado en su Iglesia (WSS) Cayey, Puerto Rico (movil horizontal).PDF",1992-11-27,Dios Revelado en su Iglesia.,orden_logico,,,0.000000
aac7e58b-e250-48a4-8c71-abe83cb2b40a,b41ee064-9438-4cbe-ae5d-2a390603c449,"C:\Users\USUARIO\Documents\Downloads\BASE DE DATOS 1974-2018 PDFs. WSS\1992\1992-11-29 Viendo lo que los Profetas desearon Ver (WSS) Cayey, Puerto Rico (movil horizontal).PDF",1992-11-29,Viendo lo que los Profetas desearon Ver.,orden_logico,,,0.000000
0ff7e105-898f-4fa9-a422-cb7ad5faeacd,a14fa2a7-968a-4e85-a949-b745cf0cf9bb,"C:\Users\USUARIO\Documents\Downloads\BASE DE DATOS 1974-2018 PDFs. WSS\1992\1992-12-06 Herederos de transformación (WSS) San José, Costa Rica (movil horizontal).PDF",1992-12-06,Herederos de transformacion. sencillo,orden_logico,,,0.000000
98b7715c-7a1b-433d-8c5b-6a065f60f54c,dfc393cb-51cd-4d41-b632-166014b6f491,"C:\Users\USUARIO\Documents\Downloads\BASE DE DATOS 1974-2018 PDFs. WSS\1992\1992-12-13 El Dia Perfecto (WSS) Villahermosa, México (movil horizontal).PDF",1992-12-13,El Dia Perfecto. sencillo,orden_logico,,,0.000000
e789c23a-0967-4372-9f7d-8922c1fc6e8e,d0c91122-b043-4515-b113-cba91660bf60,"C:\Users\USUARIO\Documents\Downloads\BASE DE DATOS 1974-2018 PDFs. WSS\1992\1992-12-14 Profecia (WSS) Villahermosa, Mexico.pdf",1992-12-14,Profecia.,orden_logico,,,0.000000
362001fe-3ba7-43e6-ae00-3ca44e50223a,d0c91122-b043-4515-b113-cba91660bf60,"C:\Users\USUARIO\Documents\Downloads\BASE DE DATOS 1974-2018 PDFs. WSS\1992\1992-12-14 Profecia (WSS) Villahermosa, Mexico (movil horizontal).pdf",1992-12-14,Profecia.,orden_logico,,,0.000000
0ee71c83-69de-43a4-99b3-6a8089519b6d,6a7785d5-ab0a-453b-a8d6-cbc8faacb29e,"C:\Users\USUARIO\Documents\Downloads\BASE DE DATOS 1974-2018 PDFs. WSS\1992\1992-12-16 Las Cosas que son (WSS) Villahermosa, Mexico.pdf",1992-12-16,Las Cosas que son.,orden_logico,,,0.000000
ee4f6480-46c0-4914-8831-bd0aadede08b,5964dc09-e43d-46bf-9057-d5ae122155ab,"C:\Users\USUARIO\Documents\Downloads\BASE DE DATOS 1974-2018 PDFs. WSS\1992\1992-12-17 Las Cosas que son - Parte II (WSS) Villahermosa, Mexico.pdf",1992-12-17,Las Cosas que Son parte 2.,orden_logico,,,0.000000
817aeb5d-4d86-4752-8ad0-2588ca00d19a,a35acf41-d18d-4ad6-a6f1-15e0580ebf67,"C:\Users\USUARIO\Documents\Downloads\BASE DE DATOS 1974-2018 PDFs. WSS\1992\1992-12-19 Las Cosas que han de Ser (WSS) Villahermosa, Mexico.pdf",1992-12-19,Las Cosas que han de Ser.,orden_logico,,,0.000000
efe71a79-a795-4423-a5e3-85e8a59ff7d3,3c2d80bc-fe64-4878-b29a-675726fad184,C:\Users\USUARIO\Documents\Downloads\BASE DE DATOS 1974-2018 PDFs. WSS\1992\1992-12-20 La Gloria de Dios esta en su Templo (WSS) (movil horizontal).pdf,1992-12-20,La Gloria de Dios esta en su Templo.,orden_logico,,,0.000000
d68ac6c1-62d2-4976-b5bb-129076a6fcdf,7c384fd4-e2b1-40ff-963b-37c561d234ef,"C:\Users\USUARIO\Documents\Downloads\BASE DE DATOS 1974-2018 PDFs. WSS\1992\1992-12-24 En La presencia de Dios (WSS) Cayey, Puerto Rico.pdf",1992-12-24,En La presencia de Dios,orden_logico,,,0.000000
ef80c760-0195-4651-b676-4d90169292d1,ce74f8e3-859f-4cfd-ae3e-ed5bf3b919e6,"C:\Users\USUARIO\Documents\Downloads\BASE DE DATOS 1974-2018 PDFs. WSS\1992\1992-12-25 Dios reflejandose (WSS) Cayey, Puerto Rico.pdf",1992-12-25,Dios reflejandose.,orden_logico,,,0.000000
0d8c7955-643e-47b7-b46e-18f6f7e1c49a,cdd97f29-caab-4d5b-b94b-1ac0f5a6f21f,"C:\Users\USUARIO\Documents\Downloads\BASE DE DATOS 1974-2018 PDFs. WSS\1992\1992-12-27 La Voz del Hijo de Dios (WSS) Cayey, Puerto Rico (movil horizontal).PDF",1992-12-27,La Voz del Hijo de Dios. sencillo,orden_logico,,,0.000000
26efc542-fac6-4a10-89a5-7a3dc13e243e,f7b2a533-83b6-4400-9e69-e6a067385de0,"C:\Users\USUARIO\Documents\Downloads\BASE DE DATOS 1974-2018 PDFs. WSS\1992\1992-12-27 La Obra de la Voz del Hijo de Dios (WSS) Cayey, Puerto Rico (movil horizontal).PDF",1992-12-27,La Obra de la Voz del Hijo de Dios. sencillo,orden_logico,,,0.000000
0ad82c95-20a6-4303-854e-dfea7fda077e,7107de63-baf7-4f11-a9a8-832f31e7058e,"C:\Users\USUARIO\Documents\Downloads\BASE DE DATOS 1974-2018 PDFs. WSS\1993\1993-01-01 Agua de Vida eterna para todo los Sedientos (WSS) Cayey, Puerto Rico (movil horizontal).PDF",1993-01-01,Agua de Vida eterna para todo los Sedientos. sencillo,orden_logico,,,0.000000
48469b21-c196-497a-80e2-9a8ec9591468,2ae726e2-b91b-4980-a873-f573f895e315,"C:\Users\USUARIO\Documents\Downloads\BASE DE DATOS 1974-2018 PDFs. WSS\1993\1993-01-03 El tiempo de la adopcion del cuerpo mistico del Señor Jesucristo (WSS) Cayey, Puerto Rico.pdf",1993-01-03,El tiempo de la adopcion del cuerpo mistico del Señor Jesucristo.,orden_logico,,,0.000000
1e94001d-f54b-4938-a1ec-358174a1d20c,2ae726e2-b91b-4980-a873-f573f895e315,"C:\Users\USUARIO\Documents\Downloads\BASE DE DATOS 1974-2018 PDFs. WSS\1993\1993-01-03 El tiempo de la Adopcion del Cuerpo Mistico del Señor Jesucristo (WSS) Cayey, Puerto Rico (movil horizontal).pdf",1993-01-03,El tiempo de la adopcion del cuerpo mistico del Señor Jesucristo.,orden_logico,,,0.000000
c02a1643-20fc-4f2b-834c-a4a893f9f98c,5a1bcd4d-38ea-465e-9888-c857b302e6a9,"C:\Users\USUARIO\Documents\Downloads\BASE DE DATOS 1974-2018 PDFs. WSS\1993\1993-01-03 La Palabra para hoy (WSS) Cayey, Puerto Rico.pdf",1993-01-03,La Palabra para hoy.,orden_logico,,,0.000000
fa333104-390e-458b-a99d-45a221ff796e,2dc92e0f-d60f-4d72-bab3-f46e22f5b895,"C:\Users\USUARIO\Documents\Downloads\BASE DE DATOS 1974-2018 PDFs. WSS\1993\1993-01-08 La Luz de la Palabra (WSS) Cayey, Puerto Rico.pdf",1993-01-08,La Luz de la Palabra.,orden_logico,,,0.000000
daf835d3-986f-4e6c-998a-54e72dfd34a0,2dc92e0f-d60f-4d72-bab3-f46e22f5b895,"C:\Users\USUARIO\Documents\Downloads\BASE DE DATOS 1974-2018 PDFs. WSS\1993\1993-01-08 La Luz de la Palabra (WSS) Cayey, Puerto Rico (movil horizontal).pdf",1993-01-08,La Luz de la Palabra.,orden_logico,,,0.000000
ac103be8-a98d-4927-8b2f-4730ba22efd1,a8dc7fc5-03af-45fb-a8c8-29e911a02af8,"C:\Users\USUARIO\Documents\Downloads\BASE DE DATOS 1974-2018 PDFs. WSS\1993\1993-01-10 La Deidad Velada y Revelada (WSS) Cayey, Puerto Rico (movil).pdf",1993-01-10,La Deidad Velada y Revelada.,cierre,,,0.000000
58cd2280-6057-47fb-b63f-f0c0f1c276e3,3073c8c2-9bd4-4651-9b5d-fde349da471a,"C:\Users\USUARIO\Documents\Downloads\BASE DE DATOS 1974-2018 PDFs. WSS\1993\1993-01-10 Un Cambio de Dispensacion (WSS) Cayey, Puerto Rico (movil horizontal).pdf",1993-01-10,Un cambio de Dispensacion.,orden_logico,,,0.000000
c26ea383-67d6-47e9-88ef-0570e1b61b08,3073c8c2-9bd4-4651-9b5d-fde349da471a,"C:\Users\USUARIO\Documents\Downloads\BASE DE DATOS 1974-2018 PDFs. WSS\1993\1993-01-10 Un cambio de Dispensacion (WSS) Cayey, Puerto Rico.pdf",1993-01-10,Un cambio de Dispensacion.,orden_logico,,,0.000000
d04e85c2-608f-461f-8083-276d7063b31f,af963efb-a86f-4c1e-9c87-56456b148521,C:\Users\USUARIO\Documents\Downloads\BASE DE DATOS 1974-2018 PDFs. WSS\1993\1993-01-13 Heme aqui para hacer tu voluntad señor jesucristo - Booklet.pdf,1993-01-13,Heme aqui para hacer tu voluntad señor jesucristo,orden_logico,,,0.000000
0c90374d-f900-4745-a548-f12528a743c5,2c32fe03-b8ac-44a5-b6dc-476edeb009d7,"C:\Users\USUARIO\Documents\Downloads\BASE DE DATOS 1974-2018 PDFs. WSS\1993\1993-01-17 El Sol de un Nuevo Dia Dispensacional (WSS) Bogotá, Colombia (movil horizontal).PDF",1993-01-17,El Sol de un Nuevo Dia Dispensacional. sencillo,orden_logico,,,0.000000
6deba0dc-77b0-49aa-a942-9941428059a7,df47ff5d-3203-4f94-b4ff-0881569cd62f,"C:\Users\USUARIO\Documents\Downloads\BASE DE DATOS 1974-2018 PDFs. WSS\1993\1993-01-17 Las llaves del Reino (WSS) Bogotá, Colombia (movil horizontal).PDF",1993-01-17,Las llaves del Reino. sencillo,orden_logico,,,0.000000
b0074fa9-a636-479a-88be-a3d8a00b9694,9060d21e-d0c0-4012-a9c4-f13aa8362d06,"C:\Users\USUARIO\Documents\Downloads\BASE DE DATOS 1974-2018 PDFs. WSS\1993\1993-01-19 La Puerta Abierta en el Cielo (WSS) Armenia, Colombia (movil horizontal).PDF",1993-01-19,La Puerta Abierta en el Cielo. sencillo,orden_logico,,,0.000000
3a639c43-0e13-4327-8e30-2473669ac3f5,c1c7ad19-672c-4f12-aa93-7d3b6c7a6460,"C:\Users\USUARIO\Documents\Downloads\BASE DE DATOS 1974-2018 PDFs. WSS\1993\1993-01-23 Ungidos como David (WSS) Medellín, Colombia.pdf",1993-01-23,Ungidos como David.,orden_logico,,,0.000000
6c4a2b56-dab3-49d7-89af-72e131fcfec5,b286dba2-a86b-42a2-863b-5b33fea174d9,"C:\Users\USUARIO\Documents\Downloads\BASE DE DATOS 1974-2018 PDFs. WSS\1993\1993-01-24 La lluvia de la estacion tardia (WSS) Medellín, Colombia (movil horizontal).PDF",1993-01-24,La lluvia de la estacion tardia. sencillo,orden_logico,,,0.000000
b1d87d83-7836-4eab-a477-7fbfdc544498,91491db1-3ba2-40f4-85ff-0bec1cfec8bb,"C:\Users\USUARIO\Documents\Downloads\BASE DE DATOS 1974-2018 PDFs. WSS\1993\1993-01-24 El heredero de toda las cosas (WSS) Medellín, Colombia (movil horizontal).PDF",1993-01-24,El heredero de toda las cosas. sencillo,orden_logico,,,0.000000
89834ff6-d6a5-4989-b98d-d7c9716bd406,6267a3a1-5871-4fba-add3-1b5f73505af9,"C:\Users\USUARIO\Documents\Downloads\BASE DE DATOS 1974-2018 PDFs. WSS\1993\1993-01-27 El Jinete del quinto Caballo del Apocalipsis (WSS) Santo Domingo, Ecuador (movil).pdf",1993-01-27,El Jinete del quinto Caballo del Apocalipsis. sencillo,orden_logico,,,0.000000
0b42f92f-16c4-4c02-8f41-f16d0479f77b,a6a00dd3-1c73-4f35-8f97-ef090687169e,"C:\Users\USUARIO\Documents\Downloads\BASE DE DATOS 1974-2018 PDFs. WSS\1993\1993-01-31 Elias en el Monte de Dios (WSS) Lima, Perú (movil horizontal).PDF",1993-01-31,Elias en el Monte de Dios. sencillo,orden_logico,,,0.000000
113e266a-dd39-441e-b0e8-f18013fead2e,e03eddaa-7bc6-419d-b216-489cfccf3acf,C:\Users\USUARIO\Documents\Downloads\BASE DE DATOS 1974-2018 PDFs. WSS\1993\1993-01-31 Elohim visita a su pueblo (WSS) Perú (movil horizontal).PDF,1993-01-31,Elohim visita a su pueblo. sencillo,orden_logico,,,0.000000
56badeeb-4188-487a-8322-b7c29596f37d,3fe10cb3-b111-4617-b116-3d670f64f6ec,"C:\Users\USUARIO\Documents\Downloads\BASE DE DATOS 1974-2018 PDFs. WSS\1993\1993-02-14 El Restaurador de toda las cosas (WSS) Córdoba, Argentina (movil horizontal).PDF",1993-02-14,El Restaurador de toda las cosas. sencillo,orden_logico,,,0.000000
1ba13df0-728f-421b-b202-8fdc3cc8447a,f919164c-0e1a-469d-bc88-e67d22150123,"C:\Users\USUARIO\Documents\Downloads\BASE DE DATOS 1974-2018 PDFs. WSS\1993\1993-02-14 Los amados de Dios (WSS) Córdoba, Argentina (movil horizontal).PDF",1993-02-14,Los amados de Dios. sencillo,orden_logico,,,0.000000
5a8c663c-c5b7-4e5b-98b1-e363ac093fa8,02830caf-a3d4-4441-b77a-d32e7fe621cb,"C:\Users\USUARIO\Documents\Downloads\BASE DE DATOS 1974-2018 PDFs. WSS\1993\1993-02-21 El hijo sabio alegra al Padre (WSS) Santa Cruz, Bolivia.pdf",1993-02-21,El hijo sabio alegra al Padre.,orden_logico,,,0.000000
46cf0366-7ebb-4c5c-ba9d-92e0cb5691ff,17c09247-dae5-4465-a5ab-bbf359e0f7dd,"C:\Users\USUARIO\Documents\Downloads\BASE DE DATOS 1974-2018 PDFs. WSS\1993\1993-02-23 Los Benditos de Dios (WSS) Cochabamba, Bolivia (movil).pdf",1993-02-23,Los Benditos de Dios,orden_logico,,,0.000000
ae28ee3e-9537-46d1-beac-4612c1a3a345,d1bed5f2-8a25-4f16-9785-42fa80b6e8a0,C:\Users\USUARIO\Documents\Downloads\BASE DE DATOS 1974-2018 PDFs. WSS\1993\1993-03-18 Los Valientes del Hijo de David (WSS) (movil horizontal).pdf,1993-03-18,Los Valientes del Hijo de David.,orden_logico,,,0.000000
8807aeec-cc76-44ae-a284-8b8942445fb2,aeb73896-26a7-4857-8edb-84740049f35e,"C:\Users\USUARIO\Documents\Downloads\BASE DE DATOS 1974-2018 PDFs. WSS\1993\1993-03-19 Palabras de Saludo (WSS) Bogotá, Colombia.pdf",1993-03-19,Palabras de Saludo.,orden_logico,,,0.000000
9c74d664-8775-4768-8c15-21a0fea3c5a8,fc63325d-6cb1-4bbf-a924-66c9167da249,"C:\Users\USUARIO\Documents\Downloads\BASE DE DATOS 1974-2018 PDFs. WSS\1993\1993-03-26 El tiempo de regreso (WSS) Cayey, Puerto Rico (movil horizontal).PDF",1993-03-26,El tiempo de regreso. sencillo,orden_logico,,,0.000000
18a9559b-300f-47e1-a307-a71814d775e9,a04d19b1-68b6-4405-a9ab-590c0b323887,"C:\Users\USUARIO\Documents\Downloads\BASE DE DATOS 1974-2018 PDFs. WSS\1993\1993-03-28 La luz verdadera que alumbra a todo hombre (WSS) Cayey, Puerto Rico (movil horizontal).PDF",1993-03-28,La luz verdadera que alumbra a todo hombre. sencillo,orden_logico,,,0.000000
d3176d61-cbfd-4920-be98-5510e94dc541,f30295ea-4117-4323-a843-8a3dd130b359,"C:\Users\USUARIO\Documents\Downloads\BASE DE DATOS 1974-2018 PDFs. WSS\1993\1993-03-28 Libertados por la palabra hablada (WSS) Cayey, Puerto Rico (movil horizontal).PDF",1993-03-28,Libertados por la palabra hablada. sencillo,orden_logico,,,0.000000
ff4bd68a-15cd-4619-89a5-e1d55df95aa6,90046ff5-690d-4e4f-ab51-b767c3baaad6,"C:\Users\USUARIO\Documents\Downloads\BASE DE DATOS 1974-2018 PDFs. WSS\1993\1993-03-30 Palabras de despedida (WSS) Cayey, Puerto Rico (movil horizontal).PDF",1993-03-30,Palabras de despedida. sencillo,orden_logico,,,0.000000
3ae0b4dd-6f7e-4662-9b4b-c09fcefa0858,8f064e5c-9f4a-46b7-bdfa-ce8e19623d84,"C:\Users\USUARIO\Documents\Downloads\BASE DE DATOS 1974-2018 PDFs. WSS\1993\1993-04-02 La obra de Dios en el fin del siglo (WSS) Cayey, Puerto Rico (movil horizontal).PDF",1993-04-02,La obra de Dios en el fin del siglo. sencillo,orden_logico,,,0.000000
7e54bbfe-9e04-4c4e-ab12-c4a1b96af75b,a55e2cd5-8bf7-47db-8927-b42f5a0a4eae,"C:\Users\USUARIO\Documents\Downloads\BASE DE DATOS 1974-2018 PDFs. WSS\1993\1993-04-04 La entrada triunfal del Señor Jesucristo a Jerusalen (WSS) Cayey, Puerto Rico (movil horizontal).PDF",1993-04-04,La entrada triunfal del Señor Jesucristo a Jerusalen. sencillo,orden_logico,,,0.000000
d9cca6a2-4cea-48e0-999c-170d74dd8fc2,18168468-245e-40af-a9f3-42e26f022894,"C:\Users\USUARIO\Documents\Downloads\BASE DE DATOS 1974-2018 PDFs. WSS\1993\1993-04-04 La Entrada Triunfal (WSS) Cayey, Puerto Rico (movil).pdf",1993-04-04,La Entrada Triunfal,orden_logico,,,0.000000
57832c7b-9380-4cc3-956f-41a400a35276,d46f1328-bdf0-4ce0-b3e5-76647be1786d,"C:\Users\USUARIO\Documents\Downloads\BASE DE DATOS 1974-2018 PDFs. WSS\1993\1993-04-11 Jesus el Cristo asciende al cielo (WSS) Cayey, Puerto Rico (movil horizontal).PDF",1993-04-11,Jesus el Cristo asciende al cielo. sencillo,orden_logico,,,0.000000
d90f2807-6c58-4d4e-bf2c-d1d1e7ce9efd,97688b7c-bd08-47c6-b3ef-ef3b3d988a04,"C:\Users\USUARIO\Documents\Downloads\BASE DE DATOS 1974-2018 PDFs. WSS\1993\1993-05-16 La Restauracion del Titulo de Propiedad a la Raza Humana (WSS) Cayey, Puerto Rico (movil horizontal).PDF",1993-05-16,La Restauracion del Titulo de Propiedad a la Raza Humana. sencillo,orden_logico,,,0.000000
7ce7aa67-ab5c-49d3-9546-16acfab5a0f9,91df4ad8-e7ca-4e2c-afbd-2869c9a64490,"C:\Users\USUARIO\Documents\Downloads\BASE DE DATOS 1974-2018 PDFs. WSS\1993\1993-05-16 La Gran Proclama de Libertad (WSS) Cayey, Puerto Rico (movil horizontal).PDF",1993-05-16,La Gran Proclama de Libertad. sencillo,orden_logico,,,0.000000
9a9b2cec-abca-4f93-aedb-53cfda02e7c8,3051b7bd-05bc-495a-806a-88d8493a6eb2,"C:\Users\USUARIO\Documents\Downloads\BASE DE DATOS 1974-2018 PDFs. WSS\1993\1993-05-22 La Juventud y la Obra Misionera (WSS) Cayey, Puerto Rico (movil horizontal).PDF",1993-05-22,La Juventud y la Obra Misionera. sencillo,orden_logico,,,0.000000
c201bdef-b710-4260-8ec2-0302cf100cab,d83674f4-774c-490a-9611-d84b6ce7489b,"C:\Users\USUARIO\Documents\Downloads\BASE DE DATOS 1974-2018 PDFs. WSS\1993\1993-05-30 El exodo hacia el Reino Milenial (WSS) Cayey, Puerto Rico (movil horizontal).PDF",1993-05-30,El exodo hacia el Reino Milenial.,orden_logico,,,0.000000
c07a6e5b-3716-4a06-8e4d-82c54d2bb1df,245a38de-1df9-4c96-970e-f0e0fb817a65,"C:\Users\USUARIO\Documents\Downloads\BASE DE DATOS 1974-2018 PDFs. WSS\1993\1993-05-30 El Gran misterio del Señor Jesucristo en la Edad de la Piedra Angular (WSS) Cayey, Puerto Rico (movil horizontal).PDF",1993-05-30,El Gran misterio del Señor Jesucristo en la Edad de la Piedra Angular. sencillo,orden_logico,,,0.000000
33e8ed4a-ecd6-4839-8002-371099e8d7c5,60b52938-6d46-41a5-9db7-f461b799fd6e,"C:\Users\USUARIO\Documents\Downloads\BASE DE DATOS 1974-2018 PDFs. WSS\1993\1993-06-13 El Derecho de la primogenitura (WSS) Cayey, Puerto Rico.pdf",1993-06-13,El Derecho de la primogenitura.,orden_logico,,,0.000000
c8ddeca3-05d2-49d5-83cd-fc947b920bb0,2cc760ab-00c9-4845-aa56-b1c3289b1c97,"C:\Users\USUARIO\Documents\Downloads\BASE DE DATOS 1974-2018 PDFs. WSS\1993\1993-07-09 La Juventud del fin del siglo (WSS) Tunja, Boyacá, Colombia (movil horizontal).PDF",1993-07-09,La Juventud del fin del siglo. sencillo,orden_logico,,,0.000000
748c9a81-d916-4669-8a63-f58963226b85,3b026b4c-a984-4995-84d2-28119fd923c5,"C:\Users\USUARIO\Documents\Downloads\BASE DE DATOS 1974-2018 PDFs. WSS\1993\1993-07-11 El Verdadero Maestro (WSS) Bogotá, Colombia (movil horizontal).PDF",1993-07-11,El Verdadero Maestro.,orden_logico,,,0.000000
02b26c21-1995-469d-a3bb-823dd95736ec,d015888d-a476-49f2-bf4a-d162a3785f32,"C:\Users\USUARIO\Documents\Downloads\BASE DE DATOS 1974-2018 PDFs. WSS\1993\1993-07-11 La enseñanza del Verdadero Maestro (WSS) Bogotá, Colombia (movil horizontal).PDF",1993-07-11,La enseñanza del Verdadero Maestro. sencillo,orden_logico,,,0.000000
9affa74a-6a6d-41b9-be0f-aa177f55d574,5897d487-3901-4afa-9e66-70ece39d1b6f,"C:\Users\USUARIO\Documents\Downloads\BASE DE DATOS 1974-2018 PDFs. WSS\1993\1993-07-16 En la Cima del Monte de Sion (WSS) Cayey, Puerto Rico.pdf",1993-07-16,En la Cima del Monte de Sion.,orden_logico,,,0.000000
0e916bbc-3962-4554-a3c5-9d862c0f4f87,b2fdc3c3-1f00-4f37-83bd-55b89dcfc06f,"C:\Users\USUARIO\Documents\Downloads\BASE DE DATOS 1974-2018 PDFs. WSS\1993\1993-08-01 La edad de la manifestacion de los hijos de Dios (WSS) Cayey, Puerto Rico.pdf",1993-08-01,La edad de la manifestacion de los hijos de Dios.,orden_logico,,,0.000000
d7dd138c-8871-4184-87aa-18f502fe7104,aad999c3-9cb3-4afa-b568-a7bdbbda8114,"C:\Users\USUARIO\Documents\Downloads\BASE DE DATOS 1974-2018 PDFs. WSS\1993\1993-08-15 Las Primicias y su dia (WSS) Cayey, Puerto Rico.pdf",1993-08-15,Las Primicias y su dia.,orden_logico,,,0.000000
3f4dacba-2aca-46f7-91fb-6bb114f82fe1,a9edb67e-c6d8-4aae-ba1a-02b744948206,"C:\Users\USUARIO\Documents\Downloads\BASE DE DATOS 1974-2018 PDFs. WSS\1993\1993-08-29 La Voz de la Escritura (WSS) Monterrey, Mexico (movil horizontal).PDF",1993-08-29,La Voz de la Escritura. sencillo,orden_logico,,,0.000000
bb5f7c6a-e47b-4958-b2fc-6bfe62319199,328c5f5a-666f-4b85-a1af-906e21a13d6b,"C:\Users\USUARIO\Documents\Downloads\BASE DE DATOS 1974-2018 PDFs. WSS\1993\1993-09-12 El Señor Jesucristo el que ha de venir (WSS) Villahermosa, México.pdf",1993-09-12,El Señor Jesucristo el que ha de venir.,orden_logico,,,0.000000
70a9c158-b869-425a-bb7f-a07f7ba8e66c,f2809191-c9fa-4a73-89a6-4e249dd9235b,C:\Users\USUARIO\Documents\Downloads\BASE DE DATOS 1974-2018 PDFs. WSS\1993\1993-09-13 Dos niños bienaventurados (WSS) México.pdf,1993-09-13,Dos niños bienaventurados.,orden_logico,,,0.000000
fd98b9f1-899b-40fa-b262-2cb9c5aa7a90,4471b965-4c3a-4d93-a549-f34a13a433b9,"C:\Users\USUARIO\Documents\Downloads\BASE DE DATOS 1974-2018 PDFs. WSS\1993\1993-09-26 El mensaje final de Dios (WSS) Cayey, Puerto Rico (movil horizontal).PDF",1993-09-26,El mensaje final de Dios. sencillo,orden_logico,,,0.000000
ec239c30-fb2c-4c8f-b756-76bbbeb5c0a9,a9100ca9-424d-4023-b897-5dd25545e53d,"C:\Users\USUARIO\Documents\Downloads\BASE DE DATOS 1974-2018 PDFs. WSS\1993\1993-10-01 La Declaracion de las cosas que deben suceder (WSS) Cayey, Puerto Rico (movil horizontal).PDF",1993-10-01,La Declaracion de las cosas que deben suceder.,orden_logico,,,0.000000
fbfb7968-43b4-47ca-b18f-3bf8ea2f264f,bac39303-d1b3-4af0-87d4-ff25635d713f,"C:\Users\USUARIO\Documents\Downloads\BASE DE DATOS 1974-2018 PDFs. WSS\1993\1993-10-03 El que quedo hasta la Venida del Señor (WSS) Cayey, Puerto Rico (movil horizontal).PDF",1993-10-03,El que quedo hasta la Venida del Señor.,orden_logico,,,0.000000
0327ea05-c5bb-469b-9ee1-56abe2c05035,62df59d4-d599-416a-94a4-3a9df9b4ea33,"C:\Users\USUARIO\Documents\Downloads\BASE DE DATOS 1974-2018 PDFs. WSS\1993\1993-10-10 La Revelacion de Jesucristo para la Restauracion de toda las cosas (WSS) Bogotá, Colombia (movil horizontal).PDF",1993-10-10,La Revelacion de Jesucristo para la Restauracion de toda las cosas.,orden_logico,,,0.000000
aad7119b-fd86-4269-8eee-52b8db753a4c,86f87bac-d334-4951-89a0-c3e48e01d8af,"C:\Users\USUARIO\Documents\Downloads\BASE DE DATOS 1974-2018 PDFs. WSS\1993\1993-11-07 En el Aposento Alto en la Edad de la Piedra Angular (WSS) Bogotá, Colombia (movil).pdf",1993-11-07,En el Aposento Alto en la Edad De La Piedra Angular.,orden_logico,,,0.000000
5283a96f-6bcc-4aee-a969-20d54feab920,962db71b-fefe-449c-9da9-9b33ee2494d0,"C:\Users\USUARIO\Documents\Downloads\BASE DE DATOS 1974-2018 PDFs. WSS\1993\1993-11-21 Elias bebiendo del Arroyo (WSS) Cayey, Puerto Rico.pdf",1993-11-21,Elias bebiendo del arroyo.,orden_logico,,,0.000000
5e44f19c-bdcd-40d1-948f-2aeb99a1ea42,6a37d0a4-4ba6-4556-8660-a3bf23e77f41,"C:\Users\USUARIO\Documents\Downloads\BASE DE DATOS 1974-2018 PDFs. WSS\1993\1993-11-21 Perseverancia para todos los que han de ser salvos (WSS) Cayey, Puerto Rico.pdf",1993-11-21,Perseverancia para todos los que han de ser salvos.,orden_logico,,,0.000000
7a526395-77f4-4136-867e-b06b580b8b62,5f0f4914-ed2a-47f7-90c0-8bf9ebb8e510,"C:\Users\USUARIO\Documents\Downloads\BASE DE DATOS 1974-2018 PDFs. WSS\1993\1993-11-26 La Visita de Dios a su Pueblo (WSS) Cayey, Puerto Rico (movil horizontal).PDF",1993-11-26,La Visita de Dios a su Pueblo.,orden_logico,,,0.000000
1c43e4bd-71ec-48d4-854b-8311405e1828,16bcaceb-8a47-4fce-a467-d6d8598b44dc,"C:\Users\USUARIO\Documents\Downloads\BASE DE DATOS 1974-2018 PDFs. WSS\1993\1993-11-28 Tiempo de bendicion antes del juicio Divino (WSS) Cayey, Puerto Rico (movil horizontal).pdf",1993-11-28,Tiempo de bendicion antes del juicio Divino.,orden_logico,,,0.000000
18c9a508-bc66-4ae4-aa7c-853826ea1256,bd2328ad-a9ba-4cef-8197-f8a21a5b6a62,"C:\Users\USUARIO\Documents\Downloads\BASE DE DATOS 1974-2018 PDFs. WSS\1993\1993-11-28 El tiempo de entrar al Lugar Seguro (WSS) Cayey, Puerto Rico (movil horizontal).PDF",1993-11-28,El tiempo de entrar al Lugar Seguro.,orden_logico,,,0.000000
14e81346-0a74-4875-9ced-204c2e9d729b,51138f47-f0ac-4a0d-b6a8-b5fb51ff1879,"C:\Users\USUARIO\Documents\Downloads\BASE DE DATOS 1974-2018 PDFs. WSS\1993\1993-12-03 La predicacion del Evangelio del Reino (WSS) Cayey, Puerto Rico (movil horizontal).PDF",1993-12-03,La predicacion del Evangelio del Reino. sencillo,orden_logico,,,0.000000
30075be2-56d9-4dee-b51c-13d30e667ac2,9e72fa2b-0ee2-4e05-9e63-787a6f1fb56c,"C:\Users\USUARIO\Documents\Downloads\BASE DE DATOS 1974-2018 PDFs. WSS\1993\1993-12-12 El Tiempo de estar despiertos (WSS) Cayey, Puerto Rico (movil horizontal).PDF",1993-12-12,El Tiempo de estar despiertos. sencillo,orden_logico,,,0.000000
e449b30e-4f27-4919-9d3c-adaf41d3b6e8,2d19de60-4547-46d1-bedc-0bb2a55d2fda,"C:\Users\USUARIO\Documents\Downloads\BASE DE DATOS 1974-2018 PDFs. WSS\1993\1993-12-31 Tiempo de Pacto (WSS) Cayey, Puerto Rico (movil horizontal).PDF",1993-12-31,Tiempo de Pacto. sencillo,orden_logico,,,0.000000
a6e7fab3-5e02-4eed-9241-b42517d82481,59b91834-7a1c-4cc7-beb8-cec8756fed45,"C:\Users\USUARIO\Documents\Downloads\BASE DE DATOS 1974-2018 PDFs. WSS\1994\1994-01-21 La introduccion al Reino Milenial (WSS) Cayey, Puerto Rico (movil horizontal).PDF",1994-01-21,La introduccion al Reino Milenial. sencillo,orden_logico,,,0.000000
32b36b62-c40d-4f45-b801-88d55207b754,5625e65a-1b45-466a-88b1-949c15eb86da,"C:\Users\USUARIO\Documents\Downloads\BASE DE DATOS 1974-2018 PDFs. WSS\1994\1994-01-30 Mirando mas alla de la puesta del Sol (WSS) Cayey, Puerto Rico.pdf",1994-01-30,Mirando mas alla de la puesta del Sol.,orden_logico,,,0.000000
72c7ce54-0346-4990-a5db-e18835ee6b8b,40f71b16-3180-45f6-92da-50ff2ed92696,"C:\Users\USUARIO\Documents\Downloads\BASE DE DATOS 1974-2018 PDFs. WSS\1994\1994-01-30 Tiempo de juicio y liberacion (WSS) Cayey, Puerto Rico.pdf",1994-01-30,Tiempo de juicio y liberacion.,orden_logico,,,0.000000
1defe370-094f-4871-97fe-87cb2268fe46,05f318cd-7b57-4a45-a2d0-a186bb7290a1,"C:\Users\USUARIO\Documents\Downloads\BASE DE DATOS 1974-2018 PDFs. WSS\1994\1994-02-04 La Señal en la Casa de Dios (WSS) Cayey, Puerto Rico (movil horizontal).PDF",1994-02-04,La Señal en la Casa de Dios. sencillo,orden_logico,,,0.000000
417e7393-b815-45ad-a057-1a5944693e53,bc5d315a-5505-456b-8e17-773d4880d02f,"C:\Users\USUARIO\Documents\Downloads\BASE DE DATOS 1974-2018 PDFs. WSS\1994\1994-02-06 La Revelacion de Jesucristo en el fin del siglo (WSS) Cayey, Puerto Rico (movil horizontal).PDF",1994-02-06,La Revelacion de Jesucristo en el fin del siglo. sencillo,orden_logico,,,0.000000
9e81e11b-6240-476d-90ec-5d307bd6c046,fd2f60c3-248a-4f96-ae27-22fa2f945f24,"C:\Users\USUARIO\Documents\Downloads\BASE DE DATOS 1974-2018 PDFs. WSS\1994\1994-02-27 En pos del Angel del Pacto (WSS) Santiago de Chile, Chile.pdf",1994-02-27,En pos del Angel del Pacto.,orden_logico,,,0.000000
7d90ba48-a184-4c16-ad7e-0569ad0ec0d8,adaa26db-831a-463b-a292-936113abf9fe,"C:\Users\USUARIO\Documents\Downloads\BASE DE DATOS 1974-2018 PDFs. WSS\1994\1994-02-28 La Señal del fin del tiempo en el Cielo (WSS) Buenos Aires, Argentina (movil horizontal).PDF",1994-02-28,La Señal del fin del tiempo en el Cielo. sencillo,orden_logico,,,0.000000
5933f46c-8271-437d-8212-969329e838c3,c48c4c41-d3af-4eb3-8b97-3fdc344b1ce3,"C:\Users\USUARIO\Documents\Downloads\BASE DE DATOS 1974-2018 PDFs. WSS\1994\1994-03-01 La Dispensacion del Reino (WSS) Olavarría, Argentina.pdf",1994-03-01,La Dispensacion del Reino.,orden_logico,,,0.000000
058a5946-54fc-4468-8748-dc3afb86f2f6,6fe1a46c-bc1e-47dc-8a46-03bf14093327,"C:\Users\USUARIO\Documents\Downloads\BASE DE DATOS 1974-2018 PDFs. WSS\1994\1994-03-13 Escogiendo la buena parte (WSS) Santa Cruz, Bolivia.pdf",1994-03-13,Escogiendo la buena parte.,orden_logico,,,0.000000
59ec53a0-1f6e-43f8-a49e-02de1e10f7c6,47e96a76-5cc0-44a4-88ef-72032abfbdd1,"C:\Users\USUARIO\Documents\Downloads\BASE DE DATOS 1974-2018 PDFs. WSS\1994\1994-03-27 La Revelacion de Jesucristo de las cosas que deben suceder parte I (WSS) Bogotá, Colombia (movil horizontal).PDF",1994-03-27,La Revelacion de Jesucristo de las cosas que deben suceder parte I,orden_logico,,,0.000000
7c9605ee-e3bb-4e4b-acaa-4ad019c900d6,f7521ef9-9fa6-43f1-8868-388e03da87db,"C:\Users\USUARIO\Documents\Downloads\BASE DE DATOS 1974-2018 PDFs. WSS\1994\1994-03-27 La Revelacion de Jesucristo de las cosas que deben suceder parte II (WSS) Bogotá, Colombia (movil horizontal).PDF",1994-03-27,La Revelacion de Jesucristo de las cosas que deben suceder parte II. sencillo,orden_logico,,,0.000000
3d7a65ce-06fe-460f-a9c6-784029d73763,07758005-2855-41b6-a11f-3fa2a1b82b21,"C:\Users\USUARIO\Documents\Downloads\BASE DE DATOS 1974-2018 PDFs. WSS\1994\1994-03-27 La Revelacion de Jesucristo de las cosas que deben suceder parte lll (WSS) Bogotá, Colombia (movil horizontal).pdf",1994-03-27,La Revelacion de Jesucristo de las cosas que deben suceder parte lll.,orden_logico,,,0.000000
d3ccdaa2-fa0b-4adf-8b18-8f600cab4c7d,c24319a5-0388-4df0-9543-c98c0c995678,"C:\Users\USUARIO\Documents\Downloads\BASE DE DATOS 1974-2018 PDFs. WSS\1994\1994-03-30 Reyes y Sacerdotes (WSS) Villavicencio, Colombia.pdf",1994-03-30,Reyes y Sacerdotes.,orden_logico,,,0.000000
07231c39-4ac0-4f07-b83c-ee724a8d79f0,3a693bf7-19f5-464b-aaf2-97a9f6421763,C:\Users\USUARIO\Documents\Downloads\BASE DE DATOS 1974-2018 PDFs. WSS\1994\1994-03-31 Los Siete rayos de luz en los jovenes del futuro (WSS) Colombia.pdf,1994-03-31,Los Siete rayos de luz en los jovenes del futuro.,orden_logico,,,0.000000
4d74322d-20e9-4b16-a8a0-f7b459e23a5e,f44999b8-0e53-43cc-8332-7207e75baf93,"C:\Users\USUARIO\Documents\Downloads\BASE DE DATOS 1974-2018 PDFs. WSS\1994\1994-04-01 El Señor Jesucristo el Cordero de Dios (WSS) Villavicencio, Colombia (movil horizontal).PDF",1994-04-01,El Señor Jesucristo el Cordero de Dios. sencillo,orden_logico,,,0.000000
240292a3-b771-4de1-a9f4-f9acf3e4b52c,4d28bb1e-19c4-473e-b867-846b4c77f4e9,"C:\Users\USUARIO\Documents\Downloads\BASE DE DATOS 1974-2018 PDFs. WSS\1994\1994-04-01 El misterio de la Segunda Venida de Cristo - RM (WSS) Villavicencio, Colombia (movil).pdf",1994-04-01,RM El Misterio de la Segunda venida de Cristo.,orden_logico,,,0.000000
7a90a1fc-46c3-4fbb-92f9-c7ddfe11bc07,bae492c9-8852-44d5-9a41-efa1d392bb19,C:\Users\USUARIO\Documents\Downloads\BASE DE DATOS 1974-2018 PDFs. WSS\1994\1994-04-02 El Señor Jesucristo en la Sepultura (WSS) Colombia (MOVIL).pdf,1994-04-02,El Señor Jesucristo en la Sepultura. sencillo,orden_logico,,,0.000000
23dc7cdc-332a-497a-bcab-e03e330a3082,0e137888-07e0-4101-a12f-793951f13404,"C:\Users\USUARIO\Documents\Downloads\BASE DE DATOS 1974-2018 PDFs. WSS\1994\1994-04-03 Cristo censura la incredulidad (WSS) Villavicencio, Colombia (movil horizontal).PDF",1994-04-03,Cristo censura la incredulidad. sencillo,orden_logico,,,0.000000
7864e585-bfad-4825-8347-385e54532ba6,feb4e8f2-59a3-400d-8cd9-d1142c8f16ff,"C:\Users\USUARIO\Documents\Downloads\BASE DE DATOS 1974-2018 PDFs. WSS\1994\1994-04-04 La Revelacion de Jesucristo en el fin del tiempo (WSS) Villavicencio, Colombia (movil horizontal).PDF",1994-04-04,La Revelacion de Jesucristo en el fin del tiempo. sencillo,orden_logico,,,0.000000
4c160921-2204-4fa7-a0e0-1ecd8173f0bc,267d97fe-9b32-4875-b22a-f2e590ba85fb,"C:\Users\USUARIO\Documents\Downloads\BASE DE DATOS 1974-2018 PDFs. WSS\1994\1994-04-22 Fe en Cristo como el Leon de la Tribu de Judá (WSS) Cayey,  Puerto Rico.pdf",1994-04-22,Fe en Cristo como el Leon de la Tribu de Judá.,orden_logico,,,0.000000
a3234bcd-6966-47fc-8e10-07e33932f3ba,88ea61fb-fcc5-494c-87fc-18f43ebb3fa4,"C:\Users\USUARIO\Documents\Downloads\BASE DE DATOS 1974-2018 PDFs. WSS\1994\1994-05-01 Una Nueva Generacion (WSS) Cayey, Puerto Rico (movil horizontal).pdf",1994-05-01,Una Nueva Generacion.,orden_logico,,,0.000000
9d8a540a-2420-409e-9e43-31faef68e0ba,f8a9d87b-35d3-45d8-a872-369a858d84a7,"C:\Users\USUARIO\Documents\Downloads\BASE DE DATOS 1974-2018 PDFs. WSS\1994\1994-05-01 Dios en simplicidad en la nueva Generacion (WSS) Cayey, Puerto Rico (movil horizontal).PDF",1994-05-01,Dios en simplicidad en la nueva Generacion. sencillo,orden_logico,,,0.000000
581d9456-2f94-4c15-a9b9-27b1ffc49e8e,c515e180-f37d-4668-a66d-4090b3136fed,"C:\Users\USUARIO\Documents\Downloads\BASE DE DATOS 1974-2018 PDFs. WSS\1994\1994-05-15 El ministerio del Septimo Sello (WSS) Monterrey, México.pdf",1994-05-15,El ministerio del Septimo Sello.,orden_logico,,,0.000000
3138b7f4-e234-4022-8c7a-9ef7549deb66,43b213c1-5eba-423c-9842-eb2adc9bbb45,"C:\Users\USUARIO\Documents\Downloads\BASE DE DATOS 1974-2018 PDFs. WSS\1994\1994-05-26 Palabras de Saludo a Hombres y Mujeres de negocios (WSS) Veracruz, Mexico.pdf",1994-05-26,Palabras de Saludo a Hombres y Mujeres de negocios.,orden_logico,,,0.000000
fcd48bf9-8b73-454a-848d-873162c5f1bb,c5e7ec06-62ae-4650-80d8-66776cb3ed6b,C:\Users\USUARIO\Documents\Downloads\BASE DE DATOS 1974-2018 PDFs. WSS\1994\1994-06-05 El Brazo de Dios Revelado (WSS) Mexico.PDF,1994-06-05,El Brazo de Dios Revelado. sencillo,orden_logico,,,0.000000
e6133618-e3b5-44c0-9e12-afbf2c8223b7,270426d2-4e33-41b5-b0d4-89d2a82951e3,C:\Users\USUARIO\Documents\Downloads\BASE DE DATOS 1974-2018 PDFs. WSS\1994\1994-06-12 Los Herederos de las promesas Divinas (WSS) Mexico.pdf,1994-06-12,Los Herederos de las promesas Divinas.,orden_logico,,,0.000000
1e44630c-15fc-4b2b-b43e-3c8f3067930b,d1c7b9ab-2a9f-47a3-9dd3-4302e0a631dc,"C:\Users\USUARIO\Documents\Downloads\BASE DE DATOS 1974-2018 PDFs. WSS\1994\1994-06-19 El dia del padre de familia (WSS) Cayey, Puerto Rico.pdf",1994-06-19,El Dia del Padre de Familia.,orden_logico,,,0.000000
38fb3c73-cce1-462d-96f1-1ebe21e21597,d51b382c-eef4-4d78-8813-3bc8f5d5821e,"C:\Users\USUARIO\Documents\Downloads\BASE DE DATOS 1974-2018 PDFs. WSS\1994\1994-07-10 Dios confirmando a su Iglesia su Ultima Promesa (WSS) Cayey, Puerto Rico (movil horizontal).PDF",1994-07-10,Dios confirmando a su Iglesia su Ultima Promesa.,orden_logico,,,0.000000
4c312062-9ad0-461c-9aeb-48733c670004,5c424c8b-33bb-44e4-8da3-3ec67e76f5fd,C:\Users\USUARIO\Documents\Downloads\BASE DE DATOS 1974-2018 PDFs. WSS\1994\1994-07-17 Pan para dos dias (WSS) Mexico (movil horizontal).PDF,1994-07-17,Pan para dos dias. sencillo,orden_logico,,,0.000000
489e9647-7e7d-4cb4-a678-2a5305541eb9,a15b6eba-8aca-478c-9b83-1d2584459700,C:\Users\USUARIO\Documents\Downloads\BASE DE DATOS 1974-2018 PDFs. WSS\1994\1994-07-17 La adopcion de los hijos de Dios (WSS) México (movil).pdf,1994-07-17,La Adopcion de los hijos de Dios,orden_logico,,,0.000000
96dcffeb-6f7c-4038-87d2-71b4c8fdae03,ba98207b-79ee-4f4c-94de-641c97e4bb74,"C:\Users\USUARIO\Documents\Downloads\BASE DE DATOS 1974-2018 PDFs. WSS\1994\1994-07-29 La buena tierra (WSS) Xalapa, Mexico.pdf",1994-07-29,La buena tierra.,orden_logico,,,0.000000
1d6bae93-9e2a-4186-ae60-3d90a85f8d10,c5da55f2-bfd8-4871-b8b2-e316c2eaa55e,C:\Users\USUARIO\Documents\Downloads\BASE DE DATOS 1974-2018 PDFs. WSS\1994\1994-08-10 El Sol naciente para los hijos de Dios (WSS) Mexico.pdf,1994-08-10,El Sol naciente para los hijos de Dios.,orden_logico,,,0.000000
15dcbef9-b076-431f-898b-bb7bf983855e,598c1f62-3402-4682-9451-ad19a4012c24,"C:\Users\USUARIO\Documents\Downloads\BASE DE DATOS 1974-2018 PDFs. WSS\1994\1994-08-21 El Dia del Señor (WSS) Cayey, Puerto Rico (movil horizontal).PDF",1994-08-21,El Dia del Señor.,orden_logico,,,0.000000
c9a5648e-3066-4925-ad10-cd47322f8ded,b1bb45e4-e184-4a08-9254-deb74782d18a,"C:\Users\USUARIO\Documents\Downloads\BASE DE DATOS 1974-2018 PDFs. WSS\1994\1994-08-21 En Su Presencia (WSS) Cayey, Puerto Rico.pdf",1994-08-21,En Su Presencia.,orden_logico,,,0.000000
fc3c7d52-6b2a-4eaf-ae83-d80de230042e,29af1b4c-37a5-4293-b28e-7757d72511e7,"C:\Users\USUARIO\Documents\Downloads\BASE DE DATOS 1974-2018 PDFs. WSS\1994\1994-08-28 El Dia de la Adopcion (WSS) Bogotá, Colombia (movil horizontal).PDF",1994-08-28,El Dia de la Adopcion.,orden_logico,,,0.000000
5e1223ff-5fb3-4aba-9810-6680e1f1b940,eea6cd4a-c23c-40c3-8367-1dbbedc88f88,"C:\Users\USUARIO\Documents\Downloads\BASE DE DATOS 1974-2018 PDFs. WSS\1994\1994-08-28 La Bendicion Patriarcal (WSS) Bogotá, Colombia.pdf",1994-08-28,La Bendicion Patriarcal.,orden_logico,,,0.000000
685b5ec3-9d96-4661-970e-14a89a37b819,c42b2601-da9e-4c35-a954-b39e239f88a1,"C:\Users\USUARIO\Documents\Downloads\BASE DE DATOS 1974-2018 PDFs. WSS\1994\1994-09-06 Dios concede las peticiones del corazon (WSS) Santiago de Chile, Chile (movil).pdf",1994-09-06,Dios concede las peticiones del corazon.,inicio,,,0.000000
e061a14d-b96c-4b85-ba9b-06fa416d19ef,aec2f5f6-e470-4e22-94d3-93d071211f4e,"C:\Users\USUARIO\Documents\Downloads\BASE DE DATOS 1974-2018 PDFs. WSS\1994\1994-09-06 Saludo, Dios concede las peticiones del Corazon (WSS) Santiago de Chile, Chile.pdf",1994-09-06,Saludo Dios concede las peticiones del Corazon.,orden_logico,,,0.000000
306531d6-5972-47c3-93d2-1bf96cdc9ba2,fb4a1ede-ea06-47bc-a530-5a0c7fa96598,C:\Users\USUARIO\Documents\Downloads\BASE DE DATOS 1974-2018 PDFs. WSS\1994\1994-09-15 Dios el creador (WSS) Argentina (movil).PDF,1994-09-15,Dios el Creador.,orden_logico,,,0.000000
cb4acc1e-b230-4ac2-b174-25da71bf0af5,88d44edc-7618-4f29-92f4-507e884c17d1,"C:\Users\USUARIO\Documents\Downloads\BASE DE DATOS 1974-2018 PDFs. WSS\1994\1994-09-18 El tiempo de la cosecha (WSS) Córdoba, Argentina.pdf",1994-09-18,El tiempo de la cosecha.,orden_logico,,,0.000000
0a9b03e0-ba1f-4808-8dfd-7315c1396744,ca984902-a755-41dd-9981-74bb6c81498f,"C:\Users\USUARIO\Documents\Downloads\BASE DE DATOS 1974-2018 PDFs. WSS\1994\1994-09-18 La Luz en el oeste (WSS) Córdoba, Argentina.pdf",1994-09-18,La Luz en el oeste.,orden_logico,,,0.000000
0bfb9f29-3c51-49e8-bdfd-abf29f45e35c,f83bf08e-94d1-4079-a8e6-3efc71b28c39,"C:\Users\USUARIO\Documents\Downloads\BASE DE DATOS 1974-2018 PDFs. WSS\1994\1994-09-25 Parados en el Monte de Dios (WSS) Cayey, Puerto Rico.pdf",1994-09-25,Parados en el Monte de Dios.,orden_logico,,,0.000000
e326e70b-7aab-4698-a3aa-991f1846c7ac,648380e1-9217-43f0-9ef5-99fc857365b8,C:\Users\USUARIO\Documents\Downloads\BASE DE DATOS 1974-2018 PDFs. WSS\1994\1994-10-13 La Recompensa de Profeta (WSS) Guatemala.pdf,1994-10-13,La Recompensa de Profeta.,orden_logico,,,0.000000
e6f359cd-3eae-4682-bed5-29aeb66f7b7d,c7548c10-b560-4908-8f37-42e8c3ea907a,"C:\Users\USUARIO\Documents\Downloads\BASE DE DATOS 1974-2018 PDFs. WSS\1994\1994-10-16 Uno mayor que Salomon el hijo de David (WSS) San Lucas, Guatemala (movil horizontal).PDF",1994-10-16,Uno mayor que Salomon el hijo de David.,orden_logico,,,0.000000
28213d2e-712d-4f7c-94eb-b2149004c793,6fbe4348-715e-47ae-9951-c7b3d139d0dd,"C:\Users\USUARIO\Documents\Downloads\BASE DE DATOS 1974-2018 PDFs. WSS\1994\1994-10-23 El trono del Señor Jesucristo (WSS) Cayey, Puerto Rico (movil).PDF",1994-10-23,El Trono del Señor Jesucristo,orden_logico,,,0.000000
b2ed6916-18be-43b7-94eb-09e32329212f,1b180f7d-67b3-4c42-bffa-60ba9f57ada3,"C:\Users\USUARIO\Documents\Downloads\BASE DE DATOS 1974-2018 PDFs. WSS\1994\1994-10-30 La nueva Jerusalen (WSS) Santa Cruz, Bolivia (movil).pdf",1994-10-30,La nueva Jerusalen,orden_logico,,,0.000000
fc6932ec-7fa0-4bec-ba52-5cf7e7b445e3,8258e260-dd8a-4068-aa20-9f1167976ed1,C:\Users\USUARIO\Documents\Downloads\BASE DE DATOS 1974-2018 PDFs. WSS\1994\1994-11-01 El Tiempo de Redencion (WSS) Paraguay (movil horizontal).PDF,1994-11-01,El Tiempo de Redencion.,orden_logico,,,0.000000
b1ed1ae3-0d47-4d5c-9361-927abc36f2fd,2c455f4f-7c94-4afe-a7f8-6fb226aa80fc,"C:\Users\USUARIO\Documents\Downloads\BASE DE DATOS 1974-2018 PDFs. WSS\1994\1994-11-02 El gran evento del fin del Siglo (WSS) Posada, Misiones, Argentina.pdf",1994-11-02,El gran evento del fin del Siglo.,orden_logico,,,0.000000
576bd089-f24a-4340-8593-c76f31eb6899,d700fd4a-ec1e-498a-bd08-0d96799d0478,C:\Users\USUARIO\Documents\Downloads\BASE DE DATOS 1974-2018 PDFs. WSS\1994\1994-11-03 El sol y la luna marcando el tiempo (WSS) Paraguay (movil).pdf,1994-11-03,El Sol y la Luna marcando el tiempo.,orden_logico,,,0.000000
23e9ac09-2fa5-42f1-aefc-c1a36e47d7ea,d700fd4a-ec1e-498a-bd08-0d96799d0478,"C:\Users\USUARIO\Documents\Downloads\BASE DE DATOS 1974-2018 PDFs. WSS\1994\1994-11-03 El Sol y la Luna marcando el tiempo (WSS) Encarnación, Paraguay (movil horizontal).PDF",1994-11-03,El Sol y la Luna marcando el tiempo.,orden_logico,,,0.000000
6f043434-4e16-4dd5-95d0-89f9dfc6ad6c,cf0a316a-f270-417d-84be-95e60a449f40,"C:\Users\USUARIO\Documents\Downloads\BASE DE DATOS 1974-2018 PDFs. WSS\1994\1994-11-05 Apertura del Encuentro Juvenil, Solo creed (WSS) Caacupe, Paraguay.PDF",1994-11-05,Apertura del encuentro Juvenil Solo creed.,orden_logico,,,0.000000
e770482a-4b43-49c9-a974-b8c80cb6703b,1d6a3e87-e899-4e15-a85c-b061d7d78cf2,C:\Users\USUARIO\Documents\Downloads\BASE DE DATOS 1974-2018 PDFs. WSS\1994\1994-11-09 El alimento en la casa de Dios (WSS) Brasil.pdf,1994-11-09,El alimento en la Casa de Dios.,orden_logico,,,0.000000
6e1a2894-c62c-4624-8df0-c432722a4794,c16c644b-2ad9-40a7-adfa-cf559ee92f83,"C:\Users\USUARIO\Documents\Downloads\BASE DE DATOS 1974-2018 PDFs. WSS\1994\1994-12-09 El Señor Jesucristo en la cuarta vigilia (WSS) Bogotá, Colombia (movil).pdf",1994-12-09,El Señor Jesucristo en la cuarta vigilia.,orden_logico,,,0.000000
e79394db-8246-49f6-b9ff-5903dce8ad20,f72a29a8-674e-4563-92d2-d67bcad65d02,"C:\Users\USUARIO\Documents\Downloads\BASE DE DATOS 1974-2018 PDFs. WSS\1994\1994-12-13 Los que escaparan de la gran tribulacion (WSS) Fusagasugá, Colombia.pdf",1994-12-13,Los que escaparan de la gran tribulacion.,orden_logico,,,0.000000
06aee8dc-ba16-451a-a220-06549cbbe2b7,dfba978f-60cc-487d-b807-285ac7526bee,"C:\Users\USUARIO\Documents\Downloads\BASE DE DATOS 1974-2018 PDFs. WSS\1994\1994-12-16 El tiempo de la Revelacion de Jesucristo (WSS) Bogotá, Colombia.pdf",1994-12-16,El tiempo de la Revelacion de Jesucristo.,orden_logico,,,0.000000
7776fe92-ac0a-485c-94e4-1b958151388e,d82746c1-91e8-447b-a36e-421146226458,"C:\Users\USUARIO\Documents\Downloads\BASE DE DATOS 1974-2018 PDFs. WSS\1994\1994-12-23 El Tiempo para ser cumplidas las Profecias (WSS) Cayey, Puerto Rico.pdf",1994-12-23,El Tiempo para ser cumplidas las Profecias.,orden_logico,,,0.000000
c8805c4a-2d64-4f37-ae06-90ecc874af50,5554b9c3-76b5-459b-965d-25a0fdc990c2,"C:\Users\USUARIO\Documents\Downloads\BASE DE DATOS 1974-2018 PDFs. WSS\1994\1994-12-25 Cuando el mundo vio a Dios en Carne (WSS) Cayey, Puerto Rico (movil horizontal).PDF",1994-12-25,Cuando el mundo vio a Dios en Carne.,orden_logico,,,0.000000
1d0f871d-f892-44e5-8c90-71ba7c96fde1,fbdea190-22c3-48df-8568-46c9acdfb3b9,C:\Users\USUARIO\Documents\Downloads\BASE DE DATOS 1974-2018 PDFs. WSS\1995\1995-01-13 El Señor Jesucristo revelado de este a oeste (WSS) México (movil horizontal).PDF,1995-01-13,El Señor Jesucristo revelado de este a oeste. sencillo,orden_logico,,,0.000000
d17d3851-9d7c-44d9-b64b-fbc753998db7,8267010a-6b1d-4b28-95d1-9c04ab8f02da,"C:\Users\USUARIO\Documents\Downloads\BASE DE DATOS 1974-2018 PDFs. WSS\1995\1995-01-20 El hijo Primogento de Dios Glorificado (WSS) Torreón, México.pdf",1995-01-20,El hijo Primogento de Dios Glorificado.,orden_logico,,,0.000000
78006bf5-ce4b-468e-9e64-f1c2d8a8f71b,0de1ee3f-66af-45c4-900f-d05c3ee26b4c,"C:\Users\USUARIO\Documents\Downloads\BASE DE DATOS 1974-2018 PDFs. WSS\1995\1995-01-23 El Ministerio del fin del siglo (WSS) San Luis Potosí, México.pdf",1995-01-23,El Ministerio del fin del siglo.,orden_logico,,,0.000000
771fc24d-fd16-49ad-bd07-1e3e06ac4fd6,9d28bbff-0197-4d0b-a191-d5760c3cf29d,"C:\Users\USUARIO\Documents\Downloads\BASE DE DATOS 1974-2018 PDFs. WSS\1995\1995-01-27 Nuestra mirada en la Tierra Prometida (WSS) Cayey, Puerto Rico (movil horizontal).PDF",1995-01-27,Nuestra mirada en la Tierra Prometida. sencillo,orden_logico,,,0.000000
4836774d-91e6-4149-a2cb-1b0389b44bba,5357f4d6-7212-495e-b98a-d8445b973bfa,"C:\Users\USUARIO\Documents\Downloads\BASE DE DATOS 1974-2018 PDFs. WSS\1995\1995-01-29 El Gran Misterio del este y del oeste (WSS) Cayey, Puerto Rico (movil horizontal).PDF",1995-01-29,El Gran Misterio del este y del oeste. sencillo,orden_logico,,,0.000000
64267edf-9a89-4ac7-b780-87a5f148ecf1,45f7435a-5099-4942-8562-0c92885c9d6f,"C:\Users\USUARIO\Documents\Downloads\BASE DE DATOS 1974-2018 PDFs. WSS\1995\1995-03-01 La Voz de la Escritura (WSS) Olavarría, Argentina (movil horizontal).PDF",1995-03-01,La Voz de la Escritura. sencillo,orden_logico,,,0.000000
76d23c05-20c4-488e-815a-e526241e965a,4dea4264-f486-405e-b221-a3e6f84e8673,"C:\Users\USUARIO\Documents\Downloads\BASE DE DATOS 1974-2018 PDFs. WSS\1995\1995-03-01 La Señal del Hijo del Hombre en la Nueva Dispensacion (WSS) Olavarría, Argentina (movil horizontal).PDF",1995-03-01,La Señal del Hijo del Hombre en la Nueva Dispensacion. sencillo,orden_logico,,,0.000000
cb9777b0-73f3-447a-9cc6-c50ad4a2b588,de22fa6f-84ec-42bc-9976-e22ea117a75a,"C:\Users\USUARIO\Documents\Downloads\BASE DE DATOS 1974-2018 PDFs. WSS\1995\1995-04-23 Conociendo la Mente del Señor (WSS) Bogotá, Colombia.pdf",1995-04-23,Conociendo la Mente del Señor.,orden_logico,,,0.000000
746fb28f-c9ae-4e10-bb73-463987b907e5,16e80d80-572b-4bb7-9287-89fc424e7569,"C:\Users\USUARIO\Documents\Downloads\BASE DE DATOS 1974-2018 PDFs. WSS\1995\1995-06-09 El tiempo de comer el Libro de los Siete Sellos (WSS) Cayey, Puerto Rico (movil horizontal).PDF",1995-06-09,El tiempo de comer el Libro de los Siete Sellos. sencillo,orden_logico,,,0.000000
efd1bac8-b90f-4114-8075-3e30ad5ff22c,69062afd-524f-4d56-b8fb-8c93efccce37,"C:\Users\USUARIO\Documents\Downloads\BASE DE DATOS 1974-2018 PDFs. WSS\1995\1995-06-11 La Venida del reino de Dios con Poder (WSS) Cayey, Puerto Rico (movil horizontal).PDF",1995-06-11,La Venida del reino de Dios con Poder.,orden_logico,,,0.000000
fac8f4c7-464c-4431-87c7-f043684b8a5d,260a4626-07c2-4179-9adf-e22af910ce03,"C:\Users\USUARIO\Documents\Downloads\BASE DE DATOS 1974-2018 PDFs. WSS\1995\1995-06-18 La Revelación del Libro de los Siete Sellos (WSS) Cayey, Puerto Rico.pdf",1995-06-18,La Revelación del Libro de los Siete Sellos.,orden_logico,,,0.000000
7bccfe0b-06ea-4238-a253-54b9558ba8d7,4a2096e1-74d0-4f98-b96a-290ad01e411f,"C:\Users\USUARIO\Documents\Downloads\BASE DE DATOS 1974-2018 PDFs. WSS\1995\1995-07-15 El misterio de la Edad de la Piedra Angular - RM (WSS) Bogotá, Colombia.pdf",1995-07-15,RM El misterio de la Edad de la Piedra Angular.,orden_logico,,,0.000000
96c82d6a-d25e-45a3-80b5-beae97942754,4a2096e1-74d0-4f98-b96a-290ad01e411f,C:\Users\USUARIO\Documents\Downloads\BASE DE DATOS 1974-2018 PDFs. WSS\1995\1995-07-15 RM El misterio de la Edad de la Piedra Angular - Booklet.pdf,1995-07-15,RM El misterio de la Edad de la Piedra Angular.,orden_logico,,,0.000000
b5442008-95c3-4ef0-89ed-b662c20f704a,7b75908a-7ae2-4e23-80c2-c43948b3c18d,"C:\Users\USUARIO\Documents\Downloads\BASE DE DATOS 1974-2018 PDFs. WSS\1995\1995-08-01 El Alimento en la casa de Dios (WSS) Valledupar, Colombia.pdf",1995-08-01,El Alimento en la casa de Dios.,orden_logico,,,0.000000
700971a1-da28-422a-8eac-4434d3f1483f,3ba29dfe-8dca-4724-9d22-1922b5f3bcbf,"C:\Users\USUARIO\Documents\Downloads\BASE DE DATOS 1974-2018 PDFs. WSS\1995\1995-08-06 David, el Rey de Israel el octavo hijo de Isai (WSS) Medellín, Colombia.pdf",1995-08-06,David el Rey de Israel el octavo hijo de Isai.,orden_logico,,,0.000000
cbe2598e-374b-4735-819b-0a634c40820f,251143e1-305b-4210-b0db-1ed25d01e57e,"C:\Users\USUARIO\Documents\Downloads\BASE DE DATOS 1974-2018 PDFs. WSS\1995\1995-08-06 Uno mayor que Salomon (WSS) Medellín, Colombia.pdf",1995-08-06,Uno mayor que Salomon.,orden_logico,,,0.000000
00f519ed-8994-457f-ad22-b220373e6fca,625ec732-c6f2-49bc-9795-eadd17af8880,"C:\Users\USUARIO\Documents\Downloads\BASE DE DATOS 1974-2018 PDFs. WSS\1995\1995-08-13 El Rey conforme al corazón de Dios (WSS) Cayey, Puerto Rico (movil horizontal).pdf",1995-08-13,El Rey conforme al corazón de Dios.,orden_logico,,,0.000000
b5488b8c-e51b-4db9-ab66-a761ac412bc5,3f5d138a-4a83-404a-84fa-0d8782a6d816,"C:\Users\USUARIO\Documents\Downloads\BASE DE DATOS 1974-2018 PDFs. WSS\1995\1995-09-13 La venida de Cristo en el día postrero y las obras que hará (WSS) Cayey, Puerto Rico (movil horizontal).pdf",1995-09-13,La venida de Cristo en el día postrero y las obras que hará,orden_logico,,,0.000000
05dee16b-667a-4974-b62b-7ceebb585565,e697a216-8c04-48a3-bfec-47e4492aa797,"C:\Users\USUARIO\Documents\Downloads\BASE DE DATOS 1974-2018 PDFs. WSS\1995\1995-09-24 La Gran Voz de Trompeta en el Dia del Señor (WSS) Bogotá, Colombia (movil horizontal).PDF",1995-09-24,La Gran Voz de Trompeta en el Dia del Señor.,orden_logico,,,0.000000
05e081d5-e1bb-4f13-aa42-2be5df6757df,f3a73396-28fc-4ac0-b176-2bd3115070c4,"C:\Users\USUARIO\Documents\Downloads\BASE DE DATOS 1974-2018 PDFs. WSS\1995\1995-11-17 La Voz de Dios en el Monte Santo (WSS) Carapicuina, Brasil (movil horizontal).PDF",1995-11-17,La Voz de Dios en el Monte Santo.,orden_logico,,,0.000000
42bae4eb-d686-4730-8cb4-245457f2a4d1,fb75969c-9638-42df-bfa9-8c4a2227f5bd,"C:\Users\USUARIO\Documents\Downloads\BASE DE DATOS 1974-2018 PDFs. WSS\1995\1995-11-18 El tiempo de redencion (WSS) Jacarei, Brasil (movil horizontal).PDF",1995-11-18,El tiempo de redencion.,orden_logico,,,0.000000
ef4c4a8c-5ad0-4a29-a14b-e8c5974e0f87,9424f217-bba0-4035-b668-f4ef203e59ed,"C:\Users\USUARIO\Documents\Downloads\BASE DE DATOS 1974-2018 PDFs. WSS\1995\1995-11-19 El Tiempo de la consolación de Israel (WSS) San José de los Campos, Brasil (movil horizontal).PDF",1995-11-19,El Tiempo de la consolación de Israel. sencillo,orden_logico,,,0.000000
3ef0a57d-ef62-4f1e-ad06-32b27fa83e8d,c541ded4-e9f7-40e6-948e-f4f4244eff77,"C:\Users\USUARIO\Documents\Downloads\BASE DE DATOS 1974-2018 PDFs. WSS\1995\1995-12-22 Nacidos para Vivir eternamente (WSS) Cayey, Puerto Rico (movil horizontal).pdf",1995-12-22,Nacidos para vivir Eternamente.,orden_logico,,,0.000000
86aab542-4321-4f72-89f7-956746c124b2,c541ded4-e9f7-40e6-948e-f4f4244eff77,"C:\Users\USUARIO\Documents\Downloads\BASE DE DATOS 1974-2018 PDFs. WSS\1995\1995-12-22 Nacidos para Vivir eternamente (WSS) Cayey, Puerto Rico.pdf",1995-12-22,Nacidos para vivir Eternamente.,orden_logico,,,0.000000
ecdc5323-3edb-4981-b3c3-8f0c915791ad,636bd190-604c-4392-b59d-c70e91201a6c,"C:\Users\USUARIO\Documents\Downloads\BASE DE DATOS 1974-2018 PDFs. WSS\1995\1995-12-24 Ha nacido el Rey de los Judios en la Casa de David (WSS) Cayey, Puerto Rico (movil horizontal).PDF",1995-12-24,Ha nacido el Rey de los Judios en la Casa de David.,orden_logico,,,0.000000
ea71682b-f463-4da3-a40c-ff27f5a96824,c9d8ad75-c804-4b1a-862c-ff41e78c35b9,"C:\Users\USUARIO\Documents\Downloads\BASE DE DATOS 1974-2018 PDFs. WSS\1995\1995-12-24 El Rey Siervo (WSS) Cayey, Puerto Rico (movil horizontal).PDF",1995-12-24,El Rey Siervo.,orden_logico,,,0.000000
41a20c94-83ed-42e8-baef-8d9abd7502ee,fc38758d-c6a2-4137-b210-fc9a350f580d,"C:\Users\USUARIO\Documents\Downloads\BASE DE DATOS 1974-2018 PDFs. WSS\1995\1995-12-29 La revelación de Jesucristo del día postrero (WSS) Cayey, Puerto Rico.pdf",1995-12-29,La revelación de Jesucristo del día postrero.,orden_logico,,,0.000000
84bd050a-6d5b-48dc-925d-549e8aec82af,fc38758d-c6a2-4137-b210-fc9a350f580d,"C:\Users\USUARIO\Documents\Downloads\BASE DE DATOS 1974-2018 PDFs. WSS\1995\1995-12-29 La revelación de Jesucristo del día postrero (WSS) Cayey, Puerto Rico (movil horizontal).pdf",1995-12-29,La revelación de Jesucristo del día postrero.,orden_logico,,,0.000000
85e064c6-b2de-484d-8b8e-98dbb1e1da79,579a724f-6c71-4639-822f-5e8945df0bec,"C:\Users\USUARIO\Documents\Downloads\BASE DE DATOS 1974-2018 PDFs. WSS\1996\1996-01-05 El que discierne el tiempo del juicio (WSS) Cayey, Puerto Rico (movil horizontal).pdf",1996-01-05,El que discierne el tiempo del juicio,orden_logico,,,0.000000
6ea6c065-d979-4a5d-8196-9546d301735c,d4f80212-f9b8-4f1a-a64f-6fe2ad44f078,"C:\Users\USUARIO\Documents\Downloads\BASE DE DATOS 1974-2018 PDFs. WSS\1996\1996-02-01 El fin del mundo (WSS) Bogotá, Colombia (movil horizontal).PDF",1996-02-01,El fin del mundo,orden_logico,,,0.000000
e49d4878-8bd2-4956-bf6f-92f4df218d1a,2143a7d3-8112-49ab-95a0-aac40fd115e6,"C:\Users\USUARIO\Documents\Downloads\BASE DE DATOS 1974-2018 PDFs. WSS\1996\1996-02-09 La Venida del Reino de Dios con poder (WSS) Quito, Ecuador.pdf",1996-02-09,La Venida del Reino de Dios con poder.,orden_logico,,,0.000000
265ee97e-acdd-4c29-aab8-55e5e0646d69,5ddbe9b6-c223-4c12-b5c3-5ee61e4dff17,"C:\Users\USUARIO\Documents\Downloads\BASE DE DATOS 1974-2018 PDFs. WSS\1996\1996-02-23 Los Jovenes en la Edad del Amor Divino sexto encuentro juvenil (WSS) Santiago de Chile, Chile (movil horizontal).pdf",1996-02-23,Los Jovenes en la Edad del Amor Divino sexto encuentro juvenil,orden_logico,,,0.000000
cdfa2004-e71d-4dff-baa4-44d3d31bea9c,c639d001-bada-44dc-b62d-4f8ee5fefad5,"C:\Users\USUARIO\Documents\Downloads\BASE DE DATOS 1974-2018 PDFs. WSS\1996\1996-02-24 Buscando a los escogidos de Dios en el dia postrero (WSS) Santiago de Chile, Chile (movil horizontal).PDF",1996-02-24,Buscando a los escogidos de Dios en el dia postrero,orden_logico,,,0.000000
fae42c53-fa93-4be2-9983-b2022ffe548d,29674670-801e-477d-8f96-13852afb44b8,"C:\Users\USUARIO\Documents\Downloads\BASE DE DATOS 1974-2018 PDFs. WSS\1996\1996-02-26 Lo que otros desearon ver y oír (WSS) Santiago de Chile, Chile (movil horizontal).PDF",1996-02-26,Lo que otros desearon ver y oír,orden_logico,,,0.000000
ac86cc0b-342a-4d59-92fc-e1f632558acc,283d4155-6117-4ca0-945a-b214225d06a9,"C:\Users\USUARIO\Documents\Downloads\BASE DE DATOS 1974-2018 PDFs. WSS\1996\1996-02-27 El que Revela los pensamientos de Dios (WSS) Valparaiso, Chile (movil horizontal).pdf",1996-02-27,El que Revela los pensamientos de Dios,orden_logico,,,0.000000
23d033c1-8e2a-4880-bbf5-986aa3d6b147,6f804825-ba15-4b98-af7c-0ddd211a5f4b,"C:\Users\USUARIO\Documents\Downloads\BASE DE DATOS 1974-2018 PDFs. WSS\1996\1996-02-28 El misterio del Septimo Sello (WSS) Santiago de Chile, Chile.pdf",1996-02-28,El misterio del Septimo Sello.,orden_logico,,,0.000000
58346dfd-1740-4a55-9455-7016093c163c,6f804825-ba15-4b98-af7c-0ddd211a5f4b,"C:\Users\USUARIO\Documents\Downloads\BASE DE DATOS 1974-2018 PDFs. WSS\1996\1996-02-28 El Misterio del Septimo Sello (WSS) Santiago de Chile, Chile (movil horizontal).pdf",1996-02-28,El misterio del Septimo Sello.,orden_logico,,,0.000000
d081ff1f-dc3e-4b10-b18d-5744ee1ecb66,52fb185c-7b3b-4dc7-bb9f-272223c84dfc,"C:\Users\USUARIO\Documents\Downloads\BASE DE DATOS 1974-2018 PDFs. WSS\1996\1996-02-29 Pastoreados por el Principe de los Pastores (WSS) Lo Prado, Chile.pdf",1996-02-29,Pastoreados por el Principe de los Pastores.,orden_logico,,,0.000000
ecde3cb3-ca28-4b0d-bbc9-1c42b6bf1da6,580892d0-af9d-4b09-9b84-8006962813c4,"C:\Users\USUARIO\Documents\Downloads\BASE DE DATOS 1974-2018 PDFs. WSS\1996\1996-03-05 El Recogimiento de los escogidos en el Dia Postrero (WSS) Caaguazú, Paraguay (movil).pdf",1996-03-05,El recogimiento de los escogidos en el dia postrero.,orden_logico,,,0.000000
78aaae9d-a032-4945-8b65-5994678cc1bd,32837e37-87ef-41f9-9207-0af3a932d424,"C:\Users\USUARIO\Documents\Downloads\BASE DE DATOS 1974-2018 PDFs. WSS\1996\1996-03-28 La venida del Señor a Su casa (WSS) San José de los Campos, Brasil.pdf",1996-03-28,La venida del Señor a Su casa.,orden_logico,,,0.000000
5a833ac7-2026-4d5c-b59b-4b0cf11315c7,c9e2b5cd-7c7e-482d-836d-dbff60349c17,"C:\Users\USUARIO\Documents\Downloads\BASE DE DATOS 1974-2018 PDFs. WSS\1996\1996-04-18 El dia del Señor Jesucristo (WSS) Chinandega, Guatemala.pdf",1996-04-18,El dia del Señor Jesucristo.,orden_logico,,,0.000000
d25aebfb-4f03-4166-9664-578d6d0f5a1f,e52ed4f6-ce82-4b33-a989-44964b848449,"C:\Users\USUARIO\Documents\Downloads\BASE DE DATOS 1974-2018 PDFs. WSS\1996\1996-04-29 El amanecer del dia postrero y sus grandes eventos (WSS) San Andrés, México.pdf",1996-04-29,El amanecer del dia postrero y sus grandes eventos.,orden_logico,,,0.000000
d7a50add-89f0-47d0-a21e-d5d93fc15b34,83f22fca-010b-4a01-aebd-c0947330aff2,"C:\Users\USUARIO\Documents\Downloads\BASE DE DATOS 1974-2018 PDFs. WSS\1996\1996-05-26 Jesus nuestra Pascua (WSS) Chicago, EEUU.pdf",1996-05-26,Jesus nuestra Pascua.,orden_logico,,,0.000000
e2e69b55-5cef-4faa-b3d2-eb2c5c872b4c,d55b1acb-8196-4351-b3eb-62ff07cf6a2c,"C:\Users\USUARIO\Documents\Downloads\BASE DE DATOS 1974-2018 PDFs. WSS\1996\1996-06-14 Los nacidos en la Casa de Dios (WSS) Cayey, Puerto Rico (movil horizontal).pdf",1996-06-14,Los nacidos en la Casa de Dios,orden_logico,,,0.000000
e9d5ca6a-1487-45cd-8f21-0c54fb71cc57,358ac281-119a-4204-b94c-f3d3223ff780,"C:\Users\USUARIO\Documents\Downloads\BASE DE DATOS 1974-2018 PDFs. WSS\1996\1996-07-07 La Revelacion de los misterios del Reino de los Cielos (WSS) Bogotá, Colombia (movil).pdf",1996-07-07,La Revelacion de los misterios del Reino de los Cielos. sencillo,orden_logico,,,0.000000
cd7a009b-28c4-471b-ad84-a38ca1cead5e,e047486c-eb93-4dcd-ab46-2bbe40144c69,"C:\Users\USUARIO\Documents\Downloads\BASE DE DATOS 1974-2018 PDFs. WSS\1996\1996-08-16 Los Ángeles enviados a los herederos de salvación (WSS) San Lucas, Guatemala (movil).pdf",1996-08-16,Los Ángeles enviados a los herederos de salvación,orden_logico,,,0.000000
113d2171-825b-429f-8b87-2f932beda9a8,5240ccb0-748b-4c68-8ea7-b72175f04823,"C:\Users\USUARIO\Documents\Downloads\BASE DE DATOS 1974-2018 PDFs. WSS\1996\1996-08-18 La palabra de Vida Eterna para todos - Parte I (WSS) Santa Cruz del Quiché, Guatemala (movil horizontal).pdf",1996-08-18,La palabra de Vida Eterna para todos parte 1. sencillo,orden_logico,,,0.000000
d0fcd471-d78a-4ba5-b56b-49f86e42853a,cf4ddd07-619e-4ccd-b63e-a9fdd946ef55,"C:\Users\USUARIO\Documents\Downloads\BASE DE DATOS 1974-2018 PDFs. WSS\1996\1996-08-25 La manifestacion de la gloria de Dios en el dia postrero (WSS) Trujillo, Perú.pdf",1996-08-25,La manifestacion de la gloria de Dios en el dia postrero.,orden_logico,,,0.000000
0ece2467-d637-4393-843e-c7774079400c,cb02211b-fb38-4420-ab1c-74d7acbecd87,"C:\Users\USUARIO\Documents\Downloads\BASE DE DATOS 1974-2018 PDFs. WSS\1996\1996-11-01 La Racion a tiempo de los hijos de Dios (WSS) Santiago de Chile, Chile.pdf",1996-11-01,La Racion a tiempo de los hijos de Dios.,orden_logico,,,0.000000
268db97d-527a-47a5-b012-c4ae98703a94,43ed5877-1998-4302-893a-80d0aa8c61d2,"C:\Users\USUARIO\Documents\Downloads\BASE DE DATOS 1974-2018 PDFs. WSS\1996\1996-11-02 El llamado de los escogidos de Dios en el dia postrero (WSS) Santiago de Chile, Chile.pdf",1996-11-02,El llamado de los escogidos de Dios en el dia postrero.,orden_logico,,,0.000000
88c4c596-4e3b-4914-b78b-28a8c068270a,7b9f1afe-e233-47f5-b350-5399287fe538,"C:\Users\USUARIO\Documents\Downloads\BASE DE DATOS 1974-2018 PDFs. WSS\1996\1996-11-03 La Segunda Venida del Señor Jesucristo como el Leon de la tribu de Juda (WSS) Ranchería, Brasil.pdf",1996-11-03,La Segunda Venida del Señor Jesucristo como el Leon de la tribu de Juda.,orden_logico,,,0.000000
e32d86fb-9e52-4ab9-b860-d20af9431994,7d7393e6-cbfc-4c13-9813-0fad153d01a3,"C:\Users\USUARIO\Documents\Downloads\BASE DE DATOS 1974-2018 PDFs. WSS\1996\1996-11-06 La posicion de la America latina y el Caribe en el templo de Salomon (WSS) Talca, Chile.pdf",1996-11-06,La posicion de la America latina y el Caribe en el templo de Salomon.,orden_logico,,,0.000000
b2349879-68c1-447a-9620-5be6b364ee3c,388b57a3-178d-4792-8029-bfa10e9fabc6,"C:\Users\USUARIO\Documents\Downloads\BASE DE DATOS 1974-2018 PDFs. WSS\1996\1996-11-09 La Obra de Dios en el dia postrero (WSS) Talcahuano, Chile.pdf",1996-11-09,La Obra de Dios en el dia postrero.,orden_logico,,,0.000000
70cc0842-666e-431b-856f-376a7fadfaba,9093c493-37b2-433e-ac05-5d58a849c896,"C:\Users\USUARIO\Documents\Downloads\BASE DE DATOS 1974-2018 PDFs. WSS\1996\1996-11-09 Reunion de valientes (WSS) Talcahuano, Chile.pdf",1996-11-09,Reunion de valientes.,orden_logico,,,0.000000
bdcb41a2-c505-4861-aeb9-30470c5ffc99,f35ea0a7-f7a8-4163-8842-d36417169d6f,"C:\Users\USUARIO\Documents\Downloads\BASE DE DATOS 1974-2018 PDFs. WSS\1996\1996-11-15 La juventud del reino de Dios (WSS) Córdoba, Argentina.pdf",1996-11-15,La juventud del reino de Dios.,orden_logico,,,0.000000
407454a6-40c8-43b0-88a3-7a68a0a9ebd1,ec0db79d-1453-44ba-b3ff-11cb58075e62,"C:\Users\USUARIO\Documents\Downloads\BASE DE DATOS 1974-2018 PDFs. WSS\1996\1996-11-17 Tiempo de grande expectacion espiritual (WSS) Asunción, Paraguay.pdf",1996-11-17,Tiempo de grande expectacion espiritual.,orden_logico,,,0.000000
c8087c3b-974c-4616-927c-a847d1ffa1b8,991c5043-dee4-4377-886f-708d94d48cdc,"C:\Users\USUARIO\Documents\Downloads\BASE DE DATOS 1974-2018 PDFs. WSS\1996\1996-12-31 En Pie delante del Hijo del Hombre en el año nuevo (WSS) Cayey, Puerto Rico (movil horizontal).pdf",1996-12-31,En Pie delante del Hijo del Hombre en el año nuevo.,orden_logico,,,0.000000
d26c5c8d-016a-4f16-96cd-203e07680e7e,7d056245-3fe1-411c-a9f0-e03476cc980a,C:\Users\USUARIO\Documents\Downloads\BASE DE DATOS 1974-2018 PDFs. WSS\1997\1997-02-28 La señal del  Hijo del Hombre en el cielo - Booklet.pdf,1997-02-28,La señal del Hijo del Hombre en el cielo,orden_logico,,,0.000000
229940ab-ca76-4da1-8bea-3bcc84ef6b81,396c8b14-5f24-4a2a-995c-88088132ebbd,"C:\Users\USUARIO\Documents\Downloads\BASE DE DATOS 1974-2018 PDFs. WSS\1997\1997-03-04 Lo que es necesario conocer en el dia postero (WSS) San José de los Campos, Brasil.pdf",1997-03-04,Lo que es necesario conocer en el dia postero.,orden_logico,,,0.000000
e8407b3c-dd2a-47fb-b883-f88e010ab59a,cc3af110-4973-4bcd-9ae3-38ac4f4fe0a6,C:\Users\USUARIO\Documents\Downloads\BASE DE DATOS 1974-2018 PDFs. WSS\1997\1997-03-06 La hora de la venida del hijo del hombre como ladron en la noche (MOVIL).pdf,1997-03-06,La hora de la Venida del Hijo del Hombre como ladron en la noche.,duplicacion,Jaccard 8-gramas=0.826742,558b5ae5-1c1a-477e-8242-94c2b559a588,0.826742
ed6bc4b1-9683-4d01-b250-568fdacff038,26c58774-5e2a-44c2-9549-730b7cf0d147,"C:\Users\USUARIO\Documents\Downloads\BASE DE DATOS 1974-2018 PDFs. WSS\1997\1997-03-11 Buscando La Venida del Señor (WSS) Franca, Brasil.pdf",1997-03-11,Buscando La Venida del Señor.,orden_logico,,,0.000000
c4079836-2647-487b-959b-cd809ded7dd3,9a9f3b2d-527b-49e4-a776-25d25dfd4bd5,"C:\Users\USUARIO\Documents\Downloads\BASE DE DATOS 1974-2018 PDFs. WSS\1997\1997-03-16 La redención de los hijos de Dios (WSS) Brasilia, Brasil.pdf",1997-03-16,La Redencion de los Hijos de Dios.,orden_logico,,,0.000000
3aff5e49-d0fc-4a18-823c-283c9a466953,1db483d6-39a7-4959-8707-69cb34115234,C:\Users\USUARIO\Documents\Downloads\BASE DE DATOS 1974-2018 PDFs. WSS\1997\1997-04-28 La Restauracion de Israel (WSS) Guatemala (movil horizontal).PDF,1997-04-28,La Restauracion de Israel. sencillo,orden_logico,,,0.000000
dfbdc3eb-97a0-462e-8b0f-80610c461341,049f2522-2b81-4722-a4b8-2f66d6135a30,C:\Users\USUARIO\Documents\Downloads\BASE DE DATOS 1974-2018 PDFs. WSS\1997\1997-04-28 Palabras de Bendición para Israel Parque América Latina y el Caribe (WSS) Guatemala.pdf,1997-04-28,Palabras de Bendición para Israel Parque América Latina y el Caribe,orden_logico,,,0.000000
59f7f34b-099a-4021-81ec-70112ef5d3a0,33b98515-e05e-4b8b-8969-bdec3ce684e2,"C:\Users\USUARIO\Documents\Downloads\BASE DE DATOS 1974-2018 PDFs. WSS\1997\1997-06-30 Los grandes eventos proféticos del dia postrero (WSS) Buenaventura, Colombia.pdf",1997-06-30,Los grandes eventos proféticos del dia postrero,orden_logico,,,0.000000
abeb997d-5954-44e2-9eb9-61c962031221,e54534e4-49ad-4183-b8c6-b243ff0d4149,"C:\Users\USUARIO\Documents\Downloads\BASE DE DATOS 1974-2018 PDFs. WSS\1997\1997-07-10 La señal del hijo del hombre en el cielo (WSS) Ibarra, Ecuador.pdf",1997-07-10,La Señal del Hijo del Hombre en el Cielo.,orden_logico,,,0.000000
a8b53ed6-8a6d-45c1-8b30-78df81b198a8,cec2fdb3-d090-4f5a-9679-f37691c5366e,C:\Users\USUARIO\Documents\Downloads\BASE DE DATOS 1974-2018 PDFs. WSS\1997\1997-08-06 La sencillez de la enseñanza y la sencillez del cumplimiento de los misterios del Reino de los Cielos. booklet.pdf,1997-08-06,La sencillez de la enseñanza y la sencillez del cumplimiento de los misterios del Reino de los Cielos.,orden_logico,,,0.000000
b93f5c41-005e-44fe-8e63-9759cd906976,681d591a-0576-4813-bb02-dc7e2b780914,"C:\Users\USUARIO\Documents\Downloads\BASE DE DATOS 1974-2018 PDFs. WSS\1997\1997-08-09 Enviados para tener fruto y éxito - RM (WSS) Monterrey, México.pdf",1997-08-09,RM Enviados para tener Fruto y Exito,orden_logico,,,0.000000
cc19cd73-e81d-4e16-9773-adc56ad8ebcf,b8d64021-0e1f-4f40-99cf-485197275f01,"C:\Users\USUARIO\Documents\Downloads\BASE DE DATOS 1974-2018 PDFs. WSS\1997\1997-08-10 Los secretos que Dios guardo del misterio del Séptimo Sello(WSS) Monterrey, México.pdf",1997-08-10,Los secretos que Dios guardo del misterio del Septimo sello.,orden_logico,,,0.000000
938f769b-fc1c-4153-a0fd-ead26c6c293d,1f46067b-5cb7-442f-af44-af92a2e3e88e,"C:\Users\USUARIO\Documents\Downloads\BASE DE DATOS 1974-2018 PDFs. WSS\1997\1997-08-12 El misterio del cumplimiento de la profecía (WSS) Gomez Farias, Mexico.pdf",1997-08-12,El Misterio del cumplimiento de la Profecia.,orden_logico,,,0.000000
87ea0fe4-4341-4e09-818e-2c4075a9da8c,e790de12-8c76-42a4-bb87-2a02c52b11b5,C:\Users\USUARIO\Documents\Downloads\BASE DE DATOS 1974-2018 PDFs. WSS\1997\1997-08-18 El misterio mayor del Reino de los Cielos (WSS) México.pdf,1997-08-18,El misterio Mayor del Reino de los Cielos.,orden_logico,,,0.000000
65dc8a29-738e-4a93-8eb6-a85735253296,7e5f3526-bed5-4b60-b4d7-60ff7021d53b,"C:\Users\USUARIO\Documents\Downloads\BASE DE DATOS 1974-2018 PDFs. WSS\1997\1997-08-23 Instruye al niño en su carrera Actividad de cachorritos (WSS) Acapulco, México.pdf",1997-08-23,Instruye al niño en su carrera Actividad de cachorritos.,orden_logico,,,0.000000
7db78612-91e1-47e8-a6c8-d19a6ce2e001,6cf3d750-7ea6-403c-bff4-be8ff64851d2,C:\Users\USUARIO\Documents\Downloads\BASE DE DATOS 1974-2018 PDFs. WSS\1997\1997-09-13 El misterio del nuevo nacimiento (WSS) Honduras.pdf,1997-09-13,El misterio del nuevo nacimiento.,orden_logico,,,0.000000
b41230f0-089e-49bb-ae15-cb1dbb634bcd,31b89627-c78a-4828-97ca-15913a171f3a,"C:\Users\USUARIO\Documents\Downloads\BASE DE DATOS 1974-2018 PDFs. WSS\1997\1997-10-14 El misterio de las Dimensiones (WSS) Quito, Ecuador (movil).pdf",1997-10-14,El misterio de las Dimensiones. sencillo,orden_logico,,,0.000000
8097d9e8-37e5-4283-8caf-342a25d65db8,44a92cb7-8d00-4bc7-be08-93a6973c7d1e,"C:\Users\USUARIO\Documents\Downloads\BASE DE DATOS 1974-2018 PDFs. WSS\1997\1997-10-27 El llamamiento al ministerio 8va promocion de ministros (WSS) Santiago de Chile, Chile.pdf",1997-10-27,El llamamiento al ministerio 8va promocion de ministros.,orden_logico,,,0.000000
ff156b17-2ec7-4d92-9f3b-de4c0caa5abd,9f137458-e0bc-452b-8312-dfb920848ad9,"C:\Users\USUARIO\Documents\Downloads\BASE DE DATOS 1974-2018 PDFs. WSS\1997\1997-11-01 El misterio de la Guianza Divina - RM (WSS) Santiago de Chile, Chile (movil).pdf",1997-11-01,RM El misterio de la Guianza Divina.,orden_logico,,,0.000000
d991ef97-cb4b-499d-93a9-1b735ed8cd2a,32585093-3345-412d-9087-6902dce339e4,"C:\Users\USUARIO\Documents\Downloads\BASE DE DATOS 1974-2018 PDFs. WSS\1997\1997-11-08 El misterio de siendo enseñados por Dios (WSS) Asunción, Paraguay.pdf",1997-11-08,El misterio de siendo enseñados por Dios.,orden_logico,,,0.000000
62ec0b9a-f879-42b6-b91d-0f7426ebf32f,1446b996-f698-48df-b9c8-9613a9b7c421,C:\Users\USUARIO\Documents\Downloads\BASE DE DATOS 1974-2018 PDFs. WSS\1997\1997-11-14 El misterio de la transformacion y el arrebatamiento de los escojidos de Dios (FOLLETO).pdf,1997-11-14,El misterio de la transformacion y el arrebatamiento de los escojidos de Dios.,orden_logico,,,0.000000
43af9bc5-13bf-4ae8-8995-39be87349bd4,e3ed6c87-27b8-452c-b5ff-d6171a509cc1,"C:\Users\USUARIO\Documents\Downloads\BASE DE DATOS 1974-2018 PDFs. WSS\1997\1997-11-15 Los enviados para llevar el mensaje (WSS) Belo Horizonte, Brasil.pdf",1997-11-15,Los enviados para llevar el mensaje.,orden_logico,,,0.000000
c738e8d4-2da9-45ec-b510-ee22e52983dc,5b880e50-fbf7-4840-ad81-1e03ab409f8e,"C:\Users\USUARIO\Documents\Downloads\BASE DE DATOS 1974-2018 PDFs. WSS\1997\1997-11-20 El misterio de su venida como ladron en la noche (WSS) San Pablo, Brasil.pdf",1997-11-20,El misterio de su venida como ladron en la noche.,orden_logico,,,0.000000
19c39def-7cd3-428e-a7ac-e8cd10aa83bf,ef1ddd20-28a2-4326-809e-0bfb820d58b5,"C:\Users\USUARIO\Documents\Downloads\BASE DE DATOS 1974-2018 PDFs. WSS\1997\1997-11-30 El misterio de la Venida del Hijo del Hombre con sus angeles en el occidente (WSS) Boa Vista, Roraima, Brasil.pdf",1997-11-30,El misterio de la Venida del Hijo del Hombre con sus angeles en el occidente.,orden_logico,,,0.000000
ff6c3284-f495-4eb9-bfa5-460eba5061b9,254133fe-6226-49b6-aacf-80103b463f2a,"C:\Users\USUARIO\Documents\Downloads\BASE DE DATOS 1974-2018 PDFs. WSS\1997\1997-12-02 El misterio de la congregacion de los primogenitos escritos en el cielo (WSS) Bogotá, Colombia.pdf",1997-12-02,El misterio de la congregacion de los primogenitos escritos en el cielo.,orden_logico,,,0.000000
66aea556-51d0-41a6-8ea4-17bec7092b4e,2d2efaa4-53e6-471f-af30-af34fc3c5441,"C:\Users\USUARIO\Documents\Downloads\BASE DE DATOS 1974-2018 PDFs. WSS\1997\1997-12-02 EL misterio de la congregacion de los Primogenitos (WSS) Bogotá, Colombia.pdf",1997-12-02,EL misterio de la congregacion de los Primogenitos,orden_logico,,,0.000000
049729de-6356-4287-a4b8-9816dc8f8fee,9c72ec92-1743-437a-beb2-5327878dfc94,"C:\Users\USUARIO\Documents\Downloads\BASE DE DATOS 1974-2018 PDFs. WSS\1997\1997-12-06 Edificando con materiales que soportan la Prueba - RM (WSS) Bogotá, Colombia (movil).pdf",1997-12-06,Edificando con materiales que soportan la prueba.,orden_logico,,,0.000000
7dca4047-bf24-4f0a-ac65-018f20b18cb9,442d9e4b-20b0-4f58-b9db-bbd3a3176c56,"C:\Users\USUARIO\Documents\Downloads\BASE DE DATOS 1974-2018 PDFs. WSS\1997\1997-12-14 El misterio del arca del pacto aplicado al dia postrero (WSS) Cayey, Puerto Rico.pdf",1997-12-14,El misterio del arca del pacto aplicado al dia postrero.,orden_logico,,,0.000000
787f3b0e-bc4c-4254-896a-489d20eb4447,75549e3a-126b-456e-b94a-761f374a61ce,"C:\Users\USUARIO\Documents\Downloads\BASE DE DATOS 1974-2018 PDFs. WSS\1997\1997-12-24 El misterio de la fecha del nacimiento de Jesus (WSS) Cayey, Puerto Rico (movil).Pdf",1997-12-24,El misterio de la fecha del nacimiento de Jesus.,duplicacion,Jaccard 8-gramas=0.916739,2e6508fa-5b97-4f34-9206-2edca91f9f3a,0.916739
9bdf6e58-2126-4781-b06f-7c68d0b3ad3d,28d28277-5640-4eb7-9391-24ac9e7be7e1,"C:\Users\USUARIO\Documents\Downloads\BASE DE DATOS 1974-2018 PDFs. WSS\1997\1997-12-28 El misterio del rapto de la Iglesia del Señor Jesucristo (WSS) Cayey, Puerto Rico.pdf",1997-12-28,El misterio del rapto de la Iglesia del Señor Jesucristo.,orden_logico,,,0.000000
1a888eb2-c662-455a-9a0e-88c5e544eb16,13cfd7f9-5d95-4046-8a8f-1841dc52d285,"C:\Users\USUARIO\Documents\Downloads\BASE DE DATOS 1974-2018 PDFs. WSS\1998\1998-01-01 El misterio del Año Nuevo (WSS) Cayey, Puerto Rico (movil).pdf",1998-01-01,El misterio del Año Nuevo. sencillo,orden_logico,,,0.000000
e1497e60-b6c7-4001-a9c8-7b3347eb9d50,19e20755-dec9-4799-85c8-16d56c9f8ab7,"C:\Users\USUARIO\Documents\Downloads\BASE DE DATOS 1974-2018 PDFs. WSS\1998\1998-01-11 El Padre de Familia (WSS) Cayey, Puerto Rico (movil).PDF",1998-01-11,El Padre de familia.,cierre,,,0.000000
7db7de36-f1c9-436b-baa9-3a412bcf8fd1,9af2eda6-6846-4019-86ad-b3c5abeca048,"C:\Users\USUARIO\Documents\Downloads\BASE DE DATOS 1974-2018 PDFs. WSS\1998\1998-01-26 El misterio de un cambio de Dispensacion (WSS) Thomassigue, Haití (movil).pdf",1998-01-26,El misterio de un cambio de Dispensacion. sencillo,orden_logico,,,0.000000
40551102-3246-4d20-bd93-5f706ce3f2cc,6cc65162-8ae5-4199-b808-b8c47a44f62e,"C:\Users\USUARIO\Documents\Downloads\BASE DE DATOS 1974-2018 PDFs. WSS\1998\1998-02-09 El misterio de la Evangelización del Día Postrero (WSS) Cayey, Puerto Rico (movil).pdf",1998-02-09,El misterio de la Evangelizacion del Dia postrero.,orden_logico,,,0.000000
ace145df-1224-4f1a-a818-171a8c4dd653,f6ea012b-3460-49fb-8a0e-1b00c0d25cd6,"C:\Users\USUARIO\Documents\Downloads\BASE DE DATOS 1974-2018 PDFs. WSS\1998\1998-02-10 Los secretos encerrados en el Séptimo Sello (WSS) Bogotá, Colombia.pdf",1998-02-10,Los Secretos encerrados en el Septimo Sello.,orden_logico,,,0.000000
bec82326-746b-4c74-9f72-803e5e99b9b0,0cb47ac4-5b21-450e-b565-88a36b3626a4,"C:\Users\USUARIO\Documents\Downloads\BASE DE DATOS 1974-2018 PDFs. WSS\1998\1998-02-11 El Séptimo Sello a través de toda la escritura (WSS) Bogotá, Colombia.pdf",1998-02-11,El Septimo Sello a traves de toda la Escritura.,orden_logico,,,0.000000
2af3690f-d45b-4dd5-a454-160cb288f33e,6a64cdcf-7a4d-4b06-9454-abc1dd75ce16,"C:\Users\USUARIO\Documents\Downloads\BASE DE DATOS 1974-2018 PDFs. WSS\1998\1998-02-12 Misterios bajo el Septimo Sello - RM (WSS) Fusagasugá, Colombia.pdf",1998-02-12,RM Misterios bajo el Septimo Sello.,orden_logico,,,0.000000
2c05fc1e-40fc-41ac-8514-9a8387a1fa1f,9dd8b9aa-fce5-4ff2-923b-10574db491a5,"C:\Users\USUARIO\Documents\Downloads\BASE DE DATOS 1974-2018 PDFs. WSS\1998\1998-02-12 Las etapas del Séptimo Sello (WSS) Fusagasugá, Colombia.pdf",1998-02-12,Las etapas del Septimo Sello.,orden_logico,,,0.000000
62f2224c-e14a-4547-aaaa-2efa42e1f838,835799c1-9fb4-43bd-bb9b-c897e274578f,"C:\Users\USUARIO\Documents\Downloads\BASE DE DATOS 1974-2018 PDFs. WSS\1998\1998-02-13 El Septimo Sello en el día postrero (WSS) Fusagasugá, Colombia.pdf",1998-02-13,El Septimo Sello en el dia postrero.,orden_logico,,,0.000000
dd702066-f5e9-4fe3-9c2a-db8102850468,a5b766fb-fde6-4086-8ee4-be14f96a8cc7,"C:\Users\USUARIO\Documents\Downloads\BASE DE DATOS 1974-2018 PDFs. WSS\1998\1998-02-13 El Séptimo Sello y la fe de rapto (WSS) Fusagasugá, Colombia.pdf",1998-02-13,El Septimo Sello y la Fe de Rapto.,orden_logico,,,0.000000
9bfefe4a-c8be-4639-8808-3dc912dee618,bc5feca2-58c8-4317-8585-6bcd9f5b9347,"C:\Users\USUARIO\Documents\Downloads\BASE DE DATOS 1974-2018 PDFs. WSS\1998\1998-02-15 El misterio del libro de los Siete Sellos (WSS) Bogota, Colombia.pdf",1998-02-15,El misterio del libro de los Siete Sellos.,orden_logico,,,0.000000
bca61546-c59e-41a4-bbf2-ea70598e9fbc,1f4ca701-ea9f-4c8d-ae3f-d15ae5284861,"C:\Users\USUARIO\Documents\Downloads\BASE DE DATOS 1974-2018 PDFs. WSS\1998\1998-02-15 El liderato del Septimo Sello (WSS) Bogotá, Colombia.pdf",1998-02-15,El Liderato del Septimo Sello.,orden_logico,,,0.000000
8057d6ef-2427-45fd-a645-1a5ec1710532,0b44c72d-2d23-425f-a53c-7001552924c6,"C:\Users\USUARIO\Documents\Downloads\BASE DE DATOS 1974-2018 PDFs. WSS\1998\1998-02-16 El Septimo Sello, la segunda venida de Cristo (WSS) Guayaquil, Ecuador.pdf",1998-02-16,El Septimo Sello la Segunda Venida de Cristo.,orden_logico,,,0.000000
22f49c04-b8da-43ff-a950-b23b07c329ff,d47acb10-f391-4ef5-9b8a-59c7db4bd8c2,"C:\Users\USUARIO\Documents\Downloads\BASE DE DATOS 1974-2018 PDFs. WSS\1998\1998-02-20 El Septimo Sello, una puerta abierta en el Cielo (WSS) Lima, Perú.pdf",1998-02-20,El Septimo Sello una Puerta abierta en el Cielo.,orden_logico,,,0.000000
fff3bd1d-cbea-4c1e-a81a-c7dced704fe4,0bc58087-922f-4d1e-ba3a-cd9138f354d1,"C:\Users\USUARIO\Documents\Downloads\BASE DE DATOS 1974-2018 PDFs. WSS\1998\1998-02-22 Las bendiciones en el Séptimo Sello (WSS) Lima, Perú.pdf",1998-02-22,las bendiciones en el Septimo Sello.,orden_logico,,,0.000000
06c59349-0772-4bc0-8966-bd48ac3c6c80,badf1552-a951-4547-b072-2c1a9247b1b3,"C:\Users\USUARIO\Documents\Downloads\BASE DE DATOS 1974-2018 PDFs. WSS\1998\1998-02-22 Los juicios en el Septimo Sello (WSS) Lima, Perú.pdf",1998-02-22,Los juicios en el Septimo Sello.,orden_logico,,,0.000000
c285cf6d-eed0-4fe3-a2fb-e1444a19cd04,2a66f793-7c3e-445c-89d0-71ee820807b8,"C:\Users\USUARIO\Documents\Downloads\BASE DE DATOS 1974-2018 PDFs. WSS\1998\1998-02-26 El Septimo Sello y la Obra de Reclamo (WSS) La Paz, Bolivia.pdf",1998-02-26,El Septimo Sello y la obra de Reclamo.,orden_logico,,,0.000000
3d10424b-fab3-4614-9ab3-514c4b9cd22a,b002d79b-74d1-4b31-8750-29d7f182e866,"C:\Users\USUARIO\Documents\Downloads\BASE DE DATOS 1974-2018 PDFs. WSS\1998\1998-02-27 Guiados por el Septimo Sello - RM (WSS) La Paz, Bolivia.pdf",1998-02-27,RM Guiados por el Septimo Sello.,orden_logico,,,0.000000
49318b9d-78c1-4b70-ba62-c6e22b64d96b,ad952d3b-54a5-43b4-a843-0c01091ef91a,"C:\Users\USUARIO\Documents\Downloads\BASE DE DATOS 1974-2018 PDFs. WSS\1998\1998-03-02 La luz del Septimo Sello (WSS) Santiago de Chile, Chile.pdf",1998-03-02,La Luz del Septimo Sello.,orden_logico,,,0.000000
48e9097c-4b48-4abc-8688-cbb79893c8b4,999a7ef5-7935-4dba-8cc1-75fb10f60f42,"C:\Users\USUARIO\Documents\Downloads\BASE DE DATOS 1974-2018 PDFs. WSS\1998\1998-03-03 Los colaboradores de Dios - RM (WSS) Santiago de Chile, Chile.pdf",1998-03-03,RM Los colaboradores de Dios,orden_logico,,,0.000000
59ca3cff-9102-4aae-a859-f57b9aa158fe,b43488f4-a2ca-4dd3-9338-fa319b004fe8,"C:\Users\USUARIO\Documents\Downloads\BASE DE DATOS 1974-2018 PDFs. WSS\1998\1998-03-04 La manifestación en Simplicidad del Septimo Sello (WSS) Quillota, Chile.pdf",1998-03-04,La manifestacion en simplicidad del Septimo Sello.,orden_logico,,,0.000000
9807ddf6-2d33-4a8e-9ecf-d0338c5fd5c4,55fe34c9-fa02-45fe-9f32-70bbe58ba98e,"C:\Users\USUARIO\Documents\Downloads\BASE DE DATOS 1974-2018 PDFs. WSS\1998\1998-03-04 Trabajando bajo el Septimo Sello (WSS) El Belloto, Chile.pdf",1998-03-04,Trabajando bajo el Septimo Sello.,orden_logico,,,0.000000
99da8813-ce20-4564-8536-83566ab181ca,5faf849e-6e70-472c-967c-9d03f547cca6,"C:\Users\USUARIO\Documents\Downloads\BASE DE DATOS 1974-2018 PDFs. WSS\1998\1998-03-05 Los frutos del Septimo Sello (WSS) Valparaíso, Chile.pdf",1998-03-05,Los Frutos del Septimo Sello.,orden_logico,,,0.000000
22dd7cb1-0829-4b19-9d50-8dc41a87e09d,e7287d01-7226-420f-b59e-c15bcb7c97b9,"C:\Users\USUARIO\Documents\Downloads\BASE DE DATOS 1974-2018 PDFs. WSS\1998\1998-03-05 El Septimo Sello abierto al público (WSS) Valparaíso, Chile.pdf",1998-03-05,El Septimo Sello abierto al publico.,orden_logico,,,0.000000
a5842279-3888-4e96-ba4b-2f5ff1cc1712,4a617540-1971-40c8-94a2-775b5646d17a,"C:\Users\USUARIO\Documents\Downloads\BASE DE DATOS 1974-2018 PDFs. WSS\1998\1998-03-06 Las explosiones del Septimo Sello (WSS) Melipilla, Chile.pdf",1998-03-06,Las Explosiones del Septimo Sello.,orden_logico,,,0.000000
51730b83-78b6-4852-96a4-4a9439575c28,adaf3cab-e2a6-474a-a01c-91b97df04c50,"C:\Users\USUARIO\Documents\Downloads\BASE DE DATOS 1974-2018 PDFs. WSS\1998\1998-03-08 El Septimo Sello y la Palabra Encarnada (WSS) Santiago de Chile, Chile.pdf",1998-03-08,El Septimo Sello y la palabra encarnada.,orden_logico,,,0.000000
8a5f696c-51d7-4c93-8cbc-64d6b25ef291,375fdd55-3d66-44c6-bdf1-4f0e27481113,"C:\Users\USUARIO\Documents\Downloads\BASE DE DATOS 1974-2018 PDFs. WSS\1998\1998-03-08 El Septimo Sello y el espíritu de Moisés y Elías (WSS) Conchalí, Chile.pdf",1998-03-08,El Septimo Sello y el Espiritu de Moises y Elias.,orden_logico,,,0.000000
622a1141-914b-49d8-8e9a-06e7275e996f,c813be74-19b1-4cd3-a90e-69e4d5cfbb5e,"C:\Users\USUARIO\Documents\Downloads\BASE DE DATOS 1974-2018 PDFs. WSS\1998\1998-03-09 El Septimo Sello y la Edad de la Piedra Angular (WSS) Buenos Aires, Argentina.pdf",1998-03-09,El Septimo Sello y la edad de la Piedra Angular.,orden_logico,,,0.000000
fa224e66-ebf8-47d0-a586-e57cdbb351ff,d961af54-6121-474b-97fb-48bb5562b47e,"C:\Users\USUARIO\Documents\Downloads\BASE DE DATOS 1974-2018 PDFs. WSS\1998\1998-03-10 El Septimo Sello y el avivamiento de la iglesia (WSS) Tobatí, Paraguay.pdf",1998-03-10,El Septimo Sello y el Avivamiento de la Iglesia.,orden_logico,,,0.000000
9dccd426-173a-4602-900b-ad46143c2141,83f42636-7747-44aa-8442-2af00c4aaa3c,"C:\Users\USUARIO\Documents\Downloads\BASE DE DATOS 1974-2018 PDFs. WSS\1998\1998-03-11 El Septimo Sello y los Siete Truenos (WSS) Encarnación, Paraguay.pdf",1998-03-11,El Septimo Sello y los Siete Truenos.,orden_logico,,,0.000000
2f4bdac9-0981-4c82-9ead-f6987079939b,911b759b-feaf-4a5c-86ea-d272b6d19284,"C:\Users\USUARIO\Documents\Downloads\BASE DE DATOS 1974-2018 PDFs. WSS\1998\1998-03-12 El Septimo Sello y el mensaje del Evangelio del Reino (WSS) Cruce Liberación, Paraguay.pdf",1998-03-12,El Septimo Sello y el mensaje del Evangelio del Reino.,orden_logico,,,0.000000
e72cfd26-9fbd-4a5e-83a2-92995188727d,c77915eb-9873-4169-ab91-d4f325edeb93,"C:\Users\USUARIO\Documents\Downloads\BASE DE DATOS 1974-2018 PDFs. WSS\1998\1998-03-13 El Septimo Sello y el mensaje del tiempo del fin (WSS) Concepción, Paraguay.pdf",1998-03-13,El Septimo Sello y el mensaje del tiempo del Fin.,orden_logico,,,0.000000
9590ed85-3586-47b0-99a8-7224ac5ca7a1,20faa605-bf0b-4977-a6e2-0334803fddaa,"C:\Users\USUARIO\Documents\Downloads\BASE DE DATOS 1974-2018 PDFs. WSS\1998\1998-03-15 El Septimo Sello y la tercera etapa (WSS) Cayey, Puerto Rico.pdf",1998-03-15,El Septimo Sello y la Tercera Etapa.,orden_logico,,,0.000000
3aa4e601-56b2-4441-a1a1-75c1cf839849,b7b0ab0c-1f58-4095-9e49-e243af6831fc,"C:\Users\USUARIO\Documents\Downloads\BASE DE DATOS 1974-2018 PDFs. WSS\1998\1998-03-18 El Septimo Sello y la señal del fin del siglo (WSS) San José de los Campos, Brasil.pdf",1998-03-18,El Septimo sello y la Señal del fin del Siglo.,orden_logico,,,0.000000
b355f872-04db-469e-9490-f99f181a8035,b277b629-e6eb-4614-a87c-bb2301309ee8,"C:\Users\USUARIO\Documents\Downloads\BASE DE DATOS 1974-2018 PDFs. WSS\1998\1998-03-20 El Septimo Sello y la restauración del Reino de Dios (WSS) Goiania, Brasil.pdf",1998-03-20,_el_septimo_sello_y_la_restauracion_del_reino_de_dios,orden_logico,,,0.000000
bc29eed8-6f41-4a9f-8eb4-5409e1fee7d5,194f95a3-4251-409e-a9fa-d1e2fdbe667e,"C:\Users\USUARIO\Documents\Downloads\BASE DE DATOS 1974-2018 PDFs. WSS\1998\1998-03-21 El Septimo Sello y la restauración del trono de David (WSS) Goiania, Brasil.pdf",1998-03-21,El Septimo Sello y la Restauracion del Trono de David.,orden_logico,,,0.000000
555a347e-c652-4fbf-ba42-d38d0ca08296,9895f06a-95f0-46eb-8197-16474693bb02,"C:\Users\USUARIO\Documents\Downloads\BASE DE DATOS 1974-2018 PDFs. WSS\1998\1998-03-22 El Septimo Sello y la restauración de todas las cosas (WSS) Goiania, Brasil.pdf",1998-03-22,El Septimo Sello y la Restauracion de todas las cosas.,orden_logico,,,0.000000
df28d934-f3e3-4a38-ae7d-d507ab719ee2,aefb74b8-208e-4896-9b53-8480ff9fe5e0,C:\Users\USUARIO\Documents\Downloads\BASE DE DATOS 1974-2018 PDFs. WSS\1998\1998-03-22 El Septimo Sello y la restauracion del Pueblo Hebreo (WSS) Brasil.pdf,1998-03-22,El Septimo Sello y la Restauracion del pueblo Hebreo.,orden_logico,,,0.000000
7818cba0-b35a-42a0-95e3-16a812562a09,c37acad6-6817-4d1e-8aea-295d454f0975,"C:\Users\USUARIO\Documents\Downloads\BASE DE DATOS 1974-2018 PDFs. WSS\1998\1998-03-25 El Septimo Sello y el avivamiento final de los escogidos (WSS) Aracatuba, Brasil.pdf",1998-03-25,El Septimo Sello y el Avivamiento final de los escogidos.,orden_logico,,,0.000000
41962561-8b24-4ea9-a1bf-6c859b70c3d9,ca6c7afd-e838-4cd3-b2f8-74da143437bf,"C:\Users\USUARIO\Documents\Downloads\BASE DE DATOS 1974-2018 PDFs. WSS\1998\1998-03-26 El Septimo Sello y la única esperanza de la Iglesia (WSS) Franca, Brasil.pdf",1998-03-26,El Septimo Sello y la Unica esperanza de la Iglesia.,orden_logico,,,0.000000
e26c5ddf-47ac-4c20-a335-7e442065296c,94d1f55c-2893-42f5-b850-b4b68e80c084,"C:\Users\USUARIO\Documents\Downloads\BASE DE DATOS 1974-2018 PDFs. WSS\1998\1998-03-27 El Septimo Sello y el tiempo de misericordia y juicio (WSS) Sumaré, Brasil.pdf",1998-03-27,El Septimo Sello y el tiempo de misericordia y juicio.,orden_logico,,,0.000000
7ad047c1-b263-4efd-9e70-e42d7f822c02,b703a38e-b56b-4bee-a096-4a847d21f0a5,"C:\Users\USUARIO\Documents\Downloads\BASE DE DATOS 1974-2018 PDFs. WSS\1998\1998-03-28 La voz de Cristo bajo el Septimo Sello (WSS) Osasco, Brasil.pdf",1998-03-28,La Voz de Cristo bajo el Septimo Sello.,orden_logico,,,0.000000
66fdae45-ec41-4dc8-bf3e-6ced50926f44,bc84610e-9c0b-4760-a995-d0e80750e6fe,"C:\Users\USUARIO\Documents\Downloads\BASE DE DATOS 1974-2018 PDFs. WSS\1998\1998-03-29 La Victoria del Septimo Sello (WSS) Sao Paulo, Brasil.pdf",1998-03-29,La victoria del septimo sello.,orden_logico,,,0.000000
38a6958c-583c-45a4-abe3-b6098f5112b0,516c36a6-f6c4-4315-bda4-8aebe8cd0cb7,C:\Users\USUARIO\Documents\Downloads\BASE DE DATOS 1974-2018 PDFs. WSS\1998\1998-03-30 El rapto del Septimo Sello (WSS) Colombia.pdf,1998-03-30,El Rapto del Septimo Sello.,orden_logico,,,0.000000
62b9b277-5fac-4f86-9587-d413ee261045,d2fa42ba-49ea-492d-8b60-2c54166a1c30,"C:\Users\USUARIO\Documents\Downloads\BASE DE DATOS 1974-2018 PDFs. WSS\1998\1998-04-18 El Septimo Sello y los escogidos del dia postrero (WSS) Hidalgo, México.pdf",1998-04-18,El Septimo Sello y los escogidos del dia postrero.,orden_logico,,,0.000000
96e953ad-f0b5-4fa3-9d5a-18829061b716,d92e4bf8-dad9-408c-8ff1-fb50b121a0a1,"C:\Users\USUARIO\Documents\Downloads\BASE DE DATOS 1974-2018 PDFs. WSS\1998\1998-04-20 Los frutos del nuevo nacimiento a la luz del Septimo Sello (WSS) Monterrey, México.pdf",1998-04-20,Los frutos del nuevo nacimiento a la luz del Septimo Sello.,orden_logico,,,0.000000
c74a65d7-1634-4c08-844b-71d8c290016e,5585078d-fff7-4a7d-8497-7cc2435ac946,"C:\Users\USUARIO\Documents\Downloads\BASE DE DATOS 1974-2018 PDFs. WSS\1998\1998-04-23 Perseverando hasta la victoria final (WSS) Chihuahua, México.pdf",1998-04-23,Perseverando hasta la Victoria Final.,orden_logico,,,0.000000
d7562f71-a70c-4e66-a099-2ce0fe3055b1,ebd6d9ac-c93f-4229-9084-e4f44736fc69,"C:\Users\USUARIO\Documents\Downloads\BASE DE DATOS 1974-2018 PDFs. WSS\1998\1998-04-24 Llegando a tiempo con la bendicion de Dios (WSS) Durango, México.pdf",1998-04-24,Llegando a tiempo con la bendicion de Dios.,orden_logico,,,0.000000
49b9b7ae-c527-4c05-8cba-50d4b45bf881,26604a64-115e-47de-9066-8ff03c99f3e4,"C:\Users\USUARIO\Documents\Downloads\BASE DE DATOS 1974-2018 PDFs. WSS\1998\1998-04-25 Llevando fruto al máximo con el Septimo Sello (WSS) Torreón, México.pdf",1998-04-25,Llevando fruto al maximo con el Septimo Sello.,orden_logico,,,0.000000
25b016a5-8503-42bc-a6c7-3ca95fe6ed4d,8acc012a-4c7d-4de0-a8d8-72053226a9dd,C:\Users\USUARIO\Documents\Downloads\BASE DE DATOS 1974-2018 PDFs. WSS\1998\1998-04-26 El Septimo Sello identificado en la escritura (WSS) Mexico.pdf,1998-04-26,El Septimo Sello identificado en la escritura.,orden_logico,,,0.000000
fa9ea738-f543-4702-8764-e4f9ae082919,76b04709-ab43-4b9a-9dcf-1eef1e22990c,C:\Users\USUARIO\Documents\Downloads\BASE DE DATOS 1974-2018 PDFs. WSS\1998\1998-04-27 La Posición del Septimo Sello en el templo de Dios (WSS) Mexico.pdf,1998-04-27,La posicion del Septimo Sello en el Templo de Dios.,orden_logico,,,0.000000
e4f626fa-4372-48e2-9c93-1f6b152a4a0e,9d1af59f-c29a-470a-b5ee-042ec77262c9,"C:\Users\USUARIO\Documents\Downloads\BASE DE DATOS 1974-2018 PDFs. WSS\1998\1998-04-28 El Septimo Sello y el lugar santísimo del templo de Dios (WSS) San Luis Potosí, México.pdf",1998-04-28,El septimo sello y el lugar santisimo del templo de Dios.,orden_logico,,,0.000000
0294a068-749e-4026-8064-047258d04c11,e47de0e9-3454-4da8-a7a8-0b7636d91418,"C:\Users\USUARIO\Documents\Downloads\BASE DE DATOS 1974-2018 PDFs. WSS\1998\1998-04-29 Las grandes profecías de la Biblia (WSS) Ríoverde, México.pdf",1998-04-29,Las Grandes profecias de la biblia.,orden_logico,,,0.000000
2c394022-b74d-4bd8-8561-9b165820bdab,799daddc-a844-4e56-8eef-8215058a5fb8,C:\Users\USUARIO\Documents\Downloads\BASE DE DATOS 1974-2018 PDFs. WSS\1998\1998-04-30 La luz del Septimo Sello (WSS) Mexico.pdf,1998-04-30,La Luz del Septimo Sello.,orden_logico,,,0.000000
84278038-ee61-45f5-acd7-3b82e0df02da,a4072b92-15ca-4ef8-802c-4f261385ba82,"C:\Users\USUARIO\Documents\Downloads\BASE DE DATOS 1974-2018 PDFs. WSS\1998\1998-04-30 El libro abierto en el Cielo (WSS) San Luis Potosí, México.pdf",1998-04-30,El Libro abierto en el Cielo.,orden_logico,,,0.000000
c011204d-8058-473d-b181-939e0cab1594,1ac8caf6-762a-437c-8cf4-0769ccdee78f,"C:\Users\USUARIO\Documents\Downloads\BASE DE DATOS 1974-2018 PDFs. WSS\1998\1998-05-01 El Angel con el evangelio eterno (WSS) Puebla, México.pdf",1998-05-01,El Angel con el Evangelio Eterno.,orden_logico,,,0.000000
6744018a-e208-4bb5-964e-4edd78eb7148,af9ece1c-ea7b-42b2-bf95-6694c28af4b9,"C:\Users\USUARIO\Documents\Downloads\BASE DE DATOS 1974-2018 PDFs. WSS\1998\1998-05-02 El Septimo Sello y la cuarta vigilia (WSS) San Salvador, El Salvador.pdf",1998-05-02,El Septimo Sello y la cuarta vigilia.,orden_logico,,,0.000000
de1ad367-2892-43aa-88e4-00975aad6368,0e5cbc30-8c4d-4aee-9ad1-08c0e74b6730,C:\Users\USUARIO\Documents\Downloads\BASE DE DATOS 1974-2018 PDFs. WSS\1998\1998-05-02 La juventud resplandeciendo en el dia postrero (WSS) Mexico.pdf,1998-05-02,La Juventud resplandeciendo en el dia postrero.,orden_logico,,,0.000000
5fce1329-de15-40b6-a050-af91c185378e,0a0778b9-c708-443a-8da0-9dbcc0fdff73,C:\Users\USUARIO\Documents\Downloads\BASE DE DATOS 1974-2018 PDFs. WSS\1998\1998-05-03 El Dios Todopoderoso velado y revelado en Su Ángel Mensajero (WSS) México.pdf,1998-05-03,El Dios Todopoderoso Velado y Revelado en su Angel Mensajero.,orden_logico,,,0.000000
801ea9ae-525f-4934-8c17-2778f4a873a1,25e72897-675a-4377-8dca-b74b720237ef,C:\Users\USUARIO\Documents\Downloads\BASE DE DATOS 1974-2018 PDFs. WSS\1998\1998-05-04 Las obras del Septimo Sello (WSS) México.pdf,1998-05-04,Las obras del Septimo Sello.,orden_logico,,,0.000000
0987ae91-959a-435a-8154-e8f84eedaf20,ef594f4b-e4ff-4bb3-b119-73b422ddf4c9,C:\Users\USUARIO\Documents\Downloads\BASE DE DATOS 1974-2018 PDFs. WSS\1998\1998-05-04 La misión y la bienaventuranza de los Valientes del Hijo de David (WSS) México.pdf,1998-05-04,La mision y la bienaventuranza de los valientes del Hijo de David.,orden_logico,,,0.000000
42548da3-c549-444f-90f0-33e8fc701500,ed39ec9d-c378-4bd2-9306-4c28b786d8c8,"C:\Users\USUARIO\Documents\Downloads\BASE DE DATOS 1974-2018 PDFs. WSS\1998\1998-05-08 El Septimo Sello y la nueva creación (WSS) Villahermosa, México.pdf",1998-05-08,El Septimo Sello y la nueva creacion.,orden_logico,,,0.000000
0ed38900-accf-4bf7-b33f-bfac81932e2a,6d7dd935-6efc-4640-9664-b5047304fca9,C:\Users\USUARIO\Documents\Downloads\BASE DE DATOS 1974-2018 PDFs. WSS\1998\1998-05-09 Trabajando con el Septimo Sello - RM (WSS) México.pdf,1998-05-09,RM Trabajando con el Septimo Sello.,orden_logico,,,0.000000
d3d696b4-cc6c-4eb4-b6a8-e8ee2644086b,de666d08-be11-4956-bec4-21a80d70b965,"C:\Users\USUARIO\Documents\Downloads\BASE DE DATOS 1974-2018 PDFs. WSS\1998\1998-05-09 Valientes del Hijo de David del Septimo Sello (WSS) Villahermosa, México (movil).pdf",1998-05-09,Valientes del Hijo de David del Septimo Sello.,orden_logico,,,0.000000
0dd81482-63e9-44bf-8eb6-cd177f2ec745,29c96158-b015-4599-b5ba-5de231c8eeb7,"C:\Users\USUARIO\Documents\Downloads\BASE DE DATOS 1974-2018 PDFs. WSS\1998\1998-05-10 El Septimo Sello y la Septima Trompeta (WSS) Villahermosa, México.pdf",1998-05-10,El Septimo Sello y la Septima Trompeta.,orden_logico,,,0.000000
f3d263af-8c97-4bd0-a850-2cccc4a826a2,5d19c9ed-6487-4c5d-af97-49343baa4c59,"C:\Users\USUARIO\Documents\Downloads\BASE DE DATOS 1974-2018 PDFs. WSS\1998\1998-05-10 El Septimo Sello poniendole fin a los sistemas mundiales (WSS) Villahermosa, México.pdf",1998-05-10,El Septimo Sello poniendole fin a los sistemas mundiales.,orden_logico,,,0.000000
b9613163-c9a6-4627-8571-0b221a572e91,0147e1f7-4a83-4a5f-8182-eaf986b7d660,"C:\Users\USUARIO\Documents\Downloads\BASE DE DATOS 1974-2018 PDFs. WSS\1998\1998-05-10 El Septimo Sello y los Siete Truenos de Apocalipsis (WSS) Reforma, Chiapas, México.pdf",1998-05-10,El Septimo Sello y los Siete Truenos de Apocalipsis.,orden_logico,,,0.000000
9ba89d59-474d-4b68-a610-c47b66f75c19,9949a026-47aa-4343-808f-53e6f545485a,C:\Users\USUARIO\Documents\Downloads\BASE DE DATOS 1974-2018 PDFs. WSS\1998\1998-05-18 Rompiendo las barreras en el Amor Divino (WSS) Guatemala (movil).pdf,1998-05-18,Rompiendo las barreras en el Amor Divino.,orden_logico,,,0.000000
65c64541-20c3-4b65-9328-c8b29fc687e6,b1103274-8507-43f2-8bef-d534fd50aa72,"C:\Users\USUARIO\Documents\Downloads\BASE DE DATOS 1974-2018 PDFs. WSS\1998\1998-05-19 Creciendo con el Septimo Sello (WSS) Guatemala, Guatemala.pdf",1998-05-19,Creciendo con el septimo Sello.,orden_logico,,,0.000000
efb537aa-af0c-4efc-8cda-ba6e4b21ad96,066e304d-f9b0-4c31-b78b-8325f7859aba,C:\Users\USUARIO\Documents\Downloads\BASE DE DATOS 1974-2018 PDFs. WSS\1998\1998-05-21 Todas las cosas son hechas nuevas con el Septimo Sello (WSS) Guatemala.pdf,1998-05-21,Todas las cosas son hechas nuevas con el Septimo Sello.,orden_logico,,,0.000000
94c6da0b-ac22-4fb3-966c-c7a98d0f5461,5ba10475-1d6e-4a87-aa6d-6f291ec21f88,C:\Users\USUARIO\Documents\Downloads\BASE DE DATOS 1974-2018 PDFs. WSS\1998\1998-05-22 Los Misterios del Septimo Sello (WSS) El Salvador.pdf,1998-05-22,Los misterios del Septimo Sello.,orden_logico,,,0.000000
49fba173-d61c-4327-8dee-376d552e886f,1b2103ad-2f96-4740-a768-021ee5aa14a4,C:\Users\USUARIO\Documents\Downloads\BASE DE DATOS 1974-2018 PDFs. WSS\1998\1998-05-23 El Septimo Sello y la cuarta vigilia (WSS) El Salvador.pdf,1998-05-23,El Septimo Sello y la cuarta vigilia.,orden_logico,,,0.000000
a97137ed-76fb-454a-9a15-2d479d2b81da,ef15b6fa-1da8-4001-9c9c-747699ba8e33,"C:\Users\USUARIO\Documents\Downloads\BASE DE DATOS 1974-2018 PDFs. WSS\1998\1998-05-23 El Septimo Sello y la cuarta vigila (WSS) San Salvador, El Salvador (movil).pdf",1998-05-23,El Septimo Sello y la cuarta vigila.,orden_logico,,,0.000000
c9e0a300-d231-40ad-927b-44dd300f7653,5787f060-cc8f-41c7-ae37-1fb2e75042e3,C:\Users\USUARIO\Documents\Downloads\BASE DE DATOS 1974-2018 PDFs. WSS\1998\1998-05-24 La autoridad Suprema del Septimo Sello (WSS) El Salvador.pdf,1998-05-24,La autoridad suprema del septimo sello.,orden_logico,,,0.000000
9ddcc935-a2f9-4b0d-b1af-4ff883a45169,c204026d-69f1-4f6f-9314-612898ef24e4,"C:\Users\USUARIO\Documents\Downloads\BASE DE DATOS 1974-2018 PDFs. WSS\1998\1998-05-24 El Septimo Sello y la Isla de Patmos (WSS) San Salvador, El Salvador.pdf",1998-05-24,El Septimo Sello y la Isla de Patmos.,orden_logico,,,0.000000
f0f732a4-aa02-45dc-a612-03f05e0a22c6,720286cc-2c0f-4a4a-a1f5-880ff0be139c,C:\Users\USUARIO\Documents\Downloads\BASE DE DATOS 1974-2018 PDFs. WSS\1998\1998-05-26 El Septimo Sello y las oraciones de los Santos (WSS) Nicaragua.pdf,1998-05-26,El Septimo Sello y las oraciones de los santos.,orden_logico,,,0.000000
683ea227-21ff-4cc1-ad11-01dd4d59e22c,f7a76e47-0489-4858-8eae-0f144af24519,"C:\Users\USUARIO\Documents\Downloads\BASE DE DATOS 1974-2018 PDFs. WSS\1998\1998-05-27 El misterio del Septimo Sello y el Gran Terremoto (WSS) San José, Costa Rica.pdf",1998-05-27,El misterio del Septimo Sello y el gran terremoto.,orden_logico,,,0.000000
640ec5cf-b8af-42bd-b799-808afe928e96,12685559-0558-469a-abda-c09d75fe7f56,"C:\Users\USUARIO\Documents\Downloads\BASE DE DATOS 1974-2018 PDFs. WSS\1998\1998-05-31 El Septimo Sello y los tres testigos (WSS) Cayey, Puerto Rico (movil).pdf",1998-05-31,El Septimo Sello y los tres testigos.,orden_logico,,,0.000000
4724dd1b-ab27-4266-bc2c-25a01f18c77a,4e8aa3b6-8a1e-4b35-8cf9-07343acc4356,"C:\Users\USUARIO\Documents\Downloads\BASE DE DATOS 1974-2018 PDFs. WSS\1998\1998-06-07 Los secretos del Septimo Sello que seran revelados (WSS) Cayey, Puerto Rico.pdf",1998-06-07,Los secretos del Septimo Sello que seran revelados.,orden_logico,,,0.000000
1cb75678-9e5a-4780-b8f2-9ead72da121f,38f433a8-76cf-4363-bec6-bb69d7a78e85,"C:\Users\USUARIO\Documents\Downloads\BASE DE DATOS 1974-2018 PDFs. WSS\1998\1998-06-14 El Septimo Sello y la conclusion del programa de Dios (WSS) Cayey, Puerto Rico.pdf",1998-06-14,El septimo sello y la conclusion del programa de Dios.,orden_logico,,,0.000000
3cf2369e-a587-4c78-8680-dfec7e57b929,7b6e0981-61ce-4e67-8f20-4138a1a70f71,"C:\Users\USUARIO\Documents\Downloads\BASE DE DATOS 1974-2018 PDFs. WSS\1998\1998-06-16 El mensaje del fin a traves de toda la Biblia (WSS) Bogotá, Colombia.pdf",1998-06-16,El mensaje del fin a traves de toda la biblia.,orden_logico,,,0.000000
cb905dc2-878a-411d-94ec-5f74fa2b8daf,2d65a436-e269-4d87-a556-e8a0032b8a9a,"C:\Users\USUARIO\Documents\Downloads\BASE DE DATOS 1974-2018 PDFs. WSS\1998\1998-06-17 Dios, el origen de todas las cosas buenas (WSS) Manizales, Colombia.pdf",1998-06-17,Dios el origen de todas las cosas buenas.,orden_logico,,,0.000000
a6141949-59b3-4254-be60-a8c19ec28d31,bcafef10-547a-4b6c-bec0-f6cf0336c238,"C:\Users\USUARIO\Documents\Downloads\BASE DE DATOS 1974-2018 PDFs. WSS\1998\1998-06-19 La trayectoria de la vida (WSS) Pereira, Colombia.pdf",1998-06-19,La trayectoria de la vida.,orden_logico,,,0.000000
5683b323-a92d-47b4-9870-46f0acc8a97b,adfe45c6-ca0c-4b26-a4f4-741f7b359a7d,"C:\Users\USUARIO\Documents\Downloads\BASE DE DATOS 1974-2018 PDFs. WSS\1998\1998-06-20 Cada arbol produciendo segun su naturaleza (WSS) Buga, Colombia.pdf",1998-06-20,Cada Arbol produciendo segun su Naturaleza.,orden_logico,,,0.000000
1050183f-ed03-406c-a25d-9c8609f1cfb7,2655cc64-e68b-45e1-848d-3acb84ba90b3,"C:\Users\USUARIO\Documents\Downloads\BASE DE DATOS 1974-2018 PDFs. WSS\1998\1998-06-24 La bendicion de Dios en el septimo dia (WSS) Santa Marta, Colombia.pdf",1998-06-24,La Bendicion de Dios en el Septimo dia.,orden_logico,,,0.000000
1aa1262f-ec8e-4955-ae3f-971a19691793,fdb296b2-1805-4c7c-94a4-35b8ea32271f,"C:\Users\USUARIO\Documents\Downloads\BASE DE DATOS 1974-2018 PDFs. WSS\1998\1998-06-26 La creación de la Esposa del Primer Adán y del Segundo Adán (WSS) Cartagena, Colombia.pdf",1998-06-26,La creacion de la esposa del primer adan y del segundo adan.,orden_logico,,,0.000000
42d2ecf9-4812-47ff-b2f3-f3d7e287e46e,b90df12d-2a1a-441d-93a7-35922e8d0b04,"C:\Users\USUARIO\Documents\Downloads\BASE DE DATOS 1974-2018 PDFs. WSS\1998\1998-06-29 Luchas y victorias del Mesias (WSS) Bucaramanga, Colombia.pdf",1998-06-29,Luchas y Victorias del Mesias.,orden_logico,,,0.000000
29571a7e-7af0-44c8-80da-fd926ee7d95c,69ab5615-6adc-4abe-9e6c-bdcc00bd36b2,"C:\Users\USUARIO\Documents\Downloads\BASE DE DATOS 1974-2018 PDFs. WSS\1998\1998-06-30 La enemistad entre las dos simientes (WSS) Ibagué, Colombia.pdf",1998-06-30,La enemistad entre las dos simientes.,orden_logico,,,0.000000
f77c9958-11b9-44b6-97c7-62578b98a3ba,6e9c2d22-3ce1-4135-a484-b07ed41907d6,"C:\Users\USUARIO\Documents\Downloads\BASE DE DATOS 1974-2018 PDFs. WSS\1998\1998-07-06 La trayectoria del Nombre de Dios (WSS) Santo Domingo, Ecuador.pdf",1998-07-06,La trayectoria del Nombre de Dios.,orden_logico,,,0.000000
cb3bba42-5494-47ea-8965-f05cb9680620,a3b434b4-8937-47c4-8b98-d9dfe2731348,"C:\Users\USUARIO\Documents\Downloads\BASE DE DATOS 1974-2018 PDFs. WSS\1998\1998-07-07 Noe la señal del fin para aquella dispensacion (WSS) Guayaquil, Ecuador.pdf",1998-07-07,Noe la señal del fin para aquella dispensacion.,orden_logico,,,0.000000
b3e893b2-937f-4443-86be-23b6a741f163,96dbfc3c-8c14-4590-b0aa-13fd9bd41e68,"C:\Users\USUARIO\Documents\Downloads\BASE DE DATOS 1974-2018 PDFs. WSS\1998\1998-07-07 La bendición de caminar con Dios (WSS) Quevedo, Ecuador.pdf",1998-07-07,La Bendicion de caminar con Dios.,orden_logico,,,0.000000
e980d89c-7d87-44a2-9646-f60d63032fda,0e005cb7-f0d1-4f50-ae26-7765da16a00c,C:\Users\USUARIO\Documents\Downloads\BASE DE DATOS 1974-2018 PDFs. WSS\1998\1998-07-08 La union que produce buenos resultados (WSS) Ecuador.pdf,1998-07-08,La Union que produce buenos resultados.,orden_logico,,,0.000000
d03b1fde-1c67-40da-9a0f-699ead61e15c,b696ac90-3f9d-488e-8984-660e2d152237,"C:\Users\USUARIO\Documents\Downloads\BASE DE DATOS 1974-2018 PDFs. WSS\1998\1998-07-08 El arca de Noé actualizada (WSS) Riobamba, Ecuador.pdf",1998-07-08,El Arca de Noe Actualizada.,orden_logico,,,0.000000
03443f06-30c1-414e-8b3b-4623de353266,033dd226-c7eb-4bfd-994b-81df00069fa3,"C:\Users\USUARIO\Documents\Downloads\BASE DE DATOS 1974-2018 PDFs. WSS\1998\1998-07-10 El Arco Iris, señal del Pacto de Dios (WSS) Lima, Perú.pdf",1998-07-10,El Arco Iris Señal del Pacto de Dios.,orden_logico,,,0.000000
e017f307-2049-4e83-b4c7-c202aadb3533,fd7a06da-60fe-4097-bf5e-cef164aa29f6,"C:\Users\USUARIO\Documents\Downloads\BASE DE DATOS 1974-2018 PDFs. WSS\1998\1998-07-11 Babel, principio de un reino de confusion - RM (WSS) Lima, Perú.PDF",1998-07-11,RM babel principio de un reino de confusion,orden_logico,,,0.000000
2de49b1f-23d6-492c-bcda-fdfa78f05c9c,1a674c11-a4f0-499d-b368-539ccbcff4b2,"C:\Users\USUARIO\Documents\Downloads\BASE DE DATOS 1974-2018 PDFs. WSS\1998\1998-07-13 La bendición de Melquisedec (WSS) Zepita, Perú.pdf",1998-07-13,La bendicion de Melquisedec.,orden_logico,,,0.000000
87ef0d10-8a43-4cd4-8649-dae523cc7204,991882d6-c61f-438d-9c89-048dc5a23905,"C:\Users\USUARIO\Documents\Downloads\BASE DE DATOS 1974-2018 PDFs. WSS\1998\1998-07-14 El resultado de un cambio de nombre (WSS) Juliaca, Perú.pdf",1998-07-14,El resultado de un cambio de Nombre.,orden_logico,,,0.000000
66cab5d6-f158-4a02-9056-a8458c058670,791efec6-7851-4a1d-bb41-a2d6451bd2bf,C:\Users\USUARIO\Documents\Downloads\BASE DE DATOS 1974-2018 PDFs. WSS\1998\1998-07-15 La circuncisión actualizada.pdf,1998-07-15,La Circuncision Actualizada.,orden_logico,,,0.000000
8dbf8280-80a8-4de9-b453-b83ed22eaf0c,e873077d-ed3d-4bb4-b3b5-54273ceb7882,"C:\Users\USUARIO\Documents\Downloads\BASE DE DATOS 1974-2018 PDFs. WSS\1998\1998-07-16 ¿Donde estan las llaves del Reino de Dios (WSS) Lima, Perú.pdf",1998-07-16,Donde estan las llaves del Reino de Dios.,orden_logico,,,0.000000
901c8dad-c330-4471-a39d-6679b0a281d0,e20897ea-93dd-4040-834c-8d4db78aa3f7,"C:\Users\USUARIO\Documents\Downloads\BASE DE DATOS 1974-2018 PDFs. WSS\1998\1998-07-18 Abraham intercede por su familia (WSS) Santa Cruz, Bolivia.pdf",1998-07-18,Abraham intercede por su familia.,orden_logico,,,0.000000
c2d81f91-0239-4c2b-b7f5-b5a21159649c,9e30b447-72ab-4e56-b697-cc7fae53c901,"C:\Users\USUARIO\Documents\Downloads\BASE DE DATOS 1974-2018 PDFs. WSS\1998\1998-07-20 Sara rejuvenecida para tener el hijo (WSS) Arica, Chile.pdf",1998-07-20,Sara Rejuvenecida para tener el Hijo.,orden_logico,,,0.000000
00f2e825-3c29-45ad-8608-dc7d4ea7f515,b8b302e5-e255-47d5-837a-99a4893fc2d3,"C:\Users\USUARIO\Documents\Downloads\BASE DE DATOS 1974-2018 PDFs. WSS\1998\1998-07-26 El siervo buscando esposa para Su Señor (WSS) Santiago de Chile, Chile.pdf",1998-07-26,El siervo buscando esposa para su Señor.,orden_logico,,,0.000000
6ee8d16b-b32b-4596-a291-6a5b6267af2f,073f7c26-7dfa-400e-96ca-de1d5c568c5b,"C:\Users\USUARIO\Documents\Downloads\BASE DE DATOS 1974-2018 PDFs. WSS\1998\1998-08-02 Comprando la Primogenitura (WSS) Cayey, Puerto Rico.pdf",1998-08-02,Comprando la Primogenitura.,orden_logico,,,0.000000
5d8d641f-da16-46e2-859b-65f69def379a,588357e8-41d9-424e-b445-9974d4a62664,"C:\Users\USUARIO\Documents\Downloads\BASE DE DATOS 1974-2018 PDFs. WSS\1998\1998-08-04 Luchando por la bendición de la primogenitura (WSS) Chicago, EEUU.pdf",1998-08-04,Luchando por la bendicion de la Primogenitura.,orden_logico,,,0.000000
062056e1-c07a-4c78-8ce3-cdfb7412f185,75a45112-3993-4619-8691-e9d2a0f75b94,"C:\Users\USUARIO\Documents\Downloads\BASE DE DATOS 1974-2018 PDFs. WSS\1998\1998-08-06 La Piedra ungida en Bet-el (WSS) Texas, EEUU.pdf",1998-08-06,La Piedra Ungida en Bet el.,orden_logico,,,0.000000
d818fbc3-60a1-4aa3-906f-afb977f2500b,d6e8ba36-3555-41f2-9f4a-f69b88496cd3,"C:\Users\USUARIO\Documents\Downloads\BASE DE DATOS 1974-2018 PDFs. WSS\1998\1998-08-06 La lucha del Ángel con Jacob aplicada al día postrero (WSS) Dallas, EEUU.pdf",1998-08-06,La lucha del Angel con Jacob aplicada al dia postrero.,orden_logico,,,0.000000
af1e2d40-0e6d-43b0-b2f7-d150379fa906,02f05222-5ea5-487e-b7ad-1bfa38158e9e,"C:\Users\USUARIO\Documents\Downloads\BASE DE DATOS 1974-2018 PDFs. WSS\1998\1998-08-07 El vencedor que recibe la bendición (WSS) Monterrey, Mexico.pdf",1998-08-07,El Vencedor que recibe la bendicion.,orden_logico,,,0.000000
950857e8-dac0-48be-9b53-0b1464cc574e,5f1cf492-e3ba-4132-9738-e416fd2e654a,C:\Users\USUARIO\Documents\Downloads\BASE DE DATOS 1974-2018 PDFs. WSS\1998\1998-08-08 José con el alimento para sus hermanos (WSS) México.pdf,1998-08-08,Jose con el alimento para sus hermanos.,orden_logico,,,0.000000
c9c0a46e-85c2-4a82-99fa-1aa0d7857eb1,df759b23-cace-43b3-8215-2cc93c756caf,"C:\Users\USUARIO\Documents\Downloads\BASE DE DATOS 1974-2018 PDFs. WSS\1998\1998-08-08 El Camino al Trono es Duro y Dificil (WSS) Monterrey, México (movil).pdf",1998-08-08,El Camino al Trono es Duro y Dificil.,orden_logico,,,0.000000
1c64f7c4-750b-4d4c-8273-7b96e7d80a76,4d5c26f6-f66c-40f6-ae41-1c62a1a8cb87,"C:\Users\USUARIO\Documents\Downloads\BASE DE DATOS 1974-2018 PDFs. WSS\1998\1998-08-09 El Interprete de los sueños (WSS) Monterrey, México (movil).pdf",1998-08-09,El Interprete de los sueños. sencillo,orden_logico,,,0.000000
44e6f2f3-570f-4b0a-ad18-fd6d0058fd57,267be5e7-99be-4db4-b997-5c573f174ff8,"C:\Users\USUARIO\Documents\Downloads\BASE DE DATOS 1974-2018 PDFs. WSS\1998\1998-08-12 El hijo de la mano derecha (WSS) Reynosa, Mexico.pdf",1998-08-12,El hijo de la mano Derecha.,orden_logico,,,0.000000
8d1b201e-1e7e-48ed-b452-e19cd61f9b20,4b10ee53-591e-4401-8b42-ae2668a970df,"C:\Users\USUARIO\Documents\Downloads\BASE DE DATOS 1974-2018 PDFs. WSS\1998\1998-08-15 Una Señal segura, servireis a Dios sobre este monte (WSS) Tamaulipas, México.pdf",1998-08-15,Una Señal segura servireis a Dios sobre este monte.,orden_logico,,,0.000000
f64f6040-8fe3-459a-a1f7-22bca6e73235,06566890-9e2f-40ab-80c4-958a1d7111cb,"C:\Users\USUARIO\Documents\Downloads\BASE DE DATOS 1974-2018 PDFs. WSS\1998\1998-08-15 La lucha por la transformacion (WSS) Allende, Mexico.pdf",1998-08-15,La Lucha por la Transformacion.,orden_logico,,,0.000000
52ef5336-95a2-4ad8-9814-174cd19d13f4,a5e64fda-a6cd-4578-a5a1-b89746d6a03c,"C:\Users\USUARIO\Documents\Downloads\BASE DE DATOS 1974-2018 PDFs. WSS\1998\1998-08-18 El pueblo que sale con gran riqueza (WSS) Tizayuca, México.pdf",1998-08-18,El pueblo que sale con gran riqueza.,orden_logico,,,0.000000
2d9d7fde-488d-4baf-9a89-949ed37a93fb,d7f913af-18aa-4518-9efd-00217053e2d9,"C:\Users\USUARIO\Documents\Downloads\BASE DE DATOS 1974-2018 PDFs. WSS\1998\1998-08-21 La juventud eterna (WSS) Xalapa, Mexico (movil).pdf",1998-08-21,La juventud eterna.,cierre,,,0.000000
15da9027-7775-4832-bf3b-4f823caf7efa,f40cd041-7853-4574-96be-3108336dd66e,"C:\Users\USUARIO\Documents\Downloads\BASE DE DATOS 1974-2018 PDFs. WSS\1998\1998-08-21 El tiempo de la cosecha (WSS) Xalapa, Veracruz, México.pdf",1998-08-21,El tiempo de la cosecha.,orden_logico,,,0.000000
e2890ac5-b41d-416c-8504-aeec981c0156,c38f6862-57f3-4db2-921a-4fae2255fe1f,"C:\Users\USUARIO\Documents\Downloads\BASE DE DATOS 1974-2018 PDFs. WSS\1998\1998-08-22 El crecimiento de los Niños (WSS) Veracruz, México.pdf",1998-08-22,El Crecimiento de los Niños.,orden_logico,,,0.000000
a60a4b27-8ac7-49fe-9d32-1cfa3056d75c,7cbd96ca-4870-48c5-b3ea-72e622b80eb9,"C:\Users\USUARIO\Documents\Downloads\BASE DE DATOS 1974-2018 PDFs. WSS\1998\1998-08-24 Dios Liberta a su pueblo en la Vigilia de la mañana (WSS) Veracruz, México (movil).pdf",1998-08-24,Dios Liberta a su pueblo en la Vigilia de la mañana. sencillo,orden_logico,,,0.000000
b57c0386-3186-4674-be33-19e345457d03,f04ef377-8dcf-4cbe-9b78-31d7a217081b,"C:\Users\USUARIO\Documents\Downloads\BASE DE DATOS 1974-2018 PDFs. WSS\1998\1998-08-26 El Arbol que endulza las Aguas (WSS) Chilpancingo, México (movil).pdf",1998-08-26,El Arbol que endulza las Aguas.,orden_logico,,,0.000000
8cc0bcb0-ba8d-4a61-9424-bb0f3c27b93e,9786f096-8b62-472a-8fcc-7da4b9727484,C:\Users\USUARIO\Documents\Downloads\BASE DE DATOS 1974-2018 PDFs. WSS\1998\1998-08-26 Dios con su Misericordia lleva a su Pueblo a su Santa Morada. booklet.pdf,1998-08-26,Dios con su Misericordia lleva a su Pueblo a su Santa Morada.,orden_logico,,,0.000000
65ab227a-2007-4308-8556-ec656dc6e0a5,03c238de-3fbc-4922-b485-28a7d6cfa75f,"C:\Users\USUARIO\Documents\Downloads\BASE DE DATOS 1974-2018 PDFs. WSS\1998\1998-08-27 Los Bienaventurados (WSS) Cuernavaca, México (movil).pdf",1998-08-27,Los Bienaventurados.,orden_logico,,,0.000000
e9522af3-f0c3-4161-bc25-e8858680f9e0,ffb8785d-a097-439c-a44d-d1917d756014,"C:\Users\USUARIO\Documents\Downloads\BASE DE DATOS 1974-2018 PDFs. WSS\1998\1998-08-28 La peña de Horeb herida para producir agua (WSS) Villahermosa, México.pdf",1998-08-28,La peña de Horeb herida para producir agua.,orden_logico,,,0.000000
d812011d-cf93-4e00-be64-1c386a17d2dd,db8a1c81-027e-4dad-bd45-83cf826e37f6,"C:\Users\USUARIO\Documents\Downloads\BASE DE DATOS 1974-2018 PDFs. WSS\1998\1998-08-28 Ocupados en los negocios de nuestro Padre Celestial (WSS) Villahermosa, México.pdf",1998-08-28,Ocupados en los negocios de nuestro Padre Celestial.,orden_logico,,,0.000000
6418812a-50c8-4959-85f2-7e5d85029bff,ebc5d3bb-1511-4123-a3b3-9ca39c8bf567,"C:\Users\USUARIO\Documents\Downloads\BASE DE DATOS 1974-2018 PDFs. WSS\1998\1998-09-01 La Ley de Moises Magnificada (WSS) Motozintla, Chiapas, México.pdf",1998-09-01,La Ley de Moises Magnificada.,orden_logico,,,0.000000
39de66e9-e74c-4a12-9306-358ece2710b3,e78e7bcf-eecb-423c-821a-add110e261b4,"C:\Users\USUARIO\Documents\Downloads\BASE DE DATOS 1974-2018 PDFs. WSS\1998\1998-09-03 La cosecha del Dia Postrero (WSS) Ciudad de México, México.pdf",1998-09-03,La cosecha del Dia Postrero.,orden_logico,,,0.000000
88b01a9f-b80b-4443-9733-65209b6e38ff,9da18b05-dad8-416e-bf12-a2dafc6a273a,"C:\Users\USUARIO\Documents\Downloads\BASE DE DATOS 1974-2018 PDFs. WSS\1998\1998-09-04 El Misterio del Tabernaculo de Dios (WSS) Luna 31, México (movil).pdf",1998-09-04,El Misterio del Tabernaculo de Dios.,orden_logico,,,0.000000
d3a0b17a-358f-4ce2-815b-a9a79927d247,eae6f2c7-bebf-4ea2-b262-678db5207b8c,"C:\Users\USUARIO\Documents\Downloads\BASE DE DATOS 1974-2018 PDFs. WSS\1998\1998-09-04 Levantando las Alas como Aguila (WSS) Ciudad de México, México.pdf",1998-09-04,Levantando las Alas como Aguila.,orden_logico,,,0.000000
00518f91-d7cd-4c4d-9958-4be91823ff12,7bd59271-52db-4ef5-a715-57da4d883dc2,"C:\Users\USUARIO\Documents\Downloads\BASE DE DATOS 1974-2018 PDFs. WSS\1998\1998-09-04 El que Enseña de Corazon a Corazon (WSS) Ciudad de México, México.pdf",1998-09-04,El que Enseña de Corazon a Corazon.,orden_logico,,,0.000000
cf74e8a6-f351-42bb-98fe-9bea89077155,98f35e23-925d-475b-b284-f49035fbf77c,C:\Users\USUARIO\Documents\Downloads\BASE DE DATOS 1974-2018 PDFs. WSS\1998\1998-09-04 De Corazon a Corazon (WSS) México (movil).pdf,1998-09-04,De Corazon a Corazon.,orden_logico,,,0.000000
75e70412-3610-4b21-9672-8337e8cc5cd3,6e9bfdad-a78f-4a37-b87a-a36b9d026798,"C:\Users\USUARIO\Documents\Downloads\BASE DE DATOS 1974-2018 PDFs. WSS\1998\1998-09-05 El misterio del Atrio del Tabernaculo (WSS) Ecatepec, México (movil).pdf",1998-09-05,El MIsterio del atrio del tabernaculo.,orden_logico,,,0.000000
e64f2df1-22fb-4a53-bdf6-910fe9653445,c55b6585-2282-4110-9bac-9b249fe58558,C:\Users\USUARIO\Documents\Downloads\BASE DE DATOS 1974-2018 PDFs. WSS\1998\1998-09-05 El misterio del Altar de bronce (WSS) México (movil).pdf,1998-09-05,El misterio del Altar de bronce.,orden_logico,,,0.000000
8752fd6a-2d42-4172-a096-b93ef996f86b,58ded993-62c6-4dbb-94da-4317b06e8fad,"C:\Users\USUARIO\Documents\Downloads\BASE DE DATOS 1974-2018 PDFs. WSS\1998\1998-09-06 El misterio del aceite para las lamparas (WSS) Santa Martha, México (movil).pdf",1998-09-06,El misterio del aceite para las lamparas. sencillo,orden_logico,,,0.000000
19026ca2-931d-4a06-a350-3e7805073b8f,5a037658-2fe4-4c63-b7bd-50d6b286c144,"C:\Users\USUARIO\Documents\Downloads\BASE DE DATOS 1974-2018 PDFs. WSS\1998\1998-09-06 Protegidos contra la astucia de la Serpiente (WSS) Ciudad México, México.pdf",1998-09-06,Protegidos contra la astucia de la serpiente. sencillo,orden_logico,,,0.000000
033cd29d-8122-4f7c-a4c0-d930715549fe,c1995eb4-1195-4926-b64a-4cda93b8764e,"C:\Users\USUARIO\Documents\Downloads\BASE DE DATOS 1974-2018 PDFs. WSS\1998\1998-09-10 El velo que Cristo nos ha quitado (WSS) San Bartolomé, Guatemala (movil).pdf",1998-09-10,El velo que Cristo nos ha quitado.,orden_logico,,,0.000000
9efcff43-5e4f-42e0-a6cc-c10eecd0c58c,7ce940c3-0f34-43b6-83a4-9ba106b85d52,"C:\Users\USUARIO\Documents\Downloads\BASE DE DATOS 1974-2018 PDFs. WSS\1998\1998-09-11 El pueblo Guiado por la Columna de Fuego (WSS) Jocotenango, Sacatepéquez, Guatemala.pdf",1998-09-11,El pueblo Guiado por la Columna de Fuego.,orden_logico,,,0.000000
58eac988-2a93-47ae-9634-69cf261571a0,c8f9b7bb-8312-4e9c-9017-dfee9a8d3d3c,"C:\Users\USUARIO\Documents\Downloads\BASE DE DATOS 1974-2018 PDFs. WSS\1998\1998-09-14 Los Primogenitos pertenecen a Dios (WSS) San Salvador, El Salvador.pdf",1998-09-14,Los Primogenitos pertenecen a Dios.,orden_logico,,,0.000000
4dbeba69-cf13-406b-badd-2fae3e4579fb,bbaaccb6-eed3-451e-a5f6-32cf89ea1601,"C:\Users\USUARIO\Documents\Downloads\BASE DE DATOS 1974-2018 PDFs. WSS\1998\1998-09-16 El lugar desde donde Dios habla (WSS) Managua, Nicaragua.pdf",1998-09-16,El lugar desde donde Dios habla.,orden_logico,,,0.000000
1439f6bf-77a8-4a4c-af1d-10bb7a510264,9351bab6-f02b-4a53-a041-5893cded5388,C:\Users\USUARIO\Documents\Downloads\BASE DE DATOS 1974-2018 PDFs. WSS\1998\1998-09-27 Los Dos Querubines desde donde Dios nos habla (WSS) México.pdf,1998-09-27,Los Dos Querubines desde donde Dios nos habla. sencillo,orden_logico,,,0.000000
f4a2f618-c370-4dca-a42a-aa2a7cd18669,84711dc0-6950-4a38-9a67-535af78d1d44,C:\Users\USUARIO\Documents\Downloads\BASE DE DATOS 1974-2018 PDFs. WSS\1988\1998-10-03 La Obra Evangelistica que tiene que llevar a cabo la juventud.pdf,1998-10-03,La Obra Evangelistica que tiene que llevar a cabo La Juventud.,orden_logico,,,0.000000
795e4c2c-6389-41b2-8689-808c2bfc77ae,56d969b8-cfdd-4745-903d-82562cce1a22,"C:\Users\USUARIO\Documents\Downloads\BASE DE DATOS 1974-2018 PDFs. WSS\1998\1998-10-04 La Guianza de la Paloma y la Fortaleza del Aguila (WSS) Cayey, Puerto Rico (movil).pdf",1998-10-04,La guianza de la Paloma y la fortaleza del Aguila.,orden_logico,,,0.000000
51b9b1a7-c233-4306-9a84-ef19172b270b,ec09ef11-6f36-4335-9b76-0e4b13ded1c5,"C:\Users\USUARIO\Documents\Downloads\BASE DE DATOS 1974-2018 PDFs. WSS\1998\1998-10-09 Revelando al Padre y revelando a Jesucristo (WSS) Bogotá, Colombia.pdf",1998-10-09,Revelando al Padre y revelando a Jesucristo.,orden_logico,,,0.000000
20ea9920-1bdf-4460-a71c-77654c1c3287,fff29303-c764-40be-ab8e-48e1cb87f2ac,"C:\Users\USUARIO\Documents\Downloads\BASE DE DATOS 1974-2018 PDFs. WSS\1998\1998-10-12 El Vino del dia postrero (WSS) Quito, Ecuador.pdf",1998-10-12,El Vino del dia postrero.,orden_logico,,,0.000000
33f16c96-c3fc-4cc8-b381-5faff81dca9a,91f068be-2f2d-4acb-bec1-3d3198104299,"C:\Users\USUARIO\Documents\Downloads\BASE DE DATOS 1974-2018 PDFs. WSS\1998\1998-10-13 La Serpiente de Bronce levantada en el calvario para vida eterna (WSS) Milagro, Ecuador (movil).pdf",1998-10-13,La Serpiente de Bronce levantada en el calvario para vida eterna. sencillo,orden_logico,,,0.000000
3c4c8e24-d469-4afb-be61-5192cfcae97f,6ec4a1a5-ea03-4fb3-a752-8669c5c05a9f,"C:\Users\USUARIO\Documents\Downloads\BASE DE DATOS 1974-2018 PDFs. WSS\1998\1998-10-13 La Señal de Dios a los incredulos (WSS) Santa Rosa, El Oro, Ecuador.pdf",1998-10-13,La Señal de Dios a los incredulos.,orden_logico,,,0.000000
c995231d-4dac-4896-9926-7b0a1c1e353c,4686d4f2-d580-41b2-8c97-7db1f61b89c2,"C:\Users\USUARIO\Documents\Downloads\BASE DE DATOS 1974-2018 PDFs. WSS\1998\1998-10-14 Hablando de acuerdo a lo que sabemos y lo que oimos (WSS) Balao, Guayas, Ecuador.pdf",1998-10-14,Hablando de acuerdo a lo que sabemos y lo que oimos.,orden_logico,,,0.000000
b70ac03e-8e6c-4dc5-8df3-7e87d21a1872,234cc14e-8ee3-417a-97bf-690608490577,"C:\Users\USUARIO\Documents\Downloads\BASE DE DATOS 1974-2018 PDFs. WSS\1998\1998-10-15 La rebelion de Core en el dia postrero - RM (WSS) Quito, Ecuador.pdf",1998-10-15,RM La rebelion de Core en el dia postrero.,orden_logico,,,0.000000
8cba698f-fd2a-40ed-915c-b73bfb8540ed,199ad1f5-892c-4fa8-85d2-22385af4cf32,C:\Users\USUARIO\Documents\Downloads\BASE DE DATOS 1974-2018 PDFs. WSS\1998\1998-10-16 RM El ministerio de Melquisedec en el Templo que esta en el cielo (MOVIL).pdf,1998-10-16,RM EL ministerio de Melquisedec en el Templo qué está en el Cielo,duplicacion,conferencia_id ya seleccionado,,0.000000
0ad65291-35d2-4f99-858d-b79c3a65681e,28e6ff1c-ee8c-42d3-958c-23f5260d4efb,"C:\Users\USUARIO\Documents\Downloads\BASE DE DATOS 1974-2018 PDFs. WSS\1998\1998-10-20 Aprovechando bien el tiempo (WSS) Santa Cruz, Bolivia.pdf",1998-10-20,Aprovechando bien el tiempo.,orden_logico,,,0.000000
89cda85c-9e48-4b98-85e4-9cb7e34e2ec3,fb9a9c48-5806-4b6e-92a3-a698b249fb78,"C:\Users\USUARIO\Documents\Downloads\BASE DE DATOS 1974-2018 PDFs. WSS\1998\1998-10-20 Los siete Espiritus delante del Trono de Dios (WSS) Santa Cruz, Bolivia.pdf",1998-10-20,Los siete Espiritus delante del Trono de Dios.,orden_logico,,,0.000000
7d984cc5-b489-4247-84b7-1a862a74f02e,56ce9006-3582-4ae9-8d41-74f5ba82788b,"C:\Users\USUARIO\Documents\Downloads\BASE DE DATOS 1974-2018 PDFs. WSS\1998\1998-10-21 Los Siete Espiritus que estan delante de la Presencia del Señor (WSS) La Paz, Bolivia.pdf",1998-10-21,Los Siete Espiritus que estan delante de la Presencia del Señor.,orden_logico,,,0.000000
1a28d1f7-b869-4d5d-b70d-45fb5c6e989a,c94377a7-1637-45a6-a74e-6c3680dd6248,"C:\Users\USUARIO\Documents\Downloads\BASE DE DATOS 1974-2018 PDFs. WSS\1998\1998-10-21 El Testigo Fiel del dia postrero (WSS) La Paz, Bolivia.pdf",1998-10-21,El Testigo Fiel del dia postrero.,orden_logico,,,0.000000
d5d249c2-f27f-4e3a-accd-1e6227681c38,499636dc-b6a3-4357-9d25-fd87b95c7f73,"C:\Users\USUARIO\Documents\Downloads\BASE DE DATOS 1974-2018 PDFs. WSS\1998\1998-10-22 El Dia del Señor (WSS) La Paz, Bolivia.pdf",1998-10-22,El Dia del Señor.,orden_logico,,,0.000000
a4457b4f-b77d-41d8-b532-02285a9f3c3f,0d8d23fc-0357-4d0a-a72e-10560a6a75b2,"C:\Users\USUARIO\Documents\Downloads\BASE DE DATOS 1974-2018 PDFs. WSS\1998\1998-10-23 Mirando y Viendo a Jesus en el Dia Postrero (WSS) Santiago de Chile, Chile.pdf",1998-10-23,Mirando y Viendo a Jesus en el Dia Postrero.,orden_logico,,,0.000000
e2cd8800-6385-486c-acd7-f66808093a0c,a613a2a2-53e0-4b5e-a7f8-2a7f1f65253a,"C:\Users\USUARIO\Documents\Downloads\BASE DE DATOS 1974-2018 PDFs. WSS\1998\1998-10-24 Adoradores del Padre en Espiritu y en Verdad (WSS) Santiago de Chile, Chile.pdf",1998-10-24,Adoradores del Padre en Espiritu y en Verdad.,orden_logico,,,0.000000
54fd04c7-0324-46dd-8ed3-8340f11b263d,2c90c88c-b811-4a8d-a388-c0b7f3008591,"C:\Users\USUARIO\Documents\Downloads\BASE DE DATOS 1974-2018 PDFs. WSS\1998\1998-10-25 Los Reyes y Sacerdotes de Dios en los dias postreros (WSS) Santiago de Chile, Chile.pdf",1998-10-25,Los Reyes y Sacerdotes de Dios en los dias postreros.,orden_logico,,,0.000000
f41014b9-96dc-48ea-a31e-ae58ee53f079,60df8c97-f4f1-496a-bbdf-67c425817686,C:\Users\USUARIO\Documents\Downloads\BASE DE DATOS 1974-2018 PDFs. WSS\1998\1998-10-31 Creciendo en el Amor la Corona de las Virtudes (WSS) Argentina (movil).pdf,1998-10-31,Creciendo en el Amor la Corona de las Virtudes. sencillo,cierre,,,0.000000
55683533-0428-4f6b-affd-bd2b1dd098c6,8591d0f3-3894-4c8e-8edf-36d3d81c208c,"C:\Users\USUARIO\Documents\Downloads\BASE DE DATOS 1974-2018 PDFs. WSS\1998\1998-11-01 El arbol de la Vida en Medio del Paraiso de Dios parte 1 (WSS) Cordoba, Argentina.pdf",1998-11-01,El arbol de la Vida en Medio del Paraiso de DIos parte 1.,orden_logico,,,0.000000
a1009a7d-6de0-4c1b-9bce-564285d0cf57,583a5468-d0fe-439f-b719-302e81349d70,"C:\Users\USUARIO\Documents\Downloads\BASE DE DATOS 1974-2018 PDFs. WSS\1998\1998-11-02 El Arbol de la Vida en medio del Paraiso de Dios parte 2 (WSS) Palpalá, Jujuy, Argentina.pdf",1998-11-02,El Arbol de la Vida en medio del Paraiso de Dios parte 2.,orden_logico,,,0.000000
710f64dd-5f73-40b4-9691-f773ccfe20b0,6b7e7e8d-e863-403e-9b5f-dd9cf7399f9b,"C:\Users\USUARIO\Documents\Downloads\BASE DE DATOS 1974-2018 PDFs. WSS\1998\1998-11-03 El Don de Dios dandonos Agua Viva (WSS) San Pedro, Jujuy, Argentina.pdf",1998-11-03,El Don de Dios dandonos Agua Viva.,orden_logico,,,0.000000
beff29c2-44fd-49ad-8fc8-2efbec8cb4e9,d52c6ec1-bf44-4c5b-a524-f8a628ebae39,"C:\Users\USUARIO\Documents\Downloads\BASE DE DATOS 1974-2018 PDFs. WSS\1998\1998-11-05 Los Adoradores que Dios Busca (WSS) Resistencia, Argentina.pdf",1998-11-05,Los Adoradores que Dios Busca.,orden_logico,,,0.000000
25038653-38eb-493d-b980-36f131826529,4fc08850-b9b2-485e-a532-dc1122fc3332,"C:\Users\USUARIO\Documents\Downloads\BASE DE DATOS 1974-2018 PDFs. WSS\1998\1998-11-07 El que recibe el Nombre nuevo del Señor Jesucristo (WSS) Asunción, Paraguay.pdf",1998-11-07,El que recibe el Nombre nuevo del Señor Jesucristo.,orden_logico,,,0.000000
9f4e9511-65d8-4356-bf1f-9d43be212888,60cf1dd9-eb4e-4bca-b092-bb6f71f8d330,"C:\Users\USUARIO\Documents\Downloads\BASE DE DATOS 1974-2018 PDFs. WSS\1998\1998-11-08 El Vencedor que recibe la estrella de la mañana (WSS) Asunción, Paraguay.pdf",1998-11-08,El Vencedor que recibe la estrella de la mañana.,orden_logico,,,0.000000
df8500ba-6331-45c3-b6d7-5a13b0544283,9c010525-5d88-4869-9404-84e4af59cd16,"C:\Users\USUARIO\Documents\Downloads\BASE DE DATOS 1974-2018 PDFs. WSS\1998\1998-11-10 La Voz de la Trompeta en el monte (WSS) Cayey, Puerto Rico (movil).pdf",1998-11-10,La Voz de la Trompeta en el monte.,orden_logico,,,0.000000
0c5c378d-4747-4efb-9711-ece52ea5d024,5a5354ce-a522-4e41-9caa-f52dc35e76dc,C:\Users\USUARIO\Documents\Downloads\BASE DE DATOS 1974-2018 PDFs. WSS\1998\1998-11-10 La prueba que ha de venir sobre el mundo entero - RM (WSS) Brasil.pdf,1998-11-10,RM La prueba que ha de venir sobre el mundo entero.,orden_logico,,,0.000000
28c0660f-661d-4faf-8af9-9ebb055596e3,7509e614-e871-4503-9b22-8586e0979ac4,"C:\Users\USUARIO\Documents\Downloads\BASE DE DATOS 1974-2018 PDFs. WSS\1998\1998-11-10 La Voz del Señor Jesucristo en el dia postrero (WSS) San José de los Campos, Brasil (movil).pdf",1998-11-10,La Voz del Señor Jesucristo en el dia postrero.,orden_logico,,,0.000000
ed8eed2f-13fa-4afe-843e-1ade14b00643,40a9e9f0-c9ca-486e-8f6c-a148d7730de7,"C:\Users\USUARIO\Documents\Downloads\BASE DE DATOS 1974-2018 PDFs. WSS\1998\1998-11-11 La Obra del Verdadero Ungido de Dios y la obra del falso ungido - RM San José de los Campos, Brasil AClaib.pdf",1998-11-11,RM La Obra del Verdadero Ungido de Dios y la obra del falso ungido,orden_logico,,,0.000000
eaee7a7a-0621-4116-8504-0b9354d48cae,63ffad17-b073-4956-a6d5-f91d9ab9d12b,"C:\Users\USUARIO\Documents\Downloads\BASE DE DATOS 1974-2018 PDFs. WSS\1998\1998-11-12 Una Puerta Abierta (WSS) Lausame, Brasil (movil).pdf",1998-11-12,Una Puerta Abierta. sencillo,orden_logico,,,0.000000
f3f3b402-a1f2-4c1d-841d-0e5189d9c37d,6f1061b2-d257-47f6-9043-fefff14a22fa,"C:\Users\USUARIO\Documents\Downloads\BASE DE DATOS 1974-2018 PDFs. WSS\1998\1998-11-16 Una puerta abierta en el Cielo (WSS) Bello Horizonte, Brasil.pdf",1998-11-16,Una puerta abierta en el Cielo.,orden_logico,,,0.000000
61eb4408-230c-437a-99fe-3104bf8afbf6,379b691b-b90f-4564-b37e-31a6644c15e8,"C:\Users\USUARIO\Documents\Downloads\BASE DE DATOS 1974-2018 PDFs. WSS\1998\1998-11-19 El arrebatamiento espiritual y el arrebatamiento literal de la Iglesia del Señor Jesucristo (WSS) Piranha, Brasil (movil).pdf",1998-11-19,El Arrebatamiento espiritual y el Arrebatamiento literal de la Iglesia del Señor Jesucristo.,cierre,,,0.000000
70bccee7-09a4-477c-9e1d-d07e0399c676,ca3d17e7-4747-4181-a7cf-8738888d7bec,"C:\Users\USUARIO\Documents\Downloads\BASE DE DATOS 1974-2018 PDFs. WSS\1998\1998-11-21 El nuevo cantico del dia postrero (WSS) Goiania, Brasil.pdf",1998-11-21,El nuevo cantico del dia postrero.,orden_logico,,,0.000000
653965c1-78ff-4567-af34-1cca0c9491fb,366f3acc-41d5-4b21-a5b3-4bf92181f835,"C:\Users\USUARIO\Documents\Downloads\BASE DE DATOS 1974-2018 PDFs. WSS\1998\1998-11-28 Recibiendo Al que viene en el Nombre del Señor (WSS) San Pablo, Brasil (movil).pdf",1998-11-28,Recibiendo al que viene en el Nombre del Señor,orden_logico,,,0.000000
17147119-3edb-456e-9d87-3a4fad0b6b6a,a3457f27-a699-4478-88a3-fc05491aa2ff,"C:\Users\USUARIO\Documents\Downloads\BASE DE DATOS 1974-2018 PDFs. WSS\1998\1998-12-02 El Profeta que ve a Dios cara a cara (WSS) Bogotá, Colombia.pdf",1998-12-02,El Profeta que ve a Dios cara a cara.,orden_logico,,,0.000000
532d7b70-6057-4fa7-bbe5-6396d90557b9,4388052e-63d6-4ee5-bd09-37c65dbaf32d,"C:\Users\USUARIO\Documents\Downloads\BASE DE DATOS 1974-2018 PDFs. WSS\1998\1998-12-04 La posición de la mujer en la Biblia (WSS) Bogotá, Colombia (movil).pdf",1998-12-04,La posicion de la mujer en la Biblia.,orden_logico,,,0.000000
575b8c21-abae-493e-8913-80b7f6fbaa71,8e7e6c97-db87-4fdc-8049-3f94f09277b7,"C:\Users\USUARIO\Documents\Downloads\BASE DE DATOS 1974-2018 PDFs. WSS\1998\1998-12-05 La mujer en el programa Divino (WSS) Bogotá, Colombia.pdf",1998-12-05,La mujer en el programa Divino.,orden_logico,,,0.000000
4729f89d-2e8f-4373-9866-212e1cb1695b,35f7b430-1ecd-4a25-baf5-09e3baa7e2a5,"C:\Users\USUARIO\Documents\Downloads\BASE DE DATOS 1974-2018 PDFs. WSS\1998\1998-12-24 Guiados por la estrella del Mesias (WSS) Cayey, Puerto Rico.pdf",1998-12-24,Guiados por la estrella del Mesias.,orden_logico,,,0.000000
1e721b4e-d979-42ce-8525-21bb267eb4b3,e2bf533f-aafe-4d47-b9dd-9db5b947a926,"C:\Users\USUARIO\Documents\Downloads\BASE DE DATOS 1974-2018 PDFs. WSS\1999\1999-01-01 El Sumo Sacerdote Intercediendo por el Pueblo (WSS) Cayey, Puerto Rico.PDF",1999-01-01,El Sumo Sacerdote Intercediendo por el Pueblo. sencillo,duplicacion,Jaccard 8-gramas=0.740729,16e8f959-ead0-405e-9c1d-7fe8b91d3900,0.740729
813381e0-461c-4dd2-95e3-97fcbff2e115,fc3a54ee-ae1e-427e-998f-73a3ea2a11fc,C:\Users\USUARIO\Documents\Downloads\BASE DE DATOS 1974-2018 PDFs. WSS\1999\1999-01-03 Las bendiciones de la tierra prometida. booklet.pdf,1999-01-03,Las bendiciones de la tierra prometida.,orden_logico,,,0.000000
5b1f7822-feda-409a-a350-fd72eb31c656,55e458f1-78d7-4d62-b369-5e0b1f3afb2a,"C:\Users\USUARIO\Documents\Downloads\BASE DE DATOS 1974-2018 PDFs. WSS\1999\1999-01-03 Una Obra de Fe (WSS) Cayey, Puerto Rico (movil).pdf",1999-01-03,Una Obra de Fe. sencillo,orden_logico,,,0.000000
03b31c52-750b-413d-a6e2-b127561a5c05,391a21ea-f6b2-4cd9-8bd0-544cb015f495,C:\Users\USUARIO\Documents\Downloads\BASE DE DATOS 1974-2018 PDFs. WSS\1999\1999-01-24 La Gran Obra de Cristo en la cruz del calvario.pdf,1999-01-24,La Gran Obra de Cristo en la cruz del calvario.,orden_logico,,,0.000000
41929739-9b96-41da-99f0-24c1142df4c6,1d99f37d-f2f3-4316-940e-0a3b7b299a3b,C:\Users\USUARIO\Documents\Downloads\BASE DE DATOS 1974-2018 PDFs. WSS\1999\1999-01-30 RM La Obra Final.pdf,1999-01-30,RM La Obra Final. sencillo,orden_logico,,,0.000000
90398ee8-2da9-4e15-be35-72e2b8cbd1b0,6f72ef3c-a2cd-47de-b7e4-77932a17d115,"C:\Users\USUARIO\Documents\Downloads\BASE DE DATOS 1974-2018 PDFs. WSS\1999\1999-01-31 El Primer Pensamiento de Dios (WSS) Cayey, Puerto Rico (movil).pdf",1999-01-31,El primer pensamiento de Dios.,orden_logico,,,0.000000
6b5b631b-5e78-45a1-890d-620dbf326cb5,532bea08-f6e8-4a99-91d2-3f30ebf20a0d,C:\Users\USUARIO\Documents\Downloads\BASE DE DATOS 1974-2018 PDFs. WSS\1999\1999-02-08 La Comida que permanece para siempre.pdf,1999-02-08,La Comida que permanece para siempre.,orden_logico,,,0.000000
ed94ff7b-902c-4206-92b8-b404dcad2461,6292c156-1707-44fb-817e-f12a68135979,"C:\Users\USUARIO\Documents\Downloads\BASE DE DATOS 1974-2018 PDFs. WSS\1999\1999-02-08 La unica manera manera de hacer la voluntad de Dios (WSS) Pasto, Colombia.pdf",1999-02-08,La unica manera manera de hacer la voluntad de Dios.,orden_logico,,,0.000000
01a2c78e-9039-4bc9-b4b3-37a452961417,babb3e55-b2f6-4798-afe2-9e64645e628f,"C:\Users\USUARIO\Documents\Downloads\BASE DE DATOS 1974-2018 PDFs. WSS\1999\1999-02-13 El tiempo de la adopcion (WSS) Quito, Ecuador.pdf",1999-02-13,El tiempo de la adopcion.,orden_logico,,,0.000000
6f35d4a4-3caf-43a7-b236-f5ed8392a313,2219442d-0cf9-4c34-984a-ac3b5d14bb30,C:\Users\USUARIO\Documents\Downloads\BASE DE DATOS 1974-2018 PDFs. WSS\1999\1999-02-14 Quedandonos con el que tiene Palabra de vida eterna.pdf,1999-02-14,Quedandonos con el que tiene Palabra de vida eterna.,orden_logico,,,0.000000
06f7c4a6-c16b-4b32-b239-a1e91acaa074,8070c676-6a5e-464a-91bb-2c5ebe75ecd1,C:\Users\USUARIO\Documents\Downloads\BASE DE DATOS 1974-2018 PDFs. WSS\1999\1999-02-19 La bendicion que nos enriquece.pdf,1999-02-19,La bendicion que nos enriquece.,orden_logico,,,0.000000
6f019406-b911-47d1-9e41-fba035efdb79,d144e36d-e514-400b-ba43-8705839f20be,"C:\Users\USUARIO\Documents\Downloads\BASE DE DATOS 1974-2018 PDFs. WSS\1999\1999-02-23 Quedense con la Palabra (WSS) Oruro, Bolivia.pdf",1999-02-23,Quedense con la Palabra.,orden_logico,,,0.000000
a465d2f8-a87a-40fc-a1bc-31bfcec91638,b51a0681-fadd-40ca-88a1-087d0ec4a087,"C:\Users\USUARIO\Documents\Downloads\BASE DE DATOS 1974-2018 PDFs. WSS\1999\1999-03-03 La luz que alumbra a todo hombre (WSS) Quillota, Chile.pdf",1999-03-03,La luz que alumbra a todo hombre.,orden_logico,,,0.000000
0b25be3d-a98b-4478-aa0d-38d7502024f3,fe51f37e-d6ae-45a0-82f5-be593cd54847,"C:\Users\USUARIO\Documents\Downloads\BASE DE DATOS 1974-2018 PDFs. WSS\1999\1999-03-05 La Fuente de la Juventud (WSS) Melipilla, Chile (movil).PDF",1999-03-05,La Fuente de la Juventud. sencillo,cierre,,,0.000000
91ae039d-9ce3-48e9-b04d-271235355ca7,f7f7dc20-84a1-4315-ace5-91619902b560,"C:\Users\USUARIO\Documents\Downloads\BASE DE DATOS 1974-2018 PDFs. WSS\1999\1999-03-07 El misterio de la Piedra que destruira la estatua de Nabucodonosor (WSS) Conchali, Chile.pdf",1999-03-07,El misterio de la Piedra que destruira la estatua de Nabucodonosor.,orden_logico,,,0.000000
5541362e-fe8f-4bf9-bb62-49b355b0c4d6,b66830ca-2d6c-4585-ae1e-84de529f3d4a,"C:\Users\USUARIO\Documents\Downloads\BASE DE DATOS 1974-2018 PDFs. WSS\1999\1999-03-25 Siguiendo la luz que nos introduce a la bendicion (WSS) Itapuna, Brasil.pdf",1999-03-25,Siguiendo la luz que nos introduce a la bendicion.,orden_logico,,,0.000000
a9027710-accb-4606-b843-b6e79affb261,e944d0e4-42a4-420d-ad79-be1165702e29,"C:\Users\USUARIO\Documents\Downloads\BASE DE DATOS 1974-2018 PDFs. WSS\1999\1999-03-28 Recordando el camino por donde nos ha traido el Señor (WSS) San José de los Campos, Brasil (movil).pdf",1999-03-28,Recordando el camino por donde nos ha traido el Señor.,cierre,,,0.000000
ed9bb8fc-c2dd-4425-98cd-5204872832ad,0cb401b7-010d-4e62-9eef-e3ae71d2c09e,"C:\Users\USUARIO\Documents\Downloads\BASE DE DATOS 1974-2018 PDFs. WSS\1999\1999-04-11 La Voz que anuncia al Esposo (WSS) Austin, Texas, EEUU (movil).pdf",1999-04-11,La Voz que anuncia al Esposo. sencillo,orden_logico,,,0.000000
0db6caab-3b1d-48cc-9930-3ff0a91dd892,fc1cb67e-35fd-479e-ac7d-2e3a19df533e,"C:\Users\USUARIO\Documents\Downloads\BASE DE DATOS 1974-2018 PDFs. WSS\1999\1999-04-12 La liberacion de la descendencia de Abraham (WSS) Austin, Texas, EEUU (movil).pdf",1999-04-12,La liberacion de la descendencia de Abraham. sencillo,orden_logico,,,0.000000
6a789397-99fc-4266-a86a-41bfd15f1c28,7519632d-eddd-4301-802b-fe68c1125ded,"C:\Users\USUARIO\Documents\Downloads\BASE DE DATOS 1974-2018 PDFs. WSS\1999\1999-04-16 El Mensaje que sera predicado a todo pueblo nacion lengua y reyes (WSS) Matehuala, México (movil).pdf",1999-04-16,El Mensaje que sera predicado a todo pueblo nacion lengua y reyes. sencillo,orden_logico,,,0.000000
6978662d-6a38-4bb3-9ca3-0a753a7cf063,3eaa8b15-ae52-4930-a1b6-6967bc1ce5ca,C:\Users\USUARIO\Documents\Downloads\BASE DE DATOS 1974-2018 PDFs. WSS\1999\1999-04-22 Identificando La Voz de Cristo en este dia postrero.pdf,1999-04-22,Identificando La Voz de Cristo en este dia postrero.,orden_logico,,,0.000000
ebff8876-7608-4a9a-bb63-fb12eb3f1d73,c90a6f45-2706-4712-a2e0-a7d2d1141dbf,"C:\Users\USUARIO\Documents\Downloads\BASE DE DATOS 1974-2018 PDFs. WSS\1999\1999-04-25 El Dedo de Jesus sigue escribiendo en tierra (WSS) Torreón, México (movil).pdf",1999-04-25,El Dedo de Jesus sigue escribiendo en tierra. sencillo,orden_logico,,,0.000000
0120ff5c-4dd8-4c1a-b073-ec8068159453,eb5680f5-b07c-4df4-95c2-2f9eca910882,C:\Users\USUARIO\Documents\Downloads\BASE DE DATOS 1974-2018 PDFs. WSS\1999\1999-05-04 La unica Voz de Dios.pdf,1999-05-04,La unica Voz de Dios.,orden_logico,,,0.000000
f64c4b19-3b91-4ca3-8ac8-2a03c91ec388,2afae44c-b571-41c2-9ec7-9155cd627e72,C:\Users\USUARIO\Documents\Downloads\BASE DE DATOS 1974-2018 PDFs. WSS\1999\1999-05-05 El Sol que nos Alumbra en el dia postrero.pdf,1999-05-05,El Sol que nos Alumbra en el dia postrero.,orden_logico,,,0.000000
41165f3f-8a32-4c46-95b4-fad21b490b5f,6c8c101b-7b56-4b9b-8906-ff033ba691f7,C:\Users\USUARIO\Documents\Downloads\BASE DE DATOS 1974-2018 PDFs. WSS\1999\1999-05-07 Jesus en pie en el ultimo y gran dia de la fiesta.pdf,1999-05-07,Jesus en pie en el ultimo y gran dia de la fiesta.,orden_logico,,,0.000000
751f030b-9f9b-4364-b6e3-df10ca1305d0,7f83af61-1625-4684-9c44-86a06b61f65d,C:\Users\USUARIO\Documents\Downloads\BASE DE DATOS 1974-2018 PDFs. WSS\1999\1999-05-07 Vino nuevo en odres nuevos.pdf,1999-05-07,Vino nuevo en odres nuevos.,orden_logico,,,0.000000
4a3a6887-9434-4cec-9da2-283d03fb6881,1bc865a6-5108-4a65-84b4-0aed52a5165c,"C:\Users\USUARIO\Documents\Downloads\BASE DE DATOS 1974-2018 PDFs. WSS\1999\1999-05-09 El Cordero con los 144mil hebreos sobre el Monte de Sion (WSS) Veracruz, México (movil).pdf",1999-05-09,El Cordero con los 144mil hebreos sobre el Monte de Sion. sencillo,orden_logico,,,0.000000
c951f20e-2a97-4d32-8fc1-59b5dc426b62,49fabd1b-ccf2-48b5-94d8-e29a990c57ff,C:\Users\USUARIO\Documents\Downloads\BASE DE DATOS 1974-2018 PDFs. WSS\1999\1999-05-11 La Voz de mi Amado.pdf,1999-05-11,La Voz de mi Amado.,orden_logico,,,0.000000
eb11b637-c828-4385-a1d1-2581a107f6fd,5ccbb90d-6e5a-47eb-a47f-ddc26cbe7633,C:\Users\USUARIO\Documents\Downloads\BASE DE DATOS 1974-2018 PDFs. WSS\1999\1999-05-21 Viajando por el desierto de la vida terrenal (WSS) Mexico (movil).pdf,1999-05-21,Viajando por el desierto de la vida terrenal. sencillo,orden_logico,,,0.000000
88c54d5d-fbf8-400c-957a-7d3d011ecfdf,f5247862-46b8-4dd4-9da1-77bdf984579b,"C:\Users\USUARIO\Documents\Downloads\BASE DE DATOS 1974-2018 PDFs. WSS\1999\1999-05-23 Los que hacen las Obras de Abraham (WSS) San Luis, Potosí, México (movil).pdf",1999-05-23,Los que hacen las obras de Abraham.,orden_logico,,,0.000000
05171339-3426-45bf-80bb-6deb007249a9,308a1fac-52b9-4369-a082-498c714e6230,C:\Users\USUARIO\Documents\Downloads\BASE DE DATOS 1974-2018 PDFs. WSS\1999\1999-05-25 Poseyendo todas las cosas.pdf,1999-05-25,Poseyendo todas las cosas.,orden_logico,,,0.000000
3fbd5372-7b1e-4536-a82c-f61cd923c68c,10dfe4b3-94be-419f-be66-1f1a950bd773,C:\Users\USUARIO\Documents\Downloads\BASE DE DATOS 1974-2018 PDFs. WSS\1999\1999-06-01 Saludo a las Maestras.pdf,1999-06-01,Saludo a las Maestras.,orden_logico,,,0.000000
bbcdf688-4a82-4987-a60c-a1245058e80c,459c379d-2004-49f1-b70d-eac7adb00a22,C:\Users\USUARIO\Documents\Downloads\BASE DE DATOS 1974-2018 PDFs. WSS\1999\1999-06-03 La trayectoria de Melquisedec.pdf,1999-06-03,La trayectoria de Melquisedec.,orden_logico,,,0.000000
1e6c477a-05ff-4617-a799-0508e7343344,53118a5f-8f8b-427f-9865-b42cf2c9bb58,C:\Users\USUARIO\Documents\Downloads\BASE DE DATOS 1974-2018 PDFs. WSS\1999\1999-06-04 Vamos a Judea otra vez.pdf,1999-06-04,Vamos a Judea otra vez.,orden_logico,,,0.000000
cf6e6654-3478-4f1c-8bcc-f6ccade76dae,85911f3e-fefd-46cc-bc95-dbfc51d1464e,C:\Users\USUARIO\Documents\Downloads\BASE DE DATOS 1974-2018 PDFs. WSS\1999\1999-06-08 La juventud del dia postrero.pdf,1999-06-08,La juventud del dia postrero.,orden_logico,,,0.000000
db5de855-aae7-4d67-8cad-04d9d9c95675,a6d5db2b-111f-4463-a26c-36464d3128ac,"C:\Users\USUARIO\Documents\Downloads\BASE DE DATOS 1974-2018 PDFs. WSS\1999\1999-06-13 La Gran Señal que Dios nos da (WSS) Cayey, Puerto Rico (movil).pdf",1999-06-13,La gran señal que Dios nos da.,orden_logico,,,0.000000
8e18b110-c361-43b0-a87d-3becc756888c,f6d676de-fd5f-4662-8c36-3f83f3658711,"C:\Users\USUARIO\Documents\Downloads\BASE DE DATOS 1974-2018 PDFs. WSS\1999\1999-08-10 Agarrados de la Mano de Dios (WSS) Mineral Wallis, Texas, EEUU (movil).pdf",1999-08-10,Agarrados de la Mano de Dios.,orden_logico,,,0.000000
a6820d4b-6738-486d-87bd-35331cf33d53,6a6bc33e-2c88-44bb-a465-f8f6946a0f3e,C:\Users\USUARIO\Documents\Downloads\BASE DE DATOS 1974-2018 PDFs. WSS\1999\1999-08-15 Señor queremos ver a Jesús (WSS) (movil).pdf,1999-08-15,Señor queremos ver a Jesús.,orden_logico,,,0.000000
f02106ec-0318-471d-b51d-a344a7796b19,b6628707-66f0-494e-bf6d-72211b3ce4d5,"C:\Users\USUARIO\Documents\Downloads\BASE DE DATOS 1974-2018 PDFs. WSS\1999\1999-08-20 El Enviado a buscar los hijos de Dios (WSS) Ecatepec, México (movil).pdf",1999-08-20,El Enviado a buscar los hijos de Dios. sencillo,orden_logico,,,0.000000
30b5487f-27bc-477e-acb5-453640eaed48,a290a871-9207-44aa-ae52-0877ef6e3242,C:\Users\USUARIO\Documents\Downloads\BASE DE DATOS 1974-2018 PDFs. WSS\1999\1999-08-23 El tabernaculo de Dios que desciende del cielo (WSS) México (movil).pdf,1999-08-23,El tabernaculo de Dios que desciende del cielo. sencillo,orden_logico,,,0.000000
233beb53-f1fa-4caa-a211-d9d9663821fb,c08a9c2e-2618-4ec9-bcaf-bda079efc462,C:\Users\USUARIO\Documents\Downloads\BASE DE DATOS 1974-2018 PDFs. WSS\1999\1999-08-27 La bendicion del Arbol que produce al ciento por uno.pdf,1999-08-27,RM La bendicion del Arbol que produce al ciento por uno.,orden_logico,,,0.000000
d0acaa5b-ee3e-4172-9c6a-9333844c743b,884c4740-a074-4cd5-8de8-071b11bee303,"C:\Users\USUARIO\Documents\Downloads\BASE DE DATOS 1974-2018 PDFs. WSS\1999\1999-08-29 El proposito de la Segunda Venida de Cristo (WSS) Topochico, México (movil).pdf",1999-08-29,El proposito de la Segunda Venida de Cristo. sencillo,orden_logico,,,0.000000
50a6d48b-0421-43d7-81ea-27e443e4d91f,44260c38-f527-411a-b552-c86342a8227c,"C:\Users\USUARIO\Documents\Downloads\BASE DE DATOS 1974-2018 PDFs. WSS\1999\1999-08-31 El Misterioso Ministerio de Melquisedec alimentando a los que tienen hambre y sed de Justicia (WSS) Veracruz, México (movil).pdf",1999-08-31,El Misterioso Ministerio de Melquisedec alimentando a los que tienen hambre y sed de Justicia.,cierre,,,0.000000
518f90e1-c418-4731-888f-5b3761bda0af,7e15d898-d8a6-475a-8cea-f673836a58e9,"C:\Users\USUARIO\Documents\Downloads\BASE DE DATOS 1974-2018 PDFs. WSS\1999\1999-09-10 La Escogencia de Dios (WSS) Santa Martha, México (movil).pdf",1999-09-10,La escogencia de Dios.,orden_logico,,,0.000000
1d22679b-8f27-4835-b898-cc08b8b1923e,acf5d64e-9ee6-4ed2-af25-b927a21c4b2e,"C:\Users\USUARIO\Documents\Downloads\BASE DE DATOS 1974-2018 PDFs. WSS\1999\1999-09-12 La Casa llena del Perfume de Dios (WSS) Santa Martha, México (movil).pdf",1999-09-12,La Casa llena del Perfume de Dios. sencillo,orden_logico,,,0.000000
7a7de427-5cdd-485b-b36c-27b465bf6fcf,1d9a3352-dfd3-49ec-b609-6f133d249b37,C:\Users\USUARIO\Documents\Downloads\BASE DE DATOS 1974-2018 PDFs. WSS\1999\1999-09-14 Las escrituras abiertas en el tiempo del fin (WSS) Guatemala (movil).pdf,1999-09-14,Las escrituras abiertas en el tiempo del fin. sencillo,orden_logico,,,0.000000
c5b40d99-52eb-4432-bcf7-3099cb6a1e25,21f8f93a-9647-4814-a833-b2956af09f54,C:\Users\USUARIO\Documents\Downloads\BASE DE DATOS 1974-2018 PDFs. WSS\1999\1999-09-17 Saludo a Damas niños jovenes y dedicacion de imprenta (WSS) (movil).pdf,1999-09-17,Saludo a Damas niños jovenes y dedicacion de imprenta. sencillo,orden_logico,,,0.000000
cf2f54a6-c1d5-4b7b-9b39-ec51f0c035c4,40a66ba5-4dcd-4508-8aeb-c0937e94b42b,C:\Users\USUARIO\Documents\Downloads\BASE DE DATOS 1974-2018 PDFs. WSS\1999\1999-09-19 Dios Glorifica su Nombre otra vez.pdf,1999-09-19,Dios Glorifica su Nombre otra vez.,orden_logico,,,0.000000
2fe754d1-21f4-487d-a740-1f097bf98b72,11c8bdad-c839-4daa-9f31-ba3b27d96976,C:\Users\USUARIO\Documents\Downloads\BASE DE DATOS 1974-2018 PDFs. WSS\1999\1999-09-21-La luz que jamas se apagara. booklet.pdf,1999-09-21,La luz que jamas se apagara.,orden_logico,,,0.000000
b34afe85-6c01-4953-a724-5520d1d49905,312fcf93-7475-4a4e-8644-d13ab3bc258e,"C:\Users\USUARIO\Documents\Downloads\BASE DE DATOS 1974-2018 PDFs. WSS\1999\1999-09-26 El tesoro de Dios que estaba escondido (WSS) Cayey, Puerto Rico (movil).pdf",1999-09-26,El Tesoro de Dios que estaba escondido.,orden_logico,,,0.000000
ed920b17-8522-41bb-a854-9663589c758e,2483b200-db02-44c2-a8d1-aa9aca4798f4,"C:\Users\USUARIO\Documents\Downloads\BASE DE DATOS 1974-2018 PDFs. WSS\1999\1999-10-07 La Corona de las Virtudes (WSS) Villavicencio, Colombia (movil).pdf",1999-10-07,La Corona de las Virtudes.,cierre,,,0.000000
bbcd8ce2-89f2-4412-8b49-a82432602089,1420500f-81e3-41e2-926f-d0ed043beaba,C:\Users\USUARIO\Documents\Downloads\BASE DE DATOS 1974-2018 PDFs. WSS\1999\1999-10-09 RM La importancia de caminar centrados en la Palabra. booklet.pdf,1999-10-09,RM La importancia de caminar centrados en la Palabra.,orden_logico,,,0.000000
8c2ca07f-b3b3-4ebe-9c66-236a052f4c59,bbd92119-7304-4c0a-bd71-ab3e28e3719a,C:\Users\USUARIO\Documents\Downloads\BASE DE DATOS 1974-2018 PDFs. WSS\1999\1999-10-11 El hilo del pensamiento Divino en cuanto al Sacrificio de Cristo. booklet.PDF,1999-10-11,El hilo del pensamiento Divino en cuanto al Sacrificio de Cristo.,orden_logico,,,0.000000
8346d38d-b4c7-4303-a34e-7d7cc493aef9,ca5c5fec-f5d3-410b-9fe0-1282e9686973,"C:\Users\USUARIO\Documents\Downloads\BASE DE DATOS 1974-2018 PDFs. WSS\1999\1999-10-15 La Historia del Septimo Sello EL Misterio que necesitamos Conocer - RM (WSS) Lima, Perú (movil).pdf",1999-10-15,RM La historia del Septimo Sello El misterio que necesitamos conocer.,inicio,,,0.000000
c629e4ce-53b7-4d7c-8963-adc66f7cbfb1,f4cf08c9-26b2-4f52-87a5-19771db35397,C:\Users\USUARIO\Documents\Downloads\BASE DE DATOS 1974-2018 PDFs. WSS\1999\1999-10-21 RM El Trono de Misericordia y de Juicio en la Iglesia del Señor Jesucristo. booklet.pdf,1999-10-21,RM El Trono de Misericordia y de Juicio en la Iglesia del Señor Jesucristo.,orden_logico,,,0.000000
b1721665-609e-45f1-b7fb-879d0501d793,5aefa6ed-bdff-4393-90bd-9767d9965635,C:\Users\USUARIO\Documents\Downloads\BASE DE DATOS 1974-2018 PDFs. WSS\1999\1999-10-31 El tiempo mas grande para el Cristianismo.pdf,1999-10-31,El tiempo mas grande para el Cristianismo.,orden_logico,,,0.000000
3577be1d-4b19-4eca-94a3-ccf169694106,b972e74f-fa0e-45d0-96b6-f005ff85ad52,"C:\Users\USUARIO\Documents\Downloads\BASE DE DATOS 1974-2018 PDFs. WSS\1999\1999-11-05 Oyendo y entendiendo lo que juan oyo, vio y entendio (WSS) Cayey, Puerto Rico (movil).pdf",1999-11-05,Oyendo y entendiendo lo que Juan oyo vio y entendio.,duplicacion,conferencia_id ya seleccionado,,0.000000
77ba69fd-d921-4352-80f4-7c177eb8c74c,562319e2-1f9e-4c4d-8cfb-dc7429ad1e6e,"C:\Users\USUARIO\Documents\Downloads\BASE DE DATOS 1974-2018 PDFs. WSS\1999\1999-12-02 Hijos de Prosperidad (WSS) Araucaria, Brasil (movil).pdf",1999-12-02,Hijos de Prosperidad.,orden_logico,,,0.000000
d1ac9a24-7227-47e6-837a-d645ac297773,0e6524eb-8948-4d55-8675-6b4a2fb48573,C:\Users\USUARIO\Documents\Downloads\BASE DE DATOS 1974-2018 PDFs. WSS\1999\1999-12-11 Consejos sabios para tiempos dificiles en el fin del siglo - RM (WSS) (movil).pdf,1999-12-11,RM Consejos sabios para tiempos dificiles en el fin del siglo,orden_logico,,,0.000000
f190140f-6893-470a-b599-9a842b5e1ecf,b0bffab7-3ed4-43d0-8183-899a23ab410d,"C:\Users\USUARIO\Documents\Downloads\BASE DE DATOS 1974-2018 PDFs. WSS\1999\1999-12-26 El tiempo de Angustia y liberación (WSS) Cayey, Puerto Rico (movil).pdf",1999-12-26,El tiempo de angustia y liberacion.,orden_logico,,,0.000000
91d0c153-ed2b-4d05-b08b-eef89a146aab,ccb11ac4-45be-4616-901a-43c9ad444984,C:\Users\USUARIO\Documents\Downloads\BASE DE DATOS 1974-2018 PDFs. WSS\2000\2000-01-07 Saludo en transmision a venezuela (WSS) (movil).pdf,2000-01-07,saludo en transmision a venezuela sencillo,orden_logico,,,0.000000
fcf5718c-6d20-40bc-970d-0f7a6b38a7e2,fd6dabc6-d139-4952-9dc0-8891e2885edf,"C:\Users\USUARIO\Documents\Downloads\BASE DE DATOS 1974-2018 PDFs. WSS\2000\2000-01-23 3 Damas Valientes del Hijo de David (WSS) Cayey, Puerto Rico (movil).pdf",2000-01-23,3 Damas Valientes del Hijo de David,orden_logico,,,0.000000
70d69df9-fc61-45b8-ada9-bf7324f73f6f,5a2640c0-1362-4177-9304-3a87fb5dd780,"C:\Users\USUARIO\Documents\Downloads\BASE DE DATOS 1974-2018 PDFs. WSS\2000\2000-02-06 3 En la Obra de Dios, Obrando mientras el dia dura (WSS) Cayey, Puerto Rico (movil).pdf",2000-02-06,"3 En la Obra de Dios, Obrando mientras el dia dura. sencillo",orden_logico,,,0.000000
ab64a1b7-96d7-4b49-9074-811c122edeb8,a57e79b9-855b-4290-b504-a08c8ae3126e,C:\Users\USUARIO\Documents\Downloads\BASE DE DATOS 1974-2018 PDFs. WSS\2000\2000-02-28 El Pueblo que ha visto la señal del Hijo del Hombre (WSS) Ecuador.PDF,2000-02-28,El Pueblo que ha visto la Señal del Hijo del Hombre.,orden_logico,,,0.000000
627639f3-d6e5-496b-8540-1f597426df1c,1e5fa291-1ca2-4192-b793-2341fb30988f,"C:\Users\USUARIO\Documents\Downloads\BASE DE DATOS 1974-2018 PDFs. WSS\2000\2000-02-29 2 La Santa Cena (WSS) Ibarra, Ecuador (movil).pdf",2000-02-29,2 La Santa Cena. Sencillo,orden_logico,,,0.000000
eca7a892-1708-45fd-914e-812b31a7159c,f551e334-8044-45e5-a5bf-62987d5a4232,"C:\Users\USUARIO\Documents\Downloads\BASE DE DATOS 1974-2018 PDFs. WSS\2000\2000-03-04 1 Buscad a Dios mientras pueda ser Hallado (WSS) Balao, Ecuador (movil).pdf",2000-03-04,1 Buscad a Dios mientras pueda ser hallado.,orden_logico,,,0.000000
be3022f8-c177-477a-ad12-9163fd896253,8aefaa63-6fa8-4ca8-86c5-b9a2d4f358fd,"C:\Users\USUARIO\Documents\Downloads\BASE DE DATOS 1974-2018 PDFs. WSS\2000\2000-03-06 comiendo el fruto de la nueva tierra (WSS) Tumbes, Perú.pdf",2000-03-06,comiendo el fruto de la nueva tierra.,orden_logico,,,0.000000
fc58155e-2e5f-4edb-bd2f-3512530958a9,50ab39bc-edc5-4983-afde-c71f41cb4a13,"C:\Users\USUARIO\Documents\Downloads\BASE DE DATOS 1974-2018 PDFs. WSS\2000\2000-03-17 Llevando con Amor, el yugo de Jesucristo (WSS) Chile.PDF",2000-03-17,Llevando con Amor el yugo de Jesucristo. Sencillo,orden_logico,,,0.000000
f580b022-b1f8-4b13-a1f2-6d96e45733c3,d1e8c313-4c7a-409a-a155-27c5f7fa4c45,"C:\Users\USUARIO\Documents\Downloads\BASE DE DATOS 1974-2018 PDFs. WSS\2000\2000-04-16 2 Apertura y Cierre de Bautismos (WSS) Cayey, Puerto Rico (movil).pdf",2000-04-16,2 Apertura y Cierre de Bautismos.,orden_logico,,,0.000000
367427f1-0b71-4f0c-87d9-9cd4f6897ac8,bfaa85be-6c59-4d57-a40e-54293ed78031,"C:\Users\USUARIO\Documents\Downloads\BASE DE DATOS 1974-2018 PDFs. WSS\2000\2000-04-26 Aprovechando el tiempo que Dios nos da (WSS) Austin, Texas, EEUU (movil).pdf",2000-04-26,Aprovechando el tiempo que Dios nos da. Sencillo,orden_logico,,,0.000000
440de46a-724a-4d9a-8c59-a7920be0e4b0,4b8fca7a-2ecf-45a3-98ae-bfa98cfcfb5c,"C:\Users\USUARIO\Documents\Downloads\BASE DE DATOS 1974-2018 PDFs. WSS\2000\2000-04-28 3 Edificando sobre el fundamento de Dios (WSS) Monterrey, México (movil).pdf",2000-04-28,3 Edificando sobre el fundamento de Dios Sencillo,cierre,,,0.000000
d3fee339-c2b9-4d36-8863-7dd71cd148b2,7a3e51e3-4153-44ed-858b-60be1728d3e0,C:\Users\USUARIO\Documents\Downloads\BASE DE DATOS 1974-2018 PDFs. WSS\2000\2000-04-30 El que todo lo conoce (WSS) Mexico.PDF,2000-04-30,El que todo lo conoce,orden_logico,,,0.000000
ebe7f25f-4a9d-49e2-92ba-a8e2771b1855,4768eb6c-15c7-4ff8-afe3-33965b09d243,"C:\Users\USUARIO\Documents\Downloads\BASE DE DATOS 1974-2018 PDFs. WSS\2000\2000-05-02 1 Imitadores de Dios (WSS) Monterrey, México.pdf",2000-05-02,1 Imitadores de Dios.,orden_logico,,,0.000000
1471cd14-25b3-418a-bc75-a0ef17c9c904,628b06b1-74df-4a13-9953-e9d7308171ae,"C:\Users\USUARIO\Documents\Downloads\BASE DE DATOS 1974-2018 PDFs. WSS\2000\2000-05-03 Los Heroes de la Fe (WSS) Luna, México (movil).pdf",2000-05-03,Los Heroes de la Fe. Sencillo,orden_logico,,,0.000000
edc2454d-1c17-46b8-a186-4370af9a5219,a0a2e855-8fbd-45fb-8db4-8363a22394a3,"C:\Users\USUARIO\Documents\Downloads\BASE DE DATOS 1974-2018 PDFs. WSS\2000\2000-05-04 El Arbol que siempre da buen Fruto (WSS) Acapulco, México.pdf",2000-05-04,El Arbol que siempre da buen Fruto.,orden_logico,,,0.000000
ccdc16b3-e635-41e9-9858-3f1d33cd7215,7ff91455-f0b5-4e3b-a291-e57b0492d261,"C:\Users\USUARIO\Documents\Downloads\BASE DE DATOS 1974-2018 PDFs. WSS\2000\2000-05-04 1 a La Profecia cumplida en Simplicidad (WSS) Acapulco, México (movil).pdf",2000-05-04,1 a La Profecia cumplida en Simplicidad. sencillo,orden_logico,,,0.000000
ca59593f-7d3f-4957-9e43-bb770e0ffc5a,88ad2420-4b59-4d51-b0cc-49dcac681da9,"C:\Users\USUARIO\Documents\Downloads\BASE DE DATOS 1974-2018 PDFs. WSS\2000\2000-05-06 6 Siendo bien enseñados en la encrucijada del tiempo (WSS) Villahermosa, México.pdf",2000-05-06,6 Siendo bien enseñados en la encrucijada del tiempo.,orden_logico,,,0.000000
5c22e1d6-adcb-407d-bc01-fdbca903d613,dffdcd54-bee3-45d8-a269-369ead761f57,"C:\Users\USUARIO\Documents\Downloads\BASE DE DATOS 1974-2018 PDFs. WSS\2000\2000-05-06 2 El trabajo de las Maestras con los niños en la Iglesia (WSS) Villahermosa, México (movil).pdf",2000-05-06,2 El trabajo de las Maestras con los niños en la Iglesia. sencillo,orden_logico,,,0.000000
398fac8a-e75e-4699-bf6c-ce4b41f45fb6,027dcfb5-190f-4fc0-9180-1b65890c22ee,"C:\Users\USUARIO\Documents\Downloads\BASE DE DATOS 1974-2018 PDFs. WSS\2000\2000-05-08 La trayectoria del Arbol de la Vida (WSS) Minatitlan, México.pdf",2000-05-08,La trayectoria del Arbol de la Vida.,orden_logico,,,0.000000
3de998b8-9ece-4351-8afd-0d98ddf48cf2,e80b6686-2159-4d48-ab60-15f498b1b288,"C:\Users\USUARIO\Documents\Downloads\BASE DE DATOS 1974-2018 PDFs. WSS\2000\2000-05-09 2 Un Camino bien Señalado (WSS) Catemaco, México (movil).pdf",2000-05-09,2 Un Camino bien Señalado. sencillo,orden_logico,,,0.000000
e2d5bee9-0060-45be-92c6-eef631a388f2,0b829169-4171-48fb-8672-1b6496dad4a6,"C:\Users\USUARIO\Documents\Downloads\BASE DE DATOS 1974-2018 PDFs. WSS\2000\2000-05-09 1 La Restauracion del Israel para encontrase con el Angel (WSS) Minatitlan, México (movil).pdf",2000-05-09,1 La Restauracion del Israel para encontrase con el Angel. sencillo,orden_logico,,,0.000000
fa967bf9-5cf8-4bc4-b42f-cb874d031105,0026a9bb-5ac4-4eef-9050-d2994b07e687,"C:\Users\USUARIO\Documents\Downloads\BASE DE DATOS 1974-2018 PDFs. WSS\2000\2000-05-11 1 Creciendo en el primer amor (WSS) Veracruz, México (movil).pdf",2000-05-11,1 Creciendo en el primer amor.,cierre,,,0.000000
f966a5be-9f84-4822-b386-2555ce51603e,00d59ca1-dc3e-4d4f-b63f-80c35fd992bc,C:\Users\USUARIO\Documents\Downloads\BASE DE DATOS 1974-2018 PDFs. WSS\2000\2000-05-17 Si creyeres veras la Gloria de Dios (WSS) Guatemala (movil).pdf,2000-05-17,Si creyeres veras la Gloria de Dios.,orden_logico,,,0.000000
fd92d161-1ea7-4d09-a6aa-9d01ab141a30,79b05357-6b92-4d0c-8e91-c9efed43a22a,C:\Users\USUARIO\Documents\Downloads\BASE DE DATOS 1974-2018 PDFs. WSS\2000\2000-05-18 1 Solo Creed (WSS) Guatemala.pdf,2000-05-18,1 Solo Creed.,orden_logico,,,0.000000
116aed76-58c0-4395-ae0a-a8bd15d9c306,69047672-db66-4c80-9182-30c02b206fc0,"C:\Users\USUARIO\Documents\Downloads\BASE DE DATOS 1974-2018 PDFs. WSS\2000\2000-05-19 Primero Dios (WSS) San Lucas, Guatemala (movil).pdf",2000-05-19,Primero Dios.,orden_logico,,,0.000000
a4f73425-11b8-4fd0-b8a5-cfc085999ddb,0c227085-1f59-41e0-88e3-c662fc600dcc,C:\Users\USUARIO\Documents\Downloads\BASE DE DATOS 1974-2018 PDFs. WSS\2000\2000-05-20 El Pueblo Celestial que vive en esta tierra (WSS) Guatemala.pdf,2000-05-20,El Pueblo Celestial que vive en esta tierra.,orden_logico,,,0.000000
86fa4518-8b63-4652-814d-69b2a8951380,71db3fdd-e2f9-4d81-94be-7cb58ced4595,"C:\Users\USUARIO\Documents\Downloads\BASE DE DATOS 1974-2018 PDFs. WSS\2000\2000-05-21 2 La Santa Cena (WSS) San Lucas, Guatemala.pdf",2000-05-21,2 La Santa Cena.,orden_logico,,,0.000000
97e3c580-eeca-42d3-9fe4-41b6370e0295,2fe4674f-4e6d-4cc0-ab34-5286230fdabb,"C:\Users\USUARIO\Documents\Downloads\BASE DE DATOS 1974-2018 PDFs. WSS\2000\2000-05-23 Donde esta el Dios de Elias (WSS) Managua, Nicaragua (movil).pdf",2000-05-23,Donde esta el Dios de Elias.,orden_logico,,,0.000000
4a92d599-cbb2-4255-9935-a76c390abef8,ddb83f1c-8037-4da9-b24d-57e888653b06,"C:\Users\USUARIO\Documents\Downloads\BASE DE DATOS 1974-2018 PDFs. WSS\2000\2000-06-14 Naci Para Vencer (WSS) Cayey, Puerto Rico.pdf",2000-06-14,Naci Para Vencer.,orden_logico,,,0.000000
fae810cf-bc63-4750-b021-80c3f4ec7808,e59333b2-60fa-4253-8209-3bbd10ca083a,"C:\Users\USUARIO\Documents\Downloads\BASE DE DATOS 1974-2018 PDFs. WSS\2000\2000-06-18 3 Actividad de Santa Cena (WSS) Cayey, Puerto Rico (movil).pdf",2000-06-18,3 Actividad de Santa Cena.,orden_logico,,,0.000000
a0c84e18-b2cf-4ebe-b379-8af5ce6117c1,6df4b647-c095-4912-bcf0-831b53f2c366,"C:\Users\USUARIO\Documents\Downloads\BASE DE DATOS 1974-2018 PDFs. WSS\2000\2000-06-22 2 Caminando con Dios (WSS) Chicago, EEUU (movil).pdf",2000-06-22,2 Caminando Con Dios.,orden_logico,,,0.000000
53aa5011-b03a-4943-8f5b-fd9797dcfde5,65299704-734e-4cd8-83c7-e2db4b759889,"C:\Users\USUARIO\Documents\Downloads\BASE DE DATOS 1974-2018 PDFs. WSS\2000\2000-06-24 Ven hoy a Jesucristo (WSS) Austin, Texas, EEUU.pdf",2000-06-24,Ven hoy a Jesucristo.,orden_logico,,,0.000000
43323174-b4ee-4c63-b527-a0f02dd219cc,4f077efa-5d22-4f99-90ff-7bf29231ad3a,"C:\Users\USUARIO\Documents\Downloads\BASE DE DATOS 1974-2018 PDFs. WSS\2000\2000-06-25 1 Oyendo la Voz de Dios hoy (WSS) Austin, Texas, EEUU (movil).pdf",2000-06-25,1 Oyendo la Voz de Dios hoy.,orden_logico,,,0.000000
c4c1eef9-0137-4b96-a8be-99fc36ab4b1a,cd3390f8-1656-49ce-ad17-d67065cb73c3,"C:\Users\USUARIO\Documents\Downloads\BASE DE DATOS 1974-2018 PDFs. WSS\2000\2000-06-25 2 La Santa Cena (WSS) Austin, Texas, EEUU (movil).pdf",2000-06-25,2 La Santa Cena.,orden_logico,,,0.000000
bdc09848-0b39-43e7-b851-5b34869b2bf9,941a3caf-aea7-4bb7-abfd-4588944689bf,"C:\Users\USUARIO\Documents\Downloads\BASE DE DATOS 1974-2018 PDFs. WSS\2000\2000-06-28 El que puede matar la muerte (WSS) Matamoros, México.pdf",2000-06-28,El que puede matar la muerte.,orden_logico,,,0.000000
fe9bfda3-9b7c-43d6-b815-c40ee8a4642f,9249e33b-34d6-452c-8774-2a64b568939c,"C:\Users\USUARIO\Documents\Downloads\BASE DE DATOS 1974-2018 PDFs. WSS\2000\2000-06-29 1 Las Bendiciones de la Santa Cena (WSS) Reynosa, México.pdf",2000-06-29,1 Las Bendiciones de la Santa Cena.,orden_logico,,,0.000000
f2eb45a3-c15f-4e86-bf66-cb55155ed593,5cf6cd70-800d-47c4-85ca-e6780ee83851,"C:\Users\USUARIO\Documents\Downloads\BASE DE DATOS 1974-2018 PDFs. WSS\2000\2000-06-30 Melquisedec Rey de Salem (WSS) Monterrey, México.pdf",2000-06-30,Melquisedec Rey de Salem.,orden_logico,,,0.000000
0c876750-2d0b-4625-9fb2-31ed541e9ade,93565e96-eb86-416d-bf10-175d4190854b,"C:\Users\USUARIO\Documents\Downloads\BASE DE DATOS 1974-2018 PDFs. WSS\2000\2000-07-01 El Monte del Rey (WSS) Monterrey, México.pdf",2000-07-01,El Monte del Rey.,orden_logico,,,0.000000
966e8a0d-7e3a-4e4c-8c69-8a4b63d41400,52dce765-2853-4113-b763-f3b911e41db7,"C:\Users\USUARIO\Documents\Downloads\BASE DE DATOS 1974-2018 PDFs. WSS\2000\2000-07-02 2 El misterio de la Santa Cena (WSS) Monterrey, México.pdf",2000-07-02,2 El misterio de la Santa Cena.,orden_logico,,,0.000000
4cd2e29a-96e0-4220-8d1c-59cb106d8e55,8be66b24-7d56-4aa5-a4e0-cc899eb5c15b,"C:\Users\USUARIO\Documents\Downloads\BASE DE DATOS 1974-2018 PDFs. WSS\2000\2000-07-04 1 Siguiendo las pisadas del Maestro (WSS) Torreón, México.pdf",2000-07-04,1 Siguiendo las pisadas del Maestro.,orden_logico,,,0.000000
94894a7b-3a7c-47e8-8285-2e0e88501eb4,b0ff0203-06ea-4f57-a341-96d3cd2f9510,"C:\Users\USUARIO\Documents\Downloads\BASE DE DATOS 1974-2018 PDFs. WSS\2000\2000-07-05 La Obra de Dios en Simplicidad (WSS) Ecatepec, México.pdf",2000-07-05,La Obra de Dios en Simplicidad.,orden_logico,,,0.000000
425136d8-4456-4208-a6a3-7ed981f21f3e,bee83927-f019-46f6-ba34-b614825d1cb1,"C:\Users\USUARIO\Documents\Downloads\BASE DE DATOS 1974-2018 PDFs. WSS\2000\2000-07-07 2 Preparandonos para Obras Mayores (WSS) Villahermosa, México.pdf",2000-07-07,2 Preparandonos para Obras Mayores.,orden_logico,,,0.000000
9c2efd3a-842c-41f9-accb-ab502c9bd252,3467580b-2dc4-4645-b515-ea097f419e20,"C:\Users\USUARIO\Documents\Downloads\BASE DE DATOS 1974-2018 PDFs. WSS\2000\2000-07-08 Produciendo el Mayor Fruto para Dios (WSS) Villahermosa, México.pdf",2000-07-08,Produciendo el Mayor Fruto para Dios.,orden_logico,,,0.000000
7b13a45e-a546-4db4-9ec8-38db9c437d11,67c61130-78e0-4c87-8e79-7ef947683dad,"C:\Users\USUARIO\Documents\Downloads\BASE DE DATOS 1974-2018 PDFs. WSS\2000\2000-07-09 1 La Union de Cristo y su Iglesia (WSS) Villahermosa, México.pdf",2000-07-09,1 La Union de Cristo y su Iglesia.,orden_logico,,,0.000000
906b1eac-b530-4b29-85e4-f76ae16cef6b,83c7652b-83e1-4df6-895f-3f54f7285d36,"C:\Users\USUARIO\Documents\Downloads\BASE DE DATOS 1974-2018 PDFs. WSS\2000\2000-07-09 2 El Misterio del Cuerpo y de la Sangre del Señor Jesucristo (WSS) Villahermosa, México.pdf",2000-07-09,2 El Misterio del Cuerpo y de la Sangre del Señor Jesucristo.,orden_logico,,,0.000000
6c7a5815-0688-4899-84a7-84b459fc2f49,32cd473e-a353-4f92-b91e-d37e8013b1b6,"C:\Users\USUARIO\Documents\Downloads\BASE DE DATOS 1974-2018 PDFs. WSS\2000\2000-07-11 2 El Testimonio del Angel De Jesus (WSS) Veracruz, México.pdf",2000-07-11,2 El Testimonio del Angel De Jesus.,orden_logico,,,0.000000
984d931c-886d-4ce0-a232-6b061283033e,8e0f5920-b3cd-4e6e-b123-c9b899209b0a,"C:\Users\USUARIO\Documents\Downloads\BASE DE DATOS 1974-2018 PDFs. WSS\2000\2000-07-12 1 Fundamentados Sobre la Roca (WSS) Xalapa, México.pdf",2000-07-12,1 Fundamentados Sobre la Roca.,orden_logico,,,0.000000
b1bad430-5501-464f-887a-eac08f52218f,da0464a4-0cff-4a7b-87b5-7887e4a3c430,"C:\Users\USUARIO\Documents\Downloads\BASE DE DATOS 1974-2018 PDFs. WSS\2000\2000-07-13 El Reino de Dios es como un Grano de mostaza (WSS) Orizaba, México.pdf",2000-07-13,El Reino de Dios es como un Grano de mostaza.,orden_logico,,,0.000000
05ee2ba6-b07c-402b-8f06-54fa5f3c4025,38e570c2-079e-480a-9239-9eff5b52caad,"C:\Users\USUARIO\Documents\Downloads\BASE DE DATOS 1974-2018 PDFs. WSS\2000\2000-07-14 1 La Trayectoria de la Raza y el Linaje de David (WSS) Puebla, México.pdf",2000-07-14,1 La Trayectoria de la Raza y el Linaje de David.,orden_logico,,,0.000000
1267da65-f8e3-43f0-ab00-bb7ec68b44a7,fc95389a-a633-473e-b1f0-6b6138c03b99,"C:\Users\USUARIO\Documents\Downloads\BASE DE DATOS 1974-2018 PDFs. WSS\2000\2000-07-16 1 Jacob halló al Angel en Bet  el (WSS) Santa Martha, México (movil).pdf",2000-07-16,1 Jacob hallo al Angel en Bet el.,cierre,,,0.000000
64af6741-a21e-4018-904b-1b63a82b084f,3d91595a-30d5-4a41-9768-2d16ef7f9e99,"C:\Users\USUARIO\Documents\Downloads\BASE DE DATOS 1974-2018 PDFs. WSS\2000\2000-07-16 2 El Misterio del Memorial de la Santa Cena (WSS) Ciudad México, México.pdf",2000-07-16,2 El Misterio del Memorial de la Santa Cena.,orden_logico,,,0.000000
80174b68-c8f9-4876-8640-978396c63c99,6af4b963-0752-48ee-b031-a67797c2c0e5,"C:\Users\USUARIO\Documents\Downloads\BASE DE DATOS 1974-2018 PDFs. WSS\2000\2000-07-18 Jacob Bien Agarrado del Angel (WSS) San Lucas, Guatemala.pdf",2000-07-18,Jacob Bien Agarrado del Angel.,orden_logico,,,0.000000
054a57ac-5326-47d7-bd6b-8a6325b698cb,c61b905c-d9f8-4ff8-9033-55ecacd144ff,"C:\Users\USUARIO\Documents\Downloads\BASE DE DATOS 1974-2018 PDFs. WSS\2000\2000-07-20 2 La Bienaventuranza de Guardar la Profecia de Jesucristo (WSS) San Lucas, Guatemala.pdf",2000-07-20,2 La Bienaventuranza de Guardar la Profecia de Jesucristo.,orden_logico,,,0.000000
3d1b63b3-9d2d-4df1-bec0-e9c6c8cbc36f,55ef1f48-eadc-4775-ba8a-1b0f75989ddf,C:\Users\USUARIO\Documents\Downloads\BASE DE DATOS 1974-2018 PDFs. WSS\2000\2000-07-21 La Recompensa de Sentarse con Jesucristo en el Trono (WSS) Guatemala.pdf,2000-07-21,La Recompensa de Sentarse con Jesucristo en el Trono.,orden_logico,,,0.000000
401cd3e0-1587-46ef-9c0b-c90c43bd818f,267cc281-62f2-4fab-83a9-cc0e952ea35a,C:\Users\USUARIO\Documents\Downloads\BASE DE DATOS 1974-2018 PDFs. WSS\2000\2000-07-22 La Recompensa Final de Dios (WSS) Guatemala.pdf,2000-07-22,La Recompensa Final de Dios.,orden_logico,,,0.000000
0e22aa62-25af-4280-ba8f-39ba3cc1df19,7ce3625d-3dac-4503-824b-afa810c0815a,"C:\Users\USUARIO\Documents\Downloads\BASE DE DATOS 1974-2018 PDFs. WSS\2000\2000-07-26 Levantados para Servir (WSS) San José, Costa Rica.pdf",2000-07-26,Levantados para Servir.,orden_logico,,,0.000000
000e850f-b520-4e50-843e-ee309f998d50,a9adaf2f-8abe-449f-ab0c-16b06ecc5785,"C:\Users\USUARIO\Documents\Downloads\BASE DE DATOS 1974-2018 PDFs. WSS\2000\2000-07-27 Señor Salvanos (WSS) Ciudad de Panamá, Panamá.pdf",2000-07-27,Señor Salvanos.,orden_logico,,,0.000000
93e44caa-0786-4042-b23c-cfe811468c9a,c820742a-3f0f-42fb-8e73-888438ca2b64,"C:\Users\USUARIO\Documents\Downloads\BASE DE DATOS 1974-2018 PDFs. WSS\2000\2000-08-06 1 El Hombre con la mision Celestial (WSS) Cayey, Puerto Rico (movil).pdf",2000-08-06,1 El Hombre con la mision Celestial.,orden_logico,,,0.000000
5cc1ddea-04a6-44bb-84b9-d2b9eb3ff255,46fa444a-09a2-40af-83e5-08a4d88b50c7,"C:\Users\USUARIO\Documents\Downloads\BASE DE DATOS 1974-2018 PDFs. WSS\2000\2000-08-13 Apertura de Baustismos (WSS) Cayey, Puerto Rico.pdf",2000-08-13,Apertura de Baustismos.,orden_logico,,,0.000000
1c8a004d-cef6-4b36-ba71-96c50644f6b3,6f104dd8-105d-45cd-bcfd-3b4a0de01031,"C:\Users\USUARIO\Documents\Downloads\BASE DE DATOS 1974-2018 PDFs. WSS\2000\2000-08-18 Sustentados en el desierto (WSS) Bogotá, Colombia (movil).pdf",2000-08-18,Sustentados en el desierto,orden_logico,,,0.000000
0ab7f146-467e-45bc-96e8-0fd37a3730a6,36753873-d66a-42f1-b7ea-8594eb68a190,"C:\Users\USUARIO\Documents\Downloads\BASE DE DATOS 1974-2018 PDFs. WSS\2000\2000-08-20 1 El Camino Alumbrado Por la Columna de Fuego (WSS) Bogotá, Colombia.pdf",2000-08-20,1 El Camino Alumbrado Por la Columna de Fuego.,orden_logico,,,0.000000
0ffefac8-4e18-4df3-adc9-fddbce0a592a,1fe7ca9f-437f-4e16-b04e-bfbb97dad478,"C:\Users\USUARIO\Documents\Downloads\BASE DE DATOS 1974-2018 PDFs. WSS\2000\2000-08-20 Enseñados por el Buen Espiritu (WSS) Bogotá, Colombia.pdf",2000-08-20,Enseñados por el Buen Espiritu.,orden_logico,,,0.000000
08c04054-a923-4ae5-919d-784c438c4b78,a8309e9b-f25e-469a-af60-f602a8286f9a,"C:\Users\USUARIO\Documents\Downloads\BASE DE DATOS 1974-2018 PDFs. WSS\2000\2000-08-21 1 La Trayectoria de la Piedra de Bet el - Parte 1 (WSS) Cali, Colombia.pdf",2000-08-21,1 La Trayectoria de la Piedra de Bet el P1.,orden_logico,,,0.000000
f1cb8538-12fc-47ee-a5d7-9e799321c5b0,06cac430-17c0-4383-bb3f-b21cb8278fac,"C:\Users\USUARIO\Documents\Downloads\BASE DE DATOS 1974-2018 PDFs. WSS\2000\2000-08-22 2 La Piedra que los edificadores desecharon (WSS) Cali, Colombia.pdf",2000-08-22,2 La Piedra que los edificadores desecharon.,orden_logico,,,0.000000
06d71479-83c4-41b4-a146-d215ad651a1e,ff875c8c-4aa2-4249-af95-603122432561,"C:\Users\USUARIO\Documents\Downloads\BASE DE DATOS 1974-2018 PDFs. WSS\2000\2000-08-24 La Senda de los Justos (WSS) Cali, Colombia.pdf",2000-08-24,La Senda de los Justos.,orden_logico,,,0.000000
fb168488-0ea9-45f3-b585-fa01745c49c1,5a7c33d9-f18c-47c0-a9b3-f5b18a9f64c2,"C:\Users\USUARIO\Documents\Downloads\BASE DE DATOS 1974-2018 PDFs. WSS\2000\2000-08-25 Queremos mas de Cristo cada dia (WSS) Cartagena, Colombia.pdf",2000-08-25,Queremos mas de Cristo cada dia.,orden_logico,,,0.000000
4d9a7a74-d5ee-43b9-ac03-9ed5f1767aaa,ac634261-8eb6-43cc-af67-6b0c0bc28c73,"C:\Users\USUARIO\Documents\Downloads\BASE DE DATOS 1974-2018 PDFs. WSS\2000\2000-10-12 Conociendo el tiempo de la Visitacion de Dios (WSS) Santa Martha, Colombia (movil).pdf",2000-10-12,Conociendo el tiempo de la Visitacion de Dios.,orden_logico,,,0.000000
b11bc952-ba10-4baf-9566-49c2339f14f4,de649aa2-a299-455c-9445-e04878e26cea,"C:\Users\USUARIO\Documents\Downloads\BASE DE DATOS 1974-2018 PDFs. WSS\2000\2000-10-13 Administrando bien el tiempo mas importante del Programa Divino - RM (WSS) Bogotá, Colombia (movil).PDF",2000-10-13,RM Administrando bien el tiempo mas importante del Programa Divino.,orden_logico,,,0.000000
6d24334e-0a55-424d-bfca-454e393c229c,de649aa2-a299-455c-9445-e04878e26cea,C:\Users\USUARIO\Documents\Downloads\BASE DE DATOS 1974-2018 PDFs. WSS\2000\2000-10-13 Administrando bien el tiempo mas importante del programa divino RM (WSS) Colombia.pdf,2000-10-13,RM Administrando bien el tiempo mas importante del Programa Divino.,orden_logico,,,0.000000
7236a725-d6e8-4f54-95cc-a5a25748f2da,cb41b740-35d1-4c88-b955-f1b6108469c9,C:\Users\USUARIO\Documents\Downloads\BASE DE DATOS 1974-2018 PDFs. WSS\2000\2000-10-15 La profecía del Tiempo del Fin (WSS) Colombia.PDF,2000-10-15,La Profecia del tiempo del fin.,orden_logico,,,0.000000
cf5c2882-51ef-46f3-ab02-79c409b3b1e4,3f3dcff1-ba47-42c5-a2f6-9b2f88f2cd01,C:\Users\USUARIO\Documents\Downloads\BASE DE DATOS 1974-2018 PDFs. WSS\2000\2000-10-24 Los bienaventurados del Día Postrero (WSS) Peru.PDF,2000-10-24,Los Bienaventurados del Dia postrero.,orden_logico,,,0.000000
2dd054dd-99ac-44f3-a4d2-db393be6583b,b7a9c340-a9f4-4ff0-87ad-d9d0ee71237f,"C:\Users\USUARIO\Documents\Downloads\BASE DE DATOS 1974-2018 PDFs. WSS\2000\2000-10-27 La fuente de agua que salta para vida eterna (WSS) Lima, Perú.PDF",2000-10-27,La fuente de agua que salta para vida eterna.,orden_logico,,,0.000000
fc619d8d-5260-44fc-8963-f6462a51809e,487f9344-bbcc-4e16-b8a2-7226671b7164,"C:\Users\USUARIO\Documents\Downloads\BASE DE DATOS 1974-2018 PDFs. WSS\2000\2000-11-01 Predicamos a Jesucristo Crucificado (WSS) Santa Cruz, Bolivia.pdf",2000-11-01,Predicamos a Jesucristo Crucificado.,orden_logico,,,0.000000
d9b7b782-1924-4e5c-9164-962d605f8391,050ee458-3a75-421f-95e2-0a3d868c1fa6,"C:\Users\USUARIO\Documents\Downloads\BASE DE DATOS 1974-2018 PDFs. WSS\2000\2000-11-02 1 Cristo Poder de Dios y Sabiduria a de Dios (WSS) Santa Cruz, Bolivia.pdf",2000-11-02,1 Cristo Poder de Dios y Sabiduria a de Dios.,orden_logico,,,0.000000
f590c376-ea73-451f-8055-4d589f2b9c04,e130f49f-d64b-416d-baec-a6c9ac09dfa7,"C:\Users\USUARIO\Documents\Downloads\BASE DE DATOS 1974-2018 PDFs. WSS\2000\2000-11-02 2 El Programa de Dios Revelado a los Niños (WSS) Santa Cruz, Bolivia.pdf",2000-11-02,2 El Programa de Dios Revelado a los Niños.,orden_logico,,,0.000000
5ad02fa6-2e88-4bec-bb41-c733dbf477c7,27de9123-6995-415a-87c8-2fd1b82c65a7,"C:\Users\USUARIO\Documents\Downloads\BASE DE DATOS 1974-2018 PDFs. WSS\2000\2000-11-03 Establecidos en la Fe (WSS) Santiago de Chile, Chile.pdf",2000-11-03,Establecidos en la Fe.,orden_logico,,,0.000000
5fe41b90-4e33-4a5f-a977-9eb794935642,1107bd2c-dac9-4e43-bc4d-dc1fba829d36,"C:\Users\USUARIO\Documents\Downloads\BASE DE DATOS 1974-2018 PDFs. WSS\2000\2000-11-04 Llegando a Tiempo (WSS) Santiago de Chile, Chile.pdf",2000-11-04,Llegando a Tiempo.,orden_logico,,,0.000000
0477c73b-f861-4ffc-b640-959b7071b2f9,b3b49dc6-b840-4e11-bbeb-a600c94f6ae6,"C:\Users\USUARIO\Documents\Downloads\BASE DE DATOS 1974-2018 PDFs. WSS\2000\2000-11-05 El Principio de todas las Cosas (WSS) Santiago de Chile, Chile.pdf",2000-11-05,El Principio de todas las Cosas.,orden_logico,,,0.000000
03db1971-327c-40ca-855f-29c8a2be9ef8,fd3d7a57-9e7d-4474-8772-a03e9410599d,"C:\Users\USUARIO\Documents\Downloads\BASE DE DATOS 1974-2018 PDFs. WSS\2000\2000-11-05 Encendiendo la Luz del Dia Postrero (WSS) Santiago de Chile, Chile.pdf",2000-11-05,Encendiendo la Luz del Dia Postrero.,orden_logico,,,0.000000
66e97e26-58dd-48eb-b3c8-6466f910c6f4,06956a99-5a9e-4adb-b424-9cf686a112fc,"C:\Users\USUARIO\Documents\Downloads\BASE DE DATOS 1974-2018 PDFs. WSS\2000\2000-11-06 La Luz del Dia Postrero - Parte 1 (WSS) Valparaíso, Chile.pdf",2000-11-06,La Luz del Dia Postrero P1.,orden_logico,,,0.000000
97454fa9-d719-45de-abf6-24ce13d33b7d,5439b55a-41d6-4ab0-9b85-7513f207ed44,"C:\Users\USUARIO\Documents\Downloads\BASE DE DATOS 1974-2018 PDFs. WSS\2000\2000-11-07 Pescando Mar Adentro (WSS) Talcahuano, Chile.pdf",2000-11-07,Pescando Mar Adentro.,orden_logico,,,0.000000
b72d95a3-c96e-482a-801e-ea81a8e01d0f,aec60995-bb29-4e44-a31e-1c9dbe1a486e,"C:\Users\USUARIO\Documents\Downloads\BASE DE DATOS 1974-2018 PDFs. WSS\2000\2000-11-08 Subiendo a lo mas Alto del Cielo (WSS) Lota Alto, Chile.pdf",2000-11-08,Subiendo a lo mas Alto del Cielo.,orden_logico,,,0.000000
cc3e8d28-398a-4ac0-aac8-82c9b1078804,f129a678-d76e-48af-a397-bbbdf036f468,"C:\Users\USUARIO\Documents\Downloads\BASE DE DATOS 1974-2018 PDFs. WSS\2000\2000-11-08 Bajando a lo mas bajo de la Tierra (WSS) Lota Bajo, Chile.pdf",2000-11-08,Bajando a lo mas bajo de la Tierra.,orden_logico,,,0.000000
b0172ea6-5da1-4191-ac03-0e8db98de3f1,3405bfec-83fb-4600-b5a9-bbf1c2543505,"C:\Users\USUARIO\Documents\Downloads\BASE DE DATOS 1974-2018 PDFs. WSS\2000\2000-11-09 1 La Revelacion del Dia postrero (WSS) Concepción, Chile.PDF",2000-11-09,1 La Revelacion del Dia postrero.,orden_logico,,,0.000000
afe2bfc9-4e65-402b-b82d-31ef0a6969d4,bf227eae-d10d-4937-9b5e-b5603af32032,"C:\Users\USUARIO\Documents\Downloads\BASE DE DATOS 1974-2018 PDFs. WSS\2000\2000-11-09 El Mensajero del Dia postrero (WSS) Chiguayante, Chile (movil).pdf",2000-11-09,El Mensajero del Dia postrero.,orden_logico,,,0.000000
1f710b35-9936-43ca-8620-19497d63d78a,2f2f15cc-1e28-46e2-8d40-67721eb4d6b1,"C:\Users\USUARIO\Documents\Downloads\BASE DE DATOS 1974-2018 PDFs. WSS\2000\2000-11-12 La Obra de Dios del Dia postrero (WSS) Lo Prado, Chile.pdf",2000-11-12,La Obra de Dios del Dia postrero.,orden_logico,,,0.000000
be300444-46d0-4749-82b9-fd0441f0f7d0,055e59e9-0328-4663-8a7c-9408d6a0892f,"C:\Users\USUARIO\Documents\Downloads\BASE DE DATOS 1974-2018 PDFs. WSS\2000\2000-11-12 La Obra de la Final Trompeta (WSS) Lo Prado, Chile.pdf",2000-11-12,La Obra de la Final Trompeta.,orden_logico,,,0.000000
ecd5961f-87ef-4687-85fb-7b5b7a1f1fbd,b7d47b4c-0f25-4a64-837e-6df053656c3b,"C:\Users\USUARIO\Documents\Downloads\BASE DE DATOS 1974-2018 PDFs. WSS\2000\2000-11-13 La Buena Tierra que Dios nos ha Dado (WSS) Olavarría, Argentina.pdf",2000-11-13,La Buena Tierra que Dios nos ha Dado.,orden_logico,,,0.000000
8620696f-2b5b-40c7-9532-48f581808b0a,c5dbac82-c313-48e9-ad5a-ea5c068cfbd2,"C:\Users\USUARIO\Documents\Downloads\BASE DE DATOS 1974-2018 PDFs. WSS\2000\2000-11-17 El que encendia las Siete Lamparas (WSS) Ñemy, Paraguay.pdf",2000-11-17,El que encendia las Siete Lamparas.,orden_logico,,,0.000000
2ff72372-ac2a-4310-bb0d-1cd46214a26f,27f774b0-e09e-4827-84ab-f0d6aa3861ea,"C:\Users\USUARIO\Documents\Downloads\BASE DE DATOS 1974-2018 PDFs. WSS\2000\2000-11-18 La Luz de Dios Vino a Este Mundo (WSS) Asunción, Paraguay.pdf",2000-11-18,La Luz de Dios Vino a Este Mundo.,orden_logico,,,0.000000
8ce45b27-1435-44a3-86e4-f88ed8404bee,4b5e20e5-c341-4ed6-9551-3f8041d3f330,"C:\Users\USUARIO\Documents\Downloads\BASE DE DATOS 1974-2018 PDFs. WSS\2000\2000-11-19 La Luz del Oriente y del Occidente (WSS) Asunción, Paraguay.pdf",2000-11-19,La Luz del Oriente y del Occidente.,orden_logico,,,0.000000
1f2d0dee-cff1-42e1-b315-c52af51c42f7,446eb9fe-bc54-4e06-afca-bedf3b44863a,"C:\Users\USUARIO\Documents\Downloads\BASE DE DATOS 1974-2018 PDFs. WSS\2000\2000-11-19 La Obra de la Luz (WSS) Asunción, Paraguay.pdf",2000-11-19,La Obra de la Luz.,orden_logico,,,0.000000
2985a66f-7737-4b43-9f6b-db42007e8e18,96f5b7d2-9259-481f-ba41-461596c92d06,"C:\Users\USUARIO\Documents\Downloads\BASE DE DATOS 1974-2018 PDFs. WSS\2000\2000-11-20 El Joven Rey tierno de edad (WSS) Asunción, Paraguay.pdf",2000-11-20,El Joven Rey tierno de edad.,orden_logico,,,0.000000
367517b7-9343-43d5-87d4-c1914f806528,d7f6eca0-39f2-412e-8b73-31cfbac71f65,"C:\Users\USUARIO\Documents\Downloads\BASE DE DATOS 1974-2018 PDFs. WSS\2000\2000-11-22 Prosiguiendo hacia adelante (WSS) Brasilia, Brasil.PDF",2000-11-22,Prosiguiendo hacia adelante.,orden_logico,,,0.000000
8baa4cb2-97b7-496f-9a9e-e89cd91963c0,c05dad8e-d5b4-4574-8ef2-fafdc6f768a0,"C:\Users\USUARIO\Documents\Downloads\BASE DE DATOS 1974-2018 PDFs. WSS\2000\2000-11-23 Con los ojos puestos en Cristo (WSS) Brasilia, Brasil.PDF",2000-11-23,Con los ojos puestos en Cristo.,orden_logico,,,0.000000
ee2443cb-9384-4dda-bbea-68eb495c1ce6,1b64686d-ba2e-40f7-8b82-e1f3a5afbdfd,"C:\Users\USUARIO\Documents\Downloads\BASE DE DATOS 1974-2018 PDFs. WSS\2000\2000-11-26 El que hace las Obras de Jesucristo (WSS) Río de Janeiro, Brasil.pdf",2000-11-26,El que hace las Obras de Jesucristo.,orden_logico,,,0.000000
fffc17fe-5cd5-4ed5-9816-9526607872db,9568f3ff-faa6-467e-bb17-b0438296f90a,"C:\Users\USUARIO\Documents\Downloads\BASE DE DATOS 1974-2018 PDFs. WSS\2000\2000-11-26 El Buen Labrador de Jesucristo (WSS) Río de Janeiro, Brasil.pdf",2000-11-26,El Buen Labrador de Jesucristo.,orden_logico,,,0.000000
f39712b0-487c-4c39-a1b3-a386e14b79f9,508fafc9-1048-4250-a9fe-58b8290dd181,"C:\Users\USUARIO\Documents\Downloads\BASE DE DATOS 1974-2018 PDFs. WSS\2000\2000-11-29 Jesucristo como Hijo de Hombre (WSS) San José de los Campos, Brasil.pdf",2000-11-29,Jesucristo como Hijo de Hombre.,orden_logico,,,0.000000
441f4321-fac7-40a9-9e45-4bb21225a685,0417563f-b759-4348-a5f9-7d05ee0b89c6,"C:\Users\USUARIO\Documents\Downloads\BASE DE DATOS 1974-2018 PDFs. WSS\2000\2000-11-30 Jesucristo como El Verbo de Dios (WSS) Osasco, Brasil.pdf",2000-11-30,Jesucristo como El Verbo de Dios.,orden_logico,,,0.000000
2361e667-36fe-4283-acc4-6a9a3bf6dcfd,146579e6-cef7-4f19-a669-2a289d575112,C:\Users\USUARIO\Documents\Downloads\BASE DE DATOS 1974-2018 PDFs. WSS\2000\2000-12-03 Las profecías del Tiempo del Fin (WSS) Brasil.PDF,2000-12-03,Las Profecias del tiempo del Fin.,orden_logico,,,0.000000
f8c1c543-e127-42a6-b271-0661da7f80b7,94271e3d-30da-4bdf-b039-fe8331c673d4,C:\Users\USUARIO\Documents\Downloads\BASE DE DATOS 1974-2018 PDFs. WSS\2000\2000-12-06 Conociendo el tiempo en que vivimos (WSS) Colombia.PDF,2000-12-06,Conociendo el tiempo en que Vivimos.,orden_logico,,,0.000000
a7d20762-79b5-4c28-b70d-e9728ea538d0,0cd38db0-dd6a-4191-af49-aee2969953d9,C:\Users\USUARIO\Documents\Downloads\BASE DE DATOS 1974-2018 PDFs. WSS\2000\2000-12-07 Jesucristo glorificado en el Fin del Mundo (WSS) Colombia.PDF,2000-12-07,Jesucristo Glorificado en el Fin del Mundo.,orden_logico,,,0.000000
3bcf956f-6290-4135-a0c2-722904dc7128,e76d09fd-fdd1-4fea-b933-96955ef7fd26,C:\Users\USUARIO\Documents\Downloads\BASE DE DATOS 1974-2018 PDFs. WSS\2000\2000-12-08 La Luz que resplandece hasta lo último de la Tierra (WSS) Colombia.PDF,2000-12-08,La Luz que Resplandece hasta lo Ultimo de la Tierra.,orden_logico,,,0.000000
59ca2c40-f268-4331-bd14-af58f808af95,766f4650-bc6d-4c2a-b6f2-9882e9397867,C:\Users\USUARIO\Documents\Downloads\BASE DE DATOS 1974-2018 PDFs. WSS\2000\2000-12-08 La Gran Luz del dia postrero (WSS) Colombia.PDF,2000-12-08,RM La Gran Luz del Dia Postrero.,orden_logico,,,0.000000
83ab9f32-dae6-42e4-9bd6-7c96e08ddbaf,6054877c-083c-4f68-bf53-87184fb13185,C:\Users\USUARIO\Documents\Downloads\BASE DE DATOS 1974-2018 PDFs. WSS\2000\2000-12-10 El Mensajero del Día Postrero (WSS) Colombia.PDF,2000-12-10,El Mensajero del Dia Postrero.,orden_logico,,,0.000000
6ad5e51f-d77b-4930-ba07-f2cb223d7b26,02ba10ab-0888-464e-84df-7d5986ecf255,"C:\Users\USUARIO\Documents\Downloads\BASE DE DATOS 1974-2018 PDFs. WSS\2000\2000-12-17 La Dispensación del cumplimiento de los tiempos (WSS) Cayey, Puerto Rico.PDF",2000-12-17,La Dispensacion del Cumplimiento de los Tiempos.,orden_logico,,,0.000000
1e26ae8b-360b-435b-aaaa-c5a768e8e79b,6a48a9fe-a943-4a7f-977a-955311f8a3f7,"C:\Users\USUARIO\Documents\Downloads\BASE DE DATOS 1974-2018 PDFs. WSS\2000\2000-12-24 Recibiendo al que viene en el Nombre del Señor (WSS) Cayey, Puerto Rico.PDF",2000-12-24,Recibiendo al que viene en el Nombre del Señor.,orden_logico,,,0.000000
ce45619a-83ea-4881-b585-c7ea73d67f76,c5608f4b-c72a-4899-9297-1831b0e84a70,"C:\Users\USUARIO\Documents\Downloads\BASE DE DATOS 1974-2018 PDFs. WSS\2000\2000-12-24 Donde esta el Rey de los judios que ha nacido (WSS) Cayey, Puerto Rico.PDF",2000-12-24,Donde esta el Rey de los Judios que ha Nacido.,orden_logico,,,0.000000
9fcac3c8-b92b-4cb7-b586-e587961557dc,9e24b915-aad7-4509-b91d-4f012595d9e4,"C:\Users\USUARIO\Documents\Downloads\BASE DE DATOS 1974-2018 PDFs. WSS\2000\2000-12-29 Niños guiados por el Angel del Pacto (WSS) Cayey, Puerto Rico (movil).pdf",2000-12-29,Niños guiados por el Angel del Pacto.,duplicacion,texto normalizado exacto,3df7e856-b2fa-484f-8e94-036399ed6870,1.000000
7de5461f-f3f2-4b48-b79f-9314e2821f04,b2f06f46-e53d-4ee7-a65a-dde7a94f0b1f,"C:\Users\USUARIO\Documents\Downloads\BASE DE DATOS 1974-2018 PDFs. WSS\2000\2000-12-30 La Evangelización del Dia postrero (WSS) Cayey, Puerto Rico (movil).pdf",2000-12-30,La Evangelización del Dia postrero.,orden_logico,,,0.000000
bef3a991-b698-47e3-afe4-81885d5f7378,b2f06f46-e53d-4ee7-a65a-dde7a94f0b1f,"C:\Users\USUARIO\Documents\Downloads\BASE DE DATOS 1974-2018 PDFs. WSS\REUNIÓN DE MINISTROS\2000-12-30 La evangelización del Día Postrero - RM (WSS) Cayey, Puerto Rico.pdf",2000-12-30,La Evangelización del Dia postrero.,orden_logico,,,0.000000
32898507-bdb8-4b1e-854c-0da3a81078ac,00909891-b1c1-4154-a813-44f8da3e2433,"C:\Users\USUARIO\Documents\Downloads\BASE DE DATOS 1974-2018 PDFs. WSS\2000\2000-12-31 La trayectoria del Trono de Dios (WSS) Cayey, Puerto Rico.PDF",2000-12-31,La trayectoria del Trono de Dios.,orden_logico,,,0.000000
4c2922de-1fc5-42bc-92c2-86d19ef24ad9,34426f83-2b95-40ad-bdbf-44eea4d63220,"C:\Users\USUARIO\Documents\Downloads\BASE DE DATOS 1974-2018 PDFs. WSS\2001\2001-01-14 La trayectoria de la Redención (WSS) Cayey, Puerto Rico (movil).pdf",2001-01-14,La Trayectoria de la Redencion.,orden_logico,,,0.000000
5cb9f180-b735-4b86-ac9d-23685e4e9d3d,9374a697-cd28-4d70-b9cb-8c1ec8009a25,"C:\Users\USUARIO\Documents\Downloads\BASE DE DATOS 1974-2018 PDFs. WSS\2001\2001-01-28 La Restauración de la Creación (WSS) Cayey, Puerto Rico (movil).PDF",2001-01-28,La Restauración de la Creación,orden_logico,,,0.000000
2daed217-e8ba-40d5-87dd-d872a26f6800,f77f9d1c-29bd-4ffe-8429-abac041fda75,C:\Users\USUARIO\Documents\Downloads\BASE DE DATOS 1974-2018 PDFs. WSS\2001\2001-03-05 El que tiene la llave (WSS) Brasil (movil).pdf,2001-03-05,El que Tiene la llave.,orden_logico,,,0.000000
db951d11-71cd-460e-9a33-a2622345e3f3,647968ec-1f50-4633-8353-48a32c6f9b3d,C:\Users\USUARIO\Documents\Downloads\BASE DE DATOS 1974-2018 PDFs. WSS\2001\2001-03-06 La Señal del Pacto de Dios con Abraham (WSS) Brasil (movil).pdf,2001-03-06,La Señal del Pacto de Dios con Abraham.,orden_logico,,,0.000000
3c25df72-eb5b-4590-adb3-154f71e1b838,24b38abd-357a-4e8d-b83d-e0c5eaabbdae,"C:\Users\USUARIO\Documents\Downloads\BASE DE DATOS 1974-2018 PDFs. WSS\2001\2001-03-11 Mirandonos, viendonos en el Espejo de la Palabra de Dios (WSS) Brasil.pdf",2001-03-11,Mirandonos viendonos en el Espejo de la Palabra de Dios.,orden_logico,,,0.000000
79720244-bd54-4c35-8a25-cc066df7936a,d2884606-198c-4613-af26-82d5d6353769,"C:\Users\USUARIO\Documents\Downloads\BASE DE DATOS 1974-2018 PDFs. WSS\2001\2001-03-12 El Enviado para revelar la visión del tiempo final (WSS) San Pablo, Brasil.pdf",2001-03-12,El Enviado para Revelar la Vision del Tiempo final.,orden_logico,,,0.000000
7cf23a19-70cf-40be-9169-1c594906c5cf,944e2028-9212-4cac-abdf-a2fb5914ad44,C:\Users\USUARIO\Documents\Downloads\BASE DE DATOS 1974-2018 PDFs. WSS\2001\2001-03-14 Las Señales de este tiempo (WSS) Brasil (movil).pdf,2001-03-14,Las Señales de este tiempo,cierre,,,0.000000
3ea83648-ee19-4575-9c70-c6e3ffaeae60,027b7f8e-5c80-4f4f-aadd-25f2662c7dd8,"C:\Users\USUARIO\Documents\Downloads\BASE DE DATOS 1974-2018 PDFs. WSS\2001\2001-03-25 Cristo El Vencedor en Todos los Campos (WSS) Santiago de Chile, Chile.PDF",2001-03-25,Cristo El Vencedor en Todos los Campos.,orden_logico,,,0.000000
cccda64f-d678-462a-9971-b994959672ad,9b484183-f909-42aa-843c-5fc14b20f21c,"C:\Users\USUARIO\Documents\Downloads\BASE DE DATOS 1974-2018 PDFs. WSS\2001\2001-04-14 Palabras de Saludo a los Pastores de Puerto Rico (WSS) Cayey, Puerto Rico.pdf",2001-04-14,Palabras de saludo a los pastores de Puerto Rico.,orden_logico,,,0.000000
3a03e38a-b100-48db-bc28-98163da721e6,fff9ed95-6ea3-4d13-9489-225489748d81,C:\Users\USUARIO\Documents\Downloads\BASE DE DATOS 1974-2018 PDFs. WSS\2001\2001-04-16 Escuchando y entendiendo (WSS) EEUU (movil).pdf,2001-04-16,Escuchando y Entendiendo.,orden_logico,,,0.000000
399ab473-0bca-41b7-bb52-0f80ba07d7fc,0a27353b-a52a-4f4d-b360-6f5bb2c74da5,C:\Users\USUARIO\Documents\Downloads\BASE DE DATOS 1974-2018 PDFs. WSS\2001\2001-04-17 El Tiempo más glorioso de todos los tiempos (WSS) EEUU (movil).pdf,2001-04-17,El Tiempo mas Glorioso de Todos los Tiempos.,orden_logico,,,0.000000
4a9d0993-7a63-4a47-a1cd-79b055cd92f1,4b41d1b0-64bb-4234-bc75-9e7a9959a1fa,"C:\Users\USUARIO\Documents\Downloads\BASE DE DATOS 1974-2018 PDFs. WSS\2001\2001-04-19 Los Valientes del Hijo de David luchando por el establecimiento del Reino del Hijo de David (WSS) Dallas, EEUU (movil).pdf",2001-04-19,Los Valientes del hijo de David luchando por el establecimiento del Reino del hijo de David,orden_logico,,,0.000000
e53a3653-313c-40d7-bce7-153c6f9a52a9,eae0b557-81d1-4563-88f0-e7600b9a0c1c,C:\Users\USUARIO\Documents\Downloads\BASE DE DATOS 1974-2018 PDFs. WSS\2001\2001-04-19 Los niños escogidos de Dios del Día Postrero (WSS) EEUU (movil).pdf,2001-04-19,Los Ninos Escogidos de Dios del Dia Postrero.,orden_logico,,,0.000000
64c7db9a-ad5a-4516-943e-99c0f8aab365,a0c0aa52-0695-45d5-86b8-259fe450333b,"C:\Users\USUARIO\Documents\Downloads\BASE DE DATOS 1974-2018 PDFs. WSS\2001\2001-04-21 Los beneficios del Nuevo Pacto (WSS) Cayey, Puerto Rico.pdf",2001-04-21,Los beneficios del Nuevo Pacto.,orden_logico,,,0.000000
0b240531-0c5f-4de5-a397-bc20028db6ca,c6431550-ca3f-4256-9eff-c4ec05681290,"C:\Users\USUARIO\Documents\Downloads\BASE DE DATOS 1974-2018 PDFs. WSS\REUNIÓN DE MINISTROS\2001-04-28 El siervo bienaventurado, al que más le es dado y más le será demandado - RM (WSS) México.pdf",2001-04-28,RM El Siervo Bienaventurado al que mas le es dado y mas le sera demandado.,orden_logico,,,0.000000
ce512da7-5144-4f68-bd13-eb0e0295fd40,c6431550-ca3f-4256-9eff-c4ec05681290,C:\Users\USUARIO\Documents\Downloads\BASE DE DATOS 1974-2018 PDFs. WSS\2001\2001-04-28 El Siervo Bienaventurado al que mas le es dado y mas le sera demandado - RM (WSS) México.pdf,2001-04-28,RM El Siervo Bienaventurado al que mas le es dado y mas le sera demandado.,orden_logico,,,0.000000
06037ac6-1eb4-470d-b5d2-22fd257aa8fb,71e2f843-8fc0-4a4b-90a7-f41961fce4c2,C:\Users\USUARIO\Documents\Downloads\BASE DE DATOS 1974-2018 PDFs. WSS\2001\2001-04-30 Madres portadoras de Simiente de Dios (WSS) Mexico (movil).pdf,2001-04-30,Madres Portadoras de Simiente de Dios.,orden_logico,,,0.000000
2c70dc73-ddd0-4b3e-9639-59881f55f0db,06482d30-2c7e-4401-ace2-1c42d2c82aa1,C:\Users\USUARIO\Documents\Downloads\BASE DE DATOS 1974-2018 PDFs. WSS\2001\2001-05-05 El Camino de la Vida Eterna (WSS) Mexico (movil).pdf,2001-05-05,El Camino de la Vida Eterna.,cierre,,,0.000000
42c7c227-f8cd-4c1f-9d7b-ac227ea567d0,95f58ed9-53ea-4d27-827e-33ab78f9f895,C:\Users\USUARIO\Documents\Downloads\BASE DE DATOS 1974-2018 PDFs. WSS\2001\2001-05-10 El misterio de la intercesion de Jesucristo - Booklet.pdf,2001-05-10,El Misterio de la Intercesion de Jesucristo.,orden_logico,,,0.000000
b71812f8-c3f7-47d5-bcde-b045b7bd7fd1,36cabe82-70f5-4dae-99ca-029a017a4ca4,"C:\Users\USUARIO\Documents\Downloads\BASE DE DATOS 1974-2018 PDFs. WSS\2001\2001-05-13 La trayectoria de la primogenitura, y el heredero, el hijo de la libre - Booklet.pdf",2001-05-13,"La Trayectoria de la Primogenitura y el heredero, el hijo de la libre",orden_logico,,,0.000000
f05d9b3d-0d69-4a29-be3d-a9cacd73d7a0,7b1d456f-de3b-4f64-9342-32c624a70894,C:\Users\USUARIO\Documents\Downloads\BASE DE DATOS 1974-2018 PDFs. WSS\2001\2001-05-19 Saludo a Los Valientes del Hijo de David (WSS) Mexico.pdf,2001-05-19,Saludo a Los Valientes del Hijo de David.,orden_logico,,,0.000000
33935738-6191-4d8c-a3b5-0ece831807bd,7f1feab8-7c0b-43c5-bbfe-27c9c10f2275,C:\Users\USUARIO\Documents\Downloads\BASE DE DATOS 1974-2018 PDFs. WSS\2001\2001-07-02 Trabajando unidos en la Obra de Cristo (WSS) EEUU (movil).pdf,2001-07-02,Trabajando Unidos en la Obra de Cristo,orden_logico,,,0.000000
12f8f750-7c74-47d5-b4ba-a0c726ce1453,07e11a14-407a-43c4-8053-3878069be408,C:\Users\USUARIO\Documents\Downloads\BASE DE DATOS 1974-2018 PDFs. WSS\2001\2001-07-04 Tiempo de Buscar a Dios (WSS) EEUU (movil).pdf,2001-07-04,Tiempo de buscar a Dios.,orden_logico,,,0.000000
04ef4825-a651-4369-83ba-8c4c6cc890d2,08892d27-9934-4abf-a62e-296ad00b7592,C:\Users\USUARIO\Documents\Downloads\BASE DE DATOS 1974-2018 PDFs. WSS\2001\2001-07-04 Las Piedras Vivas del Templo de Dios (WSS) EEUU.pdf,2001-07-04,Las Piedras Vivas del Templo de Dios.,orden_logico,,,0.000000
60811ac6-9f7c-4378-88aa-f4a20efda070,197601e1-d715-47fc-b68f-b73a0daf0eac,C:\Users\USUARIO\Documents\Downloads\BASE DE DATOS 1974-2018 PDFs. WSS\2001\2001-07-07 Los obreros del Templo del Señor Jesucristo (WSS) EEUU (movil).pdf,2001-07-07,Los obreros del Templo del Señor Jesucristo.,orden_logico,,,0.000000
fbfa6abf-8e17-48e9-8498-4988721311b4,6909790b-fb17-4629-8526-5acd2179fee5,"C:\Users\USUARIO\Documents\Downloads\BASE DE DATOS 1974-2018 PDFs. WSS\2001\2001-07-09 La Revelación, el fundamento de la Iglesia.PDF",2001-07-09,La Revelación El fundamento de la Iglesia.,orden_logico,,,0.000000
58316f33-b0ff-4ca0-83a8-ab5a33e674c2,bf3ffa90-da7a-4d94-a34e-e728a987515f,C:\Users\USUARIO\Documents\Downloads\BASE DE DATOS 1974-2018 PDFs. WSS\2001\2001-07-12 El paralelismo entre Jesucristo y su Iglesia (WSS) México (movil).pdf,2001-07-12,El paralelismo entre Jesucristo y su Iglesia.,orden_logico,,,0.000000
ce2e1ade-d5f8-4925-b28c-57bb5c635d1a,bc0cbe0a-6553-40a2-baf6-24d6d0736e2a,C:\Users\USUARIO\Documents\Downloads\BASE DE DATOS 1974-2018 PDFs. WSS\2001\2001-07-16 Palabras de Saludo a Jóvenes (WSS) Mexico (movil).pdf,2001-07-16,Palabras de Saludo a Jovenes,orden_logico,,,0.000000
6d331636-a880-4df8-b58c-c5d30bb747c1,bc9d339c-5e06-43d9-9c5d-5a3d1d598278,"C:\Users\USUARIO\Documents\Downloads\BASE DE DATOS 1974-2018 PDFs. WSS\2001\2001-07-28 La Unica Luz del Dia Potrero - RM (WSS) Villahermosa, Tabasco, México.PDF",2001-07-28,RM La Unica Luz del Dia Potrero,orden_logico,,,0.000000
f8624d32-92a6-454f-98fb-45baf220c71a,5123d0b6-6065-48e3-8919-e24cbc304c82,C:\Users\USUARIO\Documents\Downloads\BASE DE DATOS 1974-2018 PDFs. WSS\2001\2001-07-28 Aprovechando los medios que Dios nos para trabajar en Su Obra con ciencia e inteligencia (WSS) Mexico (movil).pdf,2001-07-28,Aprovechando los medios que Dios nos para trabajar en Su Obra con ciencia e inteligencia.,orden_logico,,,0.000000
e11066b8-15eb-4026-95c8-30c1059231ea,86f72743-79dc-4503-90da-997684a40f35,C:\Users\USUARIO\Documents\Downloads\BASE DE DATOS 1974-2018 PDFs. WSS\2001\2001-08-04 Fusionando los negocios terrenales con los negocios del Reino de los Cielos (WSS) Mexico (movil).pdf,2001-08-04,Fusionando los negocios terrenales con los negocios del Reino de los Cielos.,orden_logico,,,0.000000
357bd6fa-3032-4af0-b5dd-2a9ec590a5e4,919760ce-5246-4247-9267-d6b411b3f106,C:\Users\USUARIO\Documents\Downloads\BASE DE DATOS 1974-2018 PDFs. WSS\2001\2001-08-04 Damas valientes mirando de cerca la Gloria de Dios (WSS) Mexico (movil).pdf,2001-08-04,Damas Valientes Mirando de Cerca la Gloria de Dios,orden_logico,,,0.000000
a2ad7da0-220d-4c1d-883d-3a9415e0b7a1,0ebf3ad0-a5e7-4f11-a332-89fb955440a8,"C:\Users\USUARIO\Documents\Downloads\BASE DE DATOS 1974-2018 PDFs. WSS\2001\2001-08-19 La Obra misionera hoy (WSS) Cayey, Puerto Rico (movil).pdf",2001-08-19,La Obra Misionera Hoy,orden_logico,,,0.000000
409c3693-f490-4e30-a3c6-30dece7ba734,d1527d3c-c141-4376-8047-fbfd7aae61b4,"C:\Users\USUARIO\Documents\Downloads\BASE DE DATOS 1974-2018 PDFs. WSS\2001\2001-08-26 Un pueblo reconciliado con Dios (WSS) Cayey, Puerto Rico (movil).pdf",2001-08-26,Un pueblo reconciliado con Dios.,orden_logico,,,0.000000
5e587a79-5266-493a-b494-6e252a7cb4d5,4b75fb0d-696a-4bee-9785-6fb871f914b4,"C:\Users\USUARIO\Documents\Downloads\BASE DE DATOS 1974-2018 PDFs. WSS\2001\2001-08-29 Padre celestial venga tu reino - RM (WSS) Cartagena, Colombia.pdf",2001-08-29,RM Padre celestial venga tu reino,orden_logico,,,0.000000
0e135df2-4c63-4daa-861b-b3779b26c10c,11a06a16-a2a7-4966-acf0-2854e08421af,"C:\Users\USUARIO\Documents\Downloads\BASE DE DATOS 1974-2018 PDFs. WSS\2001\2001-08-30 La consolidacion del Reino Celestial y el reino terrenal (WSS) Cartagena, Colombia (movil).pdf",2001-08-30,La consolidacion del Reino Celestial y el Reino terrenal.,cierre,,,0.000000
d2dd27a9-60b0-46c9-9b90-a2f8fd918044,b70fc6ed-a343-42a8-9747-f25b19be205b,"C:\Users\USUARIO\Documents\Downloads\BASE DE DATOS 1974-2018 PDFs. WSS\2001\2001-09-08 La relacion entre una edad y otra - RM (WSS) Bogota, Colombia.PDF",2001-09-08,RM La relacion entre una edad y otra,orden_logico,,,0.000000
af1b6ce7-5ebb-4d27-afe8-329ea281db98,0ca50a1a-92de-440b-a199-1aca73da45cf,C:\Users\USUARIO\Documents\Downloads\BASE DE DATOS 1974-2018 PDFs. WSS\2001\2001-09-12 Jesus oro por nosotros (WSS) Brasil (movil).pdf,2001-09-12,Jesus oro por nosotros.,cierre,,,0.000000
e0012d26-d378-495e-b38d-11d96aec77ec,376944fc-77c9-4538-999c-deeabebd3c46,"C:\Users\USUARIO\Documents\Downloads\BASE DE DATOS 1974-2018 PDFs. WSS\2001\2001-09-22 La Voz de Dios hoy - RM (WSS) Cordoba, Argentina.PDF",2001-09-22,La Voz de Dios hoy.,orden_logico,,,0.000000
4d8b807a-bf90-453f-a5c3-c65e564b9d10,6ed65981-6dd7-4963-a510-db2967b29045,C:\Users\USUARIO\Documents\Downloads\BASE DE DATOS 1974-2018 PDFs. WSS\2001\2001-09-30 El Pueblo que todo recibe del Cielo (WSS) Chile (movil).pdf,2001-09-30,El Pueblo que todo recibe del Cielo.,orden_logico,,,0.000000
b90608a7-4ee2-4770-bccf-667dedca9c91,0fedcdb4-a4c8-4942-a243-1515376514d8,"C:\Users\USUARIO\Documents\Downloads\BASE DE DATOS 1974-2018 PDFs. WSS\2001\2001-10-03 Teniendo el mismo amor unanimes en la obra de Cristo - RM (WSS) Santa Cruz, Bolivia.pdf",2001-10-03,RM Teniendo el mismo amor unanimes en la obra de cristo,orden_logico,,,0.000000
5fdb594d-628f-4238-9d66-16a10ca29ad8,9f723521-da7a-4a1e-8e35-980389e87c5f,"C:\Users\USUARIO\Documents\Downloads\BASE DE DATOS 1974-2018 PDFs. WSS\2001\2001-10-06 La autoridad del Hijo del Hombre - RM (WSS) Lima, Perú.pdf",2001-10-06,RM La autoridad del hijo del hombre,orden_logico,,,0.000000
3300b4b1-51b7-4b34-9aa7-284feda49174,96c81c25-d198-47db-a9e2-0c3edcf3b6d9,"C:\Users\USUARIO\Documents\Downloads\BASE DE DATOS 1974-2018 PDFs. WSS\2001\2001-11-18 Cruzando la Esquina Final Parte I (WSS) Cayey, Puerto Rico.pdf",2001-11-18,Cruzando la Esquina Final Parte 1,orden_logico,,,0.000000
02137eb0-beaa-4c45-bf6d-586d660c6cec,8287d7ce-b8ca-4215-a112-e88bddf150f6,"C:\Users\USUARIO\Documents\Downloads\BASE DE DATOS 1974-2018 PDFs. WSS\2001\2001-11-25 Puestos los ojos en Jesus (WSS) Cayey, Puerto Rico.pdf",2001-11-25,Puestos los ojos en Jesus.,orden_logico,,,0.000000
77aeea43-25c3-48d7-9281-d06f0a8d9daa,afb192cd-da3e-444e-bcd2-44a2fa536cbd,"C:\Users\USUARIO\Documents\Downloads\BASE DE DATOS 1974-2018 PDFs. WSS\2001\2001-11-25 Escapando de la ira de Dios (WSS) Cayey, Puerto Rico.pdf",2001-11-25,Escapando de la ira de Dios.,orden_logico,,,0.000000
2fcd549d-2674-4092-baa9-2959cb174e61,ea344443-7fc5-4d33-8a1a-30b2e14f5d93,"C:\Users\USUARIO\Documents\Downloads\BASE DE DATOS 1974-2018 PDFs. WSS\2001\2001-12-13 Las Promesas del Señor para Hoy (WSS) Cartagena, Colombia.pdf",2001-12-13,Las Promesas del Señor para hoy,orden_logico,,,0.000000
a72eac01-6bad-46d3-b179-6d524f07d256,36cba2a4-893c-44a8-8108-b082787bd3ce,C:\Users\USUARIO\Documents\Downloads\BASE DE DATOS 1974-2018 PDFs. WSS\2001\2001-12-15 RM cuidadores del tesoro de Dios con un corazon dispuesto para Dios cuidadores.pdf,2001-12-15,RM cuidadores del tesoro de Dios con un corazon dispuesto para Dios cuidadores,orden_logico,,,0.000000
82ac8c61-9fe2-4b49-a9f6-c7872e95fb0a,1af0d61b-c57c-442e-8dde-e6804b6ec1da,"C:\Users\USUARIO\Documents\Downloads\BASE DE DATOS 1974-2018 PDFs. WSS\2001\2001-12-17 Quedense con la Palabra - RM (WSS) Cali, Colombia.pdf",2001-12-17,RM Quedense con la Palabra,orden_logico,,,0.000000
9be233fd-d31d-49fa-ba7b-784aff759b07,f7f57431-79bd-48aa-8935-51995eb9840a,"C:\Users\USUARIO\Documents\Downloads\BASE DE DATOS 1974-2018 PDFs. WSS\2002\2002-01-06 La trayectoria del Rey de Reyes (WSS) Cayey, Puerto Rico (movil).pdf",2002-01-06,La Trayectoria del Rey de Reyes.,cierre,,,0.000000
c4fa37e9-cf8e-4f90-b4a0-095800237bac,e3146521-b18b-4a65-bc49-e54e2ad014d4,"C:\Users\USUARIO\Documents\Downloads\BASE DE DATOS 1974-2018 PDFs. WSS\2002\2002-01-06 El Mensajero del Rey (WSS) Cayey, Puerto Rico.pdf",2002-01-06,El Mensajero del Rey.,orden_logico,,,0.000000
b9081db6-1d24-4303-a673-cef7c4048743,f7f57431-79bd-48aa-8935-51995eb9840a,"C:\Users\USUARIO\Documents\Downloads\BASE DE DATOS 1974-2018 PDFs. WSS\2002\2002-01-06 La Trayectoria del Rey de Reyes (WSS) Cayey, Puerto Rico.pdf",2002-01-06,La Trayectoria del Rey de Reyes.,orden_logico,,,0.000000
d59b45bd-f634-4e7c-b485-b5828a168c7f,61630fbc-7bc3-418a-83c1-d5d2d42e3947,"C:\Users\USUARIO\Documents\Downloads\BASE DE DATOS 1974-2018 PDFs. WSS\2002\2002-01-13 La Voz que todos debemos oir (WSS) Cayey, Puerto Rico.pdf",2002-01-13,La Voz que todos debemos Oir.,orden_logico,,,0.000000
cb1d785f-9ccc-42f4-9641-95fc7b1b617f,64fbda18-9d95-4650-a27a-6ce4482458ec,"C:\Users\USUARIO\Documents\Downloads\BASE DE DATOS 1974-2018 PDFs. WSS\2002\2002-01-13 La Palabra haciendose carne (WSS) Cayey, Puerto Rico.pdf",2002-01-13,La Palabra haciendose carne.,orden_logico,,,0.000000
228b9647-d923-45c4-b072-6a075f9a6b66,b3c75c7e-c4a6-4430-b189-29a061af0584,"C:\Users\USUARIO\Documents\Downloads\BASE DE DATOS 1974-2018 PDFs. WSS\2002\2002-01-20 Sirviendole a Dios en tiempo presente (WSS) Cayey, Puerto Rico.pdf",2002-01-20,Sirviendole a Dios en tiempo presente.,orden_logico,,,0.000000
ee0e1010-70b9-4295-8e5e-1a64af55397d,798ac2ba-1c33-4987-9b19-cb11d85e00ff,"C:\Users\USUARIO\Documents\Downloads\BASE DE DATOS 1974-2018 PDFs. WSS\2002\2002-01-20 Las Primicias pertenecen a Dios (WSS) Cayey, Puerto Rico.pdf",2002-01-20,Las Primicias pertenecen a Dios.,orden_logico,,,0.000000
853c259e-09f3-4ecc-8f8c-fc1970d1651d,585c0093-bd70-4891-84ed-c8253f3f01e8,"C:\Users\USUARIO\Documents\Downloads\BASE DE DATOS 1974-2018 PDFs. WSS\2002\2002-01-27 Siguiendo el Consejo sabio de Dios (WSS) Cayey, Puerto Rico.pdf",2002-01-27,Siguiendo el Consejo sabio de Dios.,orden_logico,,,0.000000
c7784bf0-658e-4323-882c-04e4a912b275,ce2120f0-d6f1-47d7-91ed-b27389c10caa,"C:\Users\USUARIO\Documents\Downloads\BASE DE DATOS 1974-2018 PDFs. WSS\2002\2002-01-27 Tomando un pueblo para Su Nombre (WSS) Cayey, Puerto Rico.pdf",2002-01-27,Tomando un pueblo para Su Nombre.,orden_logico,,,0.000000
46e09cdf-82c8-4f7e-851d-764c44512934,f8345f87-721e-4b11-9c97-ddb4508143b8,"C:\Users\USUARIO\Documents\Downloads\BASE DE DATOS 1974-2018 PDFs. WSS\2002\2002-01-30 La Voz de la Sangre - RM (WSS) Cartagena, Colombia.PDF",2002-01-30,RM La Voz de la sangre.,orden_logico,,,0.000000
7609bcc8-2e4f-4c16-b82f-81f46a9d8fe9,f8b0229f-25ed-4754-b6b5-25a204728da5,"C:\Users\USUARIO\Documents\Downloads\BASE DE DATOS 1974-2018 PDFs. WSS\2002\2002-01-31 La Trayectoria del Trono de Dios (WSS) Cartagena, Colombia.pdf",2002-01-31,La Trayectoria del Trono de Dios.,orden_logico,,,0.000000
dd4d56b0-f061-481e-b459-5393a98e3149,1ceec42e-dc02-42d7-8e23-2ebf3b5879d5,"C:\Users\USUARIO\Documents\Downloads\BASE DE DATOS 1974-2018 PDFs. WSS\2002\2002-02-02 Luchando contra un enemigo invisible donde nos encontramos en el programa Divino - RM (WSS) Bogotá, Colombia.PDF",2002-02-02,RM Luchando contra un enemigo invisible donde nos encontramos en el programa Divino.,orden_logico,,,0.000000
135dccb7-9ba5-43a6-a4e6-52485d997c17,c8564a42-ce19-4e6a-88df-41f5a9fd3614,"C:\Users\USUARIO\Documents\Downloads\BASE DE DATOS 1974-2018 PDFs. WSS\2002\2002-02-02 El espiritu que nos guia a toda verdad - RM (WSS) Topochico, México.pdf",2002-02-02,RM El espiritu que nos guia a toda verdad,orden_logico,,,0.000000
bf63287f-f863-4d88-98a1-dce51d318488,67361bb0-acb3-4f37-b5fc-bec3bd81d8da,"C:\Users\USUARIO\Documents\Downloads\BASE DE DATOS 1974-2018 PDFs. WSS\2002\2002-02-03 Oyendo la Voz del Cielo hoy (WSS) Bogota, Colombia.pdf",2002-02-03,Oyendo la Voz del cielo hoy.,orden_logico,,,0.000000
cafd14da-cf42-4f4d-9b5d-535956c6fd01,4406655e-539e-43aa-9992-da3eb36ab3f3,"C:\Users\USUARIO\Documents\Downloads\BASE DE DATOS 1974-2018 PDFs. WSS\2002\2002-02-03 La Voz del Angel de Jesus hoy en la Iglesia del Señor Jesucristo (WSS) Cali, Colombia.pdf",2002-02-03,La Voz del Angel de Jesús hoy en la Iglesia del Señor Jesucristo,orden_logico,,,0.000000
2e0c56e9-7789-4317-81cf-9a6b2277add0,29e70645-3fa1-412a-95fc-501145d68f9f,C:\Users\USUARIO\Documents\Downloads\BASE DE DATOS 1974-2018 PDFs. WSS\2002\2002-02-04 RM La unica voz de Dios - Booklet.pdf,2002-02-04,RM La Unica Voz de Dios.,orden_logico,,,0.000000
790d8081-accb-4823-9798-b6d4c679eec1,29e70645-3fa1-412a-95fc-501145d68f9f,"C:\Users\USUARIO\Documents\Downloads\BASE DE DATOS 1974-2018 PDFs. WSS\2002\2002-02-04 La Unica Voz de Dios - RM (WSS) Cali, Colombia.PDF",2002-02-04,RM La Unica Voz de Dios.,orden_logico,,,0.000000
d2c8a037-597f-4963-87d1-e0f1c89eafa8,f04227b6-b213-441f-abb3-8be5a1e0eab1,"C:\Users\USUARIO\Documents\Downloads\BASE DE DATOS 1974-2018 PDFs. WSS\2002\2002-02-05 La Heredad de Dios (WSS) Cali, Colombia.pdf",2002-02-05,La Heredad de Dios,orden_logico,,,0.000000
0ffb538d-a796-4751-ab44-2a00145b49eb,ddcecb2a-5452-409f-8369-638d82a2955d,"C:\Users\USUARIO\Documents\Downloads\BASE DE DATOS 1974-2018 PDFs. WSS\2002\2002-02-10 El Heredero de todas las cosas (WSS) Cayey, Puerto Rico.pdf",2002-02-10,El Heredero de todas las cosas,orden_logico,,,0.000000
b9ec92a3-ea43-4596-b0e0-1c8e69923d3c,b7d59b05-bf85-4a67-acf8-6a291ee6a700,"C:\Users\USUARIO\Documents\Downloads\BASE DE DATOS 1974-2018 PDFs. WSS\2002\2002-02-12 Perseverando hasta vencer (WSS) Miami, EEUU.pdf",2002-02-12,Perseverando hasta vencer,orden_logico,,,0.000000
8c3310c9-492c-4f59-a73f-49c148225143,63860ad5-dddf-4e90-b8ab-7ed274ab91b8,"C:\Users\USUARIO\Documents\Downloads\BASE DE DATOS 1974-2018 PDFs. WSS\2002\2002-02-13 Perseverando en la Fe (WSS) Dallas, Texas, EEUU.pdf",2002-02-13,Perseverando en la Fe.,orden_logico,,,0.000000
0b0e4079-a839-4059-bdbb-cc5c1df0ffdf,d25a8d98-e17d-42e9-889c-1874a9ea2c9b,"C:\Users\USUARIO\Documents\Downloads\BASE DE DATOS 1974-2018 PDFs. WSS\2002\2002-02-14 Prosiguiendo sin detenerse (WSS) Texas, EEUU.pdf",2002-02-14,Prosiguiendo sin detenerse,orden_logico,,,0.000000
0c213d30-b561-48c5-be8c-7c401c871995,76ecab32-3262-43ee-98db-99a3cf43ade4,C:\Users\USUARIO\Documents\Downloads\BASE DE DATOS 1974-2018 PDFs. WSS\2002\2002-02-15 Estar siempre en el Espiritu (WSS) EEUU.PDF,2002-02-15,Estar siempre en El Espiritu.,orden_logico,,,0.000000
0cc1e27d-d302-408c-8d69-3cbb48f16d38,18bc2503-3b9d-4e34-9595-48f0dd82bf11,"C:\Users\USUARIO\Documents\Downloads\BASE DE DATOS 1974-2018 PDFs. WSS\2002\2002-02-16 Oyendo la Voz de Dios hoy (WSS) Texas, EEUU.pdf",2002-02-16,Oyendo la Voz de Dios hoy.,orden_logico,,,0.000000
d40650fa-df46-4513-8fff-932e9da0ba37,85447be1-a89f-4581-b7d5-a35b438327cb,"C:\Users\USUARIO\Documents\Downloads\BASE DE DATOS 1974-2018 PDFs. WSS\2002\2002-02-17 El único refugio seguro (WSS) Texas, EEUU.pdf",2002-02-17,El único refugio seguro,orden_logico,,,0.000000
0c995737-a572-40b8-bdca-dff0e5368273,ad432304-c601-44a6-89af-36410491269e,C:\Users\USUARIO\Documents\Downloads\BASE DE DATOS 1974-2018 PDFs. WSS\2002\2002-02-19 El hijo presentado al octavo día (WSS) Mexico.PDF,2002-02-19,El hijo presentado al octavo día,orden_logico,,,0.000000
1a2a519a-c8a2-4ba9-bb53-515aca144745,fa05997e-fdda-4660-8b0f-9108ce64a485,C:\Users\USUARIO\Documents\Downloads\BASE DE DATOS 1974-2018 PDFs. WSS\2002\2002-02-19 El constructor de la casa de Dios (WSS) Mexico.pdf,2002-02-19,El constructor de la casa de Dios,orden_logico,,,0.000000
39ba9a20-f16a-426b-9468-c1b9fdb23e87,a23936c7-1cff-4fa8-9fe2-00fa1dbaf799,C:\Users\USUARIO\Documents\Downloads\BASE DE DATOS 1974-2018 PDFs. WSS\2002\2002-02-20 El Cambio de Sacerdocio (WSS) Mexico.pdf,2002-02-20,El Cambio de Sacerdocio,orden_logico,,,0.000000
a715bae5-86fb-46ff-a3f3-851de94b06a8,830f2af6-65b9-45cf-af78-ab117e893178,C:\Users\USUARIO\Documents\Downloads\BASE DE DATOS 1974-2018 PDFs. WSS\2002\2002-02-20 Los valientes del Hijo de David luchan hasta vencer para sentarlo en Su Trono (WSS) Mexico.pdf,2002-02-20,Los Valientes del Hijo de David Luchan hasta vencer para sentarlo en Su Trono,orden_logico,,,0.000000
5fae0028-20c2-45e2-b485-5c91def4b8c2,6aa34a21-a01a-43db-b683-f2ef9066f281,C:\Users\USUARIO\Documents\Downloads\BASE DE DATOS 1974-2018 PDFs. WSS\2002\2002-02-21 El mensaje de Luz (WSS) Mexico.pdf,2002-02-21,El Mensaje de Luz,orden_logico,,,0.000000
1dd4a37f-cc99-415e-8f84-55bd5b774b09,b3e9720b-5702-4ba2-878e-5c0d13923b53,C:\Users\USUARIO\Documents\Downloads\BASE DE DATOS 1974-2018 PDFs. WSS\2002\2002-02-21 La Señal eterna (WSS) Mexico (folleto).PDF,2002-02-21,La señal eterna.,orden_logico,,,0.000000
0b04498e-5eec-4c2f-8efd-d1ae4c51bd10,28046f87-46f2-45db-a44e-9500230664f1,"C:\Users\USUARIO\Documents\Downloads\BASE DE DATOS 1974-2018 PDFs. WSS\2002\2002-02-22 El pacto eterno de Dios con su pueblo (WSS) Monterrey, México.PDF",2002-02-22,El pacto eterno de Dios con su pueblo.,orden_logico,,,0.000000
b5c44d69-c049-46e6-b2d3-01637eb1d472,a304eca8-ae24-403b-aaaa-6b8539b5c22c,"C:\Users\USUARIO\Documents\Downloads\BASE DE DATOS 1974-2018 PDFs. WSS\2002\2002-02-23 La Ayuda Idonea para el Hombre (WSS) Monterrey, Mexico.pdf",2002-02-23,La Ayuda Idónea para el Hombre,orden_logico,,,0.000000
cf17f1e8-ebad-4c44-997e-db70de6da117,4f4d43ff-c02d-4133-b5ae-4042a434a640,C:\Users\USUARIO\Documents\Downloads\BASE DE DATOS 1974-2018 PDFs. WSS\2002\2002-02-24 El Portador del Mensaje del Rey (WSS) Mexico.pdf,2002-02-24,El Portador del Mensaje del Rey,orden_logico,,,0.000000
334635ad-cb49-4ab9-8658-2c368f5031f8,80b4109f-f640-4e7c-93ff-4523805ee5bc,C:\Users\USUARIO\Documents\Downloads\BASE DE DATOS 1974-2018 PDFs. WSS\2002\2002-02-26 El Dios de las Grandes Victorias (WSS) Mexico.pdf,2002-02-26,El Dios de las grandes victorias.,orden_logico,,,0.000000
e972ef89-35cf-4f19-aa5a-ca4370de31b9,9a00b3f3-1453-466e-9642-9e8cc0681c95,"C:\Users\USUARIO\Documents\Downloads\BASE DE DATOS 1974-2018 PDFs. WSS\2002\2002-02-27 Identificando el fin del Tiempo (WSS) Torreón, México.pdf",2002-02-27,Identificando el fin del tiempo.,orden_logico,,,0.000000
e45c0641-46bf-4cda-9950-d066008d05d8,8c4a11bf-a2bf-4d5d-8012-2358aa330c54,"C:\Users\USUARIO\Documents\Downloads\BASE DE DATOS 1974-2018 PDFs. WSS\2002\2002-02-28 Una señal notoria en el Cielo (WSS) Torreón, México.pdf",2002-02-28,Una senal notoria en el cielo.,orden_logico,,,0.000000
bc24818c-4c88-4cba-8c41-094a3d830be1,ff0d4184-3018-4f4c-a9f5-a1f37ccb36c7,C:\Users\USUARIO\Documents\Downloads\BASE DE DATOS 1974-2018 PDFs. WSS\2002\2002-03-01 Un Pueblo Victorioso (WSS) Mexico.pdf,2002-03-01,Un Pueblo Victorioso.,orden_logico,,,0.000000
ab87e387-88fc-4477-830a-d81cca0d655d,1fd935b6-431e-4f00-9353-ece13c041aaa,C:\Users\USUARIO\Documents\Downloads\BASE DE DATOS 1974-2018 PDFs. WSS\2002\2002-03-02 La Juventud resplandeciendo como el Sol en el Reino de su Padre (WSS) Mexico.pdf,2002-03-02,La Juventud Resplandeciendo como el Sol en el Reino de su Padre.,orden_logico,,,0.000000
4664c841-3692-4ad4-820f-358d95841b29,68ea8941-bc50-4ff3-ab6a-171ca3cce97e,C:\Users\USUARIO\Documents\Downloads\BASE DE DATOS 1974-2018 PDFs. WSS\2002\2002-03-02 Los Estatutos Divinos grabados en el corazon de los niños (WSS) Mexico.pdf,2002-03-02,Los Estatutos Divinos grabados en el corazon de los niños.,orden_logico,,,0.000000
f4bbe7ad-c4d5-4d3f-b696-1e08ca6ec492,317210df-0e30-4585-a161-51e5d7934bb3,C:\Users\USUARIO\Documents\Downloads\BASE DE DATOS 1974-2018 PDFs. WSS\2002\2002-03-03 La Casa de Dios y Puerta del Cielo bajo el Nuevo Pacto (WSS) Mexico.pdf,2002-03-03,La Casa de Dios y Puerta del Cielo bajo el Nuevo Pacto.,orden_logico,,,0.000000
37c0150f-60a6-4865-bf27-e5ccbe712416,d6ed69b3-f53f-47c3-b9c8-55186e9cc590,"C:\Users\USUARIO\Documents\Downloads\BASE DE DATOS 1974-2018 PDFs. WSS\2002\2002-03-05 Las cosas que sucederan en el fin del tiempo (WSS) Ciudad del Carmen, México.pdf",2002-03-05,Las cosas que sucederan en el fin del tiempo.,orden_logico,,,0.000000
c0e18e0e-e73e-4225-87fc-0a4aa053da43,a7ec8495-5670-4dbb-a55d-9d03ed08c4f1,C:\Users\USUARIO\Documents\Downloads\BASE DE DATOS 1974-2018 PDFs. WSS\2002\2002-03-05 Creciendo en la Obra del Señor siempre (WSS) Mexico.pdf,2002-03-05,Creciendo en la Obra del Señor siempre.,orden_logico,,,0.000000
d96579c9-e76f-48c6-8a5c-6cf70922e7f0,562b3bbf-75e5-47cf-a1ed-3d79f9c3aa62,C:\Users\USUARIO\Documents\Downloads\BASE DE DATOS 1974-2018 PDFs. WSS\2002\2002-03-07 Reconociendo la Tierra Prometida y Tomando Posesion de ella (WSS) Mexico.pdf,2002-03-07,Reconociendo la Tierra Prometida y Tomando Posesion de ella.,orden_logico,,,0.000000
f0d609cb-6201-469e-a8e6-f71900fa8906,41e17af4-ed89-485c-93b1-da61fac08b47,"C:\Users\USUARIO\Documents\Downloads\BASE DE DATOS 1974-2018 PDFs. WSS\2002\2002-03-20 Ministros con entendimiento - RM (WSS) Cali, Colombia.PDF",2002-03-20,RM Ministros con entendimiento.,orden_logico,,,0.000000
a3fc1c34-daba-4d0b-861c-3f70980830e4,3214be89-9e2b-4c5d-a90f-af1385559e17,C:\Users\USUARIO\Documents\Downloads\BASE DE DATOS 1974-2018 PDFs. WSS\2002\2002-03-24 En pie delante del Hijo del Hombre dentro del Nuevo Pacto (WSS) Puerto Rico.pdf,2002-03-24,En pie delante del hijo del hombre dentro del nuevo pacto.,orden_logico,,,0.000000
defa0785-d1ac-49a0-ac99-c4d9b3907993,26c17201-95f1-4660-8ca6-14118bd84aec,"C:\Users\USUARIO\Documents\Downloads\BASE DE DATOS 1974-2018 PDFs. WSS\2002\2002-03-29 Programa especial para television El misterio del Señor Jesucristo y su crucifixion en la cruz del calvario (WSS) Cayey, Puerto Rico (movil).pdf",2002-03-29,Programa especial para television El misterio del Señor Jesucristo y su crucifixion en la cruz del calvario.,orden_logico,,,0.000000
978d14d9-a22b-4054-b469-345092a8c39e,45d3f107-03b4-48d1-b79b-b71cc78edefe,"C:\Users\USUARIO\Documents\Downloads\BASE DE DATOS 1974-2018 PDFs. WSS\2002\2002-03-30 El que conoce el tiempo - RM (WSS) Cayey, Puerto Rico.PDF",2002-03-30,RM El que conoce el tiempo.,orden_logico,,,0.000000
b99b61fb-8985-40ba-a7e5-e467ce56397e,27c97a02-1fb5-4499-84b9-2e0d50f2f126,"C:\Users\USUARIO\Documents\Downloads\BASE DE DATOS 1974-2018 PDFs. WSS\2002\2002-03-31 Actividad de Santa Cena y Lavatorio de Pies (WSS) Cayey, Puerto Rico.pdf",2002-03-31,Actividad de santa cena y lavatorio de pies.,orden_logico,,,0.000000
89d12c29-07db-4b05-9b27-5ed8f1999b79,98f0c1bb-58f6-4d6a-a013-5ad93fdb81fa,"C:\Users\USUARIO\Documents\Downloads\BASE DE DATOS 1974-2018 PDFs. WSS\2002\2002-04-07 El Camino señalado por la Sangre del Cordero (WSS) Cayey, Puerto Rico.pdf",2002-04-07,El Camino señalado por la Sangre del Cordero.,orden_logico,,,0.000000
080632ad-b305-41b6-903e-4907e8245c63,5c8ff2e7-0fca-4d39-b724-9fc3b580651d,"C:\Users\USUARIO\Documents\Downloads\BASE DE DATOS 1974-2018 PDFs. WSS\2002\2002-04-07 El Camino de todas las Bendiciones espirituales celestiales (WSS) Cayey, Puerto Rico.pdf",2002-04-07,El Camino de todas las Bendiciones espirituales celestiales.,orden_logico,,,0.000000
7b5e08b9-1242-4201-b0ff-e0ea540e4e59,5e4cd6f4-e7ef-445f-aad4-35e7b6de1c1d,"C:\Users\USUARIO\Documents\Downloads\BASE DE DATOS 1974-2018 PDFs. WSS\2002\2002-04-10 LLamados para una obra especifica - RM (WSS) Cartagena, Colombia.PDF",2002-04-10,RM LLamados para una obra especifica.,orden_logico,,,0.000000
9150a25f-15c9-471f-b1c3-42923415bbae,a5e92925-1734-4be1-8d9d-e36d24fe3af0,"C:\Users\USUARIO\Documents\Downloads\BASE DE DATOS 1974-2018 PDFs. WSS\2002\2002-04-11 Los Hijos de la Diestra de Dios (WSS) Cartagena, Colombia.pdf",2002-04-11,Los Hijos de la Diestra de Dios.,orden_logico,,,0.000000
28dc2453-3750-458b-a254-84d904139b93,9927ed29-6484-4de7-a658-98cf773101a2,"C:\Users\USUARIO\Documents\Downloads\BASE DE DATOS 1974-2018 PDFs. WSS\2002\2002-04-14 La Creacion de una Nueva Raza (WSS) Cali, Colombia.pdf",2002-04-14,La creacion de una nueva raza.,orden_logico,,,0.000000
7dc2c0b6-ced9-4ef5-810b-1f0732b57185,2f2646c2-b870-4a1c-ba0f-8acae19ad99d,"C:\Users\USUARIO\Documents\Downloads\BASE DE DATOS 1974-2018 PDFs. WSS\2002\2002-04-14 El Brazo fuerte de Jehová (WSS) Bogota, Colombia.pdf",2002-04-14,El Brazo fuerte de Jehova.,orden_logico,,,0.000000
4dbf7641-28f3-4002-bd9f-96ebccc2e532,e9fe1db4-4c0c-4a9a-a247-de7c492e4076,"C:\Users\USUARIO\Documents\Downloads\BASE DE DATOS 1974-2018 PDFs. WSS\2002\2002-04-16 Los Grandes Eventos en la Humanidad (WSS) Cali, Colombia.pdf",2002-04-16,Los Grandes Eventos en la Humanidad.,orden_logico,,,0.000000
3d5b06ff-e642-47ac-ad96-a87b4c06d9ce,8bab75ed-d0c7-4735-93b7-016201815b8f,C:\Users\USUARIO\Documents\Downloads\BASE DE DATOS 1974-2018 PDFs. WSS\2002\2002-04-17 El poder de Dios perfeccionado en la debilidad (FOLLETO).pdf,2002-04-17,RM El poder de Dios perfeccionado en la debilidad,orden_logico,,,0.000000
bfb835df-34aa-41f4-9fde-57fdb30295f5,5a241176-ee52-430c-aaf8-f61147aba84b,"C:\Users\USUARIO\Documents\Downloads\BASE DE DATOS 1974-2018 PDFs. WSS\2002\2002-04-18 En la Presencia de Dios Cara a Cara (WSS) Guayaquil, Ecuador.pdf",2002-04-18,En la Presencia de Dios Cara a Cara.,orden_logico,,,0.000000
7411bf9c-c9e2-4208-b692-fddd74c36bb1,68bc6b00-643b-4a02-9f69-ca4b49b3635a,"C:\Users\USUARIO\Documents\Downloads\BASE DE DATOS 1974-2018 PDFs. WSS\2002\2002-04-19 El Heredero Universal (WSS) Lima, Peru.pdf",2002-04-19,El Heredero Universal.,orden_logico,,,0.000000
0bf04da4-2543-4b3b-97fb-daa91089d4d8,c15eb2b0-07e3-4563-bd94-4ca0d034e2ae,"C:\Users\USUARIO\Documents\Downloads\BASE DE DATOS 1974-2018 PDFs. WSS\2002\2002-04-20 El que siembra la buena semilla - RM (WSS) Lima, Perú.PDF",2002-04-20,RM El que siembra la buena semilla.,orden_logico,,,0.000000
8d9a8370-531c-4abf-9593-2cd3a277ab5f,9cec0fe6-9093-4765-a23f-933d8e94b9d4,"C:\Users\USUARIO\Documents\Downloads\BASE DE DATOS 1974-2018 PDFs. WSS\2002\2002-04-21 Los Grandes Hombres de Dios (WSS) Lima, Peru.pdf",2002-04-21,Los Grandes Hombres de Dios.,orden_logico,,,0.000000
0001b967-e843-4625-be64-c5720670f1e9,bbb4b688-c8fe-41dc-a496-4b2fca7ac9b5,C:\Users\USUARIO\Documents\Downloads\BASE DE DATOS 1974-2018 PDFs. WSS\2002\2002-04-23 Un Reino de amor y paz (WSS) Bolivia.pdf,2002-04-23,Un reino de amor y paz.,orden_logico,,,0.000000
6bec3599-2d36-4923-9b8b-7ba3cd69dad8,9b44b08e-5d5c-4869-9e54-83bfd70741c0,C:\Users\USUARIO\Documents\Downloads\BASE DE DATOS 1974-2018 PDFs. WSS\2002\2002-04-24 La restauracion de todas las cosas (WSS) Bolivia.pdf,2002-04-24,La Restauracion de todas las cosas.,orden_logico,,,0.000000
e4d22d1e-95d4-4bcb-8a9a-b82b6abc3725,02a2c12f-c17c-4e1f-9a1d-86c074eb7c6d,"C:\Users\USUARIO\Documents\Downloads\BASE DE DATOS 1974-2018 PDFs. WSS\2002\2002-04-27 Guardaos de la Levadura de los fariseos - RM (WSS) Santiago de Chile, Chile.PDF",2002-04-27,RM Guardaos de la Levadura de los fariseos.,orden_logico,,,0.000000
af24f886-c655-4d92-9620-4af8cad0c11f,80596772-b716-44b5-8caf-4c0ec967534f,"C:\Users\USUARIO\Documents\Downloads\BASE DE DATOS 1974-2018 PDFs. WSS\2002\2002-04-30 El Misterio del Vestido de Boda (WSS) Buenos Aires, Argentina.pdf",2002-04-30,El Misterio del Vestido de Boda.,orden_logico,,,0.000000
c9f02229-3847-4557-b979-c4974948160c,c0ab4cf0-2647-41b6-ac3c-87415b49d90d,C:\Users\USUARIO\Documents\Downloads\BASE DE DATOS 1974-2018 PDFs. WSS\2002\2002-04-30 El Espiritu de la Sangre de Cristo (WSS) Argentina.pdf,2002-04-30,El Espiritu de la sangre de Cristo.,orden_logico,,,0.000000
27164d57-7c1b-4a69-9282-ba1a9d66c147,c37b2723-590f-488a-9d92-3a1221d8c974,C:\Users\USUARIO\Documents\Downloads\BASE DE DATOS 1974-2018 PDFs. WSS\2002\2002-05-03 Las Cosas que deben suceder pronto (WSS) Paraguay.pdf,2002-05-03,Las Cosas que deben suceder pronto.,orden_logico,,,0.000000
76094472-5127-45d6-8ef0-f54372a1820e,b4197984-50a6-48be-beaa-f68711889a8c,"C:\Users\USUARIO\Documents\Downloads\BASE DE DATOS 1974-2018 PDFs. WSS\2002\2002-05-04 Dios vigila nustros pasos - RM (WSS) Asunción, Paraguay.PDF",2002-05-04,RM Dios vigila nustros pasos.,orden_logico,,,0.000000
b68cb295-4b2f-4171-8396-ad18c20ea271,c51e8163-5e48-4265-b797-cfcdffd2d7c7,C:\Users\USUARIO\Documents\Downloads\BASE DE DATOS 1974-2018 PDFs. WSS\2002\2002-05-06 Palabras de Saludo (WSS) Brasil.pdf,2002-05-06,Palabras de saludo.,orden_logico,,,0.000000
7894f2b2-2e53-4883-ad8b-451dd07ee6e0,f5f517ce-7e87-4c8d-aaa8-0e7e93db7ac8,C:\Users\USUARIO\Documents\Downloads\BASE DE DATOS 1974-2018 PDFs. WSS\2002\2002-05-07 Confiando unicamente en Dios (WSS) Brasil.pdf,2002-05-07,Confiando Unicamente en Dios.,orden_logico,,,0.000000
5704bd02-9125-4e06-82b1-4593a513141f,60429d8c-bc46-48e6-897b-1ae57ac022c6,C:\Users\USUARIO\Documents\Downloads\BASE DE DATOS 1974-2018 PDFs. WSS\2002\2002-05-07 La construcción y dedicacion de la Casa de Dios (WSS) Brasil.pdf,2002-05-07,La construccion y dedicacion de la casa de Dios.,orden_logico,,,0.000000
ab2a268c-2d36-410b-a7a4-82565c341b66,e10be0aa-2a48-471a-9bbd-02c3629c06d7,C:\Users\USUARIO\Documents\Downloads\BASE DE DATOS 1974-2018 PDFs. WSS\2002\2002-05-09 Predicamos a Cristo por Amor (WSS) Brasil.pdf,2002-05-09,Predicamos a Cristo por Amor.,orden_logico,,,0.000000
3345ae7c-f18e-4721-a8f7-29dda1c14baa,e22d76a2-ba94-4e99-b9fd-0c951826feb5,C:\Users\USUARIO\Documents\Downloads\BASE DE DATOS 1974-2018 PDFs. WSS\2002\2002-05-10 La trayectoria del Angel de Jehova (WSS) Brasil.pdf,2002-05-10,La trayectoria del Angel de Jehova.,orden_logico,,,0.000000
387e7cbb-130d-4768-b9a6-c3bba16d0e86,4323423a-f774-4b05-991a-c681f7be721a,C:\Users\USUARIO\Documents\Downloads\BASE DE DATOS 1974-2018 PDFs. WSS\2002\2002-05-10 Yo y mi casa serviremos a Cristo (WSS) Brasil.PDF,2002-05-10,Yo y mi casa serviremos a Cristo.,orden_logico,,,0.000000
204b750a-578d-4454-9692-3f54c10ffa85,cd420b8a-cd8f-441d-a816-80d8cf07b14d,C:\Users\USUARIO\Documents\Downloads\BASE DE DATOS 1974-2018 PDFs. WSS\2002\2002-05-12 La Misteriosa Sangre del Señor Jesucristo (WSS) Brasil.pdf,2002-05-12,La Misteriosa Sangre del Señor Jesucristo.,orden_logico,,,0.000000
f1ba8471-dfbb-4e0c-a318-96e6b7e05b57,9f7a7006-8b77-4c59-860b-78b0edfe15f6,"C:\Users\USUARIO\Documents\Downloads\BASE DE DATOS 1974-2018 PDFs. WSS\2002\2002-05-14 Porque debo recibir a Cristo (WSS) Santa Marta, Colombia.PDF",2002-05-14,Porque debo recibir a Cristo.,orden_logico,,,0.000000
45ad90cf-f6ad-474e-bb92-009b64bfffc6,266f9829-f501-4074-b5e0-f8d1b4566ff8,"C:\Users\USUARIO\Documents\Downloads\BASE DE DATOS 1974-2018 PDFs. WSS\2002\2002-05-15 Los Verdaderos Discipulos de Cristo (WSS) Santa Marta, Colombia.pdf",2002-05-15,Los Verdaderos Discipulos de Cristo.,orden_logico,,,0.000000
68e05534-b6e0-40c9-bea7-7687de223f49,d418ae1c-5b5e-4670-a291-e81c3ea2d0ba,"C:\Users\USUARIO\Documents\Downloads\BASE DE DATOS 1974-2018 PDFs. WSS\2002\2002-05-16 El Misterio de la Septima Dispensacion (WSS) Medellin, Colombia.pdf",2002-05-16,RM El misterio de la septima dispensacion.,orden_logico,,,0.000000
919c3ca8-35e7-49f7-adc9-6c3651e38507,d4ca9549-cb64-4952-b909-84a2d1cdf907,"C:\Users\USUARIO\Documents\Downloads\BASE DE DATOS 1974-2018 PDFs. WSS\2002\2002-05-17 Tiempo de conocer al Señor Jesucristo (WSS) Medellin, Colombia.pdf",2002-05-17,Tiempo de conocer al Señor Jesucristo.,orden_logico,,,0.000000
e548133c-6295-4558-881e-90a120337aea,2f6cf89d-be69-41fd-8215-37d7a6a99374,"C:\Users\USUARIO\Documents\Downloads\BASE DE DATOS 1974-2018 PDFs. WSS\2002\2002-05-18 El Misterio de Dios - RM (WSS) Bogotá, Colombia.pdf",2002-05-18,RM El Misterio de Dios.,orden_logico,,,0.000000
2041cf30-2f22-4ab2-8b81-c6b5d63f4905,38864ab4-9a93-4ff6-8b80-66ad62678921,"C:\Users\USUARIO\Documents\Downloads\BASE DE DATOS 1974-2018 PDFs. WSS\2002\2002-05-18 La Juventud despierta en la decima generacion (WSS) Bogota, Colombia.pdf",2002-05-18,La Juventud despierta en la decima generacion.,orden_logico,,,0.000000
d9af86f4-78bc-4584-9202-2015dce5ae82,c4a9daec-03ba-46b7-82a3-109ebc36d28a,"C:\Users\USUARIO\Documents\Downloads\BASE DE DATOS 1974-2018 PDFs. WSS\2002\2002-05-19 Un Pueblo que sigue la Columna de Fuego (WSS) Cali, Colombia.pdf",2002-05-19,Un pueblo que sigue la columna de fuego.,orden_logico,,,0.000000
d7016047-2ebf-427f-8be8-eabdd11c1970,a7eefea4-0730-42a5-98ee-5d6986749c9b,"C:\Users\USUARIO\Documents\Downloads\BASE DE DATOS 1974-2018 PDFs. WSS\2002\2002-05-19 La Preciosa Historia de Jesus de Nazaret (WSS) Bogota, Colombia.pdf",2002-05-19,La Preciosa Historia de Jesus de Nazaret.,orden_logico,,,0.000000
c3a7a556-44d4-4db4-bce6-169aced2ade8,3131366a-ff66-48bb-abf7-a4d8e89d6321,"C:\Users\USUARIO\Documents\Downloads\BASE DE DATOS 1974-2018 PDFs. WSS\2002\2002-05-20 Ministros con entendimiento - RM (WSS) Cali, Colombia.pdf",2002-05-20,RM Ministros con entendimiento,orden_logico,,,0.000000
faf06acc-2e3d-4af2-82a2-7572990c85cf,7cf6328b-7a26-4c23-83a2-7e8412244f0f,"C:\Users\USUARIO\Documents\Downloads\BASE DE DATOS 1974-2018 PDFs. WSS\2002\2002-05-21 Cree en el Señor Jesucristo, y serás salvo, tú y tu casa (WSS) Cali, Colombia.PDF",2002-05-21,Cree en El Senor Jesucristo y seras salvo tu y tu casa.,orden_logico,,,0.000000
067dad89-6928-45d7-a524-19d6789554af,57be8ecd-7311-43e0-b283-f4f3c387189c,"C:\Users\USUARIO\Documents\Downloads\BASE DE DATOS 1974-2018 PDFs. WSS\2002\2002-05-26 La Grandeza del Septimo Sello (WSS) Cayey, Puerto Rico.pdf",2002-05-26,la grandeza del Septimo Sello.,orden_logico,,,0.000000
90e172e9-bf37-4ebb-95a2-bcef8fc4a77e,2512ca8c-f1d5-4ddc-9d55-722ea27e0437,"C:\Users\USUARIO\Documents\Downloads\BASE DE DATOS 1974-2018 PDFs. WSS\2002\2002-06-02 El contenido del Séptimo Sello (WSS) Cayey, Puerto R⁪ico.pdf",2002-06-02,El contenido del Septimo Sello.,orden_logico,,,0.000000
62ec8bd5-b3d8-41f1-9993-473cfa23db0b,2512ca8c-f1d5-4ddc-9d55-722ea27e0437,"C:\Users\USUARIO\Documents\Downloads\BASE DE DATOS 1974-2018 PDFs. WSS\2002\2002-06-02 El contenido del Séptimo Sello (WSS) Cayey, Puerto R⁪ico (FOLLETO).pdf",2002-06-02,El contenido del Septimo Sello.,orden_logico,,,0.000000
bd97e14e-57a2-4b83-8c2b-645cc2a68d20,c69622f1-084d-467f-b805-937fb83b63c9,"C:\Users\USUARIO\Documents\Downloads\BASE DE DATOS 1974-2018 PDFs. WSS\2002\2002-06-09 Cristo en la Trayectoria de la Raza Humana (WSS) Cayey, Puerto R⁪ico.pdf",2002-06-09,Cristo en la trayectoria de la Raza humana.,orden_logico,,,0.000000
936b708b-07e4-4496-aa84-591659babf27,9c216025-696e-4871-9f56-3fd21558698f,"C:\Users\USUARIO\Documents\Downloads\BASE DE DATOS 1974-2018 PDFs. WSS\2002\2002-06-12 Jesucristo, el Juez de vivos y muertos (WSS) Cayey, Puerto R⁪ico.pdf",2002-06-12,Jesucristo el Juez de vivos y muertos.,orden_logico,,,0.000000
fdc46855-0e35-4417-bda0-6b46b1074b3a,4b4f387f-b67d-4ec7-84a4-af7b9c491148,"C:\Users\USUARIO\Documents\Downloads\BASE DE DATOS 1974-2018 PDFs. WSS\2002\2002-06-16 El Día Postrero y sus misterios (WSS) Cayey, Puerto R⁪ico.pdf",2002-06-16,El Dia Postrero y sus misterios.,orden_logico,,,0.000000
76dab146-464f-4e77-87bc-b27d5575d358,a7cea83d-883d-449a-877b-4e9920dbd3f9,"C:\Users\USUARIO\Documents\Downloads\BASE DE DATOS 1974-2018 PDFs. WSS\2002\2002-06-21 Caminando hacia la perfección (WSS) Austin, Texas, EEUU.pdf",2002-06-21,Caminando hacia la perfeccion.,orden_logico,,,0.000000
7fc33297-bdd7-4b98-849d-b7534cf90f86,76eac6e2-c0a9-4c91-bc30-75c54b2c128e,"C:\Users\USUARIO\Documents\Downloads\BASE DE DATOS 1974-2018 PDFs. WSS\2002\2002-06-22 Lo que escudriña el Espíritu de Dios (WSS) Austin, Texas, EEUU.pdf",2002-06-22,Lo que escudriña el Espiritu de Dios.,orden_logico,,,0.000000
a80c3baa-3201-4630-a6a2-74aee401ca3e,4845daa9-f74c-4268-bf52-685f9c7b7c24,"C:\Users\USUARIO\Documents\Downloads\BASE DE DATOS 1974-2018 PDFs. WSS\2002\2002-06-23 El Tiempo de Dios se ha cumplido (WSS) Austin, Texas, EEUU.pdf",2002-06-23,El Tiempo de Dios se ha cumplido.,orden_logico,,,0.000000
bc62412e-69d9-4643-8aea-82ab1f301fc4,d9dd96fb-fb5b-4f2f-9f48-fbc816885af3,"C:\Users\USUARIO\Documents\Downloads\BASE DE DATOS 1974-2018 PDFs. WSS\2002\2002-06-24 Nuestro verdadero amigo - RM (WSS) Monterrey, México.PDF",2002-06-24,RM Nuestro verdadero amigo.,orden_logico,,,0.000000
7a88d372-1944-4081-8dcd-dfd326a9fbd2,2d6d22a9-2219-46ae-a9db-f03488504c04,C:\Users\USUARIO\Documents\Downloads\BASE DE DATOS 1974-2018 PDFs. WSS\2002\2002-06-25 Los Hijos de Dios (WSS) Mexico.pdf,2002-06-25,Los Hijos de Dios.,orden_logico,,,0.000000
e48ecff2-6973-411e-8c65-2434b0996052,2f2eaed4-34d9-4a56-a594-8a33d62a550c,C:\Users\USUARIO\Documents\Downloads\BASE DE DATOS 1974-2018 PDFs. WSS\2002\2002-06-25 Los Hijos de Luz (WSS) Mexico.pdf,2002-06-25,Los Hijos de Luz.,orden_logico,,,0.000000
8d2f44fb-1e29-434a-ba01-5df0ddc40083,a4c30517-023c-4a48-84fc-f06d53457cf3,C:\Users\USUARIO\Documents\Downloads\BASE DE DATOS 1974-2018 PDFs. WSS\2002\2002-06-26 Dedicación del Templo (WSS) Mexico.pdf,2002-06-26,Dedicacion del Templo.,orden_logico,,,0.000000
68730957-a006-4b2a-98cd-f8133cb4bf48,8f127723-1107-4bcc-8e2d-e8c1d52c8532,C:\Users\USUARIO\Documents\Downloads\BASE DE DATOS 1974-2018 PDFs. WSS\2002\2002-06-26 Las Grandes Obras de Dios (WSS) Mexico.pdf,2002-06-26,Las Grandes Obras de Dios.,orden_logico,,,0.000000
debbdc30-88ae-4a86-82fb-dd36d4466f43,4837a4ca-6c54-4e54-bcde-7bbc3c0410ce,C:\Users\USUARIO\Documents\Downloads\BASE DE DATOS 1974-2018 PDFs. WSS\2002\2002-06-26 La Obra de Dios Hoy (WSS) Mexico.pdf,2002-06-26,La Obra de Dios Hoy.,orden_logico,,,0.000000
70872cc4-ab4d-4344-b2e2-3313927dc19f,bb67be75-8eb2-4b3e-a710-8550a9576994,C:\Users\USUARIO\Documents\Downloads\BASE DE DATOS 1974-2018 PDFs. WSS\2002\2002-06-27 La Liberacion de las Huestes de Jehova (WSS) Mexico.pdf,2002-06-27,La Liberacion de las Huestes de Jehova.,orden_logico,,,0.000000
799ea160-e9aa-49bc-bbd2-a3093e676823,0b799f23-edd4-43dd-8c6b-a439568d676b,C:\Users\USUARIO\Documents\Downloads\BASE DE DATOS 1974-2018 PDFs. WSS\2002\2002-06-28 La Esperanza que lleva Fruto (WSS) Mexico.pdf,2002-06-28,La Esperanza que lleva Fruto.,orden_logico,,,0.000000
bef23fe2-65b5-44da-b4a0-60c3a5b63898,412d18e1-549b-4bb9-a758-d63ee14770c7,C:\Users\USUARIO\Documents\Downloads\BASE DE DATOS 1974-2018 PDFs. WSS\2002\2002-06-30 El que nos revela las cosas que deben suceder (WSS) Mexico.pdf,2002-06-30,El que nos Revela las cosas que deben suceder.,orden_logico,,,0.000000
24cbad57-af9c-4547-b977-69368d307f75,3189120c-ba0e-4d91-b74b-b97e1e8b5976,C:\Users\USUARIO\Documents\Downloads\BASE DE DATOS 1974-2018 PDFs. WSS\2002\2002-07-01 La Obra del Espiritu de Dios (WSS) Mexico.pdf,2002-07-01,La obra del Espiritu de Dios.,orden_logico,,,0.000000
dde43cf5-622f-4ce6-b3e6-33e5af41af57,c145a612-5676-4cd5-a351-a03a513408b7,C:\Users\USUARIO\Documents\Downloads\BASE DE DATOS 1974-2018 PDFs. WSS\2002\2002-07-02 El Misterio del Programa Predestinado de Dios (WSS) Mexico.pdf,2002-07-02,El Misterio del Programa Predestinado de Dios.,orden_logico,,,0.000000
8be3a46d-699c-4b46-9b73-23aeae81b4f3,875d83f7-3145-478b-9a7b-45d877215ab1,C:\Users\USUARIO\Documents\Downloads\BASE DE DATOS 1974-2018 PDFs. WSS\2002\2002-07-02 Cristo nuestro ejemplo (WSS) Mexico.pdf,2002-07-02,Cristo nuestro ejemplo.,orden_logico,,,0.000000
b334c2d4-73b0-402d-b5a9-52f35fc8ed73,ae61d8af-dc05-4665-80af-e32c3aa367bf,C:\Users\USUARIO\Documents\Downloads\BASE DE DATOS 1974-2018 PDFs. WSS\2002\2002-07-03 Los testigos del Señor Jesucristo (WSS) Mexico.pdf,2002-07-03,Los testigos del Señor Jesucristo.,orden_logico,,,0.000000
708f89cf-c5cd-4045-b839-88694d91f1e8,4c09c0c6-df00-4932-af42-1bf6b88a701c,C:\Users\USUARIO\Documents\Downloads\BASE DE DATOS 1974-2018 PDFs. WSS\2002\2002-07-04 La Verdadera Libertad la da Jesucristo (WSS) Mexico.pdf,2002-07-04,La Verdadera libertad la da Jesucristo.,orden_logico,,,0.000000
b36e8fb7-fb0d-475f-85aa-68e104161888,bfd0054a-6a44-4ea4-85e9-fa39c506e528,"C:\Users\USUARIO\Documents\Downloads\BASE DE DATOS 1974-2018 PDFs. WSS\2002\2002-07-04 La Autorida del Espiritu Santo - RM (WSS) San Luis Potosí, Mexico.pdf",2002-07-04,RM La Autorida del Espiritu Santo.,orden_logico,,,0.000000
4214e829-fe7b-4d60-90aa-7ec6cc15daf5,b8db4152-b2cc-49ef-a62e-eacc26480d74,"C:\Users\USUARIO\Documents\Downloads\BASE DE DATOS 1974-2018 PDFs. WSS\2002\2002-07-05 Cristo, la Vida en abundancia para la Juventud Mexicana (WSS) Mexico.pdf",2002-07-05,Cristo la Vida en abundancia para la Juventud Mexicana.,orden_logico,,,0.000000
d1b9b5c6-34c2-47e1-8482-220896d83b17,eb8a160a-0093-4307-b790-1b541bb0d316,"C:\Users\USUARIO\Documents\Downloads\BASE DE DATOS 1974-2018 PDFs. WSS\2002\2002-07-06 Conociendo el Tiempo - RM (WSS) Villahermosa, Mexico.pdf",2002-07-06,RM Conociendo el Tiempo,orden_logico,,,0.000000
a7f14b20-9c47-4c17-a3d1-a413ab5e3c3c,281440d9-7bd9-4310-a4b2-3b2444068fed,C:\Users\USUARIO\Documents\Downloads\BASE DE DATOS 1974-2018 PDFs. WSS\2002\2002-07-06 La Juventud con un corazon dispuesto a entender y humillarse en la presencia de su Dios (WSS) Mexico.PDF,2002-07-06,La Juventud con un corazon dispuesto a entender y humillarse en la presencia de su Dios.,orden_logico,,,0.000000
13be0fd5-a2fb-4658-9ad3-0d1452efe79a,0f430abb-3a95-4c89-984e-4c771ffb6158,C:\Users\USUARIO\Documents\Downloads\BASE DE DATOS 1974-2018 PDFs. WSS\2002\2002-07-06 Las maestras y los niños recibiendo al Angel que el Señor Jesucristo envia (WSS) Mexico.pdf,2002-07-06,Las maestras y los niños recibiendo al Angel que el Señor Jesucristo envia.,orden_logico,,,0.000000
50a9b192-ec96-441a-9667-a7f7c4ef9a78,e1cd2ce1-753d-4ef8-bd96-af565b72e089,C:\Users\USUARIO\Documents\Downloads\BASE DE DATOS 1974-2018 PDFs. WSS\2002\2002-07-07 Las Etapas del Programa Divino de Cristo con Su Iglesia (WSS) Mexico.pdf,2002-07-07,Las etapas del Programa Divino de Cristo con Su Iglesia.,orden_logico,,,0.000000
4a026cf0-c0c4-41fe-b453-1b2e58540a60,5217018d-ab20-45ac-a956-7ce4e2cb8e7e,C:\Users\USUARIO\Documents\Downloads\BASE DE DATOS 1974-2018 PDFs. WSS\2002\2002-07-09 Jesús la resurrección y la vida (WSS) Mexico.PDF,2002-07-09,Jesus la Resurreccion y la Vida.,orden_logico,,,0.000000
a1033e96-7284-4efe-91c9-a240cc0df6ce,47389ff4-fdd2-4226-b245-d2f5664bc084,C:\Users\USUARIO\Documents\Downloads\BASE DE DATOS 1974-2018 PDFs. WSS\2002\2002-07-09 El pueblo separado para morada de Dios (WSS) Mexico.pdf,2002-07-09,El pueblo separado para morada de Dios.,orden_logico,,,0.000000
6a4b88a3-4557-4aad-8b0a-babbcff2ad65,25220f84-b80e-49eb-9a50-d92daa1d62d6,C:\Users\USUARIO\Documents\Downloads\BASE DE DATOS 1974-2018 PDFs. WSS\2002\2002-07-11 Dónde está la Sangre de Jesucristo hoy (WSS) Mexico.PDF,2002-07-11,Donde esta la Sangre de Jesucristo hoy.,orden_logico,,,0.000000
000c593e-b459-487b-ae6e-61dcbc49ffb7,22efeee4-aacd-4101-ade2-b92a21441490,C:\Users\USUARIO\Documents\Downloads\BASE DE DATOS 1974-2018 PDFs. WSS\2002\2002-07-12 La predicacion del Evangelio de Cristo (WSS) Mexico.pdf,2002-07-12,La predicacion del Evangelio de Cristo.,orden_logico,,,0.000000
79e85e53-e5e6-4b8a-9dd0-02b2e24f26fb,8c84de5b-73f8-4d37-87e1-7afc7cbfcf23,"C:\Users\USUARIO\Documents\Downloads\BASE DE DATOS 1974-2018 PDFs. WSS\2002\2002-07-13 Atendiendo la voz que habla desde el cielo - RM (WSS) Santa Marta, Mexico.pdf",2002-07-13,RM Atendiendo la voz que habla desde el cielo,orden_logico,,,0.000000
dc00885d-27e5-49eb-aa72-8e92ac999cf9,bf7f8f69-f8bc-49e2-861b-2bab99176279,C:\Users\USUARIO\Documents\Downloads\BASE DE DATOS 1974-2018 PDFs. WSS\2002\2002-07-13 Las maestras y los padres luchando para que la Palabra se haga carne en los niños (WSS) Mexico.PDF,2002-07-13,Las maestras y los padres luchando para que la Palabra se haga carne en los niños.,orden_logico,,,0.000000
b9f60c98-6830-4f36-8fd2-de7ceda77a33,52dff0a1-0b1e-4b41-bfd5-9dde71437ca0,C:\Users\USUARIO\Documents\Downloads\BASE DE DATOS 1974-2018 PDFs. WSS\2002\2002-07-14 Enviado para preservación de vida (WSS) Mexico.PDF,2002-07-14,Enviado para preservacion de vida.,orden_logico,,,0.000000
347f9c5e-653d-4a82-aa70-4378fcd96f6a,748b1e41-24e7-4eca-9fba-7c33466512b9,C:\Users\USUARIO\Documents\Downloads\BASE DE DATOS 1974-2018 PDFs. WSS\2002\2002-07-16 Acuérdate de mí cuando vengas en Tu Reino (WSS) Guatemala.pdf,2002-07-16,Acuerdate de mi cuando vengas en tu reino.,orden_logico,,,0.000000
f90c76bc-7aa6-40e7-b242-dfd05b91c516,62ce8d3f-69b3-4c9d-a402-f9d18cee2699,C:\Users\USUARIO\Documents\Downloads\BASE DE DATOS 1974-2018 PDFs. WSS\2002\2002-07-17 Cual es el Poder de la Sangre de Cristo (WSS) Guatemala.PDF,2002-07-17,Cual es el poder de la sangre de Cristo.,orden_logico,,,0.000000
28ba02ac-5383-4d3d-8503-e0289f78972d,82a9688c-aea6-442b-99d4-2036b3ac00f7,C:\Users\USUARIO\Documents\Downloads\BASE DE DATOS 1974-2018 PDFs. WSS\2002\2002-07-18 El Gran día de la Ira del Cordero (WSS) Guatemala.pdf,2002-07-18,El Gran dia de la ira del Cordero.,orden_logico,,,0.000000
ba9cf417-e14f-4094-8cf5-2ec1dd14c852,1f17be47-e1bc-4ef3-9923-93bb8212d0cf,C:\Users\USUARIO\Documents\Downloads\BASE DE DATOS 1974-2018 PDFs. WSS\2002\2002-07-18 La Sangre de Cristo en el Lugar Santisimo (WSS) Guatemala.pdf,2002-07-18,La Sangre de Cristo en el Lugar Santisimo.,orden_logico,,,0.000000
45f6582d-eb6c-45df-ae50-1926f78a6682,af776cae-3f01-46c0-a89d-28bf6e16b878,C:\Users\USUARIO\Documents\Downloads\BASE DE DATOS 1974-2018 PDFs. WSS\2002\2002-07-20 Quien es el Señor Jesucristo (WSS) Guatemala.PDF,2002-07-20,Quien es El Señor Jesucristo.,orden_logico,,,0.000000
74c465e4-ac31-4333-91bf-140b12a89bfa,0f05805f-1c64-4b97-8066-a4b1cc7f0b3d,C:\Users\USUARIO\Documents\Downloads\BASE DE DATOS 1974-2018 PDFs. WSS\2002\2002-07-20 Que es un Ministro de Cristo - RM (WSS) Guatemala.pdf,2002-07-20,RM Que es un Ministro de Cristo.,orden_logico,,,0.000000
93d47562-4def-45b2-995d-885001b67a50,3087c372-7d8a-4b9c-bfb6-7302854d3841,C:\Users\USUARIO\Documents\Downloads\BASE DE DATOS 1974-2018 PDFs. WSS\2002\2002-07-21 El Trono de Misericordia (WSS) Guatemala.pdf,2002-07-21,El Trono de Misericordia.,orden_logico,,,0.000000
22564653-2e2e-4e06-a36e-173753820aa1,fe88f565-f6bd-4ff7-a818-711de23059fa,C:\Users\USUARIO\Documents\Downloads\BASE DE DATOS 1974-2018 PDFs. WSS\2002\2002-07-22 La Gran Promesa de Dios para Hoy (WSS) El Salvador.pdf,2002-07-22,La Gran Promesa de Dios para Hoy.,orden_logico,,,0.000000
0bba2c35-e27e-43d1-bf61-afc7331f4580,fc7d0b11-884b-43e2-b93d-5d79d9198c18,C:\Users\USUARIO\Documents\Downloads\BASE DE DATOS 1974-2018 PDFs. WSS\2002\2002-07-24 La Evidencia de la Vida Eterna (WSS) Costa Rica.pdf,2002-07-24,La Evidencia De la Vida Eterna.,orden_logico,,,0.000000
c1314e09-4427-4a03-b55f-97e66cc3c7eb,7e962218-2abc-4791-bd62-03879d6482f1,"C:\Users\USUARIO\Documents\Downloads\BASE DE DATOS 1974-2018 PDFs. WSS\2002\2002-07-28 La semejanza entre Daniel cap 12 y Apocalipsis cap 12 (WSS) Cayey, Puerto Rico.pdf",2002-07-28,La Semejanza entre Daniel capítulo 12 y Apocalipsis capítulo 12.,orden_logico,,,0.000000
1e8c299c-748d-4c8c-8e66-ec74e731db8b,282cf97a-4cca-4518-a86c-76fd55129ed2,"C:\Users\USUARIO\Documents\Downloads\BASE DE DATOS 1974-2018 PDFs. WSS\2002\2002-08-01 ¿A dónde conduce el camino de oro (WSS) Cartagena, Colombia.PDF",2002-08-01,A donde conduce el camino de oro.,orden_logico,,,0.000000
a8944538-4a7a-4648-b006-3571dbf61979,016ec9e3-bf3d-4ed3-9949-9aa988b0086d,"C:\Users\USUARIO\Documents\Downloads\BASE DE DATOS 1974-2018 PDFs. WSS\2002\2002-08-02 Orando siempre por el pueblo Hijo de la palabra - RM (WSS) Bogota, Colombia.PDF",2002-08-02,RM Orando siempre por el pueblo Hijo de la palabra.,orden_logico,,,0.000000
1b08508d-66fa-44c7-a047-5f99bac89ea4,598eb956-42cd-4b6c-a2e5-dfb068c54417,"C:\Users\USUARIO\Documents\Downloads\BASE DE DATOS 1974-2018 PDFs. WSS\2002\2002-08-02 Niños llenos del conocimiento de Dios (WSS) Bogota, Colombia.PDF",2002-08-02,Niños llenos del conocimiento de Dios.,orden_logico,,,0.000000
96d0148b-5d07-40fb-9ab3-64b1489fd43c,72b6d5af-55ef-4582-84aa-8eeebe25cf2c,"C:\Users\USUARIO\Documents\Downloads\BASE DE DATOS 1974-2018 PDFs. WSS\2002\2002-08-03 El fiel ministro de Cristo - RM (WSS) Cali, Colombia.PDF",2002-08-03,RM El fiel ministro de Cristo.,orden_logico,,,0.000000
e6831464-358c-4837-a104-d3f50b22be94,b0cc5bab-f54d-45d5-a4fc-082698a8e438,"C:\Users\USUARIO\Documents\Downloads\BASE DE DATOS 1974-2018 PDFs. WSS\2002\2002-08-06 La Obra del Dios Todopoderoso (WSS) Cali, Colombia.pdf",2002-08-06,La Obra del Dios Todopoderoso.,orden_logico,,,0.000000
4bf318af-85b4-4eaa-a76f-f7ce22d9c587,7be23126-9b9e-4864-8762-332c0fe76a25,"C:\Users\USUARIO\Documents\Downloads\BASE DE DATOS 1974-2018 PDFs. WSS\2002\2002-08-11 La Revelacion que nos alumbra hoy (WSS) Cayey, Puerto Rico.pdf",2002-08-11,La revelacion que nos alumbra hoy.,orden_logico,,,0.000000
45a4cff9-3fd3-4359-a161-20bfa5c413ba,6bd9ecaa-aa0d-4726-92ae-faf7b1d83406,"C:\Users\USUARIO\Documents\Downloads\BASE DE DATOS 1974-2018 PDFs. WSS\2002\2002-08-18 Viviendo en la Casa de Dios en tiempo presente (WSS) Cayey, Puerto Rico.pdf",2002-08-18,Viviendo en la casa de Dios en tiempo presente.,orden_logico,,,0.000000
8570193e-0317-4558-b067-c700d4533e4d,9260d59a-d422-474d-a5ff-239f1d17cc99,"C:\Users\USUARIO\Documents\Downloads\BASE DE DATOS 1974-2018 PDFs. WSS\2002\2002-08-25 El Pueblo donde esta Dios (WSS) Cayey, Puerto Rico.pdf",2002-08-25,El Pueblo donde esta Dios.,orden_logico,,,0.000000
35133e3c-6294-4d7a-9eb3-026bb8851c3a,b311b8e6-5f28-46c9-85c3-5a1df22667be,"C:\Users\USUARIO\Documents\Downloads\BASE DE DATOS 1974-2018 PDFs. WSS\2002\2002-08-27 El Precursor y el Precursado - RM (WSS) de Cayey, Puerto Rico a Cali, Colombia.pdf",2002-08-27,RM El Precursor y el Precursado.,orden_logico,,,0.000000
0b2c61a6-3390-4683-b169-f1d9d9da6173,abc60c37-152a-4db4-9d6a-14797984e990,"C:\Users\USUARIO\Documents\Downloads\BASE DE DATOS 1974-2018 PDFs. WSS\2002\2002-08-31 El tiempo de la Revelacion Divina - RM (WSS) Cayey, Puerto Rico.pdf",2002-08-31,RM El tiempo de la Revelacion Divina.,orden_logico,,,0.000000
7cc64a35-84b1-4011-9726-fdb172a39c5e,a0acd623-ed78-49c0-96ac-8f46c3d4933b,"C:\Users\USUARIO\Documents\Downloads\BASE DE DATOS 1974-2018 PDFs. WSS\2002\2002-08-31 El Camino de Oro - RM (WSS) Cartagena, Colombia.PDF",2002-08-31,RM El Camino de Oro.,orden_logico,,,0.000000
86bcc4aa-726e-4c0c-826a-e09e63115878,8e52e663-e018-458e-ad1a-375ca28b6a21,"C:\Users\USUARIO\Documents\Downloads\BASE DE DATOS 1974-2018 PDFs. WSS\2002\2002-09-01 El Dios ilimitado (WSS) Cayey, Puerto Rico.pdf",2002-09-01,El Dios ilimitado,orden_logico,,,0.000000
354ce8da-3621-4b16-b8e5-59209da02b0a,929da924-eeae-4948-bcaa-75dcfdceeb4d,C:\Users\USUARIO\Documents\Downloads\BASE DE DATOS 1974-2018 PDFs. WSS\2002\2002-09-06 Los grandes eventos de los dias postreros (WSS) EEUU.pdf,2002-09-06,Los grandes eventos de los dias postreros,orden_logico,,,0.000000
b06055ba-98e0-4381-8a2c-7990ec774f4f,6872a5d2-5728-4e6a-b25e-d433bab30185,C:\Users\USUARIO\Documents\Downloads\BASE DE DATOS 1974-2018 PDFs. WSS\2002\2002-09-08 Mi presencia irá contigo (WSS) EEUU.pdf,2002-09-08,Mi presencia ira contigo.,orden_logico,,,0.000000
555335d0-f2a6-450f-83ff-16059c2e67d5,5938d983-c1a5-473f-b093-89d20ba6cda2,C:\Users\USUARIO\Documents\Downloads\BASE DE DATOS 1974-2018 PDFs. WSS\2002\2002-09-10 El Misterio de la Primogenitura (WSS) Mexico.PDF,2002-09-10,El misterio de la primogenitura.,orden_logico,,,0.000000
de10d2e7-dbea-4c29-8ae3-b126c6d310d7,6d995864-3fac-4dce-aa0a-2d97b524f2c0,C:\Users\USUARIO\Documents\Downloads\BASE DE DATOS 1974-2018 PDFs. WSS\2002\2002-09-11 El Primogenito y Su Bendicion (WSS) Mexico.pdf,2002-09-11,El Primogenito y Su Bendicion,orden_logico,,,0.000000
8feedfd1-b991-4dfe-9cde-72ee9ff329bf,0342cb69-3e68-46cf-8fa4-4a102c78f79d,C:\Users\USUARIO\Documents\Downloads\BASE DE DATOS 1974-2018 PDFs. WSS\2002\2002-09-13 Los proximos acontecimientos (WSS) Mexico.pdf,2002-09-13,Los proximos acontecimientos,orden_logico,,,0.000000
9c323b05-ad94-4226-94d9-c36bdc8a2726,955d1374-2166-4d24-99ac-dc6b4fec3788,"C:\Users\USUARIO\Documents\Downloads\BASE DE DATOS 1974-2018 PDFs. WSS\2002\2002-09-13 El que me sirve, mi Padre le honrara (WSS) Mexico.pdf",2002-09-13,El que me sirve mi padre le honrara.,orden_logico,,,0.000000
de988169-61ca-4030-894e-666b3b8f3d2f,c1c0d32a-1e16-4a87-8d63-6e1dddab0f4e,C:\Users\USUARIO\Documents\Downloads\BASE DE DATOS 1974-2018 PDFs. WSS\2002\2002-09-15 Dios esta con nosotros (WSS) Mexico.pdf,2002-09-15,Dios esta con nosotros,orden_logico,,,0.000000
d5f196a5-e829-4457-85a8-610505fecef0,9dc53579-f51e-4863-b72b-58bb18771737,C:\Users\USUARIO\Documents\Downloads\BASE DE DATOS 1974-2018 PDFs. WSS\2002\2002-09-16 Jóvenes de Jesucristo vestidos con toda la armadura de Dios (WSS) Mexico.pdf,2002-09-16,Jovenes de Jesucristo vestidos con toda la armadura de Dios,orden_logico,,,0.000000
d6da1dbf-5c72-4cc6-95e8-b8fa27a74fb7,a95e5404-0edc-4cd8-8dd2-2dc1d5d5fb97,"C:\Users\USUARIO\Documents\Downloads\BASE DE DATOS 1974-2018 PDFs. WSS\2002\2002-09-22 Los tres exodos y sus propositos (WSS) Cayey, Puerto Rico.pdf",2002-09-22,Los tres exodos y sus propositos,orden_logico,,,0.000000
555c9488-5336-4ceb-aecf-c9fe110f9b97,61c265ac-2138-49bf-b5bc-980158cc838a,"C:\Users\USUARIO\Documents\Downloads\BASE DE DATOS 1974-2018 PDFs. WSS\2002\2002-09-25 La Necesidad de la Revelación - RM (WSS) de Cayey, Puerto Rico a Valencia, Venezuela.pdf",2002-09-25,La Necesidad de la Revelación.,orden_logico,,,0.000000
0762b809-21c3-4a30-bf85-1d969c5e9886,c77b4c9b-05da-4f97-9a74-62104eb9ef89,"C:\Users\USUARIO\Documents\Downloads\BASE DE DATOS 1974-2018 PDFs. WSS\2002\2002-09-29 Una Señal que permanecera para siempre (WSS) Cayey, Puerto Rico.PDF",2002-09-29,Una Señal que permanecera para siempre.,orden_logico,,,0.000000
8480bdc8-e02a-4e44-8d04-05d60c07287a,b4f5f7c5-24de-4930-a684-47cfa2bcbafa,"C:\Users\USUARIO\Documents\Downloads\BASE DE DATOS 1974-2018 PDFs. WSS\2002\2002-10-06 Los siete entronques mayores y sus ramificaciones (WSS) Cayey, Puerto Rico.PDF",2002-10-06,Los siete entronques mayores y sus ramificaciones.,orden_logico,,,0.000000
31b67fa4-c20d-49a8-86f6-0ee655fffab4,4e22b0ea-a4b1-4d39-85bc-cd67979a4494,"C:\Users\USUARIO\Documents\Downloads\BASE DE DATOS 1974-2018 PDFs. WSS\2002\2002-10-09 Conociendo el misterio de Dios - RM (WSS) de Cartagena, Colombia.pdf",2002-10-09,RM Conociendo el misterio de Dios.,orden_logico,,,0.000000
600634f3-ebdd-4891-b940-8861f47746c0,9b1d25f0-7042-42ea-a11d-be238fed9b04,"C:\Users\USUARIO\Documents\Downloads\BASE DE DATOS 1974-2018 PDFs. WSS\2002\2002-10-09 Aprovechando bien el tiempo (WSS) Cartagena, Colombia.pdf",2002-10-09,Aprovechando Bien el Tiempo.,orden_logico,,,0.000000
63d7053c-698f-43a9-87c7-0cd57b0a0c60,b9308a94-b9a0-4c67-ba43-1e13bf3e0493,"C:\Users\USUARIO\Documents\Downloads\BASE DE DATOS 1974-2018 PDFs. WSS\2002\2002-10-10 Los misterios de la profecia del Día Postrero (WSS) Cartagena, Colombia.pdf",2002-10-10,Los misterios de la profecia del Dia Postrero.,orden_logico,,,0.000000
049277bf-a2b6-4f8b-932d-2bf7ca11f0d0,6296cf0a-4f11-4f68-9048-6650d7a7aec8,"C:\Users\USUARIO\Documents\Downloads\BASE DE DATOS 1974-2018 PDFs. WSS\2002\2002-10-11 El misterio de la Sangre de Cristo (WSS) Cali, Colombia.pdf",2002-10-11,El misterio de la Sangre de Cristo.,orden_logico,,,0.000000
b8656625-ca86-4938-8aef-0d6982b9711b,cd9542a1-9796-4e0f-aa54-2a78b3211e28,"C:\Users\USUARIO\Documents\Downloads\BASE DE DATOS 1974-2018 PDFs. WSS\2002\2002-10-13 Como se obtiene la Victoria por la Sangre de Cristo - RM (WSS) de Cali, Colombia.PDF",2002-10-13,Como se obtiene la Victoria por la Sangre de Cristo.,orden_logico,,,0.000000
aacdf42c-cff5-4193-b72f-36cbd16d5728,df092db2-408f-4e1f-bf55-a5e66e88d1f6,"C:\Users\USUARIO\Documents\Downloads\BASE DE DATOS 1974-2018 PDFs. WSS\2002\2002-10-15 El misterio del Cuarto, Sexto y Septimo Sello (WSS) Villavicencio, Colombia.pdf",2002-10-15,El misterio del Cuarto Sexto y Septimo Sello.,orden_logico,,,0.000000
19dcd464-aefa-4ce6-bf33-62613aa60a36,d1a357e7-9e18-47b8-84e7-497d2f4ddc18,"C:\Users\USUARIO\Documents\Downloads\BASE DE DATOS 1974-2018 PDFs. WSS\2002\2002-10-15 La Sangre de Jesucristo y Su trayectoria (WSS) Villavicencio, Colombia.pdf",2002-10-15,La Sangre de Jesucristo y Su trayectoria.,orden_logico,,,0.000000
6d1fc379-9a3b-43fe-9880-103608fbb17b,44e6453f-ad0d-4368-be65-d2e3fdd4dab4,"C:\Users\USUARIO\Documents\Downloads\BASE DE DATOS 1974-2018 PDFs. WSS\2002\2002-10-16 Dios reflejandose entre nosotros (WSS) Medellin, Colombia.pdf",2002-10-16,Dios reflejándose entre nosotros,orden_logico,,,0.000000
94df53e5-afd9-49d1-b29c-7e4744ff4c95,e020f71a-c7eb-4e00-ae72-9ab19cb94a4b,"C:\Users\USUARIO\Documents\Downloads\BASE DE DATOS 1974-2018 PDFs. WSS\2002\2002-10-17 Caminando mas alla del Jordan (WSS) Cartagena, Colombia.pdf",2002-10-17,Caminando mas alla del Jordan.,orden_logico,,,0.000000
f68c3bcd-b35f-4c0c-8de6-5740cf03dc04,ad21fe78-7bf5-4e83-8ba5-e19685c065c8,"C:\Users\USUARIO\Documents\Downloads\BASE DE DATOS 1974-2018 PDFs. WSS\2002\2002-10-20 Hemos hallado al Mesias (WSS) Bogota, Colombia.PDF",2002-10-20,Hemos hallado al Mesias.,orden_logico,,,0.000000
7653b819-fdfe-4772-a1f6-84aa7690fd96,d91f7eff-cf0d-4587-801c-7294c7e72595,C:\Users\USUARIO\Documents\Downloads\BASE DE DATOS 1974-2018 PDFs. WSS\2002\2002-10-22 Cristo nuestra unica esperanza (WSS) Ecuador.pdf,2002-10-22,Cristo nuestra Unica esperanza.,orden_logico,,,0.000000
1e7fa35b-f61e-4bdc-966d-8a016b4b6da3,857597d5-d11f-4744-9858-07ae9375107d,C:\Users\USUARIO\Documents\Downloads\BASE DE DATOS 1974-2018 PDFs. WSS\2002\2002-10-23 La Obra de un precursor (WSS) Ecuador.PDF,2002-10-23,La Obra de un precursor.,orden_logico,,,0.000000
49362820-0af6-4f51-8fd4-c36ac647d67a,03caa7cb-1ee9-4527-82d2-7896a2f739f7,C:\Users\USUARIO\Documents\Downloads\BASE DE DATOS 1974-2018 PDFs. WSS\2002\2002-10-24 El Rapto de Jesus visto por Sus Discipulos (WSS) Ecuador.pdf,2002-10-24,El Rapto de Jesus visto por Sus Discipulos.,orden_logico,,,0.000000
05b1be1f-d44c-4c53-8388-3371397bff26,4f36741a-a610-4e77-8901-71eb36822a24,C:\Users\USUARIO\Documents\Downloads\BASE DE DATOS 1974-2018 PDFs. WSS\2002\2002-10-25 El Regreso de Jesucristo al Cielo (WSS) Ecuador.pdf,2002-10-25,El Regreso de Jesucristo al Cielo.,orden_logico,,,0.000000
4fb365f6-a84f-4246-9008-4c04d898f46a,d308a024-952a-42a4-bf96-37f415d11657,"C:\Users\USUARIO\Documents\Downloads\BASE DE DATOS 1974-2018 PDFs. WSS\2002\2002-10-26 Jesus perdido buscado y encontrado en el templo - RM (WSS) Bogotá, Colombia.pdf",2002-10-26,RM Jesus perdido buscado y encontrado en el templo.,orden_logico,,,0.000000
46ad4141-a3eb-4020-9be7-6f5ed7be6d53,0072b5b2-58fe-4518-b568-56f8dd4ff018,"C:\Users\USUARIO\Documents\Downloads\BASE DE DATOS 1974-2018 PDFs. WSS\2002\2002-10-26 El Razonamiento es contrario a la Palabra de Dios - RM (WSS) Quito, Ecuador.pdf",2002-10-26,RM El Razonamiento es contrario a la Palabra de Dios.,orden_logico,,,0.000000
f47b6210-d389-494b-be7d-5954a2807498,62d025ae-b838-4977-b1f9-b3400d4e033b,"C:\Users\USUARIO\Documents\Downloads\BASE DE DATOS 1974-2018 PDFs. WSS\2002\2002-10-27 La Palabra de Dios, el único Alimento para el alma (WSS) Ecuador.PDF",2002-10-27,La Palabra de Dios el Unico Alimento para el alma.,orden_logico,,,0.000000
72944470-069c-4188-89e9-dda0befdce4a,0a74f21a-3760-4830-9c87-969446553029,C:\Users\USUARIO\Documents\Downloads\BASE DE DATOS 1974-2018 PDFs. WSS\2002\2002-10-29 La tierra de los inmortales (WSS) Peru.PDF,2002-10-29,La tierra de los Inmortales.,orden_logico,,,0.000000
99ceaea2-2276-4328-801a-ea128e31ae3a,20cc552b-91fd-4bbe-9231-c37dd26ecb65,"C:\Users\USUARIO\Documents\Downloads\BASE DE DATOS 1974-2018 PDFs. WSS\2002\2002-10-30 Sentados en Lugares Celestiales (WSS) Arequipa, Perú.PDF",2002-10-30,sentados en lugares celestiales.,orden_logico,,,0.000000
a8d10f42-2cb2-4746-9f7d-f70e91a72021,ab754e8c-02e1-4908-845d-e7c651e63e18,C:\Users\USUARIO\Documents\Downloads\BASE DE DATOS 1974-2018 PDFs. WSS\2002\2002-10-31 Comisionado por Dios para llevar al pueblo a la buena tierra (WSS) Peru.pdf,2002-10-31,Comisionado por Dios para llevar al pueblo a la buena tierra.,orden_logico,,,0.000000
03c15315-114b-4c1b-8a0b-305b594db20e,43110ff1-9472-46c2-8a95-57bef151e82f,"C:\Users\USUARIO\Documents\Downloads\BASE DE DATOS 1974-2018 PDFs. WSS\2002\2002-11-02 El Verdadero Amigo - RM (WSS) Lima, Perú.pdf",2002-11-02,El Verdadero Amigo.,orden_logico,,,0.000000
45f1dde6-4a28-4ed6-b42b-0be122acec11,8a9a0315-56de-4a0e-b081-f796c5cd47e8,C:\Users\USUARIO\Documents\Downloads\BASE DE DATOS 1974-2018 PDFs. WSS\2002\2002-11-03 El Señor Dios Todopoderoso (WSS) Peru.pdf,2002-11-03,El Señor Dios Todopoderoso.,orden_logico,,,0.000000
a9188257-5ea3-43b5-9f04-f7a1d5bd1934,fbdf276b-7546-4f4c-b529-403547fe3593,C:\Users\USUARIO\Documents\Downloads\BASE DE DATOS 1974-2018 PDFs. WSS\2002\2002-11-04 La Paz del Señor Jesucristo (WSS) Bolivia.pdf,2002-11-04,La Paz del Señor Jesucristo.,orden_logico,,,0.000000
fd5dfafd-b048-4ace-8ddc-c743e83d0908,865a97df-6e84-4973-971c-3157aa5bb4a7,C:\Users\USUARIO\Documents\Downloads\BASE DE DATOS 1974-2018 PDFs. WSS\2002\2002-11-05 La Bendicion de entrar por la Puerta Abierta (WSS) Bolivia.pdf,2002-11-05,La Bendicion de entrar por la Puerta Abierta.,orden_logico,,,0.000000
84a07b64-2032-4fde-a30e-de838613461d,a4e8f4e0-9126-4185-9303-71e0481855ef,C:\Users\USUARIO\Documents\Downloads\BASE DE DATOS 1974-2018 PDFs. WSS\2002\2002-11-06 La Historia del Libro de los Sellos (WSS) Bolivia.pdf,2002-11-06,La Historia del Libro de los Sellos.,orden_logico,,,0.000000
d9f8e5e4-a921-431b-9c03-3af373d1bc5c,93dc680a-c76e-4773-a7fd-2b2801d386dd,"C:\Users\USUARIO\Documents\Downloads\BASE DE DATOS 1974-2018 PDFs. WSS\2002\2002-11-06 Dependiendo unicamente de Dios - RM (WSS) Santa Cruz, Bolivia.pdf",2002-11-06,RM Dependiendo unicamente de Dios,orden_logico,,,0.000000
944a3767-e3dc-4b36-b7d8-99193f38ad34,01224327-66f1-467a-b6cd-5e8d464dc1e4,C:\Users\USUARIO\Documents\Downloads\BASE DE DATOS 1974-2018 PDFs. WSS\2002\2002-11-07 Las Profecias que estan en los Sellos (WSS) Bolivia.pdf,2002-11-07,Las Profecias que estan en los Sellos.,orden_logico,,,0.000000
45ddc863-446d-438d-b22b-0184719d339d,2d9f8bb6-2e2c-4a57-93ad-727019132000,"C:\Users\USUARIO\Documents\Downloads\BASE DE DATOS 1974-2018 PDFs. WSS\2002\2002-11-09 La Biblia Viviente - RM (WSS) Lo Prado, Chile.pdf",2002-11-09,RM La Biblia Viviente.,orden_logico,,,0.000000
1407af70-4189-45ff-ada9-2cdebc687d1c,e6e1f9fa-a014-43c5-ae6d-29682dc7afb0,C:\Users\USUARIO\Documents\Downloads\BASE DE DATOS 1974-2018 PDFs. WSS\2002\2002-11-10 Dios está entre Su pueblo (WSS) Chile.pdf,2002-11-10,Dios esta entre Su pueblo.,orden_logico,,,0.000000
f39e027f-730e-4f4e-8ba7-465805094a62,e6e1f9fa-a014-43c5-ae6d-29682dc7afb0,"C:\Users\USUARIO\Documents\Downloads\BASE DE DATOS 1974-2018 PDFs. WSS\2002\2002-11-10 Dios esta entre su Pueblo (WSS) Santiago de Chile, Chile.pdf",2002-11-10,Dios esta entre Su pueblo.,orden_logico,,,0.000000
c31680b7-7b71-4079-bacf-e8b611af5783,06b80103-c46d-466c-8a77-91440b9637f1,C:\Users\USUARIO\Documents\Downloads\BASE DE DATOS 1974-2018 PDFs. WSS\2002\2002-11-12 Los Sellos que son historia y los que son profecía (WSS) Chile.pdf,2002-11-12,Los Sellos que son historia y los que son Profecia.,orden_logico,,,0.000000
5a1ea65d-438e-4042-8216-325a1b051d2b,68eb7524-3bd1-484e-84d7-215537850dee,C:\Users\USUARIO\Documents\Downloads\BASE DE DATOS 1974-2018 PDFs. WSS\2002\2002-11-13 El Misterio del Libro de los Siete Sellos (WSS) Chile.pdf,2002-11-13,El Misterio del Libro de los Siete Sellos.,orden_logico,,,0.000000
ec68cc90-c7a2-428e-b673-fcc71426bae4,9b82994d-0128-4001-8f5d-0c842f12dcef,C:\Users\USUARIO\Documents\Downloads\BASE DE DATOS 1974-2018 PDFs. WSS\2002\2002-11-14 El Misterio del Libro de los Siete Sellos II (WSS) Chile.pdf,2002-11-14,El Misterio del Libro de los Siete Sellos II.,orden_logico,,,0.000000
29e82ab1-0b00-41a6-97db-1dc6f5634083,90264ee8-1958-4fc1-894b-b42d4213c569,C:\Users\USUARIO\Documents\Downloads\BASE DE DATOS 1974-2018 PDFs. WSS\2002\2002-11-15 Lo que hay en el Séptimo Sello (WSS) Chile.pdf,2002-11-15,Lo que hay en el Septimo Sello.,orden_logico,,,0.000000
ffe20270-35ef-4538-b81d-f09ddbdea57d,e4562c8d-4cb7-4d5b-8398-65ab09b5c8a2,"C:\Users\USUARIO\Documents\Downloads\BASE DE DATOS 1974-2018 PDFs. WSS\2002\2002-11-16 Acordandonos de las Obras de Dios - RM (WSS) Santiago de Chile, Chile.PDF",2002-11-16,RM Acordandonos de las Obras de Dios.,orden_logico,,,0.000000
4f34fe48-47ec-4a06-a693-1e5f209c565f,1f4f688b-b696-43eb-bf3d-697a57684a32,C:\Users\USUARIO\Documents\Downloads\BASE DE DATOS 1974-2018 PDFs. WSS\2002\2002-11-18 El pueblo que ha alcanzado la Misericordia de Dios (WSS) Argentina.pdf,2002-11-18,El pueblo que ha alcanzado la Misericordia de Dios.,orden_logico,,,0.000000
3530402a-360d-4b93-9702-aa7285803471,1984e6e2-a773-4c7e-a417-117525071d8e,C:\Users\USUARIO\Documents\Downloads\BASE DE DATOS 1974-2018 PDFs. WSS\2002\2002-11-19 Oyendo la Voz de Dios en el Monte Santo (WSS) Argentina.pdf,2002-11-19,Oyendo la Voz de Dios en el Monte Santo.,orden_logico,,,0.000000
5148d049-0b7e-43e6-a659-7b3835ebdb8d,8d8e4bae-5eaa-4bb0-904e-8f98707ce365,"C:\Users\USUARIO\Documents\Downloads\BASE DE DATOS 1974-2018 PDFs. WSS\2002\2002-11-20 Encaminados por el camino de la Sabiduria - RM (WSS) Buenos Aires, Argentina.pdf",2002-11-20,RM Encaminados por el camino de la Sabiduria.,orden_logico,,,0.000000
ecd7c4aa-d9af-4396-8201-092e43923470,9efd021f-5f90-4f19-946c-2645f5a952fb,"C:\Users\USUARIO\Documents\Downloads\BASE DE DATOS 1974-2018 PDFs. WSS\2002\2002-11-22 La Victoria del Séptimo Sello (WSS) Asunción, Paraguay.pdf",2002-11-22,La Victoria del Séptimo Sello,orden_logico,,,0.000000
0f1633e6-6a59-4cff-89e3-4596df4414c4,ff1df643-38a4-49ba-a95f-c3c8e844ed85,"C:\Users\USUARIO\Documents\Downloads\BASE DE DATOS 1974-2018 PDFs. WSS\2002\2002-11-23 Pastores conforme al Corazon de Dios - RM (WSS) Asunción, Paraguay.pdf",2002-11-23,RM Pastores conforme al Corazon de Dios.,orden_logico,,,0.000000
2f7072c6-d4ed-40c9-a52c-8d8e1eb4a4d7,0da6ac66-ede3-46b2-b55d-cfc76519e323,C:\Users\USUARIO\Documents\Downloads\BASE DE DATOS 1974-2018 PDFs. WSS\2002\2002-11-24 El Programa Divino y sus Etapas (WSS) Paraguay.pdf,2002-11-24,El Programa Divino y sus Etapas.,orden_logico,,,0.000000
09c8d071-522f-4a66-8f69-d862fa12f2ed,1920a6cf-fac8-42ae-9286-bcca77a739d8,C:\Users\USUARIO\Documents\Downloads\BASE DE DATOS 1974-2018 PDFs. WSS\2002\2002-11-25 La Luz de la tarde (WSS) Brasil.pdf,2002-11-25,La Luz de la tarde.,orden_logico,,,0.000000
a97d9b37-282f-407c-b282-80975e2a31a8,0d0da9d4-bc3b-4ee2-b6af-b798f95d0fb1,C:\Users\USUARIO\Documents\Downloads\BASE DE DATOS 1974-2018 PDFs. WSS\2002\2002-11-26 La Nueva Criatura en Cristo (WSS) Brasil.pdf,2002-11-26,La Nueva Criatura en Cristo.,orden_logico,,,0.000000
79e865fc-7505-4f7c-95e0-068a54c9e823,6b316ffc-5ea2-4832-826e-9b5d12a591e4,C:\Users\USUARIO\Documents\Downloads\BASE DE DATOS 1974-2018 PDFs. WSS\2002\2002-11-27 Esperando por el ultimo escogido (WSS) Brasil.pdf,2002-11-27,Esperando por el ultimo escogido.,orden_logico,,,0.000000
bfc62e98-c1b8-4268-98a7-e2e777716c46,dec1eb49-1b6b-40f3-afc4-47bba68e43c6,C:\Users\USUARIO\Documents\Downloads\BASE DE DATOS 1974-2018 PDFs. WSS\2002\2002-11-27 Jesucristo abriendonos las Escrituras y abriendonos el entendimiento (WSS) Brasil.pdf,2002-11-27,Jesucristo abriendonos las Escrituras y abriendonos el entendimiento.,orden_logico,,,0.000000
03d96352-7801-4dd0-b499-bd4723dd2f71,62d8ab6c-48e1-42e5-9f34-d61898d7bf72,"C:\Users\USUARIO\Documents\Downloads\BASE DE DATOS 1974-2018 PDFs. WSS\2002\2002-11-28 Permaneciendo en el Corazón de Dios (WSS) Goiania, Brasil.pdf",2002-11-28,Permaneciendo en el Corazon de Dios,orden_logico,,,0.000000
466312ba-63f9-4011-ae4c-e08906374c10,710eb6a3-83cd-4eb6-af34-04b8474135b3,C:\Users\USUARIO\Documents\Downloads\BASE DE DATOS 1974-2018 PDFs. WSS\2002\2002-11-28 Un hombre conforme al corazon de Dios (WSS) Brasil.pdf,2002-11-28,Un Hombre Conforme al Corazon de Dios.,orden_logico,,,0.000000
162088c8-59b7-459e-af01-e3d64caa3454,7a429dac-d8b6-44f7-ba3b-67593c55d732,C:\Users\USUARIO\Documents\Downloads\BASE DE DATOS 1974-2018 PDFs. WSS\2002\2002-11-29 El Corazon de Dios (WSS) Brasil.pdf,2002-11-29,El Corazon de Dios.,orden_logico,,,0.000000
aaaddba2-ef7b-477f-8309-49c3adb47803,871722d6-4679-4c7a-8875-b4ce534973ba,C:\Users\USUARIO\Documents\Downloads\BASE DE DATOS 1974-2018 PDFs. WSS\2002\2002-12-01 Caminando en un Nuevo Dia (WSS) Brasil.pdf,2002-12-01,Caminando en un Nuevo Di­a.,orden_logico,,,0.000000
9279f9ae-89d6-4832-bf40-4936f2872083,5b6b814b-d918-4c0b-98d6-c4a83283c9e0,C:\Users\USUARIO\Documents\Downloads\BASE DE DATOS 1974-2018 PDFs. WSS\2002\2002-12-01 El Dia de Dios (WSS) Brasil.pdf,2002-12-01,El Dia de Dios.,orden_logico,,,0.000000
d9f2cd2d-916b-4e79-96a1-6e30162e579d,67dc8368-ee7d-48c2-81be-4ae6fc49aa09,C:\Users\USUARIO\Documents\Downloads\BASE DE DATOS 1974-2018 PDFs. WSS\2002\2002-12-02 Aquel que sigue un Profeta (WSS) Brasil.pdf,2002-12-02,Aquel que sigue un Profeta.,orden_logico,,,0.000000
66b9831b-60c4-4753-9d82-91ff213e9de4,cf9d288a-c805-4968-b2ec-158527b39d06,C:\Users\USUARIO\Documents\Downloads\BASE DE DATOS 1974-2018 PDFs. WSS\2002\2002-12-03 El Pueblo de Dios (WSS) Brasil.pdf,2002-12-03,El Pueblo de Dios.,orden_logico,,,0.000000
d1c8badb-7e00-4679-95e4-62010a51a6fb,ce98af21-acaa-4bfb-92c8-9092643fc8d8,C:\Users\USUARIO\Documents\Downloads\BASE DE DATOS 1974-2018 PDFs. WSS\2002\2002-12-04 El cuerpo de Dios (WSS) Brasil.pdf,2002-12-04,El Cuerpo De Dios.,orden_logico,,,0.000000
31d731ea-7ec9-4540-9a8a-2db69758317c,210471e1-76cd-4c12-8b69-ab5ca808cc1e,C:\Users\USUARIO\Documents\Downloads\BASE DE DATOS 1974-2018 PDFs. WSS\2002\2002-12-05 La Iglesia de Dios (WSS) Brasil.pdf,2002-12-05,La Iglesia de Dios.,orden_logico,,,0.000000
c48da41f-9207-4d60-ac7e-65c1add1dbaa,3bea8b82-a171-4237-bea3-2dfa543c5201,C:\Users\USUARIO\Documents\Downloads\BASE DE DATOS 1974-2018 PDFs. WSS\2002\2002-12-06 La Obra de Dios (WSS) Brasil.pdf,2002-12-06,La Obra de Dios.,orden_logico,,,0.000000
50cf1dc6-99e1-45bb-8a77-a9300e862aa4,0a5b1d16-9aec-4976-a36f-2bc3f841d02d,"C:\Users\USUARIO\Documents\Downloads\BASE DE DATOS 1974-2018 PDFs. WSS\2002\2002-12-07 El que nos guia a toda la Verdad - RM (WSS) San Pablo, Brasil.pdf",2002-12-07,RM El que nos guia a toda la Verdad.,orden_logico,,,0.000000
f6cbea7e-f798-4a26-b720-41d88f21faba,5a1ebf04-f89e-4e3b-b879-d7d780dacd9c,C:\Users\USUARIO\Documents\Downloads\BASE DE DATOS 1974-2018 PDFs. WSS\2002\2002-12-07 Saludo a las Damas tiempos fructiferos.pdf,2002-12-07,Saludo a las Damas tiempos fructiferos.,orden_logico,,,0.000000
e2b21115-55bd-425e-8de0-66d9aa85f999,3395f604-1f42-4098-b9d0-88d86142276b,C:\Users\USUARIO\Documents\Downloads\BASE DE DATOS 1974-2018 PDFs. WSS\2002\2002-12-08 Dios Morando Entre Su Pueblo (WSS) Brasil.pdf,2002-12-08,Dios morando entre su Pueblo.,orden_logico,,,0.000000
afa2731f-e77d-4d7e-ba77-2b459059739a,7d83d76f-649a-4698-8f05-f9843f3105ef,"C:\Users\USUARIO\Documents\Downloads\BASE DE DATOS 1974-2018 PDFs. WSS\2002\2002-12-10 Una Supermente Positiva - RM (WSS) Cartagena, Colombia.pdf",2002-12-10,RM Una Supermente Positiva.,orden_logico,,,0.000000
e735c5e8-08c3-441f-9570-e3aefc4ff70b,52badffc-9b0f-443c-8d20-baed9b58a519,"C:\Users\USUARIO\Documents\Downloads\BASE DE DATOS 1974-2018 PDFs. WSS\2002\2002-12-11 Con Cristo somos más que vencedores (WSS) Cartagena, Colombia.pdf",2002-12-11,Con Cristo somos mas que vencedores.,orden_logico,,,0.000000
bf784c24-fb9e-4bbb-9c4b-f4013b65f185,71242e39-0373-413c-b278-bd0a2a7ff205,"C:\Users\USUARIO\Documents\Downloads\BASE DE DATOS 1974-2018 PDFs. WSS\2002\2002-12-13 El gran Equipo de Dios en la iglesia del Senor Jesucristo - RM (WSS) Bogotá, Colombia.PDF",2002-12-13,RM El gran Equipo de Dios en la iglesia del Senor Jesucristo.,orden_logico,,,0.000000
c0eaa4ab-33f2-4835-be67-3ff733122794,4a195ab9-c323-47db-bb1a-96dfbac04ac1,C:\Users\USUARIO\Documents\Downloads\BASE DE DATOS 1974-2018 PDFs. WSS\2002\2002-12-15 Sube acá (WSS) Colombia.pdf,2002-12-15,Sube acá.,orden_logico,,,0.000000
155af899-6fdc-48b3-a0c0-f69bd65034cd,00bb0d7f-5e03-48a7-aebd-6e88a3b24aed,"C:\Users\USUARIO\Documents\Downloads\BASE DE DATOS 1974-2018 PDFs. WSS\2002\2002-12-17 Yo soy la Puerta (WSS) Cali, Colombia.pdf",2002-12-17,Yo Soy la Puerta.,orden_logico,,,0.000000
43894284-269b-4759-a2ff-fc4b7874abcf,13a6c168-bdcb-43ce-8c67-2ef318578be3,"C:\Users\USUARIO\Documents\Downloads\BASE DE DATOS 1974-2018 PDFs. WSS\2002\2002-12-27 El Hijo Prometido (WSS) Cayey, Puerto Rico.pdf",2002-12-27,El Hijo Prometido.,orden_logico,,,0.000000
61cacd29-7392-4695-b0a8-d7981da737af,0e4218c6-1640-4259-944a-de1688505869,"C:\Users\USUARIO\Documents\Downloads\BASE DE DATOS 1974-2018 PDFs. WSS\2002\2002-12-28 El Espiritu Santo haciendose carne en el Dia postrero - RM (WSS) Cayey, Puerto Rico.pdf",2002-12-28,RM El Espiritu Santo haciendose carne en el Dia postrero.,orden_logico,,,0.000000
2b1600f8-8b08-4cdc-9fd6-b3809bc7a521,b2c7df3c-b65b-49bf-b7f9-2bedef0c16e1,"C:\Users\USUARIO\Documents\Downloads\BASE DE DATOS 1974-2018 PDFs. WSS\2002\2002-12-28 El Trono y Reino del Hijo de David (WSS) Cayey, Puerto Rico.pdf",2002-12-28,El Trono y Reino del Hijo de David.,orden_logico,,,0.000000
1422b6fd-2d29-4666-8e95-8dcb5973f095,d7dd7640-86b9-4038-a9db-85201aff6b98,"C:\Users\USUARIO\Documents\Downloads\BASE DE DATOS 1974-2018 PDFs. WSS\2002\2002-12-30 La Palabra Profética dada por el Espíritu de la Profecía (WSS) Cayey, Puerto Rico.pdf",2002-12-30,La Palabra Profetica dada por el Espiritu de la Profecia.,orden_logico,,,0.000000
df0bfa83-88cd-4bd6-82f5-025fb2e57a65,0f331ad0-c86e-4bc6-9614-6e147c135f7b,"C:\Users\USUARIO\Documents\Downloads\BASE DE DATOS 1974-2018 PDFs. WSS\2002\2002-12-31 La Semejanza entre la Primera y Segunda Venida de Cristo (WSS) Cayey, Puerto Rico.pdf",2002-12-31,La Semejanza entre la Primera y Segunda Venida de Cristo.,orden_logico,,,0.000000
422ac873-27b7-4717-b3f0-7b52a8cff9fc,bd6c8c30-24be-4a6a-b796-10b675eb8f1e,"C:\Users\USUARIO\Documents\Downloads\BASE DE DATOS 1974-2018 PDFs. WSS\2003\2003-01-05 El misterio de los Arcangeles Miguel y Gabriel (WSS) Cayey, Puerto Rico.pdf",2003-01-05,El Misterio de los Arcangeles Miguel y Gabriel.,orden_logico,,,0.000000
c67adfc0-3ff5-4d2e-9186-b5410074542f,97503fd8-1620-4131-8aea-907311395302,"C:\Users\USUARIO\Documents\Downloads\BASE DE DATOS 1974-2018 PDFs. WSS\2003\2003-01-10 Mirando hacia el Cielo (WSS) Cayey, Puerto Rico.pdf",2003-01-10,Mirando hacia el Cielo.,orden_logico,,,0.000000
a03f28f2-0a05-4396-9474-77c75a0f7e1a,0acea974-5c77-481f-b479-71e1e858697b,"C:\Users\USUARIO\Documents\Downloads\BASE DE DATOS 1974-2018 PDFs. WSS\2003\2003-01-12 La Trayectoria del Espíritu Santo (WSS) Cayey, Puerto Rico.pdf",2003-01-12,La Trayectoria del Espiritu Santo.,orden_logico,,,0.000000
1feb0700-71b5-41e4-8471-37b476b2d5e9,7c555328-55b2-4711-a1f5-57eea1b1999c,"C:\Users\USUARIO\Documents\Downloads\BASE DE DATOS 1974-2018 PDFs. WSS\2003\2003-01-17 Escogidos para Salvación (WSS) Cayey, Puerto Rico.pdf",2003-01-17,Escogidos para Salvacion.,orden_logico,,,0.000000
15e994d3-f74b-4b21-812e-b5cce4e16da3,b6df0379-a338-4aa3-8b22-2a832d978fa3,"C:\Users\USUARIO\Documents\Downloads\BASE DE DATOS 1974-2018 PDFs. WSS\2003\2003-01-19 Entrando a los Misterios de la Biblia (WSS) Cayey, Puerto Rico.pdf",2003-01-19,Entrando a los Misterios de la Biblia.,orden_logico,,,0.000000
722656bb-123a-4116-94af-8974bfa2e928,4ceb6883-7db2-4966-ace9-6ab79927d8b9,"C:\Users\USUARIO\Documents\Downloads\BASE DE DATOS 1974-2018 PDFs. WSS\2003\2003-01-26 Los Tesoros de la Sabiduría y del Conocimiento de Dios (WSS) Cayey, Puerto Rico.pdf",2003-01-26,Los Tesoros de la Sabiduria y del Conocimiento de Dios.,orden_logico,,,0.000000
7ab857f0-5ce4-452b-b820-550bd72177a7,e0496ac9-9ada-4853-9e07-550308e13567,"C:\Users\USUARIO\Documents\Downloads\BASE DE DATOS 1974-2018 PDFs. WSS\2003\2003-01-31 El segundo Adán y la segunda Eva, Cristo y Su Iglesia (WSS) Cayey, Puerto Rico.pdf",2003-01-31,El Segundo Adan y la Segunda Eva Cristo y Su Iglesia.,orden_logico,,,0.000000
ade9723c-8b22-4f60-a667-a131e83e5e99,9d79530c-c567-4cdb-9ea5-fcc054fc794f,"C:\Users\USUARIO\Documents\Downloads\BASE DE DATOS 1974-2018 PDFs. WSS\2003\2003-01-31 La materializacion de la Palabra - RM (WSS) de Cayey, Puerto Rico a Cartagena, Colombia.PDF",2003-01-31,RM La materializacion de la palabra,orden_logico,,,0.000000
e9d24967-06b8-41a4-acaa-9b635b1705db,486372e2-1df1-4095-86fb-e85206680b8f,"C:\Users\USUARIO\Documents\Downloads\BASE DE DATOS 1974-2018 PDFs. WSS\2003\2003-02-02 Cristo abriendo el entendimiento a sus discípulos (WSS) Cayey, Puerto Rico.pdf",2003-02-02,Cristo abriendo el entendimiento a Sus discípulos,orden_logico,,,0.000000
a9a7bae7-2c9c-45d8-9603-4ee4440a8da2,06e18d2e-ca6c-405e-9b8e-18a1bb67fdf2,"C:\Users\USUARIO\Documents\Downloads\BASE DE DATOS 1974-2018 PDFs. WSS\2003\2003-02-07 La revelacion el Dia Postrero - RM (WSS) de Cayey, Puerto Rico a Cali, Colombia.PDF",2003-02-07,RM La revelacion el dia postrero,orden_logico,,,0.000000
b1e8ee37-0bde-4d3f-9f0c-b8bbbf121614,022a2dce-6f9a-4ffb-95c9-c8658038c22a,"C:\Users\USUARIO\Documents\Downloads\BASE DE DATOS 1974-2018 PDFs. WSS\2003\2003-02-09 Ocupaos de Vuestra Salvación (WSS) Cali, Colombia.pdf",2003-02-09,Ocupaos de vuestra salvacion.,orden_logico,,,0.000000
fe7275cb-a225-4f87-8a9c-df873265bb23,75e18e62-e659-4d4c-aaa5-aaf039a7aea2,"C:\Users\USUARIO\Documents\Downloads\BASE DE DATOS 1974-2018 PDFs. WSS\2003\2003-02-11 Estamos completos en Cristo (WSS) Bucaramanga, Colombia.pdf",2003-02-11,Estamos completos en Cristo.,orden_logico,,,0.000000
83cbfbbb-013e-4a87-9380-25f4d59f6a8d,29e5203a-132e-4b69-8482-c3f1a65f5df8,"C:\Users\USUARIO\Documents\Downloads\BASE DE DATOS 1974-2018 PDFs. WSS\2003\2003-02-16 Dios abriendo los Grandes Misterios de la Biblia (WSS) Bogotá, Colombia.pdf",2003-02-16,Dios abriendo los grandes misterios de la Biblia.,orden_logico,,,0.000000
db0172c6-94bd-481e-8b82-2d209a993b52,4af849f4-579f-44dd-9734-7f439f55ba28,"C:\Users\USUARIO\Documents\Downloads\BASE DE DATOS 1974-2018 PDFs. WSS\2003\2003-02-18 Oyendo lo que el Espíritu dice a las iglesias (WSS) Ibarra, Ecuador.pdf",2003-02-18,Oyendo lo que El Espiritu dice a las Iglesias.,orden_logico,,,0.000000
435d0b78-e5cf-4ea5-bc1f-44b960a91d24,affee9ff-26e0-42d0-9ec5-8c527be6dbfd,"C:\Users\USUARIO\Documents\Downloads\BASE DE DATOS 1974-2018 PDFs. WSS\2003\2003-02-19 ¿Qué pensáis del Cristo (WSS) Tulcán, Ecuador.pdf",2003-02-19,¿Que pensais del Cristo.,orden_logico,,,0.000000
237dedc3-45cd-4808-a050-4c3fdbfabbd1,b9515a0b-f8ac-4270-89e2-22aa77a798c3,"C:\Users\USUARIO\Documents\Downloads\BASE DE DATOS 1974-2018 PDFs. WSS\2003\2003-02-20 Los que tienen oídos para oir (WSS) Otavalo, Ecuador.pdf",2003-02-20,Los que tienen oidos para oir.,orden_logico,,,0.000000
bba988b0-29d5-4f83-838b-e4a12464c83a,130339ec-7714-47ac-8b94-12c9c331eaa4,"C:\Users\USUARIO\Documents\Downloads\BASE DE DATOS 1974-2018 PDFs. WSS\2003\2003-02-21 Trae tu carga a Jesucristo (WSS) Callambe, Ecuador.pdf",2003-02-21,Trae tu carga a Jesucristo.,orden_logico,,,0.000000
8c86eae0-fef4-4619-8ebe-bc5366b16cd7,1f480b94-9565-4948-be5e-683736fcb46a,"C:\Users\USUARIO\Documents\Downloads\BASE DE DATOS 1974-2018 PDFs. WSS\2003\2003-02-21 La palabra que hara aquello para lo cual Dios la ha enviado en el dia postrero - RM (WSS) Quito, Ecuador.pdf",2003-02-21,RM La palabra que hara aquello para lo cual Dios la ha enviado en el dia postrero,orden_logico,,,0.000000
ccc8e95e-ff74-4f31-9651-51e697557c1f,83600162-29bc-467b-9c76-b4775a359df6,"C:\Users\USUARIO\Documents\Downloads\BASE DE DATOS 1974-2018 PDFs. WSS\2003\2003-02-22 Aprovechando este tiempo que Dios nos ha dado - RM (WSS) Quito, Ecuador.pdf",2003-02-22,RM Aprovechando este tiempo que Dios nos ha dado,orden_logico,,,0.000000
900626e6-6589-4986-adfc-65d41e41107b,3c9f7f2a-9acb-4761-a24f-4cc31727bb87,"C:\Users\USUARIO\Documents\Downloads\BASE DE DATOS 1974-2018 PDFs. WSS\2003\2003-02-23 Los Misterios que necesitamos conocer hoy (WSS) Quito, Ecuador.pdf",2003-02-23,Los Misterios que necesitamos conocer hoy.,orden_logico,,,0.000000
c0e1415b-8c7e-444e-aace-84258db4283f,240dd029-5ccf-4852-8d64-6c59660beaa6,"C:\Users\USUARIO\Documents\Downloads\BASE DE DATOS 1974-2018 PDFs. WSS\2003\2003-02-25 Conociendo los grandes misterios de Dios (WSS) Iquitos, Perú.pdf",2003-02-25,Conociendo los grandes misterios de Dios.,orden_logico,,,0.000000
0e7228f7-4d86-4d04-8e28-660aab242769,8e421825-a383-471f-8bae-1427c094dcf4,"C:\Users\USUARIO\Documents\Downloads\BASE DE DATOS 1974-2018 PDFs. WSS\2003\2003-02-26 Dios revelando sus misterios (WSS) Tarapoto, Perú.pdf",2003-02-26,Dios Revelando Sus Misterios.,orden_logico,,,0.000000
7f45b693-7639-428e-8815-fbe6b02e0d03,8f86e37b-4492-4245-86b8-8926da41a4ae,"C:\Users\USUARIO\Documents\Downloads\BASE DE DATOS 1974-2018 PDFs. WSS\2003\2003-02-27 El Espiritu de Dios sigue obrando hoy (WSS) Rioja, Perú.PDF",2003-02-27,El Espi­ritu de Dios sigue obrando hoy.,orden_logico,,,0.000000
b772fce9-1348-426b-a7b6-de0bc7f1af95,b3472a3b-bf98-454e-8342-efcf73f4f3d9,"C:\Users\USUARIO\Documents\Downloads\BASE DE DATOS 1974-2018 PDFs. WSS\2003\2003-02-28 El Señor Jesucristo como Abogado y Juez (WSS) Tarapoto, Perú.pdf",2003-02-28,El Señor Jesucristo como abogado y Juez.,orden_logico,,,0.000000
4560ade1-7b33-41cf-9d2b-b31fb7a62170,b3251474-f627-41c1-afdd-7b89db362d5e,"C:\Users\USUARIO\Documents\Downloads\BASE DE DATOS 1974-2018 PDFs. WSS\2003\2003-03-01 El mensaje de este nuevo dia - RM (WSS) Lima, Perú.PDF.pdf",2003-03-01,RM El mensaje de este nuevo dia.,orden_logico,,,0.000000
4b917ce1-cd11-42fe-aa8f-79b69b7ffb09,1dc48aea-98c0-4598-af33-beaaba919749,"C:\Users\USUARIO\Documents\Downloads\BASE DE DATOS 1974-2018 PDFs. WSS\2003\2003-03-03 Señor, aumentanos la Fe (WSS) Bolivia.pdf",2003-03-03,Señor aumentanos la fe.,orden_logico,,,0.000000
166a4501-2d13-4f25-9510-3b6e43e5551a,0a5dc825-48a3-4445-8346-baae16eb30f8,C:\Users\USUARIO\Documents\Downloads\BASE DE DATOS 1974-2018 PDFs. WSS\2003\2003-03-04 La Dama Elegida y sus Hijos (WSS) Bolivia.pdf,2003-03-04,La Dama elegida y Sus hijos.,orden_logico,,,0.000000
7d7ecdc5-584c-4a0b-9134-7169954a9ae3,5e75f6f6-7b2f-4c76-93c0-0388c3fffd1d,C:\Users\USUARIO\Documents\Downloads\BASE DE DATOS 1974-2018 PDFs. WSS\2003\2003-03-05 El Mesias identificado por sus Palabras (WSS) Bolivia.pdf,2003-03-05,El Mesias Identificado por Sus Palabras.,orden_logico,,,0.000000
6de5df69-0bce-44d0-a45f-8c4b353eae41,c0598442-d7dc-4492-9945-17390a6076e2,C:\Users\USUARIO\Documents\Downloads\BASE DE DATOS 1974-2018 PDFs. WSS\2003\2003-03-06 El Mesías identificado por Sus Obras (WSS) Bolivia.pdf,2003-03-06,El Mesias Identificado por Sus Obras.,orden_logico,,,0.000000
5cc29573-c0c8-4432-9521-e0c9c81f6be6,91e7a01c-a169-4343-b4e0-28d32ac9bee7,C:\Users\USUARIO\Documents\Downloads\BASE DE DATOS 1974-2018 PDFs. WSS\2003\2003-03-07 La Exclusividad de la Vida Eterna (WSS) Bolivia.pdf,2003-03-07,La exclusividad de la Vida eterna.,orden_logico,,,0.000000
3d55a6fc-2f83-4e71-bef2-02a5434aff35,0dbcc72a-ab24-4a7e-8f0a-9ba9fb46f9f9,"C:\Users\USUARIO\Documents\Downloads\BASE DE DATOS 1974-2018 PDFs. WSS\2003\2003-03-08 Probados en las aguas de la Palabra - RM (WSS) Santa Cruz, Bolivia.pdf",2003-03-08,RM probados en las aguas de la palabra,orden_logico,,,0.000000
f7c965c8-17a5-4045-8294-596603ee1200,45764ad2-bcbd-4e43-9547-061f0b4d99e5,C:\Users\USUARIO\Documents\Downloads\BASE DE DATOS 1974-2018 PDFs. WSS\2003\2003-03-09 El que nos muestra las Cosas que Sucederan (WSS) Bolivia.pdf,2003-03-09,El que nos muestra las cosas que sucederan.,orden_logico,,,0.000000
849f0140-2119-4641-8dca-e611ac125073,993f5137-8df9-4b8e-9f7f-3b045fa19cc0,C:\Users\USUARIO\Documents\Downloads\BASE DE DATOS 1974-2018 PDFs. WSS\2003\2003-03-12 Ocupandonos de Nuestra Salvacion (WSS) Chile.pdf,2003-03-12,Ocupandonos de Nuestra Salvacion.,orden_logico,,,0.000000
dde3d64f-d53d-4806-8025-8a1720a91b64,59c93b7e-f696-47ad-a2f8-20e35d3bf66f,C:\Users\USUARIO\Documents\Downloads\BASE DE DATOS 1974-2018 PDFs. WSS\2003\2003-03-13 Buscad Primeramente el Reino de Dios y Su Justicia (WSS) Chile.pdf,2003-03-13,Buscad primeramente el Reino de Dios y Su Justicia.,orden_logico,,,0.000000
f5050f90-8e4f-487d-8ec0-f587c58f61b4,a4438f31-c4c9-4581-b69e-af9fa52d3d19,C:\Users\USUARIO\Documents\Downloads\BASE DE DATOS 1974-2018 PDFs. WSS\2003\2003-03-13 Los Obreros del Dia Postrero (WSS) Chile.pdf,2003-03-13,Los Obreros del dia postrero.,orden_logico,,,0.000000
95e8a43e-fe9e-48f0-8f39-18f2b5ac284f,1898abc6-9b41-4c7f-aeae-9a9b18dc1b6d,C:\Users\USUARIO\Documents\Downloads\BASE DE DATOS 1974-2018 PDFs. WSS\2003\2003-03-14 Palabras que Identificaron al Mesías (WSS) Chile.pdf,2003-03-14,Palabras que identificaron al Mesias.,orden_logico,,,0.000000
c93db7f7-a21d-4cbc-a553-9ca994fb1832,593c06b0-dc11-4203-a89e-37294fa07126,C:\Users\USUARIO\Documents\Downloads\BASE DE DATOS 1974-2018 PDFs. WSS\2003\2003-03-14 Echando mano de la Vida Eterna (WSS) Chile.pdf,2003-03-14,Echando Mano de la Vida Eterna.,orden_logico,,,0.000000
b6b5c0a6-582d-4224-a87c-79a6e982820d,88a24b11-9141-4d71-b713-d5293e3c73a5,C:\Users\USUARIO\Documents\Downloads\BASE DE DATOS 1974-2018 PDFs. WSS\2003\2003-03-16 El Mesias Identificado por las Escrituras (WSS) Chile.pdf,2003-03-16,El Mesias Identificado por las Escrituras.,orden_logico,,,0.000000
93ede45c-dc6b-4f40-88b4-8ceada2daf61,b81a896e-736b-4e26-8579-65b98bd576c1,C:\Users\USUARIO\Documents\Downloads\BASE DE DATOS 1974-2018 PDFs. WSS\2003\2003-03-17 Los que han resucitado con Cristo (WSS) Argentina.pdf,2003-03-17,Los que han resucitado con Cristo.,orden_logico,,,0.000000
3ae2da83-3555-43fe-9a41-ff7fb0b505d3,6b0c2596-7e45-47e1-b7f8-c0220194e470,C:\Users\USUARIO\Documents\Downloads\BASE DE DATOS 1974-2018 PDFs. WSS\2003\2003-03-18 La Fuente de la Casa de Jehova (WSS) Argentina.pdf,2003-03-18,La Fuente de la Casa de Jehova.,orden_logico,,,0.000000
7ceebe1b-0bc5-4935-b991-02b8be490e67,a6e7fb5e-0fd4-4a71-84a1-ba0405773f94,"C:\Users\USUARIO\Documents\Downloads\BASE DE DATOS 1974-2018 PDFs. WSS\2003\2003-03-19 Dios, la Esperanza de Su Pueblo (WSS) Argentina.pdf",2003-03-19,Dios la Esperanza de Su pueblo.,orden_logico,,,0.000000
3b5b9c1d-ca3d-480a-8151-cfbbbbd532e7,a9f541ac-953c-44ce-85e2-ddcc1b083f47,"C:\Users\USUARIO\Documents\Downloads\BASE DE DATOS 1974-2018 PDFs. WSS\2003\2003-03-20 Echad la hoz por que la mies esta madura - RM (WSS) Buenos Aires, Argentina.PDF",2003-03-20,RM Echad la hoz por que la mies esta madura,orden_logico,,,0.000000
41e860b3-39a3-4deb-b536-2b36c35df6cd,2bbd6e95-69c6-48a2-9be5-01553d84321d,"C:\Users\USUARIO\Documents\Downloads\BASE DE DATOS 1974-2018 PDFs. WSS\2003\2003-03-20 Las palabras positivas prevalecen sobre las negativas - RM (WSS) La Florida, Chile.PDF",2003-03-20,RM Las palabras positivas prevalecen sobre las negativas.,orden_logico,,,0.000000
a180ac73-fb61-47ff-959f-cd2e9a7cf5a7,71ed9d83-87e7-4055-bcd5-94b9613b1684,C:\Users\USUARIO\Documents\Downloads\BASE DE DATOS 1974-2018 PDFs. WSS\2003\2003-03-21 Invocando el Nombre de Dios para Salvacion (WSS) Paraguay.pdf,2003-03-21,Invocando el Nombre de Dios para Salvacion.,orden_logico,,,0.000000
530c6459-4780-40d8-a4a2-4d072078db22,71b6ff1c-0177-4a86-a3db-b8d4ec42eaa3,"C:\Users\USUARIO\Documents\Downloads\BASE DE DATOS 1974-2018 PDFs. WSS\2003\2003-03-22 Sirviendo a Dios en la casa de Dios - RM (WSS) Asunción, Paraguay.pdf",2003-03-22,RM Sirviendo a Dios en la casa de Dios,orden_logico,,,0.000000
5dc27da5-ed79-4fdf-b7dc-dc2a0669b9de,2dd26b66-2870-48b2-8605-34d3232492de,C:\Users\USUARIO\Documents\Downloads\BASE DE DATOS 1974-2018 PDFs. WSS\2003\2003-03-23 El Tiempo de la Restauracion (WSS) Paraguay.pdf,2003-03-23,El Tiempo de la Restauracion.,orden_logico,,,0.000000
3bd02efb-56f4-4288-ac0c-cfd3f9ff37af,0c15c9ff-045b-4bda-bee4-8f07e65ccbd6,C:\Users\USUARIO\Documents\Downloads\BASE DE DATOS 1974-2018 PDFs. WSS\2003\2003-03-24 Dios revelado a través de Su Hijo Jesucristo (WSS) Brasil.pdf,2003-03-24,Dios Revelado a traves de Su Hijo Jesucristo.,orden_logico,,,0.000000
29150743-cfdf-41ed-88ef-8c704bacd7d1,5816e1df-c5fc-461e-9a42-be5a3ad410bc,C:\Users\USUARIO\Documents\Downloads\BASE DE DATOS 1974-2018 PDFs. WSS\2003\2003-03-26 Meditad bien sobre vuestros caminos (WSS) Brasil.pdf,2003-03-26,Meditad bien sobre vuestros caminos.,orden_logico,,,0.000000
640ef2b1-4d7b-461b-a91f-74ef96a05dc9,790b4306-fe3c-4a5a-a869-0b645d2f2d7f,C:\Users\USUARIO\Documents\Downloads\BASE DE DATOS 1974-2018 PDFs. WSS\2003\2003-03-27 Desde este día os bendeciré (WSS) Brasil.pdf,2003-03-27,Desde este dia os bendecire.,orden_logico,,,0.000000
1e7790c2-e898-499d-a747-4c320aa4b6a7,643b1959-72d5-4fa6-8e74-8cb95c3d62f4,C:\Users\USUARIO\Documents\Downloads\BASE DE DATOS 1974-2018 PDFs. WSS\2003\2003-03-30 Jehová rugiendo desde Sión (WSS) Brasil.pdf,2003-03-30,Jehova rugiendo desde Sion,orden_logico,,,0.000000
21f070b6-4f0b-4958-903a-8cb4daa972e5,15706c6c-4709-43ed-b660-fc6f19b75d20,C:\Users\USUARIO\Documents\Downloads\BASE DE DATOS 1974-2018 PDFs. WSS\2003\2003-04-06 La esperanza de la Vida Eterna (WSS) Colombia.pdf,2003-04-06,La esperanza de la Vida eterna.,orden_logico,,,0.000000
5ff8d76d-18d3-4793-839e-c27920b18e97,9c2c4fea-dacd-4e04-8416-eefcdb7edce2,"C:\Users\USUARIO\Documents\Downloads\BASE DE DATOS 1974-2018 PDFs. WSS\2003\2003-04-13 El Rey cabalgando sobre un pollino (WSS) Cayey, Puerto Rico.pdf",2003-04-13,El Rey cabalgando sobre un pollino.,orden_logico,,,0.000000
1b2d23b8-f9b0-4ae4-89a5-1e6aba05f09e,b1918689-6363-4d43-9bad-ecec90fc1049,"C:\Users\USUARIO\Documents\Downloads\BASE DE DATOS 1974-2018 PDFs. WSS\2003\2003-04-18 Las palabras de Jesus en la Cruz (WSS) Cayey, Puerto Rico.pdf",2003-04-18,Las Palabras de Jesus en la Cruz.,orden_logico,,,0.000000
2354ad9c-e328-43e8-a86c-b5424ccab347,50201000-b960-447a-b22a-f503a71e91fd,"C:\Users\USUARIO\Documents\Downloads\BASE DE DATOS 1974-2018 PDFs. WSS\2003\2003-04-19 Enseñados para ser adoptados y colocados en la posicion correspondiente al reino de Cristo - RM (WSS) Cayey, Puerto Rico.pdf",2003-04-19,RM ensenados para ser adoptados y colocados en la posicion correspondiente al reino de cristo,orden_logico,,,0.000000
b8bf3ea3-ffec-43a1-af68-7d82aa656c7d,ed660600-481b-4712-b03b-b47e1cc350a8,"C:\Users\USUARIO\Documents\Downloads\BASE DE DATOS 1974-2018 PDFs. WSS\2003\2003-04-20 Cristo ha resucitado (WSS) Cayey, Puerto Rico.pdf",2003-04-20,Cristo ha Resucitado.,orden_logico,,,0.000000
6499f41f-4951-4a6f-b565-a013bae04379,cd552f1f-139e-4350-a723-ecfeadeb533c,C:\Users\USUARIO\Documents\Downloads\BASE DE DATOS 1974-2018 PDFs. WSS\2003\2003-04-25 La comida del creyente (WSS) EEUU.pdf,2003-04-25,La Comida del Creyente.,orden_logico,,,0.000000
357b378a-6856-4b4a-bdec-db721d4dbf51,2ecfd6d1-cd85-46e8-8936-855db81fbdcd,C:\Users\USUARIO\Documents\Downloads\BASE DE DATOS 1974-2018 PDFs. WSS\2003\2003-04-26 La seguridad del creyente en Cristo (WSS) EEUU.pdf,2003-04-26,La seguridad del Creyente en Cristo.,orden_logico,,,0.000000
a3901824-9658-4c95-8d8d-84f847fe53e2,0707a819-48eb-4a9a-aa82-2f4bad8d919b,C:\Users\USUARIO\Documents\Downloads\BASE DE DATOS 1974-2018 PDFs. WSS\2003\2003-04-28 Todo es posible para el que cree (WSS) EEUU.pdf,2003-04-28,Todo es posible para el que cree.,orden_logico,,,0.000000
609c5648-ce2c-4bc4-a326-eec2497a259c,c28de7fe-abf5-4b41-a5a3-67ef50106146,C:\Users\USUARIO\Documents\Downloads\BASE DE DATOS 1974-2018 PDFs. WSS\2003\2003-04-29 El Misterio de la esposa del Cordero (WSS) EEUU.pdf,2003-04-29,El Misterio de la Esposa del Cordero.,orden_logico,,,0.000000
41c28753-f78d-4ce7-b9f6-8521ae227ab0,a5257c4e-0c16-41ac-a71e-fe821e6368dc,C:\Users\USUARIO\Documents\Downloads\BASE DE DATOS 1974-2018 PDFs. WSS\2003\2003-04-29 Ordena tu casa porque morirás (WSS) EEUU.pdf,2003-04-29,Ordena tu Casa porque moriras.,orden_logico,,,0.000000
47373044-9920-4d74-bccc-613a4d971a74,475cc3bb-2060-482b-90cb-043ab9122f65,C:\Users\USUARIO\Documents\Downloads\BASE DE DATOS 1974-2018 PDFs. WSS\2003\2003-04-30 Perfectamente unidos (WSS) EEUU.pdf,2003-04-30,Perfectamente Unidos.,orden_logico,,,0.000000
0e3388e4-4dea-4c75-9b24-1c41cfe98dcc,59bfded7-31f6-4892-8f6b-7ade195e9f6d,C:\Users\USUARIO\Documents\Downloads\BASE DE DATOS 1974-2018 PDFs. WSS\2003\2003-04-30 Quién está haciendo la voluntad del Padre (WSS) EEUU.pdf,2003-04-30,Quien esta haciendo la Voluntad del Padre.,orden_logico,,,0.000000
f8751e68-659b-4a57-9b07-d6e6cb4b7aa3,622cc996-4b58-417f-bdfb-2cb2d29f8a44,"C:\Users\USUARIO\Documents\Downloads\BASE DE DATOS 1974-2018 PDFs. WSS\2003\2003-05-01 Venid en pos de Mi y os hare pescadores de hombres - RM (WSS) Monterrey, Mexico.pdf",2003-05-01,Venid en pos de Mi y os hare pescadores de hombres.,orden_logico,,,0.000000
ba0e4b62-86b0-4575-a80b-46894af4b746,86a01d1c-9c68-444c-8ef7-47c50ed50426,"C:\Users\USUARIO\Documents\Downloads\BASE DE DATOS 1974-2018 PDFs. WSS\2003\2003-05-02 Razonamiento versus revelacion - RM (WSS) Monterrey, Mexico.pdf",2003-05-02,RM razonamiento versus revelacion,orden_logico,,,0.000000
876758e3-7914-46df-87ff-3beb07bab3e8,d7c709fc-fce4-44e2-9bcc-e6484c7804d5,"C:\Users\USUARIO\Documents\Downloads\BASE DE DATOS 1974-2018 PDFs. WSS\2003\2003-05-03 El Liderato del Espiritu Santo - RM (WSS) Monterrey, Mexico.pdf",2003-05-03,RM El Liderato del Espiritu Santo.,orden_logico,,,0.000000
110b256d-a681-4e60-a204-c7f7afc635ba,6e161f51-fc0e-423c-8005-bd3fa8aacda1,C:\Users\USUARIO\Documents\Downloads\BASE DE DATOS 1974-2018 PDFs. WSS\2003\2003-05-04 La autoridad suprema del Señor Jesucristo (WSS) Mexico.pdf,2003-05-04,La Autoridad Suprema del Señor Jesucristo,orden_logico,,,0.000000
811d66fe-ba3d-46ac-be1f-26b4e5304578,a0a96395-f369-4b6e-9b52-5bb74f678f31,C:\Users\USUARIO\Documents\Downloads\BASE DE DATOS 1974-2018 PDFs. WSS\2003\2003-05-04 El rebaño del buen pastor (WSS) Mexico.pdf,2003-05-04,El Rebaño del Buen Pastor,orden_logico,,,0.000000
b72423e5-9984-484e-a767-119128858710,a47897c3-7ca6-4ad7-8ddd-110043741786,C:\Users\USUARIO\Documents\Downloads\BASE DE DATOS 1974-2018 PDFs. WSS\2003\2003-05-05 Dios caminando sobre las aguas (WSS) Mexico.pdf,2003-05-05,Dios caminando sobre las aguas,orden_logico,,,0.000000
4cc27af2-ac9b-40d9-ad9e-370ae63c354d,5d03d1c5-8fb8-4b7b-8d4a-62662bef63ec,C:\Users\USUARIO\Documents\Downloads\BASE DE DATOS 1974-2018 PDFs. WSS\2003\2003-05-06 Una mirada de fe te salvará (WSS) Mexico.pdf,2003-05-06,Una mirada de Fe te salvara,orden_logico,,,0.000000
b22ba3b5-2a15-4d29-94fa-e2f55c1622d5,f70cef2e-556c-47c3-9377-5f9768ad4c23,C:\Users\USUARIO\Documents\Downloads\BASE DE DATOS 1974-2018 PDFs. WSS\2003\2003-05-07 La Gloria de Dios cubre los cielos y la tierra (WSS) Mexico.pdf,2003-05-07,La Gloria de Dios cubre los Cielos y la Tierra,orden_logico,,,0.000000
1363e231-5b86-4509-bc7f-05992784ff8a,c3a6b122-1c92-4783-9ecf-aaff5099d940,C:\Users\USUARIO\Documents\Downloads\BASE DE DATOS 1974-2018 PDFs. WSS\2003\2003-05-08 Jehová está en Su Santo Templo (WSS) Mexico.pdf,2003-05-08,Jehova esta en Su Santo Templo,orden_logico,,,0.000000
1eef2800-896f-4dd1-96a6-d5d869007aca,556f3e57-10ac-497e-8645-b1cd9edacac2,C:\Users\USUARIO\Documents\Downloads\BASE DE DATOS 1974-2018 PDFs. WSS\2003\2003-05-08 El valiente en las batallas de Dios (WSS) Mexico.pdf,2003-05-08,El Valiente en las Batallas de Dios,orden_logico,,,0.000000
9fc8e38d-e634-4d79-a598-94464660d04f,e8496c96-7459-43c1-ac79-18b14cadd0c4,"C:\Users\USUARIO\Documents\Downloads\BASE DE DATOS 1974-2018 PDFs. WSS\2003\2003-05-10 Creciendo en la obra del Señor siempre - RM (WSS) Torreón, México.pdf",2003-05-10,RM creciendo en la obra del señor siempre,orden_logico,,,0.000000
ab54b5d8-2c90-41e5-92b0-0a26c9e7d646,603fff39-79cf-4150-a62a-807b8a561cc0,C:\Users\USUARIO\Documents\Downloads\BASE DE DATOS 1974-2018 PDFs. WSS\2003\2003-05-11 Oh Jehová aviva Tu Obra en medio de los tiempos (WSS) Mexico.pdf,2003-05-11,Oh Jehova aviva tu obra en medio de los tiempos.,orden_logico,,,0.000000
72a19ab0-4540-4cdf-a517-5f80fbb0529c,466c2d42-5816-429a-82cd-55e99020d75b,C:\Users\USUARIO\Documents\Downloads\BASE DE DATOS 1974-2018 PDFs. WSS\2003\2003-05-13 Una doctrina con autoridad (WSS) Mexico.pdf,2003-05-13,Una Doctrina con Autoridad,orden_logico,,,0.000000
730f5629-c857-4824-b9de-002218bf99c1,517392ab-1424-4196-a4a1-3d2d080f1a48,C:\Users\USUARIO\Documents\Downloads\BASE DE DATOS 1974-2018 PDFs. WSS\2003\2003-05-14 Cómo consultar a Dios hoy (WSS) Mexico.pdf,2003-05-14,Como consultar a Dios Hoy,orden_logico,,,0.000000
98f491b7-607c-4e12-872b-3da92e6239b4,5990f7db-6e60-4a9b-aad8-1ffd39ba7b40,"C:\Users\USUARIO\Documents\Downloads\BASE DE DATOS 1974-2018 PDFs. WSS\2003\2003-05-14 Administradores de los misterios de Dios - RM (WSS) San Luis Potosí, Mexico.pdf",2003-05-14,RM administradores de los misterios de Dios,orden_logico,,,0.000000
2278dfa1-baa2-4496-9bd7-0ce7243c00ff,dcfeffb6-ed35-40bb-91ac-689757f88344,C:\Users\USUARIO\Documents\Downloads\BASE DE DATOS 1974-2018 PDFs. WSS\2003\2003-05-15 Preparandonos para servir mejor a Dios (WSS) Mexico.pdf,2003-05-15,Preparandonos para servir mejor a Dios.,orden_logico,,,0.000000
bd3beb40-0519-4d3c-a8d9-833fb7f3314f,7b476f83-6c8a-442a-b685-b15c60e4bebb,"C:\Users\USUARIO\Documents\Downloads\BASE DE DATOS 1974-2018 PDFs. WSS\2003\2003-05-17 Quitando todo lo que estorba para recibir las bendiciones de Dios - RM (WSS) Villahermosa, México.pdf",2003-05-17,RM quitando todo lo que estorba para recibir las bendiciones de Dios,orden_logico,,,0.000000
52cb0afe-3612-4f35-a5a2-d839090d4a3d,5e746dd8-f1b3-4a5f-bc22-0aa85b91f742,C:\Users\USUARIO\Documents\Downloads\BASE DE DATOS 1974-2018 PDFs. WSS\2003\2003-05-18 La victoria final del Reino de Dios (WSS) Mexico.pdf,2003-05-18,La victoria final del Reino de Dios,orden_logico,,,0.000000
2d3aa30a-7689-4027-941d-808e3cf34f97,a8046a37-c51e-4a0b-8be5-11f783969f92,C:\Users\USUARIO\Documents\Downloads\BASE DE DATOS 1974-2018 PDFs. WSS\2003\2003-05-19 Dios y sus ángeles visitando a su pueblo en este dia postrero (WSS) Mexico.pdf,2003-05-19,Dios y Sus Angeles visitando a Su pueblo en este Dia Postrero,orden_logico,,,0.000000
c39e992e-c64a-479f-81c7-a45e833f36ae,89822def-6281-4914-822f-906ba3c5edfb,C:\Users\USUARIO\Documents\Downloads\BASE DE DATOS 1974-2018 PDFs. WSS\2003\2003-05-19 La Bienaventuranza de recibir al que viene en el Nombre del Señor (WSS) Mexico.pdf,2003-05-19,La Bienaventuranza de recibir al que viene en el Nombre del Señor,orden_logico,,,0.000000
fa26503d-0ae9-45d6-8177-6218cb5b631e,5a96e00b-81aa-4c0e-a5bf-021654bd8ca1,C:\Users\USUARIO\Documents\Downloads\BASE DE DATOS 1974-2018 PDFs. WSS\2003\2003-05-20 Tened fe en Dios (WSS) Mexico.pdf,2003-05-20,Tened Fe en Dios,orden_logico,,,0.000000
ca743e84-4062-4aee-9112-5607c0cdedaf,fd4b8450-0d51-495b-a1cd-fe1da98fa204,C:\Users\USUARIO\Documents\Downloads\BASE DE DATOS 1974-2018 PDFs. WSS\2003\2003-05-21 Las Obras dan testimonio de Mi (WSS) Mexico.pdf,2003-05-21,Las Obras dan Testimonio de Mi,orden_logico,,,0.000000
a26b7c69-a358-4ad3-95c5-7d6329d48d47,084bd298-d220-4087-98b9-6fea9df7de6b,C:\Users\USUARIO\Documents\Downloads\BASE DE DATOS 1974-2018 PDFs. WSS\2003\2003-05-22 Aguardando la esperanza bienaventurada (WSS) Mexico.pdf,2003-05-22,Aguardando la Esperanza Bienaventurada,orden_logico,,,0.000000
3dec355e-c457-448b-acbe-977266d66b28,ff127c5d-5273-4e94-a1b7-c04ae178ebab,C:\Users\USUARIO\Documents\Downloads\BASE DE DATOS 1974-2018 PDFs. WSS\2003\2003-05-23 El Mandamiento de Dios (WSS) Mexico.pdf,2003-05-23,El Mandamiento de Dios,orden_logico,,,0.000000
658f66d8-0d0e-4fa3-b923-1dc2629f5e57,d2c74d4b-c3c4-4547-a7aa-8737216aa0e1,"C:\Users\USUARIO\Documents\Downloads\BASE DE DATOS 1974-2018 PDFs. WSS\2003\2003-05-24 Cristo, el Sol de Justicia (WSS) Mexico.pdf",2003-05-24,Cristo el Sol de Justicia,orden_logico,,,0.000000
5ed1f14a-3a4c-40bf-a94c-cace110d8b32,40b4887d-d924-4bd1-be37-b4c8745a4528,C:\Users\USUARIO\Documents\Downloads\BASE DE DATOS 1974-2018 PDFs. WSS\2003\2003-05-25 La manifestación gloriosa de Jesucristo (WSS) Mexico.pdf,2003-05-25,La Manifestacion Gloriosa de Jesucristo,orden_logico,,,0.000000
2ea42a88-9dbb-4b09-a25d-4de3333f4f28,fb83a917-765f-4d37-88b9-b04fe8f13eb1,C:\Users\USUARIO\Documents\Downloads\BASE DE DATOS 1974-2018 PDFs. WSS\2003\2003-05-27 La fe de los escogidos de Dios (WSS) Mexico.pdf,2003-05-27,La Fe de los Escogidos de Dios,orden_logico,,,0.000000
cbf475f1-cf13-4e5b-bcc4-8166c09eebba,6e6151f0-8faf-4d05-be81-aec12beec442,C:\Users\USUARIO\Documents\Downloads\BASE DE DATOS 1974-2018 PDFs. WSS\2003\2003-05-28 Juntando a los escogidos de Dios en el Día Postrero (WSS) Mexico.pdf,2003-05-28,Juntando a los Escogidos de Dios en el Dia Postrero,orden_logico,,,0.000000
7abc6104-88d9-4dc4-a52a-0f33155da798,3e4e067e-16bd-4524-9366-972063333f85,C:\Users\USUARIO\Documents\Downloads\BASE DE DATOS 1974-2018 PDFs. WSS\2003\2003-05-30 Los nombres escritos en el Libro de la Vida del Cordero (WSS) Mexico.pdf,2003-05-30,Los nombres escritos en el Libro de la Vida del Cordero,orden_logico,,,0.000000
0860fb54-9074-4a0e-b22a-86a38402b05f,dd5c4ba3-1aad-4655-821d-abbe1db886db,"C:\Users\USUARIO\Documents\Downloads\BASE DE DATOS 1974-2018 PDFs. WSS\2003\2003-05-31 Sujetandonos al orden de Dios - RM (WSS) Santa Martha, Mexico.pdf",2003-05-31,RM Sujetandonos al orden de Dios,orden_logico,,,0.000000
766085b7-a15a-4900-ac1d-04b261c1b880,af6485ef-4827-4b61-b5b5-31af903714a5,"C:\Users\USUARIO\Documents\Downloads\BASE DE DATOS 1974-2018 PDFs. WSS\2003\2003-06-01 El tiempo de los grandes milagros (WSS) Santa Martha, México.pdf",2003-06-01,El Tiempo de los Grandes Milagros,orden_logico,,,0.000000
7c305deb-4a55-47c5-9abd-9f898e61b3c3,4771e639-a805-4e86-83d1-05cc05f36302,"C:\Users\USUARIO\Documents\Downloads\BASE DE DATOS 1974-2018 PDFs. WSS\2003\2003-06-03 Hemos resucitado con Cristo (WSS) San Bartolomé, Guatemala.pdf",2003-06-03,Hemos resucitado con Cristo,orden_logico,,,0.000000
aafb3a1e-08b7-4d61-9ea2-9ec2333c33a4,257b8fbd-4534-4e79-9ae5-d0663956c693,"C:\Users\USUARIO\Documents\Downloads\BASE DE DATOS 1974-2018 PDFs. WSS\2003\2003-06-04 Los grandes misterios de Dios (WSS) San Bartolomé, Guatemala.pdf",2003-06-04,Los Grandes misterios de Dios.,orden_logico,,,0.000000
a1ca9dde-c41e-4e94-bf48-4a93a1d726c7,b4965c27-6083-4d65-80c2-01d37a0a0a21,"C:\Users\USUARIO\Documents\Downloads\BASE DE DATOS 1974-2018 PDFs. WSS\2003\2003-06-05 Dios promete la lluvia temprana y tardía (WSS) Ciudad Guatemala, Guatemala.pdf",2003-06-05,Dios promete la Lluvia Temprana y Tardia,orden_logico,,,0.000000
95ba7a8f-5a39-450a-85e5-5c4fe45a025c,d6c33406-194f-46b3-a3d2-028eab9879eb,C:\Users\USUARIO\Documents\Downloads\BASE DE DATOS 1974-2018 PDFs. WSS\2003\2003-06-08 El testimonio de las escrituras (WSS) Guatemala.pdf,2003-06-08,El testimonio de las escrituras,orden_logico,,,0.000000
ba5282a6-476b-47a0-b1ee-59c2a56be096,4e33bdc2-cd3e-4193-8a66-e5c2bb4b8974,"C:\Users\USUARIO\Documents\Downloads\BASE DE DATOS 1974-2018 PDFs. WSS\2003\2003-06-09 Entrando al arca de salvación Hoy (WSS) San Salvador, El Salvador.pdf",2003-06-09,Entrando al Arca de Salvacion Hoy,orden_logico,,,0.000000
c23c7f39-0ff7-45fe-a505-d0f98516dab9,71a74535-988d-4097-a38d-163b1f6b5910,"C:\Users\USUARIO\Documents\Downloads\BASE DE DATOS 1974-2018 PDFs. WSS\2003\2003-06-10 El ángel enviado por Jesús (WSS) Tegucigalpa, Honduras.pdf",2003-06-10,El Angel enviado por Jesus,orden_logico,,,0.000000
ba5c29e4-c6e1-4ce9-9b93-931ea9b27179,cb7a0cae-756f-45db-8068-68270ff6a97b,"C:\Users\USUARIO\Documents\Downloads\BASE DE DATOS 1974-2018 PDFs. WSS\2003\2003-06-11 La exclusividad de la bendición de Dios (WSS) Managua, Nicaragua.pdf",2003-06-11,La Exclusividad de la Bendicion de Dios,orden_logico,,,0.000000
ed48e30f-743c-47f6-9b1a-6a87305945c0,8206e5aa-c13e-4941-a91d-eff3531025f9,"C:\Users\USUARIO\Documents\Downloads\BASE DE DATOS 1974-2018 PDFs. WSS\2003\2003-06-12 Un Nombre sobre todo nombre (WSS) San José, Costa Rica.pdf",2003-06-12,Un Nombre sobre todo nombre,orden_logico,,,0.000000
5b9f9b61-d33e-4cf6-90ea-18e8e13403df,54503b8e-9d6f-4c0f-8705-f110be9a189e,"C:\Users\USUARIO\Documents\Downloads\BASE DE DATOS 1974-2018 PDFs. WSS\2003\2003-06-15 La paciencia del Padre Celestial (WSS) Cayey, Puerto Rico.pdf",2003-06-15,La Paciencia del Padre Celestial,orden_logico,,,0.000000
2302461f-a1d6-4e13-b5d7-5e724f5651ec,7d849768-5e51-47bf-9bfa-5be30c7e52f2,"C:\Users\USUARIO\Documents\Downloads\BASE DE DATOS 1974-2018 PDFs. WSS\2003\2003-06-18 El Reino de Dios se ha acercado (WSS) Goiania, Brasil.PDF",2003-06-18,El Reino de Dios se ha acercado.,orden_logico,,,0.000000
dffc4dc9-0e44-48d2-8e87-9d92221cdaa6,9287fe61-6d99-441e-b583-2b1409a1d3af,"C:\Users\USUARIO\Documents\Downloads\BASE DE DATOS 1974-2018 PDFs. WSS\2003\2003-06-21 El Unico hombre que puede encender la Luz del Dia postrero - RM (WSS) Cayey, Puerto Rico.PDF",2003-06-21,El Unico hombre que puede encender la Luz del Dia postrero.,orden_logico,,,0.000000
d7d1c556-4ebe-497d-8924-60b596da7d1b,6ed39881-d1ee-4baf-89a3-c7d570f6583d,"C:\Users\USUARIO\Documents\Downloads\BASE DE DATOS 1974-2018 PDFs. WSS\2003\2003-06-29 Jesús andando sobre el mar (WSS) Cayey, Puerto Rico.pdf",2003-06-29,Jesus andando sobre el mar,orden_logico,,,0.000000
f90a147f-5103-42dd-852b-e65129e6cd2c,b6b76f2e-a048-406d-b11f-ae93cb4bbf0f,"C:\Users\USUARIO\Documents\Downloads\BASE DE DATOS 1974-2018 PDFs. WSS\2003\2003-07-04 La mente que tenga sabiduría (WSS) Cayey, Puerto Rico.pdf",2003-07-04,La mente que tenga sabiduria,orden_logico,,,0.000000
f64d2399-0a08-49e6-a53e-8558ea951a8e,21fbed45-fe8c-4b96-91aa-81377532dcf2,"C:\Users\USUARIO\Documents\Downloads\BASE DE DATOS 1974-2018 PDFs. WSS\2003\2003-07-08 Dependiendo solamente del Señor - RM (WSS) Santa Marta, Colombia.pdf",2003-07-08,RM dependiendo solamente del señor,orden_logico,,,0.000000
2350dca4-d0e4-4607-82c8-35627aff427f,e68ec27d-08e6-407e-9be5-62d628194d7e,"C:\Users\USUARIO\Documents\Downloads\BASE DE DATOS 1974-2018 PDFs. WSS\2003\2003-07-09 La coigualdad con Dios (WSS) Cali, Colombia.pdf",2003-07-09,La Coigualdad con Dios.,orden_logico,,,0.000000
6c13955f-2209-4d64-9b8c-fcb4a9c4099e,8e6cd10f-0a2d-49ce-924b-f11b26de723f,"C:\Users\USUARIO\Documents\Downloads\BASE DE DATOS 1974-2018 PDFs. WSS\2003\2003-07-11 Lecciones de la naturaleza (WSS) Cali, Colombia.pdf",2003-07-11,Lecciones de la Naturaleza.,orden_logico,,,0.000000
b0747a96-24a2-4319-8a42-48feb7dc2415,40121fdf-abda-43d1-82f9-e2ffa7967b21,"C:\Users\USUARIO\Documents\Downloads\BASE DE DATOS 1974-2018 PDFs. WSS\2003\2003-07-12 El Gran Yo Soy - RM (WSS) Bogotá, Colombia.pdf",2003-07-12,RM el gran yo soy,orden_logico,,,0.000000
d6ba0c10-0488-4e8b-a964-81308a922e27,85736cd1-43ee-4022-9234-1726163babf5,"C:\Users\USUARIO\Documents\Downloads\BASE DE DATOS 1974-2018 PDFs. WSS\2003\2003-07-13 La Continuidad de la Obra de Dios (WSS) Bogotá, Colombia.pdf",2003-07-13,La continuidad de la obra de Dios.,orden_logico,,,0.000000
656aad93-df16-4358-ac58-489ccec1fe68,490bc524-e5f2-44c1-b86e-319de8a7fd5f,"C:\Users\USUARIO\Documents\Downloads\BASE DE DATOS 1974-2018 PDFs. WSS\2003\2003-07-14 ¿Dónde estas tú (WSS) Porto Velho, Brasil.pdf",2003-07-14,¿Donde estas tu,orden_logico,,,0.000000
05ab72f9-b065-4eee-8ffe-5cde31eafbd0,a6d9c896-262b-4b48-9bd4-7b8e48bea069,"C:\Users\USUARIO\Documents\Downloads\BASE DE DATOS 1974-2018 PDFs. WSS\2003\2003-07-15 El Ejército de Jesucristo (WSS) Porto Velho, Brasil.pdf",2003-07-15,El Ejercito de Jesucristo,orden_logico,,,0.000000
d6db582b-fa10-41f0-b6f5-417413e941b1,2a438210-113a-4e63-bd15-7da34ac3aef8,"C:\Users\USUARIO\Documents\Downloads\BASE DE DATOS 1974-2018 PDFs. WSS\2003\2003-07-16 El Misterio de Dios El Padre, y de Cristo (WSS) Boa Vista, Brasil.pdf",2003-07-16,"El Misterio de Dios el Padre, y de Cristo",orden_logico,,,0.000000
c79ddb9d-61e5-42f6-9af9-a9d7e8ce12a9,2021adcb-fed1-4985-a2c0-8d62912f3e33,C:\Users\USUARIO\Documents\Downloads\BASE DE DATOS 1974-2018 PDFs. WSS\2003\2003-07-16 Que pensais del Cristo (WSS) Brasil.pdf,2003-07-16,¿Que pensais del Cristo,orden_logico,,,0.000000
c6602512-5c89-49d5-aa1e-84daa48effc0,318b0d85-a652-445e-b6ae-3ce8a66ef1cd,"C:\Users\USUARIO\Documents\Downloads\BASE DE DATOS 1974-2018 PDFs. WSS\2003\2003-07-18 La Bendición para la Raza Humana (WSS) Manaos, Brasil.pdf",2003-07-18,La Bendicion para la raza humana,orden_logico,,,0.000000
71f7b352-01ba-4b6d-a52e-df1e7a187323,c1269431-04eb-4ac9-ab82-522cb6f53c59,"C:\Users\USUARIO\Documents\Downloads\BASE DE DATOS 1974-2018 PDFs. WSS\REUNIÓN DE MINISTROS\2003-07-19 Torre de Rebelión - RM (WSS) Porto Velho, Brasil.pdf",2003-07-19,Torre de Rebelion.,orden_logico,,,0.000000
a0aef4f3-59fb-4362-8b7b-e07e6d3bcb16,c9e420f9-e740-413c-a908-a2201f8258a6,C:\Users\USUARIO\Documents\Downloads\BASE DE DATOS 1974-2018 PDFs. WSS\2003\2003-07-20 Una Torre de Bendicion (WSS) Brasil.pdf,2003-07-20,Una Torre de Bendicion,orden_logico,,,0.000000
490fb16b-c622-41bc-bb0e-d67c4d77039e,a5f7d382-7b25-42e1-b8a5-1940673634b6,C:\Users\USUARIO\Documents\Downloads\BASE DE DATOS 1974-2018 PDFs. WSS\2003\2003-07-22 El Angel con la revelacion de Jesucristo (WSS) Colombia.pdf,2003-07-22,El Ãngel con la revelacion de Jesucristo,orden_logico,,,0.000000
2a4bbfe9-9801-41e2-b970-e04d52d83398,6d40bd02-7b36-45b9-847f-bca624d0d476,"C:\Users\USUARIO\Documents\Downloads\BASE DE DATOS 1974-2018 PDFs. WSS\2003\2003-07-27 El Nombre de Dios en el Oeste (WSS) Cayey, Puerto Rico.pdf",2003-07-27,El Nombre de Dios en el oeste.,orden_logico,,,0.000000
46a16113-e5a4-4ed7-ae4a-6ba1890b80ec,2d6d6dd3-3989-47fb-9f66-73fd5130c4f4,"C:\Users\USUARIO\Documents\Downloads\BASE DE DATOS 1974-2018 PDFs. WSS\2003\2003-08-01 El Misterio de los Ángeles con Gran Voz de Trompeta (WSS) Cayey, Puerto Rico.pdf",2003-08-01,El Misterio de los Angeles con Gran Voz de Trompeta,orden_logico,,,0.000000
c0a676ab-6679-42d6-98b3-3cd162a7f554,3a0417dc-626c-4011-9d38-77fdf44c927d,"C:\Users\USUARIO\Documents\Downloads\BASE DE DATOS 1974-2018 PDFs. WSS\2003\2003-08-03 El Rescate de los Escogidos (WSS) Cayey, Puerto Rico.pdf",2003-08-03,El Rescate de los Escogidos,orden_logico,,,0.000000
aaca9e3b-cbb4-4405-8064-1d9d889e4ce7,5245e505-a39e-42b2-a28d-1613d3ba77ae,"C:\Users\USUARIO\Documents\Downloads\BASE DE DATOS 1974-2018 PDFs. WSS\2003\2003-08-05 Escondidos en Cristo (WSS) Austin, Texas, EEUU.pdf",2003-08-05,Escondidos en Cristo.,orden_logico,,,0.000000
3e4223b6-e8fe-4c02-976e-bd69502936d3,ff246f4b-1a86-4b7e-b0db-0e7b19872cc7,"C:\Users\USUARIO\Documents\Downloads\BASE DE DATOS 1974-2018 PDFs. WSS\2003\2003-08-06 Cristo, el único lugar seguro (WSS) EEUU.pdf",2003-08-06,Cristo el unico lugar seguro,orden_logico,,,0.000000
45f74466-b513-4c40-a84f-c5a8c3b73b2c,f47c9331-9137-46cf-9805-bed85006bc77,C:\Users\USUARIO\Documents\Downloads\BASE DE DATOS 1974-2018 PDFs. WSS\2003\2003-08-09 El Maestro está aquí y te llama (WSS) Mexico.pdf,2003-08-09,El Maestro esta aqui y te llama.,orden_logico,,,0.000000
95b3f125-1a6e-45a6-8dc6-3ed8ff96e920,86cd2532-dce6-46da-b101-7af367561d77,C:\Users\USUARIO\Documents\Downloads\BASE DE DATOS 1974-2018 PDFs. WSS\2003\2003-08-10 La fe siendo probada (WSS) Mexico.pdf,2003-08-10,La Fe siendo probada,orden_logico,,,0.000000
8c91175d-57a8-4386-a7cb-807e81d473b5,6ea9265e-f2ce-4abd-900a-331c626ac4d3,C:\Users\USUARIO\Documents\Downloads\BASE DE DATOS 1974-2018 PDFs. WSS\2003\2003-08-11 Los Valientes de Jesucristo luchando por la salvacion de las Almas (WSS) Mexico.pdf,2003-08-11,Los Valientes de Jesucristo luchando por la Salvacion de las Almas.,orden_logico,,,0.000000
48ecc69f-ecdf-48e2-ac4a-b7e9ccccf805,a3f56ba2-0422-49b9-97cc-7c8a29a70f30,C:\Users\USUARIO\Documents\Downloads\BASE DE DATOS 1974-2018 PDFs. WSS\2003\2003-08-12 Los escogidos siendo llamados y juntados en el Cuerpo de Cristo (WSS) Mexico.pdf,2003-08-12,Los escogidos siendo llamados y juntados en el Cuerpo de Cristo,orden_logico,,,0.000000
b56bb8f4-1417-47c8-8409-12da035c3a15,923cf753-bddc-48c6-8a9c-b036d4547d0a,C:\Users\USUARIO\Documents\Downloads\BASE DE DATOS 1974-2018 PDFs. WSS\2003\2003-08-13 Libertados por el Cordero Pascual (WSS) Mexico.pdf,2003-08-13,Libertados por El Cordero pascual.,orden_logico,,,0.000000
c5d268c4-befd-42af-9109-5ec7e3c45f84,924e8006-72f5-4ad3-b958-046f0602c3bc,C:\Users\USUARIO\Documents\Downloads\BASE DE DATOS 1974-2018 PDFs. WSS\2003\2003-08-18 Los requisitos para entrar al Reino de Dios (WSS) Mexico.pdf,2003-08-18,Los Requisitos para entrar al Reino de Dios.,orden_logico,,,0.000000
487d538e-4fb0-4fe4-bab2-fc45db7ad82e,36da9e4a-910f-463f-b570-1291f54baeb2,C:\Users\USUARIO\Documents\Downloads\BASE DE DATOS 1974-2018 PDFs. WSS\2003\2003-08-19 Los Hijos de Abraham (WSS) Mexico.pdf,2003-08-19,Los hijos de Abraham.,orden_logico,,,0.000000
a4661d69-3cde-4a89-89a7-8e45d879a243,3b0ed078-90a5-4847-bac1-e11363f11fc7,C:\Users\USUARIO\Documents\Downloads\BASE DE DATOS 1974-2018 PDFs. WSS\2003\2003-08-21 El misterio del nuevo nacimiento (WSS) Mexico.pdf,2003-08-21,El Misterio del Nuevo Nacimiento,orden_logico,,,0.000000
ae6a93ac-b0ee-41d1-bdc4-e9b23841426d,ee551a3f-62e6-48fc-9574-2e0b139df6cc,C:\Users\USUARIO\Documents\Downloads\BASE DE DATOS 1974-2018 PDFs. WSS\2003\2003-08-22 Los Misterios de la Biblia (WSS) Mexico.pdf,2003-08-22,Los misterios de la Biblia.,orden_logico,,,0.000000
8c991db9-fc66-46bd-871c-15dad31bf1ac,cdc1d2ef-da56-4c90-b66e-5c49686f8e6f,C:\Users\USUARIO\Documents\Downloads\BASE DE DATOS 1974-2018 PDFs. WSS\2003\2003-08-24 El gran misterio de Dios (WSS) Mexico.PDF,2003-08-24,El Gran Misterio de Dios,orden_logico,,,0.000000
737a49a8-3877-4b5e-9aaa-e839f94d1750,8bfaa279-4f6a-4437-9289-0a83144688b2,C:\Users\USUARIO\Documents\Downloads\BASE DE DATOS 1974-2018 PDFs. WSS\2003\2003-08-27 El Ángel con el Sello del Dios Vivo (WSS) Mexico.pdf,2003-08-27,El Ãngel con el Sello del Dios Vivo,orden_logico,,,0.000000
3660f15a-4a20-4585-b3cc-2ffc454d92ff,9cda5bc4-8a78-4ebb-9ea9-1a406fc18e6a,C:\Users\USUARIO\Documents\Downloads\BASE DE DATOS 1974-2018 PDFs. WSS\2003\2003-08-29 El Verdadero Amigo (WSS) Mexico.pdf,2003-08-29,El Verdadero Amigo,orden_logico,,,0.000000
9bf15753-29c9-41a0-803e-8063a96d58bb,277baf75-deee-4633-b14d-6c8d5fb24d70,C:\Users\USUARIO\Documents\Downloads\BASE DE DATOS 1974-2018 PDFs. WSS\2003\2003-09-02 El misterio de las almas de Dios (WSS) Guatemala.PDF,2003-09-02,El misterio de las almas de Dios,orden_logico,,,0.000000
119d20fe-e040-443d-900a-dd5a913264b2,8fb425da-1dae-4474-912b-e08a47f6e54d,C:\Users\USUARIO\Documents\Downloads\BASE DE DATOS 1974-2018 PDFs. WSS\2003\2003-09-03 Sacados de las aguas (WSS) Guatemala.pdf,2003-09-03,Sacados de las aguas,orden_logico,,,0.000000
852a5f25-cf89-4fc4-ac09-973837312fb6,76a5be3d-19dd-4852-839f-f298d0827de9,C:\Users\USUARIO\Documents\Downloads\BASE DE DATOS 1974-2018 PDFs. WSS\2003\2003-09-04 La Revelación unifica (WSS) Guatemala.pdf,2003-09-04,La Revelacion unifica,orden_logico,,,0.000000
f37bd751-dea8-4e7e-bc84-8dadeac6e458,3c099420-6e51-449e-b37d-a0fd6f3ed463,C:\Users\USUARIO\Documents\Downloads\BASE DE DATOS 1974-2018 PDFs. WSS\2003\2003-09-05 Clamando por Salvación (WSS) Guatemala.pdf,2003-09-05,Clamando por Salvacion,orden_logico,,,0.000000
08027cab-fcc0-41c4-8dc4-77cf001361c8,30656416-201f-4703-812e-bb544f998659,C:\Users\USUARIO\Documents\Downloads\BASE DE DATOS 1974-2018 PDFs. WSS\2003\2003-09-07 La Familia de la Fe (WSS) El Salvador.pdf,2003-09-07,La Familia de la Fe,orden_logico,,,0.000000
965f8dba-4719-4d14-bc49-218aa36aa583,eae9027d-5596-47f3-acff-c304929bc008,"C:\Users\USUARIO\Documents\Downloads\BASE DE DATOS 1974-2018 PDFs. WSS\2003\2003-09-08 La Confirmacion de la Palabra prometida a la Iglesia de Jesucristo (WSS) Managua, Nicaragua.pdf",2003-09-08,La Confirmacion de la palabra prometida a la Iglesia de Jesucristo.,orden_logico,,,0.000000
d4091f29-30c1-45b6-b62e-90ccebb599b2,fb1d612a-9aab-442c-8e39-e167a653ad8e,"C:\Users\USUARIO\Documents\Downloads\BASE DE DATOS 1974-2018 PDFs. WSS\2003\2003-09-09 La Trinidad del Ser Humano (WSS) San José, Costa Rica.pdf",2003-09-09,La Trinidad del Ser Humano.,orden_logico,,,0.000000
2a20b07d-e16a-463a-a5df-5e5a3109d758,cde5fe22-3945-45e8-b3ce-3c271b7304c4,C:\Users\USUARIO\Documents\Downloads\BASE DE DATOS 1974-2018 PDFs. WSS\2003\2003-09-10 Aprovechando el tiempo hoy.pdf,2003-09-10,Aprovechando el tiempo hoy.,orden_logico,,,0.000000
87d8741d-b34a-455b-9c6d-a62018001b74,d87444e5-8fa6-4cfc-99d7-62898af19964,C:\Users\USUARIO\Documents\Downloads\BASE DE DATOS 1974-2018 PDFs. WSS\2003\2003-09-11 Perseverando hasta vencer (WSS) Panama.pdf,2003-09-11,Perseverando hasta vencer,orden_logico,,,0.000000
05506604-d58f-40cb-b3a8-6eadb979ffdd,8ca824c2-3a2a-4bef-ac1f-03c78d096fa8,"C:\Users\USUARIO\Documents\Downloads\BASE DE DATOS 1974-2018 PDFs. WSS\2003\2003-09-14 La Llave que abre la Puerta (WSS) Cayey, Puerto Rico.pdf",2003-09-14,La Llave que abre la Puerta,orden_logico,,,0.000000
4cef41ca-7717-44b7-80d2-7683f916b163,4283bde7-f153-4fc9-ab6e-a9e0f71df01c,"C:\Users\USUARIO\Documents\Downloads\BASE DE DATOS 1974-2018 PDFs. WSS\2003\2003-09-19 Nuestro Puerto de llegada (WSS) Cayey, Puerto Rico.pdf",2003-09-19,Nuestro puerto de llegada.,orden_logico,,,0.000000
bc05311a-8d1c-49f2-9005-69b7acfa8119,61d8b910-cd33-40ee-bb51-09565230ccd6,"C:\Users\USUARIO\Documents\Downloads\BASE DE DATOS 1974-2018 PDFs. WSS\2003\2003-09-21 Nuestra meta la nueva Jerusalén (WSS) Cayey, Puerto Rico.pdf",2003-09-21,Nuestra Meta La Nueva Jerusalen,orden_logico,,,0.000000
c12422ef-28f1-4867-ad39-89260f9c824e,b2ec584a-257f-4437-a7d5-62e15fd83a47,"C:\Users\USUARIO\Documents\Downloads\BASE DE DATOS 1974-2018 PDFs. WSS\2003\2003-09-26 La Cámara del Rey (WSS) Cayey, Puerto Rico.pdf",2003-09-26,La camara del Rey.,orden_logico,,,0.000000
53a5817b-9ddb-4f6a-905a-bc33a2196bd7,31393a94-2e4a-477e-b3f3-b29b1e219be7,"C:\Users\USUARIO\Documents\Downloads\BASE DE DATOS 1974-2018 PDFs. WSS\2003\2003-09-28 Dios en Morphe (WSS) Cayey, Puerto Rico.pdf",2003-09-28,Dios en Morphe.,orden_logico,,,0.000000
1f8b2fb9-a164-4506-a94e-65482737be77,2a3875ae-b38c-4cba-91a8-82081364a9b4,"C:\Users\USUARIO\Documents\Downloads\BASE DE DATOS 1974-2018 PDFs. WSS\2003\2003-10-03 El tiempo para ser libertado el pueblo de Dios (WSS) Cayey, Puerto Rico.pdf",2003-10-03,El tiempo para ser libertado el pueblo de Dios,orden_logico,,,0.000000
5c984017-397b-48ce-b090-326a5ae41439,be90dee8-faee-4533-93cd-6b7367f8a41e,"C:\Users\USUARIO\Documents\Downloads\BASE DE DATOS 1974-2018 PDFs. WSS\2003\2003-10-05 Llegando a tiempo al lugar de Salvación (WSS) Cali,. Colombia.pdf",2003-10-05,Llegando a tiempo al lugar de Salvacion,orden_logico,,,0.000000
ee6a79af-d950-4e35-aa57-5f244b55cff8,9dfd02ca-16a5-4641-8c9e-8c923b7df83f,C:\Users\USUARIO\Documents\Downloads\BASE DE DATOS 1974-2018 PDFs. WSS\2003\2003-10-07 Luchad por la bendición (WSS) Colombia.pdf,2003-10-07,Luchad por la bendicion.,orden_logico,,,0.000000
bfb291e7-b387-427d-9b4d-58df8758f1da,9452d520-c045-4171-aefc-323835dce3a6,C:\Users\USUARIO\Documents\Downloads\BASE DE DATOS 1974-2018 PDFs. WSS\2003\2003-10-09 Sálvame que perezco (WSS) Colombia.pdf,2003-10-09,Salvame que perezco.,orden_logico,,,0.000000
427563a4-2e5b-4ca0-92ce-df62f7798091,cb78b66e-80ae-497f-9a6d-71b37a3d6900,"C:\Users\USUARIO\Documents\Downloads\BASE DE DATOS 1974-2018 PDFs. WSS\2003\2003-10-12 Cristo, nuestra Vida (WSS) Colombia.pdf",2003-10-12,Cristo nuestra Vida,orden_logico,,,0.000000
0d0cada1-d7ae-4d69-a136-571d2b964822,08a67b7a-3b36-4d3c-a0da-bcc13562053d,"C:\Users\USUARIO\Documents\Downloads\BASE DE DATOS 1974-2018 PDFs. WSS\2003\2003-10-13 Aquel que pide, recibe (WSS) Brasil.pdf",2003-10-13,Aquel que pide recibe.,orden_logico,,,0.000000
b00ec8ad-b595-46c9-b4d8-0a868cc91a0c,fc85bd56-8fdc-493b-a99a-bac32e744f50,C:\Users\USUARIO\Documents\Downloads\BASE DE DATOS 1974-2018 PDFs. WSS\2003\2003-10-14 Libertados por la Palabra para servir (WSS) Brasil.pdf,2003-10-14,Libertados por la Palabra para servir,orden_logico,,,0.000000
13a7dc80-2d66-4a87-97c0-93681b135cc0,00aa17b5-076c-4f8c-a592-b9eadfa54d67,C:\Users\USUARIO\Documents\Downloads\BASE DE DATOS 1974-2018 PDFs. WSS\2003\2003-10-15 Cristo sobre todas las cosas (WSS) Brasil.pdf,2003-10-15,Cristo sobre todas las cosas,orden_logico,,,0.000000
37f52291-4157-41b9-808f-2c84a1f00287,865426eb-391c-4260-810a-d59cdda3b61c,C:\Users\USUARIO\Documents\Downloads\BASE DE DATOS 1974-2018 PDFs. WSS\2003\2003-10-16 Prosiguiendo la Meta de Dios (WSS) Brasil.pdf,2003-10-16,Prosiguiendo la Meta de Dios,orden_logico,,,0.000000
27e8bd3c-e95a-4771-9e7e-3fdcd5abf1fb,728c7a2e-9ae0-450d-843c-cf1af303e8c7,C:\Users\USUARIO\Documents\Downloads\BASE DE DATOS 1974-2018 PDFs. WSS\2003\2003-10-17 El Amor Divino (WSS) Brasil.pdf,2003-10-17,El Amor Divino,orden_logico,,,0.000000
725ee152-1958-4083-ba34-8ce64ff9561e,6248cef9-e9f6-40c3-8a71-fba7cece7dbd,C:\Users\USUARIO\Documents\Downloads\BASE DE DATOS 1974-2018 PDFs. WSS\2003\2003-10-21 El alma clamando por Dios (WSS) Brasil.pdf,2003-10-21,El alma clamando por Dios.,orden_logico,,,0.000000
1835cddd-5471-43c9-8a37-bd25b7c0690d,84380c79-7804-4881-8567-98ca656e7d33,C:\Users\USUARIO\Documents\Downloads\BASE DE DATOS 1974-2018 PDFs. WSS\2003\2003-10-23 Agarrados de la Palabra de Vida eterna (WSS) Brasil.pdf,2003-10-23,Agarrados de la Palabra de Vida eterna,orden_logico,,,0.000000
f2e3f58c-bbaf-4eaf-86bb-92f569f40df9,fb1c2a80-70a2-4fd8-b508-f0b5513ca148,C:\Users\USUARIO\Documents\Downloads\BASE DE DATOS 1974-2018 PDFs. WSS\2003\2003-10-24 El Nombre para Salvación (WSS) Brasil.pdf,2003-10-24,El Nombre para Salvacion,orden_logico,,,0.000000
f6321528-7101-4c9a-81fa-2122e1d0b7c8,0bc0ac61-e428-4c67-aaae-83ad9df1d9f7,C:\Users\USUARIO\Documents\Downloads\BASE DE DATOS 1974-2018 PDFs. WSS\2003\2003-10-26 La Palabra del Día Postrero prometida para la Iglesia del Señor Jesucristo (WSS) Brasil.pdf,2003-10-26,La palabra del dia postrero prometida para la iglesia del Señor Jesucristo.,orden_logico,,,0.000000
f0c506d7-8bb1-4dd7-a4db-40b6b857b335,faa2bd11-5ca2-4beb-879b-ab2ee09e1235,C:\Users\USUARIO\Documents\Downloads\BASE DE DATOS 1974-2018 PDFs. WSS\2003\2003-10-27 Dependamos completamente de Dios (WSS) Paraguay.pdf,2003-10-27,Dependamos completamente de Dios,orden_logico,,,0.000000
febcf553-e9c6-471e-8cf4-8c3f91e09360,42d33df0-3f8c-449c-a8b6-7c5cc798929f,C:\Users\USUARIO\Documents\Downloads\BASE DE DATOS 1974-2018 PDFs. WSS\2003\2003-10-28 Confiando solamente en Dios (WSS) Paraguay.pdf,2003-10-28,Confiando solamente en Dios.,orden_logico,,,0.000000
0614e50e-ca72-40a0-bd7b-9686766e66dd,7f6b5493-8a16-485d-bc27-49fd30c2c422,"C:\Users\USUARIO\Documents\Downloads\BASE DE DATOS 1974-2018 PDFs. WSS\2003\2003-10-30 La Revelacion del dia postrero (WSS) Capiata, Paraguay.pdf",2003-10-30,La Revelacion del dia postrero.,orden_logico,,,0.000000
3cf18477-9f87-46c6-8af3-7e992e323b81,273656d7-4b04-4d6f-8167-0834473e7460,"C:\Users\USUARIO\Documents\Downloads\BASE DE DATOS 1974-2018 PDFs. WSS\2003\2003-10-31 Donde esta El Dios de Elias (WSS) Ñemby, Paraguay.pdf",2003-10-31,Donde esta El Dios de Elias.,orden_logico,,,0.000000
0ed9ada9-5d18-401e-bca9-ea58e6f64400,cdc0ff29-8920-400e-886c-494d4e8949d5,"C:\Users\USUARIO\Documents\Downloads\BASE DE DATOS 1974-2018 PDFs. WSS\2003\2003-11-02 El Día de la Expiación (WSS) Asunción, Paraguay.pdf",2003-11-02,El Dia de la Expiacion,orden_logico,,,0.000000
d0685c18-1e92-4f21-963b-ae83097e8e1c,a3de90b9-d4ba-435f-90aa-54e980ffdaab,"C:\Users\USUARIO\Documents\Downloads\BASE DE DATOS 1974-2018 PDFs. WSS\2003\2003-11-04 La Luz que alumbra y ciega (WSS) Olavarría, Argentina.pdf",2003-11-04,La Luz que alumbra y ciega,orden_logico,,,0.000000
e5a95549-c138-4a82-959c-08ea5f494598,b1131ef7-1302-463c-9619-8c9f6565fc8e,"C:\Users\USUARIO\Documents\Downloads\BASE DE DATOS 1974-2018 PDFs. WSS\2003\2003-11-05 Todo aquél que invocare el Nombre del Señor, será salvo (WSS) Olavarría, Argentina.pdf",2003-11-05,Todo aquel que invocare el Nombre del Señor sera salvo.,orden_logico,,,0.000000
d22f08e4-1410-4ac3-bfd2-9d6d8656a1e3,a98712d5-86bd-4f86-8661-b4bf5cf58067,"C:\Users\USUARIO\Documents\Downloads\BASE DE DATOS 1974-2018 PDFs. WSS\2003\2003-11-07 Cristo el medio de reconciliacion con Dios (WSS) La Florida, Chile.PDF",2003-11-07,Cristo el medio de reconciliacion con Dios.,orden_logico,,,0.000000
b8428b69-332d-4e1a-a74b-247f5bd606a0,2f7ac6b0-e699-42f7-b627-940ec46547d7,"C:\Users\USUARIO\Documents\Downloads\BASE DE DATOS 1974-2018 PDFs. WSS\2003\2003-11-09 Cristo como la Semilla de toda la Creación (WSS) Santiago de Chile, Chile.pdf",2003-11-09,Cristo como la semilla de toda la creacion.,orden_logico,,,0.000000
71d17ef8-28ef-4712-a813-a47cc921a1d8,0f19cda5-8f96-4831-9093-30f665537a3c,"C:\Users\USUARIO\Documents\Downloads\BASE DE DATOS 1974-2018 PDFs. WSS\2003\2003-11-12 El Trono de Dios en el Cielo (WSS) Quintero, Chile.pdf",2003-11-12,El Trono de Dios en el Cielo.,orden_logico,,,0.000000
fc91a8cd-879a-4f09-8eb0-f72025fa2ff9,61139398-c373-47bf-87b9-f6c35ce7b002,"C:\Users\USUARIO\Documents\Downloads\BASE DE DATOS 1974-2018 PDFs. WSS\2003\2003-11-13 El Trono de Dios en la Tierra (WSS) Villa Alemana, Chile.pdf",2003-11-13,El Trono de Dios en la Tierra.,orden_logico,,,0.000000
3c9d9080-ea3a-422c-bc49-0ad59e3b567c,1e054fd6-1ce2-49e4-84ad-e5bcfdbe5879,"C:\Users\USUARIO\Documents\Downloads\BASE DE DATOS 1974-2018 PDFs. WSS\2003\2003-11-16 El Misterio del Ángel de Cristo en Su Iglesia (WSS) La Florida, Chile.pdf",2003-11-16,El Misterio del Ángel de Cristo en Su Iglesia.,orden_logico,,,0.000000
40397f0d-3070-41fb-891e-d91e37682f68,b74ffed9-eae7-4788-98a8-a855df6b429f,"C:\Users\USUARIO\Documents\Downloads\BASE DE DATOS 1974-2018 PDFs. WSS\2003\2003-11-17 El Dios de Paz estará con vosotros (WSS) La Paz, Bolivia.pdf",2003-11-17,El Dios de Paz estará con vosotros,orden_logico,,,0.000000
355c96bb-d4e1-4934-844a-87ea79a43bbb,2590753d-4428-41b6-8560-061501e3a2be,"C:\Users\USUARIO\Documents\Downloads\BASE DE DATOS 1974-2018 PDFs. WSS\2003\2003-11-18 Aprendiendo de la naturaleza (WSS) Cochabamba, Bolivia.pdf",2003-11-18,Aprendiendo de la naturaleza.,orden_logico,,,0.000000
491ca4c6-6d8c-4510-acec-5cf0e711cbc3,f6cbaf56-3174-4dd5-acff-e56ece84f895,"C:\Users\USUARIO\Documents\Downloads\BASE DE DATOS 1974-2018 PDFs. WSS\2003\2003-11-20 Dios Obra en Continuidad (WSS) Santa Cruz, Bolivia.pdf",2003-11-20,Dios Obra en Continuidad.,orden_logico,,,0.000000
df319698-0a5e-4013-b4c8-79cacd8e33f3,545cb382-25d8-4ddf-83bc-cc9db553e7e6,"C:\Users\USUARIO\Documents\Downloads\BASE DE DATOS 1974-2018 PDFs. WSS\2003\2003-11-21 El Alimento del Alma (WSS) Lima, Perú.pdf",2003-11-21,El alimento del alma.,orden_logico,,,0.000000
866ec572-7095-4f72-a463-aa857aa9feda,6be1112c-3337-4d3d-bb1a-f5a94ba2f6fe,"C:\Users\USUARIO\Documents\Downloads\BASE DE DATOS 1974-2018 PDFs. WSS\2003\2003-11-23 Jesucristo presente en todos los tiempos (WSS) Lima, Perú.pdf",2003-11-23,Jesucristo presente en todos los tiempos.,orden_logico,,,0.000000
667cbb1f-73c7-4668-aec2-064ababff26a,7ab971a4-c94e-4669-be52-0838c514877c,"C:\Users\USUARIO\Documents\Downloads\BASE DE DATOS 1974-2018 PDFs. WSS\2003\2003-11-25 Donde estas Tu (WSS) Riobamba, Ecuador.pdf",2003-11-25,Donde estas Tu.,orden_logico,,,0.000000
eae287f5-7e24-4a7c-a492-789ce5dd1a10,23cff7b9-747b-4c38-9aba-1860e7d3d9ce,"C:\Users\USUARIO\Documents\Downloads\BASE DE DATOS 1974-2018 PDFs. WSS\2003\2003-11-26 La ofrenda de Abel y la ofrenda de Cain (WSS) Guayaquil, Ecuador.PDF",2003-11-26,La ofrenda de Abel y la ofrenda de Cain.,orden_logico,,,0.000000
1ba24e1d-a214-4ee2-a98c-f389ad90d548,90d04d34-1eb7-4290-bea9-d16c555286c3,"C:\Users\USUARIO\Documents\Downloads\BASE DE DATOS 1974-2018 PDFs. WSS\2003\2003-11-27 El Arca de Salvación (WSS) Quevedo, Ecuador.pdf",2003-11-27,El Arca de Salvacion.,orden_logico,,,0.000000
86361713-fd3a-496a-96ab-b794480fa396,9e12a2f0-740b-4c4b-b21e-de11844dbd97,"C:\Users\USUARIO\Documents\Downloads\BASE DE DATOS 1974-2018 PDFs. WSS\2003\2003-11-28 La bendición de caminar con Dios (WSS) Santo Domingo, Ecuador.pdf",2003-11-28,La Bendicion de caminar con Dios.,orden_logico,,,0.000000
0a190535-f281-4cba-8785-9bb6cbb43a7e,5a895c5e-4630-4484-b532-fe4836299cab,"C:\Users\USUARIO\Documents\Downloads\BASE DE DATOS 1974-2018 PDFs. WSS\2003\2003-11-30 Palabras de Saludo a los Colaboradores (WSS) Quito, Ecuador.pdf",2003-11-30,Palabras de saludo a los Colaboradores.,orden_logico,,,0.000000
3d04eaab-e0b9-4440-be75-a76c726b072c,d5a0b92c-a200-48dc-b535-b85e1312a50e,"C:\Users\USUARIO\Documents\Downloads\BASE DE DATOS 1974-2018 PDFs. WSS\2003\2003-12-02 El Buen Pastor apacienta Sus ovejas en delicados pastos (WSS) Pasto, Nariño, Colombia.pdf",2003-12-02,El Buen Pastor apacienta Sus ovejas en delicados pastos.,orden_logico,,,0.000000
92cb1f75-3589-4468-898b-e25ade3d70a9,9d19bbf0-9400-4593-ada5-f6d30f050286,"C:\Users\USUARIO\Documents\Downloads\BASE DE DATOS 1974-2018 PDFs. WSS\2003\2003-12-04 Vencedores por la Sangre del Cordero (WSS) Cali, Colombia.pdf",2003-12-04,Vencedores por la Sangre del Cordero.,orden_logico,,,0.000000
cb73d214-fc72-4236-8f2a-992aa337fd32,371dc9b5-a100-4e6f-8c57-3c1a0b79bbdc,"C:\Users\USUARIO\Documents\Downloads\BASE DE DATOS 1974-2018 PDFs. WSS\2003\2003-12-06 Maestros unidos trabajando en la Obra de Cristo (WSS) Bosa, Colombia.pdf",2003-12-06,Maestros unidos trabajando en la Obra de Cristo.,orden_logico,,,0.000000
34e27ae0-b4ce-4030-bd99-8001a8b04dfd,c7fda291-c7d1-4079-ac38-4114ef206e54,"C:\Users\USUARIO\Documents\Downloads\BASE DE DATOS 1974-2018 PDFs. WSS\2003\2003-12-07 El Pan que desciende del Cielo (WSS) Bogotá, Colombia.pdf",2003-12-07,El Pan que desciende del Cielo.,orden_logico,,,0.000000
d68e0cc4-2a4a-4b1d-9d60-a5223603f97b,0794de9c-936d-4f94-acc7-f3439d923064,"C:\Users\USUARIO\Documents\Downloads\BASE DE DATOS 1974-2018 PDFs. WSS\2003\2003-12-12 La restauración del Reino de David (WSS) Cayey, Puerto Rico.pdf",2003-12-12,La restauración del Reino de David.,orden_logico,,,0.000000
2f94b15e-4948-4a79-8a28-97d20d7fb65c,3b9f22bb-4392-4bc3-871f-9b695b5ece9a,"C:\Users\USUARIO\Documents\Downloads\BASE DE DATOS 1974-2018 PDFs. WSS\2003\2003-12-14 El Pregonero de Justicia (WSS) Cayey, Puerto Rico.pdf",2003-12-14,El Pregonero de Justicia.,orden_logico,,,0.000000
72d54765-2e5c-489e-a070-0b89218c2f28,82ecb343-9267-4630-9c69-3075c93a466d,"C:\Users\USUARIO\Documents\Downloads\BASE DE DATOS 1974-2018 PDFs. WSS\2003\2003-12-19 La Restauración de Israel (WSS) Cayey, Puerto Rico.pdf",2003-12-19,La Restauración de Israel.,orden_logico,,,0.000000
447b54d6-5683-49ea-9e48-8d5aa26be41c,04fcdd15-fd1b-42df-8d1d-506b27f9a1a4,"C:\Users\USUARIO\Documents\Downloads\BASE DE DATOS 1974-2018 PDFs. WSS\2003\2003-12-21 El Misterio de la Creación del Pueblo Hebreo (WSS) Cayey, Puerto Rico.pdf",2003-12-21,El Misterio de la creacion del pueblo Hebreo.,orden_logico,,,0.000000
f5804650-41a8-4332-81d4-d19a3bd8bf52,68e5b908-67dc-49f6-bd13-686b171c5fac,C:\Users\USUARIO\Documents\Downloads\BASE DE DATOS 1974-2018 PDFs. WSS\2003\2003-12-26 El era antorcha que ardia y alumbraba (MOVIL).pdf,2003-12-26,El era antorcha que ardía y alumbraba.,cierre,,,0.000000
c586f933-666d-4255-bcab-a5d391146a8a,d4f6bdae-fcf4-4bca-b490-372cbb6e78a3,"C:\Users\USUARIO\Documents\Downloads\BASE DE DATOS 1974-2018 PDFs. WSS\2003\2003-12-27 El titulo de propiedad en las manos de la raza humana (WSS) Cayey, Puerto Rico (movil).pdf",2003-12-27,El Titulo de Propiedad en las manos de la raza humana.,cierre,,,0.000000
c6839a14-dec8-43f4-92d5-aa5694a0e336,e9e4cdb8-dced-47f0-b2f1-2d948dc6f4ae,"C:\Users\USUARIO\Documents\Downloads\BASE DE DATOS 1974-2018 PDFs. WSS\2003\2003-12-28 La Corte en sesión en el Cielo (WSS) Cayey, Puerto Rico.pdf",2003-12-28,La Corte en sesión en el Cielo.,orden_logico,,,0.000000
08008873-b9dd-4797-a340-199678ecb2a2,d9a9f2f4-b574-4db0-86fd-810dfd47d539,"C:\Users\USUARIO\Documents\Downloads\BASE DE DATOS 1974-2018 PDFs. WSS\2003\2003-12-31 Melquisedec como Sacerdote, Rey y Juez (WSS) Cayey, Puerto Rico.pdf",2003-12-31,Melquisedec como Sacerdote Rey y Juez.,orden_logico,,,0.000000
a4016808-1b8c-43ae-81a7-efd993cbdbd4,90e3347e-017f-43c2-9a2d-6b99582ba429,"C:\Users\USUARIO\Documents\Downloads\BASE DE DATOS 1974-2018 PDFs. WSS\2004\2004-01-02 Bendito el que viene en el Nombre del Señor (WSS) Cayey, Puerto Rico.pdf",2004-01-02,Bendito el que viene en el Nombre del Señor.,orden_logico,,,0.000000
e961b309-f0df-41b4-a257-d8a436dba8b9,50989e92-ebbf-4ff3-8e18-967c4f2aec40,"C:\Users\USUARIO\Documents\Downloads\BASE DE DATOS 1974-2018 PDFs. WSS\2004\2004-01-04 La Trayectoria de Jesucristo (WSS) Cayey, Puerto Rico.pdf",2004-01-04,La Trayectoria de Jesucristo.,orden_logico,,,0.000000
ee703876-3056-4613-9453-55343aade296,dac60d1e-0ac3-4b93-93bc-2cd9740e60e3,"C:\Users\USUARIO\Documents\Downloads\BASE DE DATOS 1974-2018 PDFs. WSS\2004\2004-01-09 La Herencia de los Hijos de Dios (WSS) Cayey, Puerto Rico.pdf",2004-01-09,La Herencia de los hijos de Dios.,orden_logico,,,0.000000
4d5c9f82-333d-4561-a81e-52d18a6859d6,d6fde057-b5f8-40c5-a419-0ee9783e5298,"C:\Users\USUARIO\Documents\Downloads\BASE DE DATOS 1974-2018 PDFs. WSS\2004\2004-01-10 Dios haciendo grandes cosas como al principio (WSS) Cayey, Puerto Rico.pdf",2004-01-10,Dios haciendo grandes cosas como al principio.,orden_logico,,,0.000000
93bbe2f2-0457-491c-aef0-950908542801,00a38b7a-8109-4035-bafd-bb1f0781abb9,"C:\Users\USUARIO\Documents\Downloads\BASE DE DATOS 1974-2018 PDFs. WSS\2004\2004-01-11 El Sacrificio Universal (WSS) Cayey, Puerto Rico.pdf",2004-01-11,El Sacrificio Universal.,orden_logico,,,0.000000
fb934db4-981f-4bd5-9e57-9a95d5120652,51f1399b-c70a-409d-873b-e39f692370fc,"C:\Users\USUARIO\Documents\Downloads\BASE DE DATOS 1974-2018 PDFs. WSS\2004\2004-01-30 Dios abriendo nuestros ojos para que miremos sus maravillas (WSS) San José de los Campos, Brasil.pdf",2004-01-30,Dios abriendo nuestros ojos para que miremos Sus maravillas.,orden_logico,,,0.000000
54d649c0-b14c-4145-acae-f354b99ba2de,f8460619-a11d-4669-ae2f-baa45b85b48c,"C:\Users\USUARIO\Documents\Downloads\BASE DE DATOS 1974-2018 PDFs. WSS\2004\2004-02-01 La Última Vestidura de Jesucristo (WSS) San José de los Campos, Brasil.pdf",2004-02-01,La Ultima Vestidura de Jesucristo.,orden_logico,,,0.000000
2c0bd3c4-0319-4a1f-8f22-011db16496aa,913898a9-a3f4-452d-9ae3-36a17eedb784,"C:\Users\USUARIO\Documents\Downloads\BASE DE DATOS 1974-2018 PDFs. WSS\2004\2004-02-08 La Obra de la Sangre de Cristo (WSS) San José de los Campos, Brasil.pdf",2004-02-08,La Obra de la Sangre de Cristo,orden_logico,,,0.000000
16f34f90-c5cb-41ac-b9f5-90d4e4a2ee6b,5e89fd94-8286-4646-a180-046de2f29fa9,"C:\Users\USUARIO\Documents\Downloads\BASE DE DATOS 1974-2018 PDFs. WSS\2004\2004-02-13 El Día de Jubileo (WSS) Piranhas, Brasil.pdf",2004-02-13,El Día de Jubileo,orden_logico,,,0.000000
6d5d8416-1dda-47b8-bb1e-e8d30cf88afc,ee7f57c7-dd25-43d4-9c72-29115f7cc7f6,"C:\Users\USUARIO\Documents\Downloads\BASE DE DATOS 1974-2018 PDFs. WSS\2004\2004-02-15 La Venida del Libertador a Sion (WSS) Brasilia, Brasil.pdf",2004-02-15,La Venida del Libertador a Sion,orden_logico,,,0.000000
b913e589-055e-4b4c-a033-6ea7aa904acd,c6cef479-25b7-475a-b094-a187b753a9e0,"C:\Users\USUARIO\Documents\Downloads\BASE DE DATOS 1974-2018 PDFs. WSS\2004\2004-02-18 El Día del Señor (WSS) Bogotá, Colombia.pdf",2004-02-18,El dia del Señor.,orden_logico,,,0.000000
363e3e64-5fab-4867-ab90-5293c139f2ef,a2f54c43-4ae8-4346-a511-5cd3d84409f5,"C:\Users\USUARIO\Documents\Downloads\BASE DE DATOS 1974-2018 PDFs. WSS\2004\2004-02-21 Cristo el ejemplo de un buen Pastor - RM (WSS) Cali, Colombia.pdf",2004-02-21,RM Cristo el ejemplo de un buen Pastor.,orden_logico,,,0.000000
e27e0890-bcbe-487e-9813-1a6279c07015,9bacf393-37fd-4aab-9968-4c6a2331e3e6,"C:\Users\USUARIO\Documents\Downloads\BASE DE DATOS 1974-2018 PDFs. WSS\2004\2004-02-22 El Angel con el Título de Propiedad (WSS) Cali, Colombia.pdf",2004-02-22,El Angel con el titulo de Propiedad.,orden_logico,,,0.000000
838c5f9f-bede-4982-942d-60f037f873ac,bcec64c9-104f-4cfa-bf88-0f1c238603d2,"C:\Users\USUARIO\Documents\Downloads\BASE DE DATOS 1974-2018 PDFs. WSS\2004\2004-02-25 Atendiendo a Tiempo la Invitacion del Señor (WSS) Cartagena, Colombia.pdf",2004-02-25,Atendiendo a tiempo la invitación del Señor,orden_logico,,,0.000000
3626e17c-3e9f-4862-94f7-40b80cc12eaa,96d1d360-e64a-4a37-a442-b2a62b124549,"C:\Users\USUARIO\Documents\Downloads\BASE DE DATOS 1974-2018 PDFs. WSS\2004\2004-02-29 La Presencia del Hijo del Hombre en Su Iglesia (WSS) Bogotá, Colombia.pdf",2004-02-29,La Presencia del Hijo del Hombre en su Iglesia.,orden_logico,,,0.000000
72df5ec8-b488-4630-9ad0-3bdf93a51171,bf19c217-98b3-49ff-9206-c967f612bef0,C:\Users\USUARIO\Documents\Downloads\BASE DE DATOS 1974-2018 PDFs. WSS\2004\2004-03-02 Dios habita entre las alabanzas de Su pueblo (WSS) Brasil.PDF,2004-03-02,Dios habita entre las alabanzas de Su pueblo,orden_logico,,,0.000000
5438a9b5-0cac-4dc1-a034-6935fcc727e3,a0894054-3a55-4f52-a895-60c103019ee5,"C:\Users\USUARIO\Documents\Downloads\BASE DE DATOS 1974-2018 PDFs. WSS\2004\2004-03-05 Buscando a los que se habian Perdido (WSS) San Pablo, Brasil.pdf",2004-03-05,Buscando a los que se habian perdido.,orden_logico,,,0.000000
1c87b376-fee2-43fd-8d20-50dad6c4f5c4,dfe37e25-614d-4a3f-aefe-368aa742eca7,"C:\Users\USUARIO\Documents\Downloads\BASE DE DATOS 1974-2018 PDFs. WSS\2004\2004-03-11 Nosotros predicamos a Cristo Crucificado (WSS) Asunción, Paraguay.pdf",2004-03-11,nosotros predicamos a Cristo Crucificado.,orden_logico,,,0.000000
07c67870-388f-41a7-9753-5ea4aa4c4353,3fc8d696-03d8-4948-b439-31c3245cd035,"C:\Users\USUARIO\Documents\Downloads\BASE DE DATOS 1974-2018 PDFs. WSS\2004\2004-03-12 Cristo Poder De Dios, y Sabiduría de Dios (WSS) Buenos Aires, Argentina.pdf",2004-03-12,Cristo Poder de Dios y Sabiduria de Dios.,orden_logico,,,0.000000
7a5e6453-a6c7-4bf4-81ef-c360df82626b,1d1b2b2d-9255-462b-ba17-4e60924fae43,"C:\Users\USUARIO\Documents\Downloads\BASE DE DATOS 1974-2018 PDFs. WSS\2004\2004-03-14 Oyendo La Voz De Dios Hoy (WSS) Buenos Aires, Argentina.pdf",2004-03-14,Oyendo la Voz de Dios hoy.,orden_logico,,,0.000000
2025d8e5-2e81-45ab-b06b-253313c3fe63,65611c60-5b4a-47d5-818c-5fc08d07ac72,"C:\Users\USUARIO\Documents\Downloads\BASE DE DATOS 1974-2018 PDFs. WSS\2004\2004-03-16 El Maestro está aquí  y te llama (WSS) Maipú, Chile.pdf",2004-03-16,El Maestro esta aqui y te llama,orden_logico,,,0.000000
2191afdf-2255-485e-a016-1ec058108c7a,3deb8d2e-d7c4-483f-b7c0-6829a48928f4,"C:\Users\USUARIO\Documents\Downloads\BASE DE DATOS 1974-2018 PDFs. WSS\2004\2004-03-17 Creo que Jesús es el Cristo, el Hijo de Dios (WSS) Buín, Chile.pdf",2004-03-17,Creo que Jesus es El Cristo el Hijo de Dios.,orden_logico,,,0.000000
14e44121-e3dc-408e-8bcf-fb32aed08bc6,d0f90177-4d74-4aeb-92ff-2648690d9d96,"C:\Users\USUARIO\Documents\Downloads\BASE DE DATOS 1974-2018 PDFs. WSS\2004\2004-03-19 Saliendo al encuentro con Jesús (WSS) Quilicura, Chile.pdf",2004-03-19,Saliendo al encuentro con Jesus.,orden_logico,,,0.000000
a7305d76-641f-4df4-8ca1-b752c826ebd7,74643b4e-e558-46c1-92dd-14d45049b412,"C:\Users\USUARIO\Documents\Downloads\BASE DE DATOS 1974-2018 PDFs. WSS\2004\2004-03-21 La Esposa del Cordero preparándose para las Bodas del Cordero (WSS) La Florida, Chile.pdf",2004-03-21,La Esposa del Cordero preparandose para las bodas del Cordero.,orden_logico,,,0.000000
b02c2f6c-0334-4d63-a659-ea609222c5b5,e87720a2-cbc0-4662-bc25-09116984a18d,"C:\Users\USUARIO\Documents\Downloads\BASE DE DATOS 1974-2018 PDFs. WSS\2004\2004-03-22 Jesucristo el Príncipe de Paz (WSS) La Paz, Bolivia.pdf",2004-03-22,Jesucristo el Principe de Paz.,orden_logico,,,0.000000
e4354d2d-0891-4a85-8f4e-c826483bf161,a52c5e64-98b0-412e-aad8-28f117986ea6,"C:\Users\USUARIO\Documents\Downloads\BASE DE DATOS 1974-2018 PDFs. WSS\2004\2004-03-23 Toma tu cruz y sígueme (WSS) Santa Cruz, Bolivia.pdf",2004-03-23,Toma tu cruz y sigueme.,orden_logico,,,0.000000
e3df4fa6-8bad-4042-ba69-73e8f69b7ae3,c4a150f6-dfe0-4f27-a11d-689af7ccccdd,"C:\Users\USUARIO\Documents\Downloads\BASE DE DATOS 1974-2018 PDFs. WSS\2004\2004-03-24 El poder de Dios expresado en la Cruz de Cristo (WSS) Santa Cruz, Bolivia.pdf",2004-03-24,El Poder de Dios expresado en la Cruz de Cristo.,orden_logico,,,0.000000
5e05f807-34cc-4367-914e-6b312319e05e,b9a60209-f614-4319-860f-276ef3d7fc86,"C:\Users\USUARIO\Documents\Downloads\BASE DE DATOS 1974-2018 PDFs. WSS\2004\2004-03-26 La Dama elegida (WSS) Lima, Perú.pdf",2004-03-26,La Dama Elegida.,orden_logico,,,0.000000
fd414099-042f-47f5-8e9a-2398d5fc963e,7a3573ae-e65f-4f95-bcc2-cf42357d094a,"C:\Users\USUARIO\Documents\Downloads\BASE DE DATOS 1974-2018 PDFs. WSS\2004\2004-03-28 La Obra de la fe viva (WSS) Lima, Perú.pdf",2004-03-28,La Obra de la Fe Viva.,orden_logico,,,0.000000
06331afd-15ec-400a-ac54-2af10a5eddfc,f52ba9ba-3bf5-4ec6-8753-bca0dff3db73,"C:\Users\USUARIO\Documents\Downloads\BASE DE DATOS 1974-2018 PDFs. WSS\2004\2004-03-29 Pida con fe, sin dudar (WSS) Lago Agrio, Ecuador.pdf",2004-03-29,Pida con Fe sin dudar.,orden_logico,,,0.000000
c10275f3-f3f6-48c4-8536-6bce9b94f575,1df46fb2-ca7c-462b-afc2-d9abdc0729e9,"C:\Users\USUARIO\Documents\Downloads\BASE DE DATOS 1974-2018 PDFs. WSS\2004\2004-03-31 Ensancha el Sitio de tu Cabaña (WSS) Quito, Ecuador.pdf",2004-03-31,Ensancha El Sitio de tu Cabaña.,orden_logico,,,0.000000
127cc4bf-2835-496e-955d-02e890df84ff,89faef67-795e-4cf5-894b-da16f31048a8,"C:\Users\USUARIO\Documents\Downloads\BASE DE DATOS 1974-2018 PDFs. WSS\2004\2004-04-04 Entrando por la Puerta abierta en el Cielo (WSS) Cayey, Puerto Rico.pdf",2004-04-04,Entrando por la Puerta Abierta en el Cielo.,orden_logico,,,0.000000
fb7d7d6a-9645-4ef5-88c6-348ae5268f6d,717acd4d-3254-4a87-84c6-f1bfbb88116d,"C:\Users\USUARIO\Documents\Downloads\BASE DE DATOS 1974-2018 PDFs. WSS\2004\2004-04-09 Cristo murió por nuestros pecados, conforme a las escrituras (WSS) Cayey, Puerto Rico.pdf",2004-04-09,"Cristo murio por nuestros pecados, conforme a las Escrituras",orden_logico,,,0.000000
29b953d7-118e-4bb2-b893-fa3ee7a6190f,de685e39-a7b3-4b9d-a494-b32c8f3de404,"C:\Users\USUARIO\Documents\Downloads\BASE DE DATOS 1974-2018 PDFs. WSS\2004\2004-04-11 Cristo resucitó al tercer día, conforme a las escrituras (WSS) Cayey, Puerto Rico.pdf",2004-04-11,Cristo Resucito al tercer dia conforme a las escrituras.,orden_logico,,,0.000000
794114e8-c336-41aa-8565-150b7b7c783f,92b50ea3-88e8-4e23-a0b5-266a597c5f81,"C:\Users\USUARIO\Documents\Downloads\BASE DE DATOS 1974-2018 PDFs. WSS\2004\2004-04-16 Testigos de la Resurrección (WSS) Cayey, Puerto Rico.pdf",2004-04-16,Testigos de la Resurreccion.,orden_logico,,,0.000000
37f748b3-4e46-41e3-ae83-83a439ed905c,43ccaee3-2f7e-4b9f-b040-1250656d479d,"C:\Users\USUARIO\Documents\Downloads\BASE DE DATOS 1974-2018 PDFs. WSS\2004\2004-04-18 La Obra del Cristo resucitado (WSS) Cayey, Puerto Rico.pdf",2004-04-18,La Obra del Cristo Resucitado.,orden_logico,,,0.000000
84a9889f-1bea-4374-b356-56bab3c8ef8a,b1340c12-6048-4079-946e-5ace4d2d02dd,"C:\Users\USUARIO\Documents\Downloads\BASE DE DATOS 1974-2018 PDFs. WSS\2004\2004-04-23 Señor, qué quieres que yo haga (WSS) Cayey, Puerto Rico.pdf",2004-04-23,Señor que quieres que yo haga.,orden_logico,,,0.000000
528ed229-3d6b-4393-96d1-4cd6ce24d6e0,f8114fc0-80c9-4409-883f-7364624a988e,"C:\Users\USUARIO\Documents\Downloads\BASE DE DATOS 1974-2018 PDFs. WSS\2004\2004-04-25 Las Recompensas prometidas al Vencedor (WSS) Cayey, Puerto Rico.pdf",2004-04-25,Las Recompensas prometidas al Vencedor.,orden_logico,,,0.000000
37669ab4-f35c-4f2c-914c-9b7bfe5cccd5,b3b8918d-41b9-436d-a921-1de14a274bbd,"C:\Users\USUARIO\Documents\Downloads\BASE DE DATOS 1974-2018 PDFs. WSS\2004\2004-04-30 El verano está cerca (WSS) Cayey, Puerto Rico.pdf",2004-04-30,El Verano esta Cerca.,orden_logico,,,0.000000
c6898670-bcc9-4fe4-820d-5e6270a890ec,8d1f436e-1d58-4de1-a63d-2aa46704227c,"C:\Users\USUARIO\Documents\Downloads\BASE DE DATOS 1974-2018 PDFs. WSS\2004\2004-05-02 Dignos de estar en pie delante del Hijo del Hombre (WSS) Cayey, Puerto Rico.pdf",2004-05-02,Dignos de estar en pie delante del Hijo del Hombre.,orden_logico,,,0.000000
51f3cb48-6286-4e77-af7b-6ae1873b74f7,18f2701b-b02a-4e49-8b71-c22520e2511d,"C:\Users\USUARIO\Documents\Downloads\BASE DE DATOS 1974-2018 PDFs. WSS\2004\2004-05-09 Todo es posible para el que cree (WSS) Austin, Texas, EEUU.pdf",2004-05-09,Todo es posible para el que cree .,orden_logico,,,0.000000
7059fe7c-383e-423f-8786-c1b558796111,081d8fb7-4292-4aa2-a2b3-7b5b856d5268,"C:\Users\USUARIO\Documents\Downloads\BASE DE DATOS 1974-2018 PDFs. WSS\2004\2004-05-10 El Gran Don de Dios (WSS) Houston, Texas, EEUU.pdf",2004-05-10,El Gran Don de Dios,orden_logico,,,0.000000
0958a1a8-aab6-4fe4-994b-f9cdb9545f63,eaed60d4-7bd5-4b69-b91e-ed02f1f001e7,"C:\Users\USUARIO\Documents\Downloads\BASE DE DATOS 1974-2018 PDFs. WSS\2004\2004-05-12 El Templo del Señor Jesucristo (WSS) Waco, Texas, EEUU.pdf",2004-05-12,El Templo del Señor Jesucristo,orden_logico,,,0.000000
1850444d-bd13-4fba-822e-303c6a43582f,33eefb52-a32b-441e-a680-12c60074e41b,"C:\Users\USUARIO\Documents\Downloads\BASE DE DATOS 1974-2018 PDFs. WSS\2004\2004-05-12 Buscando esposa para el Hijo - RM (WSS) San Marcos, Texas, EEUU.PDF",2004-05-12,Buscando esposa para el Hijo,orden_logico,,,0.000000
a10b5ba3-13f5-4f0e-8c1a-6903a045bc48,cf3423cf-1c8b-483b-8d4b-f4683163a76a,"C:\Users\USUARIO\Documents\Downloads\BASE DE DATOS 1974-2018 PDFs. WSS\2004\2004-05-14 El Ángel con el Mensaje del Este al Oeste (WSS) Monterrey, México.pdf",2004-05-14,El Angel con el Mensaje del Este al Oeste,orden_logico,,,0.000000
9559cd9b-f23a-4dae-9791-dd99cad22d07,c57d7e61-bd65-4b1a-8995-8c69f639f858,"C:\Users\USUARIO\Documents\Downloads\BASE DE DATOS 1974-2018 PDFs. WSS\2004\2004-05-17 El Deseado de todas las naciones (WSS) Topochico, México.pdf",2004-05-17,El Deseado de todas las Naciones,orden_logico,,,0.000000
2a618485-1ff3-4ce7-9ec4-7f6ff27a20fe,bb3b26f5-5682-47bf-8c03-b346abb13c6c,"C:\Users\USUARIO\Documents\Downloads\BASE DE DATOS 1974-2018 PDFs. WSS\2004\2004-05-20 Continuaremos evangelizando hasta que entre la plenitud de los gentiles (WSS) Torreón, México.pdf",2004-05-20,Continuaremos evangelizando hasta que entre la plenitud de los gentiles,orden_logico,,,0.000000
f294783e-5913-4383-adad-035ef37b63db,ab71ef4c-84d3-41ee-92da-aab1d0945e37,C:\Users\USUARIO\Documents\Downloads\BASE DE DATOS 1974-2018 PDFs. WSS\2004\2004-05-21 El Misterio de la Primera Venida de Cristo (WSS) Mexico.PDF,2004-05-21,El misterio de la primera venida de Cristo.,orden_logico,,,0.000000
09a4c523-4843-408c-84b1-99cb4bb1b894,30fa173c-8ac1-4fdc-a3cc-974eac06787e,"C:\Users\USUARIO\Documents\Downloads\BASE DE DATOS 1974-2018 PDFs. WSS\2004\2004-05-23 Jesucristo revelado en el Día Postrero (WSS) Villahermosa, México.pdf",2004-05-23,Jesucristo Revelado en el dia postrero.,orden_logico,,,0.000000
538cd75d-9684-4b2c-b4f1-5f3dbc92b2f8,5a5fe638-8000-4d12-a01b-c3f81b8a6aae,"C:\Users\USUARIO\Documents\Downloads\BASE DE DATOS 1974-2018 PDFs. WSS\2004\2004-05-24 Buscando el Reino de Dios (WSS) Mapachapa, México.pdf",2004-05-24,Buscando el Reino de Dios,orden_logico,,,0.000000
0ba01964-d557-48f2-abe3-b71645c83958,17a6ce3c-37b1-4de0-8eb8-fd91974e94d3,"C:\Users\USUARIO\Documents\Downloads\BASE DE DATOS 1974-2018 PDFs. WSS\2004\2004-05-26 La Orden de Dios a Moisés (WSS) Veracruz, México.pdf",2004-05-26,La Orden de Dios a Moises,orden_logico,,,0.000000
22bad257-96f2-4d67-9840-4e7d3c1bc98a,81c12500-7493-416c-8bf7-99c333bdf0eb,C:\Users\USUARIO\Documents\Downloads\BASE DE DATOS 1974-2018 PDFs. WSS\2004\2004-05-28 El Señor Jesucristo como León de la Tribu de Judá (WSS) México.pdf,2004-05-28,El Señor Jesucristo como Leon de la Tribu de Juda,orden_logico,,,0.000000
52c43027-61f4-40e2-9d97-75a159636ea1,fdd66f44-0680-45ed-9698-15c59c70d030,"C:\Users\USUARIO\Documents\Downloads\BASE DE DATOS 1974-2018 PDFs. WSS\2004\2004-06-01 El Buen Pastor juntando Sus ovejas (WSS) Quetzaltenango, Guatemala.pdf",2004-06-01,El Buen Pastor juntando sus ovejas,orden_logico,,,0.000000
1545abae-8517-4888-af03-4c3936b6068f,00cdca33-3736-48fa-b963-d67a5cda63ec,"C:\Users\USUARIO\Documents\Downloads\BASE DE DATOS 1974-2018 PDFs. WSS\2004\2004-06-02 El Pan que desciende del Cielo (WSS) Totonicapán, Guatemala.pdf",2004-06-02,El Pan que desciende del Cielo,orden_logico,,,0.000000
b6abb5dd-8a82-42d3-8e74-afc7ca6f8b5b,a7598e23-ac1d-4384-a9af-488661869e69,"C:\Users\USUARIO\Documents\Downloads\BASE DE DATOS 1974-2018 PDFs. WSS\2004\2004-06-03 El Médico Divino (WSS) San Bartolomé, Guatemala.pdf",2004-06-03,El Medico Divino.,orden_logico,,,0.000000
83b6178b-d5a0-44a4-acf9-0d6ccab54274,3a5bc7bd-fce9-4f25-94e1-31586ccc6cd4,"C:\Users\USUARIO\Documents\Downloads\BASE DE DATOS 1974-2018 PDFs. WSS\2004\2004-06-06 La Consumación de la Obra de Dios (WSS) Ciudad Guatemala, Guatemala.pdf",2004-06-06,La Consumación de la Obra de Dios,orden_logico,,,0.000000
d90ba968-d5c7-4b5c-a7d6-0450697601e8,d0fac4b1-0cb9-4ace-833b-2fd0ce6d0cc5,"C:\Users\USUARIO\Documents\Downloads\BASE DE DATOS 1974-2018 PDFs. WSS\2004\2004-06-07 Jesucristo, el Salvador del mundo (WSS) El Salvador.pdf",2004-06-07,"Jesucristo, el Salvador del Mundo",orden_logico,,,0.000000
4b7be026-7584-474d-97ba-efd00d58332c,441b794b-c9b0-4f6f-94be-eb93c1992d54,"C:\Users\USUARIO\Documents\Downloads\BASE DE DATOS 1974-2018 PDFs. WSS\2004\2004-06-10 Jesús entrega las Llaves a un hombre (WSS) San José, Costa Rica.pdf",2004-06-10,Jesus entrega las llaves a un hombre,orden_logico,,,0.000000
f3b5e113-d515-4783-a3e7-56e2c4be97d5,1c918e12-f83c-46f7-a08a-72259952f70b,"C:\Users\USUARIO\Documents\Downloads\BASE DE DATOS 1974-2018 PDFs. WSS\2004\2004-06-13 La Voz que conmoverá los Cielos y la Tierra en el día postrero (WSS) Goiania, Brasil.pdf",2004-06-13,La Voz que conmoverá los Cielos y la Tierra en el Día Postrero,orden_logico,,,0.000000
703e9c93-c526-4141-b3bf-6005fe343a76,ce8361e7-e172-48dc-baff-894901a34719,"C:\Users\USUARIO\Documents\Downloads\BASE DE DATOS 1974-2018 PDFs. WSS\2004\2004-06-18 La Comisión de la Iglesia (WSS) Brasilia, Brasil.pdf",2004-06-18,La Comisión de la Iglesia,orden_logico,,,0.000000
a5ef089c-aa72-49d9-8786-f8aa521880dd,8dfcb4a2-2c32-4aa7-9c4b-72fa723d9bcc,"C:\Users\USUARIO\Documents\Downloads\BASE DE DATOS 1974-2018 PDFs. WSS\2004\2004-06-20 Los múltiples misterios de Dios que hay en Jesucristo (WSS) Brasilia, Brasil.pdf",2004-06-20,Los múltiples misterios de Dios que hay en Jesucristo,orden_logico,,,0.000000
2e1dfe1f-946d-493c-8827-d6e8a408b677,5cf81219-cfcc-4df9-a9f1-f46452584b8d,"C:\Users\USUARIO\Documents\Downloads\BASE DE DATOS 1974-2018 PDFs. WSS\2004\2004-06-25 Lo que hay más allá de las siete edades de la Iglesia (WSS) San José de los Campos, Brasil.pdf",2004-06-25,Lo que hay mas alla de las siete edades de la Iglesia.,orden_logico,,,0.000000
87e90ce4-f89a-473d-97bc-85f4d1010c38,452e6168-2ff9-4811-a471-fec6cc53ef4e,"C:\Users\USUARIO\Documents\Downloads\BASE DE DATOS 1974-2018 PDFs. WSS\2004\2004-06-26 El Evangelio de nuestra Salvación (WSS) San José de los Campos, Brasil.pdf",2004-06-26,El Evangelio de nuestra salvacion.,orden_logico,,,0.000000
09762ddb-0a63-478a-b406-5f1989307ecb,dd0054cd-fb82-40b6-812a-0ad0a628b954,"C:\Users\USUARIO\Documents\Downloads\BASE DE DATOS 1974-2018 PDFs. WSS\2004\2004-07-02 La recompensa que Dios tiene para Su pueblo (WSS) Las Cruces, Nuevo México, EEUU.pdf",2004-07-02,La recompensa que Dios tiene para Su pueblo.,orden_logico,,,0.000000
87edabe7-2e78-4bc8-a010-18711c2bc47b,abc03b1a-3ae0-449e-b119-1de234910f63,"C:\Users\USUARIO\Documents\Downloads\BASE DE DATOS 1974-2018 PDFs. WSS\2004\2004-07-04 El Vencedor heredará todas las cosas (WSS) Ciudad Juárez, México.pdf",2004-07-04,El Vencedor heredara todas las cosas.,orden_logico,,,0.000000
d03b377e-4b12-4f8b-8d6c-8719d0a43536,ec53bbbe-d907-4ce7-ae40-60070ddaf5f9,"C:\Users\USUARIO\Documents\Downloads\BASE DE DATOS 1974-2018 PDFs. WSS\2004\2004-07-04 En Cristo somos más que Vencedores (WSS) Ciudad Juárez, México.pdf",2004-07-04,En Cristo somos más que Vencedores.,orden_logico,,,0.000000
04c63cf9-7f76-46fd-88ef-9d883ea8f5b1,eb025e96-eb8d-459d-bc23-02ab82312320,"C:\Users\USUARIO\Documents\Downloads\BASE DE DATOS 1974-2018 PDFs. WSS\2004\2004-07-05 La bendición de perseverar (WSS) Chihuahua, México.pdf",2004-07-05,La bendicion de perseverar.,orden_logico,,,0.000000
5cd22557-67b2-4fe1-afbe-886747f85358,f24de405-89d5-4826-9271-59863fc8b9d9,"C:\Users\USUARIO\Documents\Downloads\BASE DE DATOS 1974-2018 PDFs. WSS\2004\2004-07-07 Mirad a mí y sed salvos (WSS) Torreón, México.pdf",2004-07-07,Mirad a mí y sed salvos.,orden_logico,,,0.000000
95d1623c-7890-49f9-9e28-434ca1a505ef,fbc2cfc0-33e5-4cd5-989e-df98d855948e,"C:\Users\USUARIO\Documents\Downloads\BASE DE DATOS 1974-2018 PDFs. WSS\2004\2004-07-07 Jesucristo Eligiendo Novia (WSS) Torreón, México.pdf",2004-07-07,Jesucristo Eligiendo Novia.,orden_logico,,,0.000000
db525a87-e057-43c4-b1b7-6534395bb727,503d321d-2061-4398-bcd7-44acba3d7d48,"C:\Users\USUARIO\Documents\Downloads\BASE DE DATOS 1974-2018 PDFs. WSS\2004\2004-07-08 Jesucristo nuestro descanso (WSS) Saltillo, México.pdf",2004-07-08,Jesucristo nuestro descanso.,orden_logico,,,0.000000
e9cbf837-30fa-4c66-9986-42157e63b687,e4744e90-2743-47f0-90c0-24af3c1f97ec,"C:\Users\USUARIO\Documents\Downloads\BASE DE DATOS 1974-2018 PDFs. WSS\2004\2004-07-09 Las obras mayores de Jesucristo (WSS) Topochico, México.pdf",2004-07-09,Las obras mayores de Jesucristo.,orden_logico,,,0.000000
7fe3ff25-7fcf-40b2-ba90-67b2b4f392a8,e00f4805-9fbd-438f-a1ef-56c3d2dbd989,"C:\Users\USUARIO\Documents\Downloads\BASE DE DATOS 1974-2018 PDFs. WSS\2004\2004-07-11 La prueba de vuestra Fe (WSS) Monterrey, México.pdf",2004-07-11,La Prueba de vuestra Fe,orden_logico,,,0.000000
54600e30-2c79-4eab-918a-61583dee43fd,3a3bd26f-dc24-4e66-98fb-8c9915ab1c01,"C:\Users\USUARIO\Documents\Downloads\BASE DE DATOS 1974-2018 PDFs. WSS\2004\2004-07-13 El Mensaje del Precursor (WSS) Morelia, Michoacán, México.pdf",2004-07-13,El Mensaje del Precursor.,orden_logico,,,0.000000
09797d37-b645-497f-8d19-d928325a58c3,1108352e-4b3d-4959-b92e-a5124e97ed07,"C:\Users\USUARIO\Documents\Downloads\BASE DE DATOS 1974-2018 PDFs. WSS\2004\2004-07-14 El tiempo se ha cumplido (WSS) Michoacán, México.pdf",2004-07-14,El tiempo se ha cumplido.,orden_logico,,,0.000000
de4753b5-4549-45ee-9a89-256fc833eff6,80bc5409-1a7a-4f7d-8896-0fdc29464f01,"C:\Users\USUARIO\Documents\Downloads\BASE DE DATOS 1974-2018 PDFs. WSS\2004\2004-07-15 ¡Lázaro, ven fuera! (WSS) Michoacán, México.pdf",2004-07-15,"¡Lázaro, ven fuera!",orden_logico,,,0.000000
4d0e998f-eeda-4ebe-a32c-8096de6b7366,dea73127-32b5-44fa-8ee9-ca7303ba80ac,"C:\Users\USUARIO\Documents\Downloads\BASE DE DATOS 1974-2018 PDFs. WSS\2004\2004-07-18 El Paralelismo entre el Antiguo y Nuevo Testamento (WSS) Acapulco, México.pdf",2004-07-18,El paralelismo entre el antiguo y nuevo testamento.,orden_logico,,,0.000000
a965fd89-6ba6-4885-9f39-de1dd29e8667,50b26641-9528-49ed-8df9-ba89e8b79015,C:\Users\USUARIO\Documents\Downloads\BASE DE DATOS 1974-2018 PDFs. WSS\2004\2004-07-20 El Gran Misterio de la Venida de Jesucristo (WSS) Mexico.PDF,2004-07-20,El gran misterio de la Venida de Jesucristo.,orden_logico,,,0.000000
313768ce-7a49-4dd9-b515-b9d5bfe35d57,be2b9df4-b52d-41bc-893a-dc9399ade5ca,C:\Users\USUARIO\Documents\Downloads\BASE DE DATOS 1974-2018 PDFs. WSS\2004\2004-07-21 El Gran Misterio de la muerte de Jesucristo (WSS) Mexico.PDF,2004-07-21,El Gran Misterio de la muerte de Jesucristo.,orden_logico,,,0.000000
8fd2a4f0-7e50-49d5-ae57-0b0aef904a76,8713ef55-49b6-4311-ab7f-0854b78fdee5,C:\Users\USUARIO\Documents\Downloads\BASE DE DATOS 1974-2018 PDFs. WSS\2004\2004-07-22 El Gran Misterio de Jesucristo y Su Iglesia (WSS) Mexico.PDF,2004-07-22,El Gran Misterio de Jesucristo y Su Iglesia.,orden_logico,,,0.000000
065d8b76-2a41-4cb0-9789-cc2ba269f45e,274ce394-4a01-4ee0-92b0-1259c5336e2b,"C:\Users\USUARIO\Documents\Downloads\BASE DE DATOS 1974-2018 PDFs. WSS\2004\2004-07-23 Los Misterios contenidos en las Profecías del Día Postrero (WSS) Villahermosa, México.pdf",2004-07-23,Los Misterios contenidos en las Profecías del Día Postrero.,orden_logico,,,0.000000
e3983302-41c4-4d3c-9732-ab163c390454,a48f07d8-7860-481a-995f-ca52e54c539d,"C:\Users\USUARIO\Documents\Downloads\BASE DE DATOS 1974-2018 PDFs. WSS\2004\2004-07-24 Los escogidos del Día Postrero viendo las maravillas de Dios (WSS) Villahermosa, México.pdf",2004-07-24,Los escogidos del Día Postrero viendo las maravillas de Dios.,orden_logico,,,0.000000
f28b9538-aee0-4aea-a851-0a981d9b9404,2ecf127d-509f-4040-94a4-ed19b23e0e47,"C:\Users\USUARIO\Documents\Downloads\BASE DE DATOS 1974-2018 PDFs. WSS\2004\2004-07-26 El Poder prevaleciente (WSS) Estación Juárez, Chiapas, México.pdf",2004-07-26,El Poder Prevaleciente.,orden_logico,,,0.000000
44bc4f53-5b1e-46ff-b80f-0471a5e331fa,478f4803-ebe5-4105-ac43-9457c4f27af5,"C:\Users\USUARIO\Documents\Downloads\BASE DE DATOS 1974-2018 PDFs. WSS\2004\2004-07-28 El Día de Salvación (WSS) Machapa, México.pdf",2004-07-28,El Día de Salvación.,orden_logico,,,0.000000
b628fe6f-2e9a-41cd-91d5-c92f1f5b6da5,08001422-3ba4-4f3c-a44a-c8670fc0e0ff,"C:\Users\USUARIO\Documents\Downloads\BASE DE DATOS 1974-2018 PDFs. WSS\2004\2004-07-29 Conviene que un Hombre muera por el Pueblo (WSS) Puebla, México.pdf",2004-07-29,Conviene que un Hombre muera por el Pueblo.,orden_logico,,,0.000000
542d0f8a-275a-4cba-b45b-5ef9a899f35b,bf971819-85f1-48b1-ae03-fbf702797d21,"C:\Users\USUARIO\Documents\Downloads\BASE DE DATOS 1974-2018 PDFs. WSS\2004\2004-07-30 Jesús, el Rey de los Judios (WSS) México.pdf",2004-07-30,Jesus El Rey de los Judios.,orden_logico,,,0.000000
dbda98d1-ed1e-4561-98ad-71677f29a58e,69c1da37-20c7-4952-83f5-eee8d30fa9f4,C:\Users\USUARIO\Documents\Downloads\BASE DE DATOS 1974-2018 PDFs. WSS\2004\2004-08-01 El toque que revive a la Iglesia (WSS) Mexico.pdf,2004-08-01,El Toque que revive a la Iglesia.,orden_logico,,,0.000000
cd0034e8-e748-41ba-9e1b-a356fc6bbcd0,95ea6eb3-3bb8-45bc-a17f-40551728d861,C:\Users\USUARIO\Documents\Downloads\BASE DE DATOS 1974-2018 PDFs. WSS\2004\2004-08-03 Jesucristo como Pescador (WSS) Guatemala.pdf,2004-08-03,Jesucristo como pescador.,orden_logico,,,0.000000
5fb10239-e3e3-4928-a2c0-e888f7721f97,87476b29-cca6-41e2-83b0-5d77504d3a69,C:\Users\USUARIO\Documents\Downloads\BASE DE DATOS 1974-2018 PDFs. WSS\2004\2004-08-04 Jesucristo como Panadero (WSS) Guatemala.pdf,2004-08-04,Jesucristo como Panadero.,orden_logico,,,0.000000
609e76b3-c73b-486f-9aaa-cd97570573e5,76844e50-e110-458c-bc70-1575228ff34f,C:\Users\USUARIO\Documents\Downloads\BASE DE DATOS 1974-2018 PDFs. WSS\2004\2004-08-05 Jesucristo como Pastor (WSS) Guatemala.pdf,2004-08-05,Jesucristo como Pastor.,orden_logico,,,0.000000
bdbbf394-ef92-45b1-a63a-203a4ce7af50,a7938fe1-d2b3-4ae5-8f4c-fecb388b7bd3,C:\Users\USUARIO\Documents\Downloads\BASE DE DATOS 1974-2018 PDFs. WSS\2004\2004-08-06 Jesucristo como Agricultor (WSS) Guatemala.pdf,2004-08-06,Jesucristo como Agricultor.,orden_logico,,,0.000000
0e523592-407a-4c88-ad6a-38871d32f83b,3676d293-2efa-4cee-871f-986be438d05a,C:\Users\USUARIO\Documents\Downloads\BASE DE DATOS 1974-2018 PDFs. WSS\2004\2004-08-08 El Testimonio del Cielo (WSS) Guatemala.pdf,2004-08-08,El Testimonio del Cielo.,orden_logico,,,0.000000
3f034eb7-5fb2-4a12-bbb0-9f64f4d70cfe,27698815-13c6-4179-8ec7-171a60a3db02,"C:\Users\USUARIO\Documents\Downloads\BASE DE DATOS 1974-2018 PDFs. WSS\2004\2004-08-09 El Angel anunciando al Salvador (WSS) San Salvador, El Salvador.pdf",2004-08-09,El Angel anunciando al Salvador.,orden_logico,,,0.000000
9aae04a2-8c30-4f49-b0ee-8a34e3a8396c,508e7922-0e91-4890-87d6-b9ec4072734d,"C:\Users\USUARIO\Documents\Downloads\BASE DE DATOS 1974-2018 PDFs. WSS\2004\2004-08-10 El que nos guia al lugar seguro (WSS) Tegucigalpa, Honduras.pdf",2004-08-10,El que nos guia al lugar seguro.,orden_logico,,,0.000000
59f67d70-ee1b-497d-b9a2-88926d86f184,b4dd68bf-89bb-4238-a797-c8ba8cdc7443,C:\Users\USUARIO\Documents\Downloads\BASE DE DATOS 1974-2018 PDFs. WSS\2004\2004-08-11 El Espíritu Santo desciende sobre el Cordero de Dios (WSS) Nicaragua.pdf,2004-08-11,El Espíritu Santo desciende sobre el Cordero de Dios.,orden_logico,,,0.000000
d1a4ecca-970c-410b-a15c-eed4653d7e6a,82988356-978c-4430-9917-7dc298d84b78,C:\Users\USUARIO\Documents\Downloads\BASE DE DATOS 1974-2018 PDFs. WSS\2004\2004-08-12 Jesús ungido con el Espíritu Santo para hacer una Obra Libertadora (WSS) Costa Rica.pdf,2004-08-12,Jesús ungido con el Espíritu Santo para hacer una Obra Libertadora.,orden_logico,,,0.000000
693a2fff-f3e1-4147-ba79-87140ecda724,8f4f6525-16dc-4c3a-94e5-2bd38a134bbe,C:\Users\USUARIO\Documents\Downloads\BASE DE DATOS 1974-2018 PDFs. WSS\2004\2004-08-13 La Familia de la Fe (WSS) Panama.pdf,2004-08-13,La Familia de la Fe.,orden_logico,,,0.000000
f9ab53c8-57a2-4c72-be13-94ef178b4695,1c276499-c8f1-4978-b84d-86d4035167d5,"C:\Users\USUARIO\Documents\Downloads\BASE DE DATOS 1974-2018 PDFs. WSS\2004\2004-08-15 El Líder de la Iglesia de Jesucristo (WSS) Cayey, Puerto Rico.pdf",2004-08-15,El Líder de la Iglesia de Jesucristo.,orden_logico,,,0.000000
dd6ad19b-f6ee-46e0-a096-3f9d2a907d9b,dfe974f1-0c96-4af6-86bf-7d50e7ada4b6,"C:\Users\USUARIO\Documents\Downloads\BASE DE DATOS 1974-2018 PDFs. WSS\2004\2004-08-20 Sube, porque una grande lluvia suena (WSS) Cayey, Puerto Rico.pdf",2004-08-20,"Sube, porque una grande Lluvia suena.",orden_logico,,,0.000000
5bcdf182-0b69-4f97-9c34-346e1fd790ba,250e42e3-0b8a-4bd5-9d8b-2f1bceb9cb0f,"C:\Users\USUARIO\Documents\Downloads\BASE DE DATOS 1974-2018 PDFs. WSS\2004\2004-08-22 La Iglesia natural y la Iglesia Espiritual (WSS) Cayey, Puerto Rico.pdf",2004-08-22,La Iglesia natural y la Iglesia Espiritual.,orden_logico,,,0.000000
3c57b383-8076-48df-ac15-97f869b541d2,6c3a2af0-19a4-411b-b75f-7224133c179e,"C:\Users\USUARIO\Documents\Downloads\BASE DE DATOS 1974-2018 PDFs. WSS\2004\2004-08-25 La Fórmula de la Vida eterna (WSS) Cartagena, Colombia.pdf",2004-08-25,La Fórmula de la Vida eterna.,orden_logico,,,0.000000
46e66f49-a681-4a74-b573-a0a3f4cbc013,6e51bf1b-c3e4-4b80-8374-8b078c716831,"C:\Users\USUARIO\Documents\Downloads\BASE DE DATOS 1974-2018 PDFs. WSS\2004\2004-08-27 El Misterio de Dios (WSS) Bogota, Colombia.PDF",2004-08-27,El Misterio de Dios.,orden_logico,,,0.000000
4b79b87b-bc32-42b9-8233-3f222c87e28b,5cd0b845-2046-4e89-ae4b-f2de00a16448,"C:\Users\USUARIO\Documents\Downloads\BASE DE DATOS 1974-2018 PDFs. WSS\2004\2004-08-28 El misterio del Angel del Señor Jesucristo - RM (WSS) Bogotá, Colombia.pdf",2004-08-28,RM El misterio del angel del Señor Jesucristo.,orden_logico,,,0.000000
e548fb27-2a91-4486-9134-fc6d0edcd018,92a461f0-a246-438b-b7f8-1169e319467a,"C:\Users\USUARIO\Documents\Downloads\BASE DE DATOS 1974-2018 PDFs. WSS\2004\2004-08-29 La Formula de la Sangre de Cristo (WSS) Bogotá, Colombia.pdf",2004-08-29,La Formula de la Sangre de Cristo.,orden_logico,,,0.000000
53a32822-977b-4728-a2e1-8f7c33ad711b,ba4e75de-6f51-4f1b-8796-174ea9e384e5,"C:\Users\USUARIO\Documents\Downloads\BASE DE DATOS 1974-2018 PDFs. WSS\2004\2004-08-30 Reconcíliate hoy con Dios (WSS) Boa Vista, Brasil.pdf",2004-08-30,Reconciliate hoy con Dios.,orden_logico,,,0.000000
4a3c849b-2363-4085-bba5-d1dbba77fc40,b5311362-9e92-4484-a8b9-5559f8524193,"C:\Users\USUARIO\Documents\Downloads\BASE DE DATOS 1974-2018 PDFs. WSS\2004\2004-08-31 Dios llamándonos para perdonarnos (WSS) Manaus, Brasil.pdf",2004-08-31,Dios llamandonos para perdonarnos.,orden_logico,,,0.000000
0663c7b8-cebb-4d5a-b2eb-4f11ff77c707,db49cf86-b6f4-4382-853c-2ca61aa740b2,"C:\Users\USUARIO\Documents\Downloads\BASE DE DATOS 1974-2018 PDFs. WSS\2004\2004-09-03 El Embajador del Rey (WSS) Goiania, Brasil.pdf",2004-09-03,El Embajador del Rey,orden_logico,,,0.000000
8bfe6dbe-e76b-47d9-b315-00e51cee17ed,adbe1b32-0e4b-4fd9-bdf5-e66a4d33158a,"C:\Users\USUARIO\Documents\Downloads\BASE DE DATOS 1974-2018 PDFs. WSS\2004\2004-09-06 La Única Voz que oyen las ovejas de Jesucristo (WSS) Presidente Epitácio, Brasil.pdf",2004-09-06,La Unica Voz que oyen las ovejas de Jesucristo.,orden_logico,,,0.000000
4b9e1d96-8572-43bf-a23b-b46e18a8c9cd,a97f5949-5a45-412f-a7e2-5b23996b704a,"C:\Users\USUARIO\Documents\Downloads\BASE DE DATOS 1974-2018 PDFs. WSS\2004\2004-09-07 Cristo murió por nosotros (WSS) Londrina, Brasil.pdf",2004-09-07,Cristo murió por nosotros,orden_logico,,,0.000000
2d39cc17-92e1-41c8-880c-7bb7d5f9fed2,0b9b13b2-ac6b-4c3d-b441-1fadd0fbadcc,"C:\Users\USUARIO\Documents\Downloads\BASE DE DATOS 1974-2018 PDFs. WSS\2004\2004-09-08 Reciban la Gracia de Dios (WSS) Joinvile, Brasil.pdf",2004-09-08,Reciban la Gracia de Dios,orden_logico,,,0.000000
219e8f6c-ce0b-4450-b152-f39f1f5db31f,ee8196e3-5732-4537-be7d-e898ffcf3a95,"C:\Users\USUARIO\Documents\Downloads\BASE DE DATOS 1974-2018 PDFs. WSS\2004\2004-09-09 La única cosa necesaria (WSS) Curitiva, Brasil.pdf",2004-09-09,La Unica cosa necesaria,orden_logico,,,0.000000
42de8e98-eb0c-4c88-9079-f8cd30918ec4,378f80a3-d314-4b0a-b719-330c4c9b4f6d,"C:\Users\USUARIO\Documents\Downloads\BASE DE DATOS 1974-2018 PDFs. WSS\2004\2004-09-10 La Fórmula de la Segunda Venida de Cristo (WSS) San Pablo, Brasil.pdf",2004-09-10,La Formula de la Segunda Venida de Cristo,orden_logico,,,0.000000
65b1f5f7-a696-4b7a-b169-33fdfc102e5e,1d83b57c-d406-499c-961a-143723363f16,"C:\Users\USUARIO\Documents\Downloads\BASE DE DATOS 1974-2018 PDFs. WSS\2004\2004-09-12 Cristo, nuestro Precursor (WSS) Brasil.PDF",2004-09-12,"Cristo, nuestro Precursor",orden_logico,,,0.000000
033784f9-4f46-48c5-8c9a-8095184afb46,2fb75d0b-ea2f-4ae5-8cc4-676df18ac383,"C:\Users\USUARIO\Documents\Downloads\BASE DE DATOS 1974-2018 PDFs. WSS\2004\2004-09-17  El que guía a la Iglesia del Señor Jesucristo (WSS) Goiania, Brasil.pdf",2004-09-17,El que guia a la iglesia del Señor Jesucristo.,orden_logico,,,0.000000
bfe1c8aa-a698-4d1d-ba11-300cfc84f324,edc547bd-2f05-4fd9-8e5f-731bfafd57e6,C:\Users\USUARIO\Documents\Downloads\BASE DE DATOS 1974-2018 PDFs. WSS\2004\2004-09-19 El Misterio de la Iglesia del Señor Jesucristo (WSS) Brasil.PDF,2004-09-19,El Misterio de la iglesia del Señor Jesucristo.,orden_logico,,,0.000000
3e735d2c-67da-42eb-9b32-10e3c7a43860,e3bcb091-2f39-49fd-bb32-5ed116ccb1cd,"C:\Users\USUARIO\Documents\Downloads\BASE DE DATOS 1974-2018 PDFs. WSS\2004\2004-09-24 El Ángel con el Evangelio eterno (WSS) Cayey, Puerto Rico (MOVIL).pdf",2004-09-24,El Angel con el evangelio Eterno.,cierre,,,0.000000
5959ea9a-d48c-46d0-9354-db031992bd6d,81d7ffec-45dd-4f54-83b4-3257848bfb51,"C:\Users\USUARIO\Documents\Downloads\BASE DE DATOS 1974-2018 PDFs. WSS\2004\2004-09-26 La Primera y Segunda Venida del Señor Jesucristo reflejada (WSS) Cayey, Puerto Rico.pdf",2004-09-26,La Primera y Segunda Venida del Senor Jesucristo reflejada.,orden_logico,,,0.000000
13ab0731-0f3d-42b2-a0e1-08edff6766f2,1480182e-8434-450c-9b97-3fd0b84605c1,"C:\Users\USUARIO\Documents\Downloads\BASE DE DATOS 1974-2018 PDFs. WSS\2004\2004-10-01 Conociendo el tiempo en que vivimos (WSS) Cayey, Puerto Rico.pdf",2004-10-01,Conociendo el tiempo en que vivimos.,orden_logico,,,0.000000
a457b038-b2f9-4783-83a7-53607e51121a,3852191e-8990-4e4f-8db6-31ea48c1417d,"C:\Users\USUARIO\Documents\Downloads\BASE DE DATOS 1974-2018 PDFs. WSS\2004\2004-10-03 El Misterio de los Siete Truenos (WSS) Cayey, Puerto Rico.PDF",2004-10-03,El Misterio de los Siete Truenos,orden_logico,,,0.000000
96f0f527-96d4-465f-b1c4-51b4a94c763d,2bd25846-d331-4711-ba3c-0813e8d51755,"C:\Users\USUARIO\Documents\Downloads\BASE DE DATOS 1974-2018 PDFs. WSS\2004\2004-10-05 Hoy es el Día de Salvación (WSS) Cartagena, Colombia.pdf",2004-10-05,Hoy es el Día de Salvación,orden_logico,,,0.000000
d5d99dd9-fc1d-447b-babd-15b4b18b3996,f26aa8c9-478a-426a-88f7-464fdb8a4650,"C:\Users\USUARIO\Documents\Downloads\BASE DE DATOS 1974-2018 PDFs. WSS\2004\2004-10-06 El Templo del Dios Viviente (WSS) Santa Marta, Colombia.pdf",2004-10-06,El Templo del Dios Viviente,orden_logico,,,0.000000
328b82bb-b725-42a0-84b1-819591147581,8d7c30d9-708a-439e-9c3f-db5fb138fcb9,"C:\Users\USUARIO\Documents\Downloads\BASE DE DATOS 1974-2018 PDFs. WSS\2004\2004-10-08 La Voz de la Escritura (WSS) Bogotá, Colombia.pdf",2004-10-08,La Voz de la Escritura,orden_logico,,,0.000000
5dede7ec-a9ab-4170-8177-20a415b6813e,51aa2360-d06c-4f29-bed3-583045aeb1e5,"C:\Users\USUARIO\Documents\Downloads\BASE DE DATOS 1974-2018 PDFs. WSS\2004\2004-10-11 Cristo te está llamando hoy (WSS) Manaus, Amazonas, Brasil.pdf",2004-10-11,Cristo te esta llamando hoy,orden_logico,,,0.000000
a765a9d2-8a0e-4e89-9c1d-6ff71bbac529,5be9cb36-ce87-44fc-a656-67b4103524ef,"C:\Users\USUARIO\Documents\Downloads\BASE DE DATOS 1974-2018 PDFs. WSS\2004\2004-10-14 Siguiendo el ejemplo del Maestro (WSS) Porto Velho, Brasil.pdf",2004-10-14,Siguiendo el ejemplo del Maestro,orden_logico,,,0.000000
abe00e59-2943-4e7c-9a0d-00ccd0e1f88c,e4d0dc57-0159-4fb7-958b-dd18a6cb2646,"C:\Users\USUARIO\Documents\Downloads\BASE DE DATOS 1974-2018 PDFs. WSS\2004\2004-10-15 ¿Quieres ser sano (WSS) Brasilia, Brasil.pdf",2004-10-15,Quieres ser sano,orden_logico,,,0.000000
bb0648c0-c6e1-4342-b0fc-12c306fc1b6e,ea6a9058-e5de-4546-ac1d-dafc03e2788a,"C:\Users\USUARIO\Documents\Downloads\BASE DE DATOS 1974-2018 PDFs. WSS\2004\2004-10-17 Guiados por la Columna de Fuego (WSS) Goiania, Brasil.pdf",2004-10-17,Guiados por la Columna de Fuego,orden_logico,,,0.000000
d21bb3cd-bdfd-41fd-b105-7325809096cd,e61aaec6-d078-43b5-8dc5-2968dd4e861c,"C:\Users\USUARIO\Documents\Downloads\BASE DE DATOS 1974-2018 PDFs. WSS\2004\2004-10-18 Los escritos en el Libro de la Vida del Cordero (WSS) Rio de Janeiro, Brasil.pdf",2004-10-18,Los escritos en el Libro de la Vida del Cordero,orden_logico,,,0.000000
b68616e3-b0d1-4461-8533-6be65bad9afb,1fdd4edb-4bb2-427c-af2d-92345a73e6d0,"C:\Users\USUARIO\Documents\Downloads\BASE DE DATOS 1974-2018 PDFs. WSS\2004\2004-10-20 La Trompeta Final (WSS) Franca, Brasil.pdf",2004-10-20,La Trompeta Final,orden_logico,,,0.000000
83fedf2b-9548-46c1-9703-a7663104ad8a,f1fa566e-8916-453a-86e2-5c7c36b24d41,"C:\Users\USUARIO\Documents\Downloads\BASE DE DATOS 1974-2018 PDFs. WSS\2004\2004-10-21 La Gran Voz de Trompeta (WSS) Sumaré, Brasil.pdf",2004-10-21,La Gran Voz de Trompeta,orden_logico,,,0.000000
3b492394-d781-4021-9847-a13bd353a2b4,23a6ba13-e095-4192-9a75-8d67bfbd5b05,"C:\Users\USUARIO\Documents\Downloads\BASE DE DATOS 1974-2018 PDFs. WSS\2004\2004-10-24 El tiempo está Cerca (WSS) San Pablo, Brasil.pdf",2004-10-24,El Tiempo esta Cerca,orden_logico,,,0.000000
1005dbf8-a7b6-414b-8973-62fe37e97359,e55ffedd-970a-4014-9b7b-73224da51abb,"C:\Users\USUARIO\Documents\Downloads\BASE DE DATOS 1974-2018 PDFs. WSS\2004\2004-10-29 El Sacrificio todo suficiente (WSS) Buenos Aires, Argentina.pdf",2004-10-29,El Sacrificio todo Suficiente.,orden_logico,,,0.000000
763d7b3c-6c8b-4680-b597-a69ce08f336a,30807fe6-9fb5-4b19-8535-51e5aa0b9ddc,"C:\Users\USUARIO\Documents\Downloads\BASE DE DATOS 1974-2018 PDFs. WSS\2004\2004-10-31 Edificando sobre el fundamento que Dios ha puesto (WSS) Buenos Aires, Argentina.pdf",2004-10-31,Edificando sobre el fundamento que Dios ha puesto,orden_logico,,,0.000000
9725147e-edc1-42f5-8927-c9d7740e1850,61d75dcb-b9aa-49a9-b155-b4c2e7c3118b,"C:\Users\USUARIO\Documents\Downloads\BASE DE DATOS 1974-2018 PDFs. WSS\2004\2004-11-02 El Testigo Fiel (WSS) Lota Bajo, Chile.PDF",2004-11-02,El Testigo Fiel,orden_logico,,,0.000000
28f7e337-b800-4b19-be15-1ca81b2264e2,702a20be-2a49-4d4a-aa5a-d2cffda567ed,"C:\Users\USUARIO\Documents\Downloads\BASE DE DATOS 1974-2018 PDFs. WSS\2004\2004-11-03 La Señal del fin del Tiempo (WSS) Talcahuano, Chile.PDF",2004-11-03,La Señal del fin del Tiempo,orden_logico,,,0.000000
4f15668c-8181-49bc-bb80-838ecb87d12e,eec365d5-def8-4b30-8136-293b58df9780,C:\Users\USUARIO\Documents\Downloads\BASE DE DATOS 1974-2018 PDFs. WSS\2004\2004-11-04 El Misterio de Dios y Sus Arcángeles (WSS) Chile.PDF,2004-11-04,El Misterio de Dios y sus Arcángeles,orden_logico,,,0.000000
41429071-72b7-47b7-8d93-37f69a1d1005,501a8f01-1397-43ce-9af1-5dfb369be750,"C:\Users\USUARIO\Documents\Downloads\BASE DE DATOS 1974-2018 PDFs. WSS\2004\2004-11-12 Cristo nos invita a llevar su Cruz (WSS) Santa Cruz, Bolivia.PDF",2004-11-12,Cristo nos invita a llevar su Cruz,orden_logico,,,0.000000
aa26e5bf-ffbb-418f-b516-a418d8e812f4,5606dc24-7051-4ca5-809f-a1491d843430,"C:\Users\USUARIO\Documents\Downloads\BASE DE DATOS 1974-2018 PDFs. WSS\2004\2004-11-12 La Paz que Dios da, y la paz que da el Mundo (WSS) Santa Cruz, Bolivia.PDF",2004-11-12,"La Paz que Dios da, y la paz que da el Mundo",orden_logico,,,0.000000
15095440-ad20-4055-992e-995c1aa9dbdd,4e056d79-863c-48f0-92be-5d101ac4de23,"C:\Users\USUARIO\Documents\Downloads\BASE DE DATOS 1974-2018 PDFs. WSS\2004\2004-11-14 La Victoria de Jesucristo en la Cruz del Calvario (WSS) Santa Cruz, Bolivia.PDF",2004-11-14,La Victoria de Jesucristo en la Cruz del Calvario,orden_logico,,,0.000000
24824781-d826-4954-b5a9-25697fe6af7f,b631ab99-f1f3-4b42-be1e-c96ccc41fed5,"C:\Users\USUARIO\Documents\Downloads\BASE DE DATOS 1974-2018 PDFs. WSS\2004\2004-11-16 El Resumen del Programa de Dios (WSS) Piura, Perú.PDF",2004-11-16,El Resumen del Programa de Dios,orden_logico,,,0.000000
97f15540-05fd-4b54-9072-c759d6d9a50c,569436a0-669a-4921-96da-0224ffa8b2a8,"C:\Users\USUARIO\Documents\Downloads\BASE DE DATOS 1974-2018 PDFs. WSS\2004\2004-11-17 La Restauracion del Reino de Dios (WSS) Chimbote, Perú.pdf",2004-11-17,La Restauracion del Reino de Dios.,orden_logico,,,0.000000
f098b6cc-ab0e-4854-9171-49c61df5ff2e,6fb6f6f7-5a38-45b4-bbfb-71678f6b07b9,"C:\Users\USUARIO\Documents\Downloads\BASE DE DATOS 1974-2018 PDFs. WSS\2004\2004-11-19 Viendo los Cielos Abiertos (WSS) Trujillo, Perú.pdf",2004-11-19,Viendo los Cielos Abiertos.,orden_logico,,,0.000000
971a7780-7dc1-4f7d-a13d-6279638ea355,43274cf1-9f2b-4447-893e-0d2cdc61fd59,"C:\Users\USUARIO\Documents\Downloads\BASE DE DATOS 1974-2018 PDFs. WSS\2004\2004-11-21 Las Señales están Clamando (WSS) Lima, Perú.PDF",2004-11-21,Las Señales están Clamando,orden_logico,,,0.000000
4f097f56-9bbf-4609-9589-ab34bd35516d,3e4e59fa-104f-4813-aee5-3cb5ff347e13,"C:\Users\USUARIO\Documents\Downloads\BASE DE DATOS 1974-2018 PDFs. WSS\2004\2004-11-22 Un Mensaje Universal (WSS) Guayaquil, Ecuador.pdf",2004-11-22,Un Mensaje Universal.,orden_logico,,,0.000000
dd275622-cef7-4044-a766-b310668da94e,93f0e46c-3257-4c97-8230-76fe78d204f4,C:\Users\USUARIO\Documents\Downloads\BASE DE DATOS 1974-2018 PDFs. WSS\2004\2004-11-23 Las Señales que indican el Tiempo del Fin (WSS) Ecuador.PDF,2004-11-23,Las Señales que indican el tiempo del Fin.,orden_logico,,,0.000000
d4e2e8d9-0bd4-46e2-9ee5-9327486fc3ee,001e01e8-613c-456e-b26d-f9739bf8a839,"C:\Users\USUARIO\Documents\Downloads\BASE DE DATOS 1974-2018 PDFs. WSS\2004\2004-11-23 Niños creciendo en la Sabiduria Divina (WSS) Guayaquil, Ecuador.pdf",2004-11-23,Ninos creciendo en la Sabiduria Divina.,orden_logico,,,0.000000
378ddbf8-f73c-41d2-a0b4-e1970604ee6d,c3966d3d-5588-47b1-b1b5-7834a3b337c9,"C:\Users\USUARIO\Documents\Downloads\BASE DE DATOS 1974-2018 PDFs. WSS\2004\2004-11-26 Queremos ver a Jesus (WSS) Santiago de Chile, Chile.pdf",2004-11-26,Queremos ver a Jesus.,orden_logico,,,0.000000
e154d243-a130-447e-943f-51f900a01931,3d43c768-845e-47b4-a7c9-d5eda778e956,"C:\Users\USUARIO\Documents\Downloads\BASE DE DATOS 1974-2018 PDFs. WSS\2004\2004-11-27 Seamos esforzados y Valientes - RM (WSS) Cali, Colombia.pdf",2004-11-27,RM Seamos esforzados y Valientes.,orden_logico,,,0.000000
5a4b20df-521e-4ed7-98d0-2e0681f53ba4,c3953a75-664d-4852-9aa5-6c46c991c85a,"C:\Users\USUARIO\Documents\Downloads\BASE DE DATOS 1974-2018 PDFs. WSS\2004\2004-11-28 El mensaje que cubrira toda la tierra (WSS) Medellín, Colombia.pdf",2004-11-28,El mensaje que cubrira toda la tierra.,orden_logico,,,0.000000
b2e05756-91ab-44d9-be08-5cb4dec562ad,42ee3cf9-e03f-4ae1-b99e-6b1675736e41,"C:\Users\USUARIO\Documents\Downloads\BASE DE DATOS 1974-2018 PDFs. WSS\2004\2004-11-28 Dios quiere que todos procedan al Arrepentimiento (WSS) Cali, Colombia.PDF",2004-11-28,Dios quiere que todos procedan al Arrepentimiento,orden_logico,,,0.000000
5dd592d7-ea94-4aa1-9bc7-4f354e36ccbc,09f35ed2-2697-42be-aaad-6b0899f55355,"C:\Users\USUARIO\Documents\Downloads\BASE DE DATOS 1974-2018 PDFs. WSS\2004\2004-11-30 El fundamento de Dios esta Firme (WSS) Medellin, Colombia.pdf",2004-11-30,El fundamento de Dios esta Firme.,orden_logico,,,0.000000
af526aa1-1dc3-470a-9807-080c63faa75f,b5787495-4b00-409b-866a-b8b1c434dab1,"C:\Users\USUARIO\Documents\Downloads\BASE DE DATOS 1974-2018 PDFs. WSS\2004\2004-12-03 Del Cielo nos estan apurando (WSS) Bogota, Colombia.pdf",2004-12-03,Del Cielo nos estan apurando.,orden_logico,,,0.000000
32a1e88c-f1ef-4532-bf5f-2c7d097213f8,f1d0ba4d-4b7c-4c3d-8ebc-49ee52a4d88b,"C:\Users\USUARIO\Documents\Downloads\BASE DE DATOS 1974-2018 PDFs. WSS\2004\2004-12-04 La necesidad de nacer de nuevo (WSS) Bogota, Colombia.pdf",2004-12-04,La necesidad de nacer de nuevo.,orden_logico,,,0.000000
99045d9b-8457-4ffa-af29-5ff1d6fb70cf,c31058d1-643e-40f5-b77f-25feabf54e27,"C:\Users\USUARIO\Documents\Downloads\BASE DE DATOS 1974-2018 PDFs. WSS\2004\2004-12-05 Por que de detienes, levántate y bautízate (WSS)Bogota, Colombia.PDF",2004-12-05,"Por que de detienes, levántate y bautízate",orden_logico,,,0.000000
a0307673-3aca-4e25-92e4-0368c81193da,5eb54ab4-17ed-4778-a373-18c50671d97f,"C:\Users\USUARIO\Documents\Downloads\BASE DE DATOS 1974-2018 PDFs. WSS\2004\2004-12-09 La bendicion de ser guiados por el Espiritu de Dios (WSS) Torreon, Mexico.pdf",2004-12-09,La bendicion de ser guiados por el Espiritu de Dios.,orden_logico,,,0.000000
840a9800-0dc7-49d0-b344-fec0c3c5ada1,ad09e5d3-b61d-4aa5-80ad-1ccbd7298444,"C:\Users\USUARIO\Documents\Downloads\BASE DE DATOS 1974-2018 PDFs. WSS\2004\2004-12-10 Ordenados para crecer en la obra de Cristo (WSS) Topochico, Mexico.pdf",2004-12-10,Ordenados para crecer en la obra de Cristo.,orden_logico,,,0.000000
a16cba07-1ba2-4358-8339-8ac01aa1f91a,1b705e72-9ad2-4c76-8be0-11415d0de396,"C:\Users\USUARIO\Documents\Downloads\BASE DE DATOS 1974-2018 PDFs. WSS\2004\2004-12-12 Cristo El Unico Lider de la Iglesia (WSS) Monterrey, Mexico.pdf",2004-12-12,Cristo El Unico Lider de la Iglesia.,orden_logico,,,0.000000
cd0aed77-e2ce-457c-8c1a-69261683de7f,dcb60167-eb2c-4831-ad17-44f4c0e0d8c5,"C:\Users\USUARIO\Documents\Downloads\BASE DE DATOS 1974-2018 PDFs. WSS\2004\2004-12-14 La Formula de la Fe (WSS) Luna, Mexico.pdf",2004-12-14,La Formula de la Fe.,orden_logico,,,0.000000
701d7936-36dd-424d-b085-b9668e50e4ab,2338ca6b-bc33-4467-86af-0a96f1ec0bb0,"C:\Users\USUARIO\Documents\Downloads\BASE DE DATOS 1974-2018 PDFs. WSS\2004\2004-12-15 Por la fe viendo lo invisible (WSS) Xalapa, Mexico.pdf",2004-12-15,Por la fe viendo lo invisible.,orden_logico,,,0.000000
f139a0e7-c137-4312-9bc3-9102daac9979,e46b6e72-e975-42b0-86a1-01f1211cd771,"C:\Users\USUARIO\Documents\Downloads\BASE DE DATOS 1974-2018 PDFs. WSS\2004\2004-12-16 La gran misericordia de Dios (WSS) Veracruz, Mexico.pdf",2004-12-16,La gran misericordia de Dios.,orden_logico,,,0.000000
e1cdab6a-7ccd-4deb-9c35-db3a525278f9,ec7a6201-889e-4839-8a95-755cd249a164,"C:\Users\USUARIO\Documents\Downloads\BASE DE DATOS 1974-2018 PDFs. WSS\2004\2004-12-17 Poniendo nuestra mirada en el Cielo (WSS) Mapachapa, Mexico.pdf",2004-12-17,Poniendo nuestra mirada en el Cielo.,orden_logico,,,0.000000
27c32852-d87f-47f0-b29b-c7ab77ce1178,88270a47-17d7-4df6-a72f-601a03fe25a5,"C:\Users\USUARIO\Documents\Downloads\BASE DE DATOS 1974-2018 PDFs. WSS\2004\2004-12-17 De aqui en adelante vereis el cielo abierto (WSS) Villahermosa, Mexico.pdf",2004-12-17,De aqui en adelante vereis el cielo abierto.,orden_logico,,,0.000000
c77ce560-7275-4ece-afd3-56be0495c3a8,464e2a23-519b-46b1-82b3-a0b2dd98f865,"C:\Users\USUARIO\Documents\Downloads\BASE DE DATOS 1974-2018 PDFs. WSS\2004\2004-12-19 El testimonio de la palabra (WSS) Villahermosa, Mexico.pdf",2004-12-19,El testimonio de la palabra.,orden_logico,,,0.000000
612c463c-3212-4549-8f45-c2901a346a51,1919283a-4716-4c6f-bf20-fa34de4a2c3e,"C:\Users\USUARIO\Documents\Downloads\BASE DE DATOS 1974-2018 PDFs. WSS\2004\2004-12-20 El Pacto sin defectos (WSS) Chilpancingo, Mexico.pdf",2004-12-20,El Pacto sin defectos.,orden_logico,,,0.000000
9c9e6ba2-38b2-4b5b-933f-3890419cfce9,f3c32f11-bbba-4626-a6b5-f33261b87fbf,"C:\Users\USUARIO\Documents\Downloads\BASE DE DATOS 1974-2018 PDFs. WSS\2004\2004-12-21 Dios hablandonos en estos dias postreros (WSS) Acapulco, Mexico.pdf",2004-12-21,Dios hablandonos en estos dias postreros.,orden_logico,,,0.000000
04d63e02-3e23-45ad-8700-595dcb6dbda5,14012eda-809f-4db9-92b4-49eb7298bde3,"C:\Users\USUARIO\Documents\Downloads\BASE DE DATOS 1974-2018 PDFs. WSS\2004\2004-12-22 El Espiritu Santo preparandonos en el hogar para que con diligencia esperemos la transformacion (WSS) Santa Marta, Mexico.pdf",2004-12-22,El Espiritu Santo preparandonos en el hogar para que con diligencia esperemos la transformacion.,orden_logico,,,0.000000
60aab8b8-84a5-493f-970b-22fcdc1d19bd,3ae87d73-c00a-4a28-a2fa-8f8183e107aa,"C:\Users\USUARIO\Documents\Downloads\BASE DE DATOS 1974-2018 PDFs. WSS\2004\2004-12-24 Nuevas de gran gozo para todo el pueblo (WSS) SCayey, Puerto Rico.pdf",2004-12-24,Nuevas de gran gozo para todo el pueblo.,orden_logico,,,0.000000
90bc9976-087a-44fd-9a36-b935bfe0d467,e9750e5b-bc66-4ff9-9558-e122f4f3f289,"C:\Users\USUARIO\Documents\Downloads\BASE DE DATOS 1974-2018 PDFs. WSS\2004\2004-12-26 La trayectoria del Sol (WSS) Cayey, Puerto Rico.pdf",2004-12-26,La trayectoria del Sol.,orden_logico,,,0.000000
55559fda-12ff-421b-90bc-d3f105054b7c,2bd493b1-159c-4ebc-806f-ec6e67f941c7,"C:\Users\USUARIO\Documents\Downloads\BASE DE DATOS 1974-2018 PDFs. WSS\2004\2004-12-26 La necesidad de la Santa Cena (WSS) Cayey, Puerto Rico.pdf",2004-12-26,La necesidad de la santa cena.,orden_logico,,,0.000000
f4dea6b4-6238-49e7-8653-35eaac5e1d48,d29ff47d-9d78-4817-8d6a-419ae9eed716,"C:\Users\USUARIO\Documents\Downloads\BASE DE DATOS 1974-2018 PDFs. WSS\2005\2005-01-02 La Consumacion de los Misterios de Dios (WSS) Goiania, Brasil.pdf",2005-01-02,La consumacion de los misterios de Dios.,orden_logico,,,0.000000
0e6dfaf3-c9ea-4453-ae63-f05b4e04ffd4,43503c52-5223-4b2e-a9f9-f569bd4cfc38,"C:\Users\USUARIO\Documents\Downloads\BASE DE DATOS 1974-2018 PDFs. WSS\2005\2005-01-07 Buscando primeramente el Reino de Dios (WSS) Brasilia, Brasil.pdf",2005-01-07,Buscando primeramente el Reino de Dios.,orden_logico,,,0.000000
78443df2-abf9-4f77-9a51-eb5acfc7c8c6,ddd9d56d-ce7d-45ea-9063-ad6331d0cdd0,"C:\Users\USUARIO\Documents\Downloads\BASE DE DATOS 1974-2018 PDFs. WSS\2005\2005-01-09 La Herencia de los Hijos de Dios (WSS) Goiania, Brasil.pdf",2005-01-09,La herencia de los hijos de Dios.,orden_logico,,,0.000000
6db8de1f-8690-4f67-8f2e-9f6cd86e4fc4,95c8f773-3619-4258-a919-500cfb8ba24e,C:\Users\USUARIO\Documents\Downloads\BASE DE DATOS 1974-2018 PDFs. WSS\2005\2005-01-27 El Reino de los Sacerdotes de Dios (WSS) Brasil.pdf,2005-01-27,El Reino de los Sacerdotes de Dios.,orden_logico,,,0.000000
0385fabe-112d-4384-835a-814ba392ddc1,f3b3163a-dea8-4d36-bd76-17bbded9d5dc,C:\Users\USUARIO\Documents\Downloads\BASE DE DATOS 1974-2018 PDFs. WSS\2005\2005-01-28 El Misterio de la Redención (WSS) Brasil.pdf,2005-01-28,El Misterio de la Redencion.,orden_logico,,,0.000000
3a705f4c-3763-49b3-aa62-836ef8a525e0,b6b07173-6846-4860-b382-0b850f42e5bd,C:\Users\USUARIO\Documents\Downloads\BASE DE DATOS 1974-2018 PDFs. WSS\2005\2005-01-30 El Avivamiento del Dia Postrero (WSS) Brasil.pdf,2005-01-30,El Avivamiento del dia postrero.,orden_logico,,,0.000000
b9614a37-8ed7-498c-a29b-91ca9a566a7a,af7dcdf9-51ba-4f96-920c-d07840cb26b8,C:\Users\USUARIO\Documents\Downloads\BASE DE DATOS 1974-2018 PDFs. WSS\2005\2005-02-01 La Lucha por Obtener la Vida Eterna (WSS) Brasil.pdf,2005-02-01,La lucha por obtener la vida eterna.,orden_logico,,,0.000000
cf6bef6a-4de7-456a-9e4b-3f3376a16f63,596f1b2e-c2dc-4222-a754-92146615f519,C:\Users\USUARIO\Documents\Downloads\BASE DE DATOS 1974-2018 PDFs. WSS\2005\2005-02-04 El Principe Mensajero de la Paz (WSS) Brasil.pdf,2005-02-04,El Principe Mensajero de la Paz.,orden_logico,,,0.000000
45a2adb4-1db1-43a2-bdcc-e393919bfe2c,cf0ebcd9-5cab-4149-9cb0-15858201b141,"C:\Users\USUARIO\Documents\Downloads\BASE DE DATOS 1974-2018 PDFs. WSS\2005\2005-02-06 El último Vino es el Mejor (WSS) Goiania, Brasil.pdf",2005-02-06,El Ultimo Vino es el mejor,orden_logico,,,0.000000
ad9f983c-7199-462a-8595-ac3283e2a5cb,47d7f41e-efa8-4938-ba90-be350589b17c,"C:\Users\USUARIO\Documents\Downloads\BASE DE DATOS 1974-2018 PDFs. WSS\2005\2005-02-09 Los Hijos del Reino de Dios (WSS) Sao Paulo, Brasil.pdf",2005-02-09,Los Hijos del Reino de Dios.,orden_logico,,,0.000000
053c6710-a73c-4c2b-8df4-772e2c1bcf7d,f5ed97b8-df4c-430f-a4aa-39250eec0a22,"C:\Users\USUARIO\Documents\Downloads\BASE DE DATOS 1974-2018 PDFs. WSS\2005\2005-02-10 Los Embajadores de Cristo (WSS) San José de los Campos, Brasil.pdf",2005-02-10,Los Embajadores de Cristo.,orden_logico,,,0.000000
1fa5ee5e-11d1-4eb4-b676-dd0ce00a9905,cbaf72a0-9557-4a60-9a9e-ff5271293042,"C:\Users\USUARIO\Documents\Downloads\BASE DE DATOS 1974-2018 PDFs. WSS\2005\2005-02-11 El Ungido con el Espíritu del Señor (WSS) Osasco, Brasil.pdf",2005-02-11,El Ungido con El Espiritu del Señor.,orden_logico,,,0.000000
7eef4915-e77c-4653-9e7b-5254cf89b027,6e657572-5f6a-4c06-aa3e-2ee0e05a123f,"C:\Users\USUARIO\Documents\Downloads\BASE DE DATOS 1974-2018 PDFs. WSS\2005\2005-02-12 Dios derrama sus bendiciones sobre el Creyente - RM (WSS) San Jose de los Campos, Brasil.pdf",2005-02-12,RM Dios derrama sus bendiciones sobre el Creyente.,orden_logico,,,0.000000
8b688ec3-89dd-4371-8382-9a55665199af,e59ee658-c4c8-450b-8d50-0b063cd07508,"C:\Users\USUARIO\Documents\Downloads\BASE DE DATOS 1974-2018 PDFs. WSS\2005\2005-02-13 La bendición que enriquece (WSS) San Pablo, Brasil.pdf",2005-02-13,La Bendicion que Enriquece.,orden_logico,,,0.000000
6f9a3aa0-2e17-491b-b6cd-6fd8da9f9410,25812090-08e2-45d7-8a53-8797086563f3,"C:\Users\USUARIO\Documents\Downloads\BASE DE DATOS 1974-2018 PDFs. WSS\2005\2005-02-15 La unión de Cristo y Su Esposa (WSS) Austin, Texas, EEUU.pdf",2005-02-15,La Union de Cristo y su Esposa.,orden_logico,,,0.000000
983e9dc5-ced1-4703-a446-b9e21ce78077,ffe4c09d-c661-46c1-8053-f2ecdad5e2b0,"C:\Users\USUARIO\Documents\Downloads\BASE DE DATOS 1974-2018 PDFs. WSS\2005\2005-02-15 La Prueba de Vuestra Fe (WSS) Austin, Texas, EEUU.pdf",2005-02-15,la prueba de Vuestra Fe.,orden_logico,,,0.000000
9e005fdc-8a1f-4675-8182-1f6c14ce2700,0dfc4d24-2436-4644-8e87-3baa31ba982d,"C:\Users\USUARIO\Documents\Downloads\BASE DE DATOS 1974-2018 PDFs. WSS\2005\2005-02-16 El Día de Jubileo (WSS) Topochico, Nuevo León, México.pdf",2005-02-16,El dia de Jubileo.,orden_logico,,,0.000000
233673e5-4b2d-4559-96ef-444145d87dd0,5faf4fe1-cd50-4f8e-b93b-11290669bdcd,"C:\Users\USUARIO\Documents\Downloads\BASE DE DATOS 1974-2018 PDFs. WSS\2005\2005-02-17 La Ultima Vestidura de Jesucristo - RM (WSS) Torreón, Mexico.pdf",2005-02-17,RM La Ultima Vestidura de Jesucristo.,orden_logico,,,0.000000
83f0a6f7-eb27-400c-bc5b-8b128c33ce11,dd2c7663-d01e-4124-8a5d-1dac654fe116,C:\Users\USUARIO\Documents\Downloads\BASE DE DATOS 1974-2018 PDFs. WSS\2005\2005-02-18 El Dia de la Expiacion (WSS) Mexico.pdf,2005-02-18,El dia de la expiacion.,orden_logico,,,0.000000
758963f8-9922-42be-aa15-699aa5afa53d,209f328f-759a-4c8e-9c00-fe2a01d500bf,"C:\Users\USUARIO\Documents\Downloads\BASE DE DATOS 1974-2018 PDFs. WSS\2005\2005-02-18 Haciendo siempre la Voluntad de Dios - RM (WSS) Monterrey, Mexico.pdf",2005-02-18,RM Haciendo siempre la Voluntad de Dios.,orden_logico,,,0.000000
c7dd5f72-17c0-402f-ac5d-325259abccc8,d6ea8b9c-8919-420a-ae20-bc8b5bbbede5,"C:\Users\USUARIO\Documents\Downloads\BASE DE DATOS 1974-2018 PDFs. WSS\2005\2005-02-19 La trayectoria de la serpiente - RM (WSS) Monterrey, Mexico.pdf",2005-02-19,RM La trayectoria de la serpiente.,orden_logico,,,0.000000
6d16dbc3-3e29-4159-a687-4614902ee375,9368bd57-6503-4e86-a3a6-fd467c40a456,C:\Users\USUARIO\Documents\Downloads\BASE DE DATOS 1974-2018 PDFs. WSS\2005\2005-02-20 El Sacrificio Universal (WSS) Mexico.pdf,2005-02-20,El Sacrificio Universal.,orden_logico,,,0.000000
43018fed-0c88-49ff-ac56-ba86b4022742,72299de2-f04c-453e-8453-f0ce531f0217,C:\Users\USUARIO\Documents\Downloads\BASE DE DATOS 1974-2018 PDFs. WSS\2005\2005-02-21 Enviado para salvarnos del pecado (WSS) Mexico.pdf,2005-02-21,Enviado para salvarnos del pecado.,orden_logico,,,0.000000
043a6839-9127-447f-866c-d842a2ebc025,bacc9147-4432-49b9-a989-5d2916ef3744,"C:\Users\USUARIO\Documents\Downloads\BASE DE DATOS 1974-2018 PDFs. WSS\2005\2005-02-22 Mirando hacia el Único Lugar de Salvación (WSS) Oaxaca, México.pdf",2005-02-22,Mirando hacia el Unico Lugar de Salvación.,orden_logico,,,0.000000
f45c43b5-6b6b-414f-a67a-4fa185dfea92,509c48c9-d446-4cc8-b321-1c8796e7240f,"C:\Users\USUARIO\Documents\Downloads\BASE DE DATOS 1974-2018 PDFs. WSS\2005\2005-02-23 La Voz de Dios Hoy (WSS) Tehuacán, Puebla, México.pdf",2005-02-23,La Voz de Dios Hoy.,orden_logico,,,0.000000
d7cb746a-e5a4-40dc-802c-8a7b8d4c23c0,40f1c8f4-73dd-408e-9b74-c3a53813728a,"C:\Users\USUARIO\Documents\Downloads\BASE DE DATOS 1974-2018 PDFs. WSS\2005\2005-02-25 El Que nos guía a la Tierra Prometida (WSS) Veracruz, México.pdf",2005-02-25,El que nos guia a la tierra prometida.,orden_logico,,,0.000000
61a26b57-43b1-4719-bc22-e57d1e77408c,0acd12f4-8ee1-4a95-9e5b-9f03bcc3a001,C:\Users\USUARIO\Documents\Downloads\BASE DE DATOS 1974-2018 PDFs. WSS\2005\2005-02-25 Aprendiendo de los grandes Hombres de la Biblia - RM (WSS) Mexico.pdf,2005-02-25,RM Aprendiendo de los grandes Hombres de la Biblia.,orden_logico,,,0.000000
6c3ecf96-7cf3-4879-b0db-545d468db20b,e5c8e105-db4e-4e86-a3cc-8bb71cbea8d8,"C:\Users\USUARIO\Documents\Downloads\BASE DE DATOS 1974-2018 PDFs. WSS\2005\2005-02-26 Echa tu Pan sobre las Aguas - RM (WSS) Xalapa, Mexico.pdf",2005-02-26,RM Echa tu Pan sobre las Aguas.,orden_logico,,,0.000000
461a5bf6-b641-40ee-bb79-f020a0ebb14c,88c7e23e-86a0-49aa-8ce4-ce48d1f78a7b,C:\Users\USUARIO\Documents\Downloads\BASE DE DATOS 1974-2018 PDFs. WSS\2005\2005-02-27 El Misterio de las Siete Edades de la Iglesia (WSS) Mexico.pdf,2005-02-27,El misterio de las siete edades de la iglesia.,orden_logico,,,0.000000
23aecd01-ec55-4f6f-9185-62254befeeb2,65a1d7eb-67eb-4432-b82d-ddad0179632a,"C:\Users\USUARIO\Documents\Downloads\BASE DE DATOS 1974-2018 PDFs. WSS\2005\2005-02-28 Levantad vuestras cabezas, porque vuestra Redencion esta cerca (WSS) Mexico.pdf",2005-02-28,Levantad vuestras cabezas porque vuestra redencion esta cerca.,orden_logico,,,0.000000
61b0bff3-493c-4427-8acd-fdf6c88ac824,0614820e-1b1e-4799-88b8-445ffb4e29b6,"C:\Users\USUARIO\Documents\Downloads\BASE DE DATOS 1974-2018 PDFs. WSS\2005\2005-03-01 Los llamados a una nueva dispensacion (WSS) Zihuatanejo, México.pdf",2005-03-01,Los llamados a una nueva dispensacion.,orden_logico,,,0.000000
8fedd79f-427f-47ae-adfe-8800668d8bb4,2216f759-eb51-45e9-a329-cc6fe03f3bd3,C:\Users\USUARIO\Documents\Downloads\BASE DE DATOS 1974-2018 PDFs. WSS\2005\2005-03-02 El Misterio del Señor Jesucristo y de Su Angel (WSS) Mexico.pdf,2005-03-02,El Misterio del Señor Jesucristo y de su Angel.,orden_logico,,,0.000000
1f7bf8d0-97e0-4b67-8488-04b32b8de328,f95d9a8e-0836-4ee5-851c-a68fbd04f458,"C:\Users\USUARIO\Documents\Downloads\BASE DE DATOS 1974-2018 PDFs. WSS\2005\2005-03-04 Las Llaves en las Manos de Dios (WSS) Minatitlán, México.pdf",2005-03-04,Las llaves en las manos de Dios.,orden_logico,,,0.000000
c718bff7-4865-4372-ba96-1a9363c43587,81400ef9-5a9a-4c30-aed3-46fdf622ea98,C:\Users\USUARIO\Documents\Downloads\BASE DE DATOS 1974-2018 PDFs. WSS\2005\2005-03-04 La Gran Voz como de Trompeta (WSS) Mexico.pdf,2005-03-04,La Gran Voz como de Trompeta.,orden_logico,,,0.000000
4999c429-065b-4572-acab-60dd8116fefa,994ebbcc-3f30-448e-badc-33cfaad60d0e,"C:\Users\USUARIO\Documents\Downloads\BASE DE DATOS 1974-2018 PDFs. WSS\2005\2005-03-05 Probad los espiritus (WSS) Villahermosa, México.pdf",2005-03-05,Probad los espiritus.,orden_logico,,,0.000000
6d1c53ab-5b44-4b70-9ea7-94dd0f184951,994ebbcc-3f30-448e-badc-33cfaad60d0e,C:\Users\USUARIO\Documents\Downloads\BASE DE DATOS 1974-2018 PDFs. WSS\REUNIÓN DE MINISTROS\2005-03-05 Probad los espíritus - RM (WSS) México.pdf,2005-03-05,Probad los espiritus.,orden_logico,,,0.000000
271d9df6-8b38-40ac-8efc-09d4223a0862,b0dab8be-b3a2-4b36-9f37-f5bc82610d09,C:\Users\USUARIO\Documents\Downloads\BASE DE DATOS 1974-2018 PDFs. WSS\2005\2005-03-05 Las Maestras guardando la Palabra en Su corazón para instruir a los Niños (WSS) México.pdf,2005-03-05,las maestras guardando la palabra en su corazon para instruir a los niños.,orden_logico,,,0.000000
1d6bc03d-3aa3-4c3f-bf3a-ad58c5ea39b4,2d610b86-9c94-4d87-bed0-83cee736a77d,"C:\Users\USUARIO\Documents\Downloads\BASE DE DATOS 1974-2018 PDFs. WSS\2005\2005-03-05 Damas sirviendo a Dios y obedeciendo Su Voz (WSS) Villahermosa, México.pdf",2005-03-05,Damas sirviendo a Dios y obedeciendo su Voz.,orden_logico,,,0.000000
38951560-285e-4bc4-9a8c-60f7ffed673d,ce8bcbd8-059d-4273-94b3-3855288a459f,C:\Users\USUARIO\Documents\Downloads\BASE DE DATOS 1974-2018 PDFs. WSS\2005\2005-03-06 El Misterio de la Edad de la Piedra Angular (WSS) Mexico.pdf,2005-03-06,El misterio de la edad de la piedra angular.,orden_logico,,,0.000000
8949bb3d-9177-4549-be30-456703a00cdb,97322b1a-b292-4b9a-9499-80dbbdeec28f,"C:\Users\USUARIO\Documents\Downloads\BASE DE DATOS 1974-2018 PDFs. WSS\2005\2005-03-07 Recibiendo al enviado de Jesucristo (WSS) Tuxtla Gutiérrez, Chiapas, México.pdf",2005-03-07,Recibiendo al enviado de Jesucristo.,orden_logico,,,0.000000
2456a27c-8420-4ad9-ba7b-a20177aa80df,05b698a3-0f44-4407-a67a-bfca4470bf96,C:\Users\USUARIO\Documents\Downloads\BASE DE DATOS 1974-2018 PDFs. WSS\2005\2005-03-08 Las Escrituras que se cumplen Hoy (WSS) Mexico.pdf,2005-03-08,Las Escrituras que se cumplen hoy.,orden_logico,,,0.000000
def2dedf-03cb-43d5-a640-89ffab54d0f3,28c56965-0f03-4c7b-856a-7b9d7531452a,C:\Users\USUARIO\Documents\Downloads\BASE DE DATOS 1974-2018 PDFs. WSS\2005\2005-03-09 Buscando la Ciudad Eterna (WSS) Mexico.pdf,2005-03-09,Buscando la ciudad eterna.,orden_logico,,,0.000000
04903b8d-6be0-4084-9500-f5010afc0b87,8eb0f2d4-f839-437e-88a2-fcde9db87b74,C:\Users\USUARIO\Documents\Downloads\BASE DE DATOS 1974-2018 PDFs. WSS\2005\2005-03-09 Jesucristo construyendo Su Templo con piedras vivas (WSS) Mexico.pdf,2005-03-09,Jesucristo construyendo su templo con piedras vivas.,orden_logico,,,0.000000
e63ec3fa-3cbe-47af-8612-c892a25d6708,ec18fcfb-a364-40a3-a911-69009e502486,"C:\Users\USUARIO\Documents\Downloads\BASE DE DATOS 1974-2018 PDFs. WSS\2005\2005-03-10 Vestidos de Jesucristo (WSS) Mérida, Yucatán, México.pdf",2005-03-10,Vestidos de Jesucristo.,orden_logico,,,0.000000
59a1c24f-078a-48f0-aa5a-e2e9e444cd29,5b859fc2-7dae-48d9-a745-6959061412ee,C:\Users\USUARIO\Documents\Downloads\BASE DE DATOS 1974-2018 PDFs. WSS\2005\2005-03-11 Los siete Angeles de la Iglesia en las Manos de Jesucristo (WSS) Mexico.pdf,2005-03-11,Los Siete Angeles de la iglesia en las manos de Jesucristo.,orden_logico,,,0.000000
c6153974-adde-400b-8c53-20d6b793efd3,e71ed2ad-1f8b-44bc-9ee1-7836f29ab5a7,C:\Users\USUARIO\Documents\Downloads\BASE DE DATOS 1974-2018 PDFs. WSS\2005\2005-03-12 El Espíritu Santo preparando a las Maestras de niños para servir mejor (WSS) México.pdf,2005-03-12,El Espiritu Santo preparando a las maestras de niños para servir mejor.,orden_logico,,,0.000000
36cfdaf2-b522-44e8-add9-b53762269510,aef45a2a-46da-40c1-8adb-860ff2292c2e,"C:\Users\USUARIO\Documents\Downloads\BASE DE DATOS 1974-2018 PDFs. WSS\2005\2005-03-12 Las Damas Obedeciendo lo dicho por El profeta Elias (WSS) Santa Marta, Mexico.pdf",2005-03-12,Las Damas Obedeciendo lo dicho por El profeta Elias.,orden_logico,,,0.000000
de7cee50-d0ea-43d4-bca5-54797c880f6d,99f4a4ea-1e67-4c8b-b6f1-e73c9cebc81b,C:\Users\USUARIO\Documents\Downloads\BASE DE DATOS 1974-2018 PDFs. WSS\2005\2005-03-13 El Diseño del Templo Celestial (WSS) Mexico.pdf,2005-03-13,El Diseño del Templo Celestial.,orden_logico,,,0.000000
27b1eefa-a32b-4df9-8245-8a0db7c96cc8,acbc25bf-a768-4790-8e11-667677c023e5,"C:\Users\USUARIO\Documents\Downloads\BASE DE DATOS 1974-2018 PDFs. WSS\2005\2005-03-15 El Espíritu de Dios se mueve (WSS) Zona 7, Guatemala.pdf",2005-03-15,El espiritu de Dios se mueve.,orden_logico,,,0.000000
0b9e0de6-a841-45d1-9d29-487825617506,4078f794-0a76-4d9a-ad65-f9a1cf29ac84,"C:\Users\USUARIO\Documents\Downloads\BASE DE DATOS 1974-2018 PDFs. WSS\2005\2005-03-16 La poderosa Mano de Dios (WSS) San Bartolomé, Guatemala.pdf",2005-03-16,La poderosa mano de Dios.,orden_logico,,,0.000000
dbe457e1-9430-4b77-bdd3-cb9380ca7eed,c2979190-02ad-46cc-89fb-e9bfd82ce2ef,"C:\Users\USUARIO\Documents\Downloads\BASE DE DATOS 1974-2018 PDFs. WSS\2005\2005-03-17 Los Pies de Dios (WSS) Zona 18, Guatemala.pdf",2005-03-17,Los Pies de Dios.,orden_logico,,,0.000000
62e8e330-90c8-4bb5-aeb7-e9f6f9d06d7f,a3f172b8-4610-45cc-968e-18c0d5bb2104,"C:\Users\USUARIO\Documents\Downloads\BASE DE DATOS 1974-2018 PDFs. WSS\2005\2005-03-18 Los Ojos de Dios (WSS) Tegucigalpa, Honduras.pdf",2005-03-18,Los ojos de Dios.,orden_logico,,,0.000000
7024d026-dead-4ef7-a8cf-b7d95ef77033,9d0dac15-8227-4d43-b8df-94d7e4985acb,C:\Users\USUARIO\Documents\Downloads\BASE DE DATOS 1974-2018 PDFs. WSS\2005\2005-03-20 La Boca de Dios revela el Nombre de Dios (WSS) El Salvador.pdf,2005-03-20,La Boca de Dios Revela El Nombre de Dios.,orden_logico,,,0.000000
c7acd78f-fb34-44af-b90b-77af0cec8949,5af46397-d0e5-4834-8d01-8aba6ad1d61b,"C:\Users\USUARIO\Documents\Downloads\BASE DE DATOS 1974-2018 PDFs. WSS\2005\2005-03-21 La Vestidura de Dios (WSS) Chinandega, Nicaragua.pdf",2005-03-21,La Vestidura de Dios.,orden_logico,,,0.000000
08a1097a-5f1e-4497-97df-c95b0d01f851,792a95c0-94df-4d7d-a5b9-528fc0076806,"C:\Users\USUARIO\Documents\Downloads\BASE DE DATOS 1974-2018 PDFs. WSS\2005\2005-03-22 El Camino de Dios (WSS) San José, Costa Rica.pdf",2005-03-22,El Camino de Dios.,orden_logico,,,0.000000
1b307f0e-483f-4096-bc80-fff52b26d612,390e71f3-2380-49db-b2da-c0fc1e33dac9,"C:\Users\USUARIO\Documents\Downloads\BASE DE DATOS 1974-2018 PDFs. WSS\2005\2005-03-23 El Reino de Dios (WSS) Ciudad Panamá, Panamá.pdf",2005-03-23,El Reino de Dios.,orden_logico,,,0.000000
66901c35-3945-4b45-b78d-5337ec244890,43b6567b-d49b-4c66-b316-ac964a4c5aeb,"C:\Users\USUARIO\Documents\Downloads\BASE DE DATOS 1974-2018 PDFs. WSS\2005\2005-03-25  El que venció clavado en la Cruz (WSS) Cayey, Puerto Rico.pdf",2005-03-25,El que vencio clavado en la cruz.,orden_logico,,,0.000000
3a6808a7-612e-48c4-8c68-b1529702a835,06d7a308-db0e-49ce-abe5-982367d04737,"C:\Users\USUARIO\Documents\Downloads\BASE DE DATOS 1974-2018 PDFs. WSS\2005\2005-03-26 Vencedores por medio de Jesucristo - RM (WSS) Cayey, Puerto Rico.pdf",2005-03-26,RM Vencedores por medio de Jesucristo.,orden_logico,,,0.000000
2706abae-c0bb-4db8-9b95-ff7bcd55e491,bbba1418-2948-41b5-94c5-23701975224a,"C:\Users\USUARIO\Documents\Downloads\BASE DE DATOS 1974-2018 PDFs. WSS\2005\2005-03-27 El que venció al sepulcro (WSS) Cayey, Puerto Rico.pdf",2005-03-27,El que Vencio al sepulcro.,orden_logico,,,0.000000
23ead5b4-3fc7-416b-93c4-3986e07437a0,a948ffb2-a77b-4309-9515-2c462e1fb316,"C:\Users\USUARIO\Documents\Downloads\BASE DE DATOS 1974-2018 PDFs. WSS\2005\2005-04-01 Dios sigue añadiendo almas a su Iglesia (WSS) Cayey, Puerto Rico.PDF",2005-04-01,Dios sigue añadiendo almas a su Iglesia.,orden_logico,,,0.000000
c87ca71d-68db-4a86-8d4c-e5afa64905c3,728f859c-7f1a-485c-8bff-23afe9a41839,"C:\Users\USUARIO\Documents\Downloads\BASE DE DATOS 1974-2018 PDFs. WSS\2005\2005-04-03 Siguiendo al guia Divino llegaremos al lugar seguro (WSS) Cayey, Puerto Rico.pdf",2005-04-03,Siguiendo al guia Divino llegaremos al lugar seguro.,orden_logico,,,0.000000
0f54500f-a161-4763-82c8-99d9e1858ad1,e2162bd7-353d-4d53-96bb-1be9849b6a0d,"C:\Users\USUARIO\Documents\Downloads\BASE DE DATOS 1974-2018 PDFs. WSS\2005\2005-04-05 La invitacion de Cristo sigue Vigente hoy (WSS) Cartagena, Colombia.PDF",2005-04-05,La invitacion de Cristo sigue Vigente hoy.,orden_logico,,,0.000000
0112321b-3e60-4f8a-8858-291d4ab49c27,e0108769-a7db-40ef-beae-5c1f16c5c0cc,"C:\Users\USUARIO\Documents\Downloads\BASE DE DATOS 1974-2018 PDFs. WSS\2005\2005-04-06 Cristo El Centro de la Fe (WSS) Barranquilla, Colombia.pdf",2005-04-06,Cristo El Centro de la Fe.,orden_logico,,,0.000000
6219989e-eb46-4822-8111-5137817aa1be,c184930f-1464-483d-b622-b87e8bd02530,"C:\Users\USUARIO\Documents\Downloads\BASE DE DATOS 1974-2018 PDFs. WSS\2005\2005-04-07 He aqui el tabernaculo de Dios con los hombres (WSS) Cali, Colombia.pdf",2005-04-07,He aqui el tabernaculo de Dios con los hombres.,orden_logico,,,0.000000
36fd2358-4fc3-4894-9188-c8f4e21ebdd8,5d33cf3e-faa4-43d4-bc3a-d4bec51311de,"C:\Users\USUARIO\Documents\Downloads\BASE DE DATOS 1974-2018 PDFs. WSS\2005\2005-04-07 La Meta de Dios (WSS) Santa Marta, Colombia.pdf",2005-04-07,La Meta de Dios.,orden_logico,,,0.000000
5b853866-2949-497d-aa6a-5147915b112d,73d5ad8f-6673-449a-be0f-b54aa9d661c1,"C:\Users\USUARIO\Documents\Downloads\BASE DE DATOS 1974-2018 PDFs. WSS\2005\2005-04-08 El Amado de Dios (WSS) Bogota, Colombia.pdf",2005-04-08,El Amado de Dios.,orden_logico,,,0.000000
bd6117aa-3245-4f70-8ab2-52f6a7b59b3f,4cca8c46-688c-4669-b447-8da807f21dde,"C:\Users\USUARIO\Documents\Downloads\BASE DE DATOS 1974-2018 PDFs. WSS\2005\2005-04-08 Examinaos a Vosotros mismos si estais en la Fe - RM (WSS) Cali, Colombia.pdf",2005-04-08,RM Examinaos a Vosotros mismos si estais en la Fe.,orden_logico,,,0.000000
364931e6-2efb-4085-8cf0-8a48c204be69,53903a62-5891-4851-b686-c35fd3cd2b2e,C:\Users\USUARIO\Documents\Downloads\BASE DE DATOS 1974-2018 PDFs. WSS\2005\2005-04-09 Prosigo a la meta al Premio de Dios - RM (WSS).pdf,2005-04-09,Prosigo a la meta al Premio de Dios.,orden_logico,,,0.000000
f3d2ba36-791e-4518-b120-11f6611957e3,4231c84b-9063-4f3f-b42c-e8fd2c87cfe4,"C:\Users\USUARIO\Documents\Downloads\BASE DE DATOS 1974-2018 PDFs. WSS\2005\2005-04-10 Lo que esta escrito cumplimiento tiene (WSS) Bogota, Colombia.pdf",2005-04-10,Lo que esta escrito cumplimiento tiene.,orden_logico,,,0.000000
0e11f1f7-f3fb-4a7b-80f3-d69053bf6b86,2195b354-7027-4daa-853a-fb43211374fe,"C:\Users\USUARIO\Documents\Downloads\BASE DE DATOS 1974-2018 PDFs. WSS\2005\2005-04-11 Dios nos lleva a un lugar Seguro (WSS) Yopal, Casanare, Colombia.pdf",2005-04-11,Dios nos lleva a un lugar Seguro.,orden_logico,,,0.000000
027ed327-c6e6-4bdb-b6b8-fe585f2b040c,d4aca66f-b712-4c25-91b9-d7c106ec8a13,"C:\Users\USUARIO\Documents\Downloads\BASE DE DATOS 1974-2018 PDFs. WSS\2005\2005-04-12 Una Esperanza Viva (WSS) Villavicencio, Colombia.pdf",2005-04-12,Una Esperanza Viva.,orden_logico,,,0.000000
8745b222-6895-4070-be00-80dd497870b1,b11b56e6-9a4f-4927-9cf6-0da74056654d,C:\Users\USUARIO\Documents\Downloads\BASE DE DATOS 1974-2018 PDFs. WSS\2005\2005-04-14 El Misterio del Mesías trayendo la Paz a Israel (WSS) Brasil.pdf,2005-04-14,El misterio del Mesias trayendo la Paz a Israel.,orden_logico,,,0.000000
7a3cb324-070b-47aa-9b08-4b87fb0d3331,2352dabb-0366-436c-8b01-474ed3bb3f9f,"C:\Users\USUARIO\Documents\Downloads\BASE DE DATOS 1974-2018 PDFs. WSS\2005\2005-04-15 El hambre de oir la palabra de Dios prometida para nuestro tiempo (WSS) Brasilia, Brasil.pdf",2005-04-15,El hambre de oir la palabra de Dios prometida para nuestro tiempo.,orden_logico,,,0.000000
135dc8ca-afa0-442f-ba48-f48ccadaca09,5a4cd558-a750-45e0-af06-784e68016047,"C:\Users\USUARIO\Documents\Downloads\BASE DE DATOS 1974-2018 PDFs. WSS\2005\2005-04-17 Actividad Especial (WSS) Goiania, Brasil.pdf",2005-04-17,Actividad Especial.,orden_logico,,,0.000000
8de88d4f-c40c-45f2-b481-99af09a7fa16,0fdbd51e-16a8-4e4e-b63c-bf9e94a5f7ef,"C:\Users\USUARIO\Documents\Downloads\BASE DE DATOS 1974-2018 PDFs. WSS\2005\2005-04-19 Dios proveyendo lo que faltaba (WSS) Leme, San Pablo, Brasil.pdf",2005-04-19,Dios proveyendo lo que faltaba.,orden_logico,,,0.000000
99d11da8-dd06-4ddb-ae66-3dd4122f9f0c,1921b002-306a-40d6-9bf6-b681e2dbf81c,"C:\Users\USUARIO\Documents\Downloads\BASE DE DATOS 1974-2018 PDFs. WSS\2005\2005-04-20 El Unico sacrificio que quita el Pecado (WSS) Araçatuba, Brasil.pdf",2005-04-20,El Unico sacrificio que quita el Pecado.,orden_logico,,,0.000000
c3352f54-bbda-4e71-a20d-96a68658dcdc,ccbdabbd-99a6-44c0-a770-de0a29f26250,"C:\Users\USUARIO\Documents\Downloads\BASE DE DATOS 1974-2018 PDFs. WSS\2005\2005-04-21 Jesucristo Revelado por su Angel (WSS) Birigui, Sao Paulo, Brasil.pdf",2005-04-21,Jesucristo Revelado por su Angel.,orden_logico,,,0.000000
157fcafc-7b06-432e-88ac-d71c3ea06cc9,22c82a9c-d3cf-48d7-bbb8-139a824d36a8,"C:\Users\USUARIO\Documents\Downloads\BASE DE DATOS 1974-2018 PDFs. WSS\2005\2005-04-22 El Angel del Señor Jesuscristo un Gran Profeta Dispensacional (WSS) Carapicuiba, Sao Paulo, Brasil.pdf",2005-04-22,El Angel del Señor Jesuscristo un Gran Profeta Dispensacional.,orden_logico,,,0.000000
00e0df3d-12c6-4a11-8025-6d609b62c545,5237d9e8-0826-401e-b5d1-b1e7114365dc,"C:\Users\USUARIO\Documents\Downloads\BASE DE DATOS 1974-2018 PDFs. WSS\2005\2005-04-24 Dios difiere sus juicios por amor de su Nombre (WSS) San Pablo, Brasil.pdf",2005-04-24,Dios difiere sus juicios por amor de su Nombre.,orden_logico,,,0.000000
0a5346af-f5ef-436f-a1bf-5af0555d15de,f40212f0-d6df-4069-bb13-b9873fbbc1e0,"C:\Users\USUARIO\Documents\Downloads\BASE DE DATOS 1974-2018 PDFs. WSS\2005\2005-04-25 Las ovejas que conocen la Voz del buen Pastor (WSS) San Lorenzo, Paraguay.PDF",2005-04-25,Las ovejas que conocen la Voz del buen Pastor.,orden_logico,,,0.000000
536155d1-b182-49c1-969d-10385fae800c,f7aaec3a-6637-44da-a460-bd15441a7651,C:\Users\USUARIO\Documents\Downloads\BASE DE DATOS 1974-2018 PDFs. WSS\2005\2005-04-26 El Angel con las llaves del abismo - RM (WSS) Paraguay.PDF,2005-04-26,RM El Angel con las llaves del abismo.,orden_logico,,,0.000000
0595f602-d819-402d-9299-a50fc25689bd,a2cb1108-378f-416a-af37-bacc0b3e7896,"C:\Users\USUARIO\Documents\Downloads\BASE DE DATOS 1974-2018 PDFs. WSS\2005\2005-04-26 Un Rebaño y un Pastor (WSS) Leme, San Pablo, Brasil.pdf",2005-04-26,Un Rebano y un Pastor.,orden_logico,,,0.000000
75f907ff-556c-42dd-8020-c5ea8bcdcacd,1e60cfef-380d-420a-b9fc-f71a7f343606,"C:\Users\USUARIO\Documents\Downloads\BASE DE DATOS 1974-2018 PDFs. WSS\2005\2005-04-27 El Angel parado en el Sol (WSS) Asunción, Paraguay.pdf",2005-04-27,El Angel parado en el Sol.,orden_logico,,,0.000000
5ab33ac7-71d1-4fbc-93d8-cfff09c13259,af65177f-632b-40c2-8f0c-6223c6d22c86,"C:\Users\USUARIO\Documents\Downloads\BASE DE DATOS 1974-2018 PDFs. WSS\2005\2005-04-28 La Familia de Dios (WSS) Buenos Aires, Argentina.pdf",2005-04-28,La Familia de Dios.,orden_logico,,,0.000000
7c59512f-2a37-4968-ad58-04fd9a82cf7d,640bd3fc-8778-4df3-8f58-2e8d392285ff,"C:\Users\USUARIO\Documents\Downloads\BASE DE DATOS 1974-2018 PDFs. WSS\2005\2005-04-29 La Salvacion de Dios (WSS) Rosario, Argentina.pdf",2005-04-29,La Salvacion de Dios.,orden_logico,,,0.000000
a6b68063-cf36-49c4-96e2-2cd5333b8f87,48e765b7-ad70-4daf-89da-711935e5f4e2,"C:\Users\USUARIO\Documents\Downloads\BASE DE DATOS 1974-2018 PDFs. WSS\2005\2005-04-30 La Mies de Dios - RM (WSS) Córdoba, Argentina.pdf",2005-04-30,La Mies de Dios.,orden_logico,,,0.000000
d6f9a615-6b92-4bb8-8823-ae547632be3a,581dca34-1b40-43c2-ada8-3fe2720378b2,"C:\Users\USUARIO\Documents\Downloads\BASE DE DATOS 1974-2018 PDFs. WSS\2005\2005-05-01 La Esposa de Dios (WSS) Buenos Aires, Argentina.pdf",2005-05-01,La Esposa de Dios.,orden_logico,,,0.000000
f7ad70e9-7bc9-4d11-ba7c-c637b4ece3bb,60e7a494-4f6c-49f6-8c75-f59d47229e43,"C:\Users\USUARIO\Documents\Downloads\BASE DE DATOS 1974-2018 PDFs. WSS\2005\2005-05-01 El Libro de Dios (WSS) Córdoba, Argentina.pdf",2005-05-01,El Libro de Dios.,orden_logico,,,0.000000
bca55203-ff0b-412d-b8d9-b7a2be4febcc,eedb101f-6258-4bd6-bdfa-506bd6d7f370,"C:\Users\USUARIO\Documents\Downloads\BASE DE DATOS 1974-2018 PDFs. WSS\2005\2005-05-03 Viendo El Cielo Abierto (WSS) Valparaíso, Chile.pdf",2005-05-03,Viendo El Cielo Abierto.,orden_logico,,,0.000000
783c7b14-83f7-4cc4-9bce-cdedf5a36fc9,587dacfc-be31-4d1a-8013-4a5b9fe4e181,"C:\Users\USUARIO\Documents\Downloads\BASE DE DATOS 1974-2018 PDFs. WSS\2005\2005-05-05 El avivamiento del dia postrero (WSS) Talcahuano, Chile.pdf",2005-05-05,El avivamiento del dia postrero.,orden_logico,,,0.000000
4bb6e087-6b28-467d-a6cb-9eb1de52d5e6,4bcf4fa6-b662-4f23-9c64-87bb091cceed,"C:\Users\USUARIO\Documents\Downloads\BASE DE DATOS 1974-2018 PDFs. WSS\2005\2005-05-06 La Fe es un don de Dios (WSS) Lo Prado, Chile.pdf",2005-05-06,La Fe es un don de Dios.,orden_logico,,,0.000000
148434ea-3bfb-4710-a461-fcf537b9ab7f,6512b2e3-51b7-40d8-a0ce-497cb33a8009,"C:\Users\USUARIO\Documents\Downloads\BASE DE DATOS 1974-2018 PDFs. WSS\2005\2005-05-07 La Palabra Viviente - RM (WSS) Santiago de Chile, Chile.pdf",2005-05-07,RM La Palabra Viviente.,orden_logico,,,0.000000
2c1271d1-26a2-4a09-a97d-3e7a8f808757,6512b2e3-51b7-40d8-a0ce-497cb33a8009,"C:\Users\USUARIO\Documents\Downloads\BASE DE DATOS 1974-2018 PDFs. WSS\REUNIÓN DE MINISTROS\2005-05-07 La Palabra Viviente -RM (WSS) Santiago de Chile, Chile.pdf",2005-05-07,RM La Palabra Viviente.,orden_logico,,,0.000000
c26d773a-97e4-431a-8293-379960ca6d4d,5147f5b1-68dd-4553-94c1-90db70d84749,"C:\Users\USUARIO\Documents\Downloads\BASE DE DATOS 1974-2018 PDFs. WSS\2005\2005-05-08 El contraste entre la Esposa del Cordero y la esposa del anticristo (WSS) Santiago de Chile, Chile.pdf",2005-05-08,El contraste entre la Esposa del Cordero y la esposa del anticristo.,orden_logico,,,0.000000
ba3b4c78-3cfd-4c43-a2b0-a81bcdd9f11a,265e4078-d5b7-48ba-a2cc-ac0db12c1806,"C:\Users\USUARIO\Documents\Downloads\BASE DE DATOS 1974-2018 PDFs. WSS\2005\2005-05-09 La Fe viene por el Oir la palabra de Dios (WSS) Copiapo, Chile.PDF",2005-05-09,La Fe viene por el Oir la palabra de Dios.,orden_logico,,,0.000000
3e04fd9f-0f44-4bb8-92be-378c9a38bf89,81531fc7-c35f-4ef4-81a3-dded06d6448b,"C:\Users\USUARIO\Documents\Downloads\BASE DE DATOS 1974-2018 PDFs. WSS\2005\2005-05-11 El que nos guia al lugar seguro (WSS) Arica, Chile.pdf",2005-05-11,El que nos guia al lugar seguro.,orden_logico,,,0.000000
3fccb281-3e4b-427b-a455-ea3ee5428b1b,cff83e62-4a5d-44ef-ae75-18fb3645106b,"C:\Users\USUARIO\Documents\Downloads\BASE DE DATOS 1974-2018 PDFs. WSS\2005\2005-05-12 Que Dios los llene de gozo y paz (WSS) La Paz, Bolivia.pdf",2005-05-12,Que Dios los llene de gozo y paz.,orden_logico,,,0.000000
dea48ff6-208d-4863-97de-39dde53e35c1,a8e95703-b5ef-431b-844b-0ef032996e41,"C:\Users\USUARIO\Documents\Downloads\BASE DE DATOS 1974-2018 PDFs. WSS\2005\2005-05-13 Poniendo nuestros ojos en la cosas Eternas (WSS) Santa Cruz, Bolivia.pdf",2005-05-13,Poniendo nuestros ojos en la cosas Eternas.,orden_logico,,,0.000000
18d347bb-531d-44d8-ba0b-d1dd52d960c2,a6b2185d-d1aa-4562-a337-aacf575d4316,"C:\Users\USUARIO\Documents\Downloads\BASE DE DATOS 1974-2018 PDFs. WSS\2005\2005-05-14 La Ayuda Idonea del Señor Jesucristo (WSS) Santa Cruz, Bolivia.pdf",2005-05-14,La Ayuda Idonea del Señor Jesucristo.,orden_logico,,,0.000000
5d2b8abe-95fd-44d1-a3b0-d0a8e91e5495,884b3e22-9acf-4748-9af0-dc23ff8df075,"C:\Users\USUARIO\Documents\Downloads\BASE DE DATOS 1974-2018 PDFs. WSS\2005\2005-05-15 La mejor bendicion reservada para los postreros (WSS) Santa Cruz, Bolivia.pdf",2005-05-15,La mejor bendicion reservada para los postreros.,orden_logico,,,0.000000
f3d63b07-d9de-40a5-9d0f-61ee6dd6f464,d9f60acc-4feb-4fef-add2-1eb4d139d94e,C:\Users\USUARIO\Documents\Downloads\BASE DE DATOS 1974-2018 PDFs. WSS\2005\2005-05-18 Jesucristo Buscando al perdido (WSS) Peru.pdf,2005-05-18,Jesucristo buscando al perdido.,orden_logico,,,0.000000
acc8f536-68f2-4e29-99de-820dcc51c3f7,627f9421-0ce9-4148-859d-41fb3a9b8725,"C:\Users\USUARIO\Documents\Downloads\BASE DE DATOS 1974-2018 PDFs. WSS\2005\2005-05-20 El Vestido de los Invitados de boda (WSS) Trujillo, Perú.pdf",2005-05-20,El Vestido de los Invitados de boda.,orden_logico,,,0.000000
88af16a6-e1d3-4a3b-9d12-0b978b98d32f,d4a4f34e-8819-47d8-93a7-1bd5ed512398,"C:\Users\USUARIO\Documents\Downloads\BASE DE DATOS 1974-2018 PDFs. WSS\2005\2005-05-22 Las Grandes Promesas de Dios para El Creyente (WSS) Lima, Perú.pdf",2005-05-22,Las Grandes Promesas de Dios para El Creyente.,orden_logico,,,0.000000
c11cad45-3fc5-4438-bf71-dace092d82ae,3f3f06aa-66d9-4423-9b11-24c5ef2362f1,"C:\Users\USUARIO\Documents\Downloads\BASE DE DATOS 1974-2018 PDFs. WSS\2005\2005-05-23 Las Parabolas de Jesus Revelan las cosas escondidas desde la fundacion del mundo (WSS) Ibarra, Ecuador.PDF",2005-05-23,Las Parabolas de Jesus Revelan las cosas escondidas desde la fundacion del mundo.,orden_logico,,,0.000000
d35e2381-8441-4f8c-8b3a-41ffcf830751,c6a43843-8397-4ad2-89ff-f5562980f76a,"C:\Users\USUARIO\Documents\Downloads\BASE DE DATOS 1974-2018 PDFs. WSS\2005\2005-05-24 El Tiempo de las Obras Mayores (WSS) Ibarra, Ecuador.pdf",2005-05-24,El Tiempo de las Obras Mayores.,orden_logico,,,0.000000
1a559180-0ffc-48ea-ad7b-7b6196ac76d5,d34ab914-801b-4874-afa1-ab711252bf5b,"C:\Users\USUARIO\Documents\Downloads\BASE DE DATOS 1974-2018 PDFs. WSS\2005\2005-05-24 La Parabola del Sembrador (WSS) Ibarra, Ecuador.PDF",2005-05-24,La Parabola del Sembrador.,orden_logico,,,0.000000
6c991644-3e69-4a68-8c84-6da11c1286d5,731fdbd9-1210-421c-92a6-be4d56f24ab2,"C:\Users\USUARIO\Documents\Downloads\BASE DE DATOS 1974-2018 PDFs. WSS\2005\2005-05-25 La parabola del trigo y la Cizaña (WSS) Quito, Ecuador.PDF",2005-05-25,La parabola del trigo y la Cizana.,orden_logico,,,0.000000
eeeca4a0-35d3-4f85-89c0-7cecb2cdced1,47e2432c-8927-4e37-a844-207c919ac755,"C:\Users\USUARIO\Documents\Downloads\BASE DE DATOS 1974-2018 PDFs. WSS\2005\2005-05-26 La parabola del Mayordomo Fiel y Prudente - RM (WSS) Quito, Ecuador.pdf",2005-05-26,La parabola del Mayordomo Fiel y Prudente.,orden_logico,,,0.000000
adc85094-7342-4f07-bc16-1cb70dd0750d,e09da921-4c87-4a7b-b92f-1a189fa8132e,"C:\Users\USUARIO\Documents\Downloads\BASE DE DATOS 1974-2018 PDFs. WSS\2005\2005-05-27 El Amigo de Dios (WSS) Palmira, Colombia.PDF",2005-05-27,El Amigo de Dios.,orden_logico,,,0.000000
3921556b-1f2f-49b2-8183-b681c0913cc0,3a98865c-8c4c-45ba-894e-1c8240243c5d,C:\Users\USUARIO\Documents\Downloads\BASE DE DATOS 1974-2018 PDFs. WSS\2005\2005-05-29 La Herencia incorruptible (WSS) Colombia.PDF,2005-05-29,La herencia incorruptible.,orden_logico,,,0.000000
17ba7033-5acf-42f0-bb28-5dded5458f88,fc5f5019-0c4d-4a48-9e2e-c481c553e13a,"C:\Users\USUARIO\Documents\Downloads\BASE DE DATOS 1974-2018 PDFs. WSS\2005\2005-05-30 Jesucristo El Amor de Dios expresado (WSS) Pereira, Colombia.pdf",2005-05-30,Jesucristo El Amor de Dios expresado.,orden_logico,,,0.000000
cee8535d-7cc0-410a-89d1-7193cdd1f4d1,f27b5c7c-2fc8-4af5-9317-50d90d8e4c3d,"C:\Users\USUARIO\Documents\Downloads\BASE DE DATOS 1974-2018 PDFs. WSS\2005\2005-05-31 La Casa de Dios (WSS) Medellín, Colombia.pdf",2005-05-31,La Casa de Dios.,orden_logico,,,0.000000
eb2c31b3-1d58-4cf9-8d43-bd7916f9fc3a,9c414889-ebcb-4b2a-9258-129a6c149ad1,C:\Users\USUARIO\Documents\Downloads\BASE DE DATOS 1974-2018 PDFs. WSS\2005\2005-06-01 Los Hijos de Dios (WSS) Colombia.pdf,2005-06-01,Los hijos de Dios.,orden_logico,,,0.000000
a97177c1-2353-4296-8c9f-e4d7ec42a9f5,0d1c45dd-695e-4714-9b9d-c13df3077e99,"C:\Users\USUARIO\Documents\Downloads\BASE DE DATOS 1974-2018 PDFs. WSS\2005\2005-06-01 Ensancha el sitio de tu tienda - RM (WSS) Cartagena, Colombia.pdf",2005-06-01,RM Ensancha el sitio de tu tienda,orden_logico,,,0.000000
c7cab977-7c74-442b-8698-adb0523d0cd3,6ce540ab-9166-4884-a195-fa4938c6fbfc,"C:\Users\USUARIO\Documents\Downloads\BASE DE DATOS 1974-2018 PDFs. WSS\2005\2005-06-03 Jesucristo, el Sol de Justicia (WSS) Colombia.pdf",2005-06-03,Jesucristo El Sol de Justicia.,orden_logico,,,0.000000
3a115ca1-cc91-42ca-8cee-8e6ecf9aa437,9d4cdc21-0cd2-42b0-809f-be8d22d331b5,"C:\Users\USUARIO\Documents\Downloads\BASE DE DATOS 1974-2018 PDFs. WSS\2005\2005-06-04 El Secreto de Dios hoy - RM (WSS) Bogota, Colombia.pdf",2005-06-04,El Secreto de Dios hoy.,orden_logico,,,0.000000
257c8710-f3c9-4078-8068-95832abf2b7b,f45a8041-35c3-4755-9e51-a5f404b1d190,C:\Users\USUARIO\Documents\Downloads\BASE DE DATOS 1974-2018 PDFs. WSS\2005\2005-06-05 El Templo de Dios (WSS) Colombia.pdf,2005-06-05,El Templo de Dios.,orden_logico,,,0.000000
477926b8-9999-44d9-9ef9-80a96a21d406,bc3fdff6-6d81-45aa-891f-cce599423a50,C:\Users\USUARIO\Documents\Downloads\BASE DE DATOS 1974-2018 PDFs. WSS\2005\2005-06-06 La parábola del hijo pródigo (WSS) Colombia.pdf,2005-06-06,La parabola del hijo prodigo.,orden_logico,,,0.000000
8f7c4109-38d5-4a01-b4ee-6478f9a7cf91,2f5fe92e-0216-4655-ae38-200c8a603252,C:\Users\USUARIO\Documents\Downloads\BASE DE DATOS 1974-2018 PDFs. WSS\2005\2005-06-07 La Parábola del Buen Samaritano (WSS) Colombia.pdf,2005-06-07,La parabola del buen samaritano.,orden_logico,,,0.000000
e0a5ce31-7288-4642-969e-dd47760d152e,00d2cdd5-5bd1-44d2-a979-7319a71fa9f4,C:\Users\USUARIO\Documents\Downloads\BASE DE DATOS 1974-2018 PDFs. WSS\2005\2005-06-10 La Transición de Cordero a León (WSS) Brasil.pdf,2005-06-10,La transicion de Cordero a Leon.,orden_logico,,,0.000000
3bd3cba0-d92c-47d0-bf2f-e0d8e3e0f8d2,3ea36bcb-5d4f-4ec2-a0ac-aa4f0b12c8dd,C:\Users\USUARIO\Documents\Downloads\BASE DE DATOS 1974-2018 PDFs. WSS\2005\2005-06-12 El Libro en la Mano del Ángel Fuerte (WSS) Brasil.pdf,2005-06-12,El libro en la mano del Angel Fuerte.,orden_logico,,,0.000000
cbb5803b-5480-4a77-9966-921ea8fc61ed,12f7750c-eae1-423e-a61b-19e1a2e1afa2,"C:\Users\USUARIO\Documents\Downloads\BASE DE DATOS 1974-2018 PDFs. WSS\2005\2005-06-16 El Templo de Dios que esta en el Cielo - RM (WSS) Goiania, Brasil.pdf",2005-06-16,El Templo de Dios que esta en el Cielo.,orden_logico,,,0.000000
8dfb985f-14d0-4d9a-8840-c1a1a17aa83c,12f7750c-eae1-423e-a61b-19e1a2e1afa2,"C:\Users\USUARIO\Documents\Downloads\BASE DE DATOS 1974-2018 PDFs. WSS\REUNIÓN DE MINISTROS\2005-06-16 El templo de Dios que está en el Cielo -RM (WSS) Goiania, Brasil.pdf",2005-06-16,El Templo de Dios que esta en el Cielo.,orden_logico,,,0.000000
260fb50b-652a-4b5a-8704-5df3fdb99b20,777dcd18-830e-4540-9885-8a498e7b9d45,"C:\Users\USUARIO\Documents\Downloads\BASE DE DATOS 1974-2018 PDFs. WSS\2005\2005-06-18 El Occidente en el Programa de Dios - RM (WSS) Goiania, Brasil.pdf",2005-06-18,El Occidente en el Programa de Dios.,orden_logico,,,0.000000
8de91809-d30e-4ccb-89df-1f5840746d35,72d100c6-5f4e-493b-977d-fb231d6b93b3,"C:\Users\USUARIO\Documents\Downloads\BASE DE DATOS 1974-2018 PDFs. WSS\2005\2005-06-18 La Dispensacion del cumplimiento de los tiempos - RM (WSS) Goiania, Brasil.pdf",2005-06-18,RM La Dispensacion del cumplimiento de los tiempos.,orden_logico,,,0.000000
ce60d078-6865-46f6-907c-b0adfa98ae86,dbf33ad6-1d5b-49fd-848e-ca0f173dfe59,C:\Users\USUARIO\Documents\Downloads\BASE DE DATOS 1974-2018 PDFs. WSS\2005\2005-06-18 Palabras de saludo a las Damas (WSS) Brasil.pdf,2005-06-18,Palabras de Saludo a las Damas.,orden_logico,,,0.000000
a39ed58d-7a16-422b-826b-72f97bd682f7,00b02dcc-228d-4817-818c-91be57c5e613,C:\Users\USUARIO\Documents\Downloads\BASE DE DATOS 1974-2018 PDFs. WSS\2005\2005-06-19 El clamor del alma.pdf,2005-06-19,El Clamor del Alma.,orden_logico,,,0.000000
353dcf4d-2d9f-4c84-8c51-09cb54af3d1c,e7cda953-d8e0-4cd0-849e-4499252d0bb5,C:\Users\USUARIO\Documents\Downloads\BASE DE DATOS 1974-2018 PDFs. WSS\2005\2005-06-22 El derecho a la vida (WSS) Brasil.pdf,2005-06-22,El Derecho a la Vida.,orden_logico,,,0.000000
76c6584f-d5a7-461f-8133-c114a8356597,0f31985d-5645-4398-b8b5-d249eb6422ec,C:\Users\USUARIO\Documents\Downloads\BASE DE DATOS 1974-2018 PDFs. WSS\2005\2005-06-26 El Sello Misterioso (WSS) Brasil.pdf,2005-06-26,El Sello Misterioso.,orden_logico,,,0.000000
9db7ff25-4f54-4f48-ace9-f12d0f91bbb2,90aacd14-afb8-4b91-94b4-0e086c4b75df,C:\Users\USUARIO\Documents\Downloads\BASE DE DATOS 1974-2018 PDFs. WSS\2005\2005-07-03 La Restauración del Reino de Dios a Israel (WSS) Brasil.pdf,2005-07-03,La Restauracion del Reino de Dios a Israel.,orden_logico,,,0.000000
c84bdaac-440e-4dde-af27-18ab70a0cc2d,45a6da9b-8f8c-4821-9773-20f016b3ce8f,C:\Users\USUARIO\Documents\Downloads\BASE DE DATOS 1974-2018 PDFs. WSS\2005\2005-07-15 Una Nueva Creación (WSS) Brasil.pdf,2005-07-15,Una nueva creacion.,orden_logico,,,0.000000
b3a68ef2-12ff-4c56-a5c8-54a40f45e4a7,3b3d5b8a-81de-46e3-8ec6-101b117a87e3,"C:\Users\USUARIO\Documents\Downloads\BASE DE DATOS 1974-2018 PDFs. WSS\2005\2005-07-31 Dios hablando en los dias postreros (WSS) Rio de Janeiro, Brasil.pdf",2005-07-31,Dios hablando en los dias postreros.,orden_logico,,,0.000000
b03bb048-a5a4-48a2-b7e0-77b352a04465,b347c4fd-194b-42e3-a12c-b6ea134acef5,"C:\Users\USUARIO\Documents\Downloads\BASE DE DATOS 1974-2018 PDFs. WSS\2005\2005-07-31 La Voz de Dios hoy (WSS) Rio de Janeiro, Brasil.pdf",2005-07-31,La Voz de Dios hoy.,orden_logico,,,0.000000
1f2406b2-9fa9-4751-9aad-105424230cc8,6dad0dfa-8ba4-4817-a84c-3508fead07df,C:\Users\USUARIO\Documents\Downloads\BASE DE DATOS 1974-2018 PDFs. WSS\2005\2005-08-07 La Palabra inédita de Dios (WSS) Brasil.pdf,2005-08-07,La Palabra Inedita de Dios.,orden_logico,,,0.000000
b8957ee2-42f1-42c8-a26f-76e993cc945a,57a6bfcc-3880-422f-9217-18e1e682a7ce,C:\Users\USUARIO\Documents\Downloads\BASE DE DATOS 1974-2018 PDFs. WSS\2005\2005-08-14 La Espada de dos filos en la boca de un hombre (WSS) Brasil.pdf,2005-08-14,La Espada de dos filos en la boca de un hombre.,orden_logico,,,0.000000
18b2d252-e079-4075-a1d6-0a60700e5217,28212af5-c152-4683-bdb9-1a807a1215ef,C:\Users\USUARIO\Documents\Downloads\BASE DE DATOS 1974-2018 PDFs. WSS\2005\2005-08-18 Poniendo nuestros ojos en las cosas eternas (WSS) Mexico.pdf,2005-08-18,Poniendo nuestros ojos en las cosas eternas.,orden_logico,,,0.000000
5b2cec21-6f6e-475a-a1c0-535dd27c99b0,69347ecb-b36b-48f2-9b95-0dd4d051eddf,"C:\Users\USUARIO\Documents\Downloads\BASE DE DATOS 1974-2018 PDFs. WSS\2005\2005-08-20 El Misterio de Los Dos Ungidos que estan delante del Señor (WSS) Monterrey, México.pdf",2005-08-20,RM El Misterio de Los Dos Ungidos que estan delante del Señor.,orden_logico,,,0.000000
f7457ac0-c41a-44de-91d4-c38cdb8a055a,12040d4a-5e0a-4710-9074-5edfd6f6aeac,C:\Users\USUARIO\Documents\Downloads\BASE DE DATOS 1974-2018 PDFs. WSS\2005\2005-08-21 El gran misterio del Ángel del Señor Jesucristo (WSS) Mexico.pdf,2005-08-21,El Gran misterio del Angel del Señor Jesucristo.,orden_logico,,,0.000000
f5a98d0e-ff54-42e8-b7d2-f7023924d5d4,8814017e-d680-45d1-a360-11fb5ed7325b,C:\Users\USUARIO\Documents\Downloads\BASE DE DATOS 1974-2018 PDFs. WSS\2005\2005-08-24 La Venida del Reino (WSS) Mexico.pdf,2005-08-24,La Venida del Reino.,orden_logico,,,0.000000
f75150bb-026d-43e9-bbb3-d9ae57cf140a,65e3fe99-d174-432d-80dd-6a7a482acea8,"C:\Users\USUARIO\Documents\Downloads\BASE DE DATOS 1974-2018 PDFs. WSS\2005\2005-08-24 Los Angeles de Dios - RM (WSS) San Luis Potosí, México.pdf",2005-08-24,RM Los Angeles de Dios.,orden_logico,,,0.000000
38e32d27-fba3-4edb-b27d-0d63f989cdc0,54d7d82f-763e-4a9d-917d-22d97faebea0,"C:\Users\USUARIO\Documents\Downloads\BASE DE DATOS 1974-2018 PDFs. WSS\2005\2005-08-25 Las dos etapas de la Redención (WSS) Austin, Texas, EEUU.pdf",2005-08-25,Las Dos etapas de la Redencion.,orden_logico,,,0.000000
e180533d-9631-464b-b42c-854ca397d7a8,9c9e6510-6279-4fde-b1bf-0f5818a38ac0,C:\Users\USUARIO\Documents\Downloads\BASE DE DATOS 1974-2018 PDFs. WSS\2005\2005-08-28 La Palabra viva y eficaz (WSS) Mexico.pdf,2005-08-28,La Palabra Viva y Eficaz.,orden_logico,,,0.000000
ae9951ed-dfd2-4ed1-a892-02c6b2c62627,8faf9923-7d12-4e63-8e8b-0f58ad43b0fd,"C:\Users\USUARIO\Documents\Downloads\BASE DE DATOS 1974-2018 PDFs. WSS\2005\2005-09-02 Agarrados fuertemente del Angel del Señor (WSS) Goiania, Brasil.pdf",2005-09-02,Agarrados fuertemente del Angel del Señor.,orden_logico,,,0.000000
41f99b05-22af-4061-b131-650beb2f9c5e,3d3d11e4-6cd3-48bb-a4f0-d0a435ab0399,"C:\Users\USUARIO\Documents\Downloads\BASE DE DATOS 1974-2018 PDFs. WSS\2005\2005-09-04 Jesucristo la esencia de la ley (WSS) Goiania, Brasil.pdf",2005-09-04,Jesucristo la esencia de la ley.,orden_logico,,,0.000000
0adc5fea-0f2d-4428-8b8f-9e9b3f4f31df,9c46830d-f374-4193-9329-b0ba5de1f9e9,"C:\Users\USUARIO\Documents\Downloads\BASE DE DATOS 1974-2018 PDFs. WSS\2005\2005-09-23 Permaneced en la Fe (WSS) Goiania, Brasil.pdf",2005-09-23,Permaneced en la Fe.,orden_logico,,,0.000000
ab510082-08fb-4996-9721-d297ab551107,11dbe1d0-29f2-470f-b439-e77b6ad30471,C:\Users\USUARIO\Documents\Downloads\BASE DE DATOS 1974-2018 PDFs. WSS\2005\2005-09-25 La Fiesta de las Trompetas (WSS) Brasil.pdf,2005-09-25,La Fiesta de las Trompetas.,orden_logico,,,0.000000
a5da918b-7bb7-4a73-af67-be2e201a62a9,bd1a9940-06a9-4bb5-85c4-b6d8c0342153,C:\Users\USUARIO\Documents\Downloads\BASE DE DATOS 1974-2018 PDFs. WSS\2005\2005-10-01 El motivo de nuestra existencia (WSS) Brasil.pdf,2005-10-01,El motivo de nuestra existencia.,orden_logico,,,0.000000
c4ef7e83-cdca-40be-90e7-929689a7495f,24c0e0e3-f8c4-4cf0-9b83-8d654b8a0056,C:\Users\USUARIO\Documents\Downloads\BASE DE DATOS 1974-2018 PDFs. WSS\2005\2005-10-02 Un encuentro con la Vida (WSS) Brasil.pdf,2005-10-02,Un Encuentro con la Vida.,orden_logico,,,0.000000
6ccc7666-c113-468e-a0d0-f19828562fb0,e48efd49-a938-497c-a547-61c81a9ec772,C:\Users\USUARIO\Documents\Downloads\BASE DE DATOS 1974-2018 PDFs. WSS\2005\2005-10-02 El Dia del Perdon (WSS) Brasil.pdf,2005-10-02,El Dia del Perdon.,orden_logico,,,0.000000
514e2e69-820a-4c1b-90ba-22e1665ca55f,44ac4fb9-946a-47a6-b8e2-e862388858b9,"C:\Users\USUARIO\Documents\Downloads\BASE DE DATOS 1974-2018 PDFs. WSS\2005\2005-10-07 La prosperidad y seguridad del ser humano (WSS) Jerusalen, Israel.pdf",2005-10-07,La Prosperidad y seguridad del ser humano.,orden_logico,,,0.000000
548d10b8-147e-4dbe-bd43-794d8e743ae3,bdc464c8-f8aa-44f0-93fa-26cdc733df43,C:\Users\USUARIO\Documents\Downloads\BASE DE DATOS 1974-2018 PDFs. WSS\2005\2005-10-16 Las tres grandes Fiestas del septimo mes (WSS) Brasil.pdf,2005-10-16,Las Tres Grandes fiestas del Septimo mes.,orden_logico,,,0.000000
438e1dd2-1338-4549-ab56-f5300258273d,f4a65783-4626-4def-b6af-003cb7a4e0b9,C:\Users\USUARIO\Documents\Downloads\BASE DE DATOS 1974-2018 PDFs. WSS\2005\2005-10-21 Los Logros de la Fe (Las Conquistas de la Fe) (WSS) Brasil.pdf,2005-10-21,Los logros de la Fe las Conquistas de la Fe.,orden_logico,,,0.000000
83461f89-d6f3-4369-bbe1-342b94f3e440,27721c6c-5586-43c1-9153-00fbcb93777e,C:\Users\USUARIO\Documents\Downloads\BASE DE DATOS 1974-2018 PDFs. WSS\2005\2005-10-22 La Fiesta de los Tabernaculos (WSS) Brasil.pdf,2005-10-22,La fiesta de los Tabernaculos.,orden_logico,,,0.000000
d594a81a-525e-42d3-bdab-d271f5e01f55,c6add7db-071f-4531-8c33-0ac8d4af12f3,C:\Users\USUARIO\Documents\Downloads\BASE DE DATOS 1974-2018 PDFs. WSS\2005\2005-10-23 Los dos arboles en el Huerto del Eden (WSS) Brasil.pdf,2005-10-23,Los dos Arboles en el huerto del Eden.,orden_logico,,,0.000000
cc8ee2c2-456f-4b2b-a9fe-66f65dea0902,516ce857-33c8-4f96-b393-a2b42fd5c8dd,C:\Users\USUARIO\Documents\Downloads\BASE DE DATOS 1974-2018 PDFs. WSS\2005\2005-10-25 El grande dia de la Fiesta de los Tabernaculos (WSS) Brasil.pdf,2005-10-25,El Grande dia de la fiesta de los Tabernáculos,orden_logico,,,0.000000
baeaee40-bec8-4bc5-b5f7-e6dbadcf786f,23b4800f-b183-4b3b-b077-e92eb8ffd650,C:\Users\USUARIO\Documents\Downloads\BASE DE DATOS 1974-2018 PDFs. WSS\2005\2005-10-30 El paso del Jordan (WSS) Brasil.pdf,2005-10-30,El paso del Jordan.,orden_logico,,,0.000000
82d596d2-9b42-4859-bfb8-7a958464ee75,f9599cff-db29-4e22-b7c9-a98622bf26ca,C:\Users\USUARIO\Documents\Downloads\BASE DE DATOS 1974-2018 PDFs. WSS\2005\2005-11-01 RM El Gran Avivamiento del dia postrero. booklet.pdf,2005-11-01,RM El Gran Avivamiento del dia postrero,orden_logico,,,0.000000
21bff7da-0e96-4d0a-b107-b7077db5a7f5,63af3551-82b2-459e-97af-27513b906a58,C:\Users\USUARIO\Documents\Downloads\BASE DE DATOS 1974-2018 PDFs. WSS\2005\2005-11-04 Dios ha hablado en todos los tiempos (WSS) Argentina.pdf,2005-11-04,Dios ha hablado en todos los tiempos,orden_logico,,,0.000000
94358147-8744-4302-87b6-654680ab306f,2d884906-91f2-4fd0-b6c7-17cbd4c26f37,"C:\Users\USUARIO\Documents\Downloads\BASE DE DATOS 1974-2018 PDFs. WSS\2005\2005-11-05 Los Grandes Pastores que Dios ha enviado a su Pueblo - RM (WSS) Buenos Aires, Argentina.pdf",2005-11-05,RM Los Grandes Pastores que Dios ha enviado a su Pueblo.,orden_logico,,,0.000000
5c8853dc-a985-4dff-b9be-8cc139763fa4,1dd84f60-1e7b-4ea4-8958-968c0ad21646,C:\Users\USUARIO\Documents\Downloads\BASE DE DATOS 1974-2018 PDFs. WSS\2005\2005-11-06 La bienaventuranza de ser invitados a la Cena de las Bodas del Cordero (WSS) Argentina.pdf,2005-11-06,La Bienaventuranza de ser invitados a la Cena de las bodas del cordero.,orden_logico,,,0.000000
701d7a4d-41c5-4c19-b308-859b35edf76e,31cbf7ce-acf5-4222-ab60-feea1739dd02,"C:\Users\USUARIO\Documents\Downloads\BASE DE DATOS 1974-2018 PDFs. WSS\2005\2005-11-08 El tiempo para la restauracion de Israel - RM (WSS) Talcahuano, Chile.pdf",2005-11-08,RM El tiempo para la restauracion de Israel.,orden_logico,,,0.000000
e7bc81e6-95c5-44f0-a8dd-371e14215032,8818df36-6222-4def-bc3d-9b1ef2ca57c7,C:\Users\USUARIO\Documents\Downloads\BASE DE DATOS 1974-2018 PDFs. WSS\2005\2005-11-09 Los que perseveran hasta el fin (WSS) Chile.pdf,2005-11-09,Los que Perseveran hasta el fin.,orden_logico,,,0.000000
f7fbfe8e-90ed-49d0-b99a-23609b2c840b,b99d4c27-2d0d-4f5a-96e5-4ca0864ef0ac,C:\Users\USUARIO\Documents\Downloads\BASE DE DATOS 1974-2018 PDFs. WSS\2005\2005-11-11 La Puerta de Salvación (WSS) Chile.pdf,2005-11-11,La Puerta de Salvacion.,orden_logico,,,0.000000
72bf96dd-f6ad-42a6-842b-37199af1ecfa,c344dd53-508f-4f2b-8b65-0fa8406e126f,"C:\Users\USUARIO\Documents\Downloads\BASE DE DATOS 1974-2018 PDFs. WSS\2005\2005-11-12 Palabras de Saludo a Damas (WSS) Santiago de Chile, Chile.pdf",2005-11-12,Palabras de Saludo a Damas.,orden_logico,,,0.000000
eedd2265-a61d-4125-a925-e1806949fc3c,7fd6d00e-12cb-4d73-864d-51b089190d5d,C:\Users\USUARIO\Documents\Downloads\BASE DE DATOS 1974-2018 PDFs. WSS\2005\2005-11-15 El Alfarero Divino (WSS) Bolivia.pdf,2005-11-15,El Alfarero Divino.,orden_logico,,,0.000000
f536f84d-8f13-4387-b15c-0293dcb0e19a,dfdf42b4-d221-48ed-81e4-f43a2c0cd282,C:\Users\USUARIO\Documents\Downloads\BASE DE DATOS 1974-2018 PDFs. WSS\2005\2005-11-18 Un Rebaño y un Pastor (WSS) Peru.pdf,2005-11-18,Un Rebano y un Pastor.,orden_logico,,,0.000000
9212eb35-162b-434b-9688-3e2ec3638f22,8a405190-6023-43ad-8ef8-87a8ec565180,C:\Users\USUARIO\Documents\Downloads\BASE DE DATOS 1974-2018 PDFs. WSS\2005\2005-11-20 Preparándonos para recibir las Bendiciones de Dios (WSS) Peru.pdf,2005-11-20,Preparandonos para recibir las bendiciones de Dios.,orden_logico,,,0.000000
7fd1d5a2-cb19-4700-be9a-39f8643b468d,d0565984-908d-46b4-8f14-083c29d20c7e,C:\Users\USUARIO\Documents\Downloads\BASE DE DATOS 1974-2018 PDFs. WSS\2005\2005-11-22 La Primera y Segunda Venida del Señor Jesuscristo Reflejada (WSS) Ecuador.pdf,2005-11-22,La Primera y Segunda Venida del Senor Jesuscristo reflejada.,orden_logico,,,0.000000
8363d6b5-49c3-4743-ad25-77d5ad03eebb,9667fdc3-0ed1-4901-94f3-5f7314166dc0,"C:\Users\USUARIO\Documents\Downloads\BASE DE DATOS 1974-2018 PDFs. WSS\2005\2005-11-22 La Responsabilidad del Pastor ante Dios y ante el Pueblo - RM (WSS) Quito, Ecuador.pdf",2005-11-22,RM La Responsabilidad del Pastor ante Dios y ante el Pueblo,orden_logico,,,0.000000
a585be17-a968-4b00-8cf9-622f5f5d66ef,241aa8ee-8680-4010-9a83-ded7c5ab9f0b,C:\Users\USUARIO\Documents\Downloads\BASE DE DATOS 1974-2018 PDFs. WSS\2005\2005-11-24 Cómo alcanzar la Misericordia de Dios (WSS) Colombia.pdf,2005-11-24,Como alcanzar la Misericordia de Dios.,orden_logico,,,0.000000
91e28f53-2213-46ba-b84f-3ddc157dce60,4692de7b-8916-466a-94ca-f924a4884145,"C:\Users\USUARIO\Documents\Downloads\BASE DE DATOS 1974-2018 PDFs. WSS\2005\2005-11-25 Jesucristo, el Creador de una Nueva Raza (WSS) Colombia.pdf",2005-11-25,Jesucristo El Creador de una nueva Raza.,orden_logico,,,0.000000
e4f8904d-9dcd-4739-84fa-299091355ee0,eb2ad1fd-bd98-4bc0-aeb3-567fe05d11bf,"C:\Users\USUARIO\Documents\Downloads\BASE DE DATOS 1974-2018 PDFs. WSS\2005\2005-11-25 Entrega de Reconocimiento por parte del senado de la Republica (WSS) Bogota, Colombia.pdf",2005-11-25,Entrega de Reconocimiento por parte del senado de la Republica.,orden_logico,,,0.000000
bf14d23e-ecea-47f6-8a18-59585a514d3a,67c6c1a2-dd4f-41d6-885c-7b2d1cfd12ee,C:\Users\USUARIO\Documents\Downloads\BASE DE DATOS 1974-2018 PDFs. WSS\2005\2005-11-27 La importancia de confesar a Jesucristo públicamente (WSS) Colombia.pdf,2005-11-27,La Importancia de confesar a Jesucristo publicamente.,orden_logico,,,0.000000
87dc2d85-1a71-4efa-8667-edcf836911e6,cba120f5-77d5-43a5-8d81-928d4045d228,C:\Users\USUARIO\Documents\Downloads\BASE DE DATOS 1974-2018 PDFs. WSS\2005\2005-11-29 Dios ordena entrar al Arca (WSS) Colombia.pdf,2005-11-29,Dios ordena entrar al arca.,orden_logico,,,0.000000
4f7b63d0-bed2-4f74-8b3a-578f663789c4,a5e071fb-dc8b-45fa-9217-6360e0545bd2,C:\Users\USUARIO\Documents\Downloads\BASE DE DATOS 1974-2018 PDFs. WSS\2005\2005-12-04 El Testigo fiel y verdadero (WSS) Brasil.pdf,2005-12-04,El Testigo Fiel y Verdadero.,orden_logico,,,0.000000
c83f6711-6d41-4282-a6cc-aeba1cd968ca,48972ad6-c3ab-41b2-a283-baa1aeb88317,C:\Users\USUARIO\Documents\Downloads\BASE DE DATOS 1974-2018 PDFs. WSS\2005\2005-12-09 Las obras de la Fe viva (WSS) Mexico.pdf,2005-12-09,Las Obras de la Fe Viva.,orden_logico,,,0.000000
420345a2-ff43-4869-999a-37c8616a79cb,42353bf9-3fe6-47ff-a820-d15b531f7da3,C:\Users\USUARIO\Documents\Downloads\BASE DE DATOS 1974-2018 PDFs. WSS\2005\2005-12-11 El Sello del Dios vivo (WSS) Mexico.pdf,2005-12-11,El Sello del Dios Vivo.,orden_logico,,,0.000000
fc186b81-a23e-46fb-a149-58a60da2e4f1,dc68e7e8-fcb2-404c-9dda-62c1eea920e6,C:\Users\USUARIO\Documents\Downloads\BASE DE DATOS 1974-2018 PDFs. WSS\2005\2005-12-12 Israel y su importancia para las naciones (WSS) Mexico.pdf,2005-12-12,Israel y su importancia para las Naciones.,orden_logico,,,0.000000
36f367b7-ce5d-42b4-ab6f-4fb9dcf6bfd3,95c6934c-859e-47bb-acbd-2e3f5aab3caa,"C:\Users\USUARIO\Documents\Downloads\BASE DE DATOS 1974-2018 PDFs. WSS\2005\2005-12-17 Asi dice el Señor a su Ungido - RM (WSS) San Pablo, Brasil.pdf",2005-12-17,RM Asi dice el Señor a su Ungido.,orden_logico,,,0.000000
73cd5edf-a9b6-4caa-b130-cae6a0820682,62a14eb4-7dc3-44b7-b65a-266afb055fb1,"C:\Users\USUARIO\Documents\Downloads\BASE DE DATOS 1974-2018 PDFs. WSS\2005\2005-12-18 Asi dice el Señor, Preguntadme de las cosas futuras (WSS) Brasil.pdf",2005-12-18,Asi dice El Senor preguntadme de las cosas futuras.,orden_logico,,,0.000000
e9ad90ac-4e2e-4ee9-97e6-d4e69ce460f2,38f76a6a-087c-41d5-98cd-d2dfe8a8407c,"C:\Users\USUARIO\Documents\Downloads\BASE DE DATOS 1974-2018 PDFs. WSS\2005\2005-12-23 La visita del Arcángel Gabriel (WSS) Cayey, Puerto Rico.pdf",2005-12-23,La Visita del Arcangel Gabriel.,orden_logico,,,0.000000
05b0b826-cc5a-4697-a02a-6f201edd9b5d,3c1a5b83-34c3-4021-b340-6e0d50749582,"C:\Users\USUARIO\Documents\Downloads\BASE DE DATOS 1974-2018 PDFs. WSS\2005\2005-12-25 El nacimiento de Jesus, Una nueva etapa para la humanidad (WSS) Cayey, Puerto Rico.pdf",2005-12-25,El Nacimiento de Jesus una nueva etapa para la humanidad.,orden_logico,,,0.000000
184342eb-6713-47ea-8edf-6d54e03050aa,1ca61f89-50de-46dd-8b8f-42e77ac5e3a2,"C:\Users\USUARIO\Documents\Downloads\BASE DE DATOS 1974-2018 PDFs. WSS\2005\2005-12-29 Saludo en Cumpleaños de la hermana Erica (WSS) Goiania, Brasil (movil).pdf",2005-12-29,Saludo en Cumpleanos de la hermana Erica.,orden_logico,,,0.000000
4d8444eb-49f2-4283-8262-9de1f9df6d99,c4192cb4-28e0-4040-8cb9-f5e17e0df2e0,C:\Users\USUARIO\Documents\Downloads\BASE DE DATOS 1974-2018 PDFs. WSS\2005\2005-12-30 Januka en el Cristianismo (WSS) Brasil.pdf,2005-12-30,Januka en el Cristianismo.,orden_logico,,,0.000000
2a2d3df6-9029-44a0-ac08-9e62925d5f72,a5354bf0-0c6c-4a67-9315-87c714004e9d,C:\Users\USUARIO\Documents\Downloads\BASE DE DATOS 1974-2018 PDFs. WSS\2005\2005-12-31 Un nuevo año de vida (WSS) Brasil.PDF,2005-12-31,Un nuevo año de Vida.,orden_logico,,,0.000000
83979ffb-3188-406b-b2b0-ecf886954c35,775861c5-e4f1-4039-867c-598a7950df3e,C:\Users\USUARIO\Documents\Downloads\BASE DE DATOS 1974-2018 PDFs. WSS\2006\2006-01-01 La Casa de Dios (WSS) Brasil.pdf,2006-01-01,La Casa de Dios.,orden_logico,,,0.000000
8d846a1b-a351-41ac-9ecb-21238da589a1,9a1288c0-e005-4955-93bf-4917ade8b77f,"C:\Users\USUARIO\Documents\Downloads\BASE DE DATOS 1974-2018 PDFs. WSS\2006\2006-01-02 Las fiestas hebreas - RM (WSS) Goiania, Brasil.pdf",2006-01-02,RM Las fiestas hebreas.,orden_logico,,,0.000000
407e391f-05b4-4892-8db9-c1274c958cc4,f6824979-734a-45a4-a30a-16a53f44ed55,"C:\Users\USUARIO\Documents\Downloads\BASE DE DATOS 1974-2018 PDFs. WSS\2006\2006-01-08 El Misterio de la Tercera Etapa del Séptimo Sello (WSS) Goiania, Brasil.pdf",2006-01-08,El Misterio de la tercera etapa del Septimo Sello.,orden_logico,,,0.000000
cd21124b-c2ff-4c41-8fbf-954807afd01d,fe2acbae-5d78-4cda-aecd-150ac12e038b,C:\Users\USUARIO\Documents\Downloads\BASE DE DATOS 1974-2018 PDFs. WSS\2006\2006-01-13 La Palabra Restauradora (WSS) Brasil.PDF,2006-01-13,La Palabra Restauradora.,orden_logico,,,0.000000
8ecf49eb-05fa-4789-ba4c-3e8d067ecba9,da480a9b-d9df-4a8e-9dc7-094bc9aac664,C:\Users\USUARIO\Documents\Downloads\BASE DE DATOS 1974-2018 PDFs. WSS\2006\2006-01-15 La Dispensacion del Reino (WSS) Brasil.PDF,2006-01-15,La Dispensacion del Reino.,orden_logico,,,0.000000
1176639d-5728-4f3b-b4e3-268c3dc33526,b586cb5f-328b-4b22-bda4-79e795290977,"C:\Users\USUARIO\Documents\Downloads\BASE DE DATOS 1974-2018 PDFs. WSS\2006\2006-01-21 Saludo para los Ministros de Colombia, Israel y su importancia para las naciones - RM (WSS) Goiania, Brasil (movil).pdf",2006-01-21,RM Saludo para los Ministros de Colombia Israel y su importancia para las naciones.,orden_logico,,,0.000000
bcbac63b-c82b-41e3-9ef3-97e4feab610d,cdfa5c5c-328a-4540-b8e6-fc33e2903479,C:\Users\USUARIO\Documents\Downloads\BASE DE DATOS 1974-2018 PDFs. WSS\2006\2006-01-22 El Angel con la Bendicion (WSS) Brasil.PDF,2006-01-22,El Angel con la bendicion.,orden_logico,,,0.000000
8655b518-c1f5-4848-a0be-30e266117a54,023613c1-7adf-41a2-bede-c6d18b487690,C:\Users\USUARIO\Documents\Downloads\BASE DE DATOS 1974-2018 PDFs. WSS\2006\2006-01-29 Conociendo el Programa de Dios hoy (WSS) Brasil.PDF,2006-01-29,Conociendo el programa de Dios hoy.,orden_logico,,,0.000000
a8614061-a423-4976-8ab6-563ccede1b92,b29a6ba4-9a70-4c36-8bd8-133aa8a3b116,"C:\Users\USUARIO\Documents\Downloads\BASE DE DATOS 1974-2018 PDFs. WSS\2006\2006-02-03 El Tribunal de Cristo (WSS) Bogotá, Colombia.pdf",2006-02-03,El Tribunal de Cristo.,orden_logico,,,0.000000
d2eb9b5f-dfbc-4fc7-aa33-0181ea21c5f2,3866ed9b-9fd3-4e1f-b8b2-9da75cbbd7cb,"C:\Users\USUARIO\Documents\Downloads\BASE DE DATOS 1974-2018 PDFs. WSS\2006\2006-02-04 Dad cuenta de tu mayordomía - RM (WSS) Bogota, Colombia.pdf",2006-02-04,RM Dad cuenta de tu mayordomía.,orden_logico,,,0.000000
7441c2ef-8100-4b65-a94a-a75500ffd109,36057ecf-bf1b-4070-93ea-686d2621f754,C:\Users\USUARIO\Documents\Downloads\BASE DE DATOS 1974-2018 PDFs. WSS\2006\2006-02-05 Despertando a tiempo (WSS) Colombia.PDF,2006-02-05,Despertando a tiempo,orden_logico,,,0.000000
b7f98795-0f0e-4d57-8c25-a442a2900f96,cce6b0d4-c38b-44e8-a241-be92630d9f86,"C:\Users\USUARIO\Documents\Downloads\BASE DE DATOS 1974-2018 PDFs. WSS\2006\2006-02-06 Vasos separados para Dios - RM (WSS) Cali, Colombia.pdf",2006-02-06,RM Vasos separados para Dios.,orden_logico,,,0.000000
a08136d7-4aa1-4163-9d1c-34e3a0789762,4287a559-e634-4d0a-ad59-648edf072d25,"C:\Users\USUARIO\Documents\Downloads\BASE DE DATOS 1974-2018 PDFs. WSS\2006\2006-02-07 Caminando a la luz de Cristo (WSS) Cali, Colombia.pdf",2006-02-07,Caminando a la luz de Cristo.,orden_logico,,,0.000000
4964943d-c35c-40d6-9571-d4a9117106aa,33f391de-a5a7-4eb1-b77e-b7ef73e4c706,"C:\Users\USUARIO\Documents\Downloads\BASE DE DATOS 1974-2018 PDFs. WSS\2006\2006-02-09 Otorgacion del titulo de la Orden de la Democracia Simon Bolivar (WSS) Bogota, Colombia.pdf",2006-02-09,Otorgacion del titulo de la Orden de la Democracia Simon Bolivar.,orden_logico,,,0.000000
124d2fd9-eed4-4c7f-b401-254a5d909bf5,6f0ed055-635b-4783-b6a8-4212788658c5,"C:\Users\USUARIO\Documents\Downloads\BASE DE DATOS 1974-2018 PDFs. WSS\2006\2006-02-11 El buen soldado de Cristo - RM (WSS) Monterrey, México.pdf",2006-02-11,RM El buen soldado de Cristo.,orden_logico,,,0.000000
c3be80f7-f3ba-42e6-a0c5-bebfb5d02a47,3d7f3b90-93b4-4760-985f-81a9cd4ee3eb,"C:\Users\USUARIO\Documents\Downloads\BASE DE DATOS 1974-2018 PDFs. WSS\2006\2006-02-11 Palabras de Saludo a las Damas (WSS) Monterrey, México.pdf",2006-02-11,Palabras de saludo a las Damas.,orden_logico,,,0.000000
26f9bfd6-2a68-4ad1-972f-7ad75f7889f6,c6d8060a-daff-40b1-b9ec-f6d40670217a,"C:\Users\USUARIO\Documents\Downloads\BASE DE DATOS 1974-2018 PDFs. WSS\2006\2006-02-12 Buenas Nuevas para Israel (WSS) Monterrey, México.pdf",2006-02-12,Buenas nuevas para Israel.,orden_logico,,,0.000000
60c9afc1-2199-4399-a07a-d6b07ac05f6a,47d5fb64-8808-4051-814e-095a3a5b9dab,C:\Users\USUARIO\Documents\Downloads\BASE DE DATOS 1974-2018 PDFs. WSS\2006\2006-02-14 Las etapas de la restauración de Israel (WSS) Mexico.PDF,2006-02-14,Las Etapas de la Restauracion de Israel.,orden_logico,,,0.000000
fe1d28c3-dcfe-4e25-a050-2bbe7ba92566,700babf7-ad1d-458c-99b7-ee76283fe0e5,"C:\Users\USUARIO\Documents\Downloads\BASE DE DATOS 1974-2018 PDFs. WSS\2006\2006-02-15 Israel, el Primogénito de Dios (WSS) Mexico.PDF",2006-02-15,Israel El Primogenito de Dios.,orden_logico,,,0.000000
96f77245-36bd-40e4-9022-f7430d1feeb8,09339a40-0f96-43fa-9c71-2884a526bfa5,"C:\Users\USUARIO\Documents\Downloads\BASE DE DATOS 1974-2018 PDFs. WSS\2006\2006-02-17 Ensancha el sitio de tu tienda (WSS) Villahermosa, México.pdf",2006-02-17,Ensancha el sitio de tu Tienda.,orden_logico,,,0.000000
20333fa9-1f89-4101-af67-6a8153ec4a70,dfa14ea2-2a89-44e0-b518-2c516b00224a,C:\Users\USUARIO\Documents\Downloads\BASE DE DATOS 1974-2018 PDFs. WSS\2006\2006-02-19 La Misión del Mesías (WSS) Mexico.PDF,2006-02-19,La mision del Mesias.,orden_logico,,,0.000000
42a26aa1-fcaa-4f05-9946-9e48f7313be4,24376452-38cb-487c-bad1-3d545f635ba0,C:\Users\USUARIO\Documents\Downloads\BASE DE DATOS 1974-2018 PDFs. WSS\2006\2006-02-23 Mirad a Mí y sed salvos (WSS) Mexico.PDF,2006-02-23,Mirad a mi y sed salvos.,orden_logico,,,0.000000
5dbe502d-8f6c-433b-8b18-767b6cfb50f1,b3bc084a-d994-4007-9188-8b66c0f374eb,C:\Users\USUARIO\Documents\Downloads\BASE DE DATOS 1974-2018 PDFs. WSS\2006\2006-02-24 Tiempo de buscar y hallar a Dios (WSS) Mexico.PDF,2006-02-24,Tiempo de buscar y hallar a Dios.,orden_logico,,,0.000000
dc20ce5b-3680-4892-a658-753499296ffe,7595eca6-10d4-452d-b92e-d55375b897c4,C:\Users\USUARIO\Documents\Downloads\BASE DE DATOS 1974-2018 PDFs. WSS\2006\2006-02-25 Aprendiendo de los Grandes Hombres de Dios - RM (WSS) México.pdf,2006-02-25,RM Aprendiendo de los Grandes Hombres de Dios.,orden_logico,,,0.000000
131e66a6-53ed-4f78-bac3-6000b2bedae0,023dd1d0-4f8f-456c-951f-803376d4f1e0,C:\Users\USUARIO\Documents\Downloads\BASE DE DATOS 1974-2018 PDFs. WSS\2006\2006-02-26 El Mensajero del Rey (WSS) Mexico.PDF,2006-02-26,El Mensajero del Rey.,orden_logico,,,0.000000
0a9e7af6-a6dd-4545-934f-e70afc00df13,8b09bd91-1978-4ede-8da7-3416173fc2ac,C:\Users\USUARIO\Documents\Downloads\BASE DE DATOS 1974-2018 PDFs. WSS\2006\2006-02-28 Una Señal en el Cielo Occidental (WSS) Guatemala.PDF,2006-02-28,Una Señal en el Cielo Occidental.,orden_logico,,,0.000000
7e7a3d79-4102-49dd-b1be-878793e6ed0a,c66b8bbd-e878-4a9f-a535-4e1121f6b938,C:\Users\USUARIO\Documents\Downloads\BASE DE DATOS 1974-2018 PDFs. WSS\2006\2006-03-02 La Fuente del Poder del Ungido del Señor - RM (WSS) Guatemala.pdf,2006-03-02,RM La Fuente del Poder del Ungido del Señor.,orden_logico,,,0.000000
305350d9-2cc3-4be4-9dd8-a07b8c1594cf,763f9c51-31bc-4c9f-9a39-94fe9b0ea077,C:\Users\USUARIO\Documents\Downloads\BASE DE DATOS 1974-2018 PDFs. WSS\2006\2006-03-03 Escogiendo la mejor parte (WSS) Guatemala.PDF,2006-03-03,Escogiendo la mejor parte.,orden_logico,,,0.000000
1ec0b0f2-0d9f-4856-a2b7-a4be830b2ed2,1ea8e09a-06e2-4e8d-ac8c-3cc55bab1c08,"C:\Users\USUARIO\Documents\Downloads\BASE DE DATOS 1974-2018 PDFs. WSS\2006\2006-03-11 Los misterios del Septimo Sello - RM (WSS) San Pablo, Brasil.pdf",2006-03-11,RM Los misterios del Septimo Sello.,orden_logico,,,0.000000
7f4341c4-12ba-4273-b689-47c02cd8e07e,beafe272-fc50-4690-9f96-3624deae5f2c,C:\Users\USUARIO\Documents\Downloads\BASE DE DATOS 1974-2018 PDFs. WSS\2006\2006-03-12 El Jinete del Caballo Blanco (WSS) Brasil.PDF,2006-03-12,El Jinete del Caballo Blanco.,orden_logico,,,0.000000
70ecd455-f90f-4aa3-9512-24a2ca1e4ad6,31a1b514-7426-4e29-aa29-717f5416df45,"C:\Users\USUARIO\Documents\Downloads\BASE DE DATOS 1974-2018 PDFs. WSS\2006\2006-03-13 El Testigo Fiel y Verdadero (WSS) Porto Velho, Brasil.PDF",2006-03-13,El Testigo Fiel y Verdadero.,orden_logico,,,0.000000
7b5495ff-9ed8-4121-a945-fb0605d8d7d8,261e9029-b200-476e-bfec-72e328403f4e,"C:\Users\USUARIO\Documents\Downloads\BASE DE DATOS 1974-2018 PDFs. WSS\2006\2006-03-14 El Enviado de Jesucristo (WSS) Boa VIsta, Brasil.PDF",2006-03-14,El Enviado de Jesucristo.,orden_logico,,,0.000000
16fa3452-8f54-40f2-ab89-69692c858f69,c5f38ed3-707f-4881-aa48-e9d635afe152,"C:\Users\USUARIO\Documents\Downloads\BASE DE DATOS 1974-2018 PDFs. WSS\2006\2006-03-14 Dios continúa trabajando hoy (WSS) Boa Vista, Brasil.PDF",2006-03-14,Dios continua trabajando hoy.,orden_logico,,,0.000000
ea067d84-128b-4623-8cf5-98fbb63df501,f084be90-1c65-4366-94ed-6031018cc45b,"C:\Users\USUARIO\Documents\Downloads\BASE DE DATOS 1974-2018 PDFs. WSS\2006\2006-03-15 El Testimonio de Jesucristo (WSS) Manaos, Brasil.PDF",2006-03-15,El Testimonio de Jesucristo.,orden_logico,,,0.000000
244e5041-4c22-45d2-8125-fe5ab6adb3f0,f872b480-b329-4061-87c7-ef6706c09ecb,"C:\Users\USUARIO\Documents\Downloads\BASE DE DATOS 1974-2018 PDFs. WSS\2006\2006-03-16 Palabras de Saludo a Ministros - RM (WSS) Manaus, Brasil.pdf",2006-03-16,RM Palabras de Saludo a Ministros.,orden_logico,,,0.000000
3f27b1a3-4e32-4876-82c1-cfd3e489321e,9c00db52-2871-4051-b397-ae0bbf6d0cbc,"C:\Users\USUARIO\Documents\Downloads\BASE DE DATOS 1974-2018 PDFs. WSS\2006\2006-03-19 La autoridad del Hijo del Hombre (WSS) Goiania, Brasil.PDF",2006-03-19,La Autoridad del Hijo del Hombre.,orden_logico,,,0.000000
6bcbfb71-66ea-49f3-b48c-f105fdb7d880,ff2a9599-2009-4e81-bb0c-34eb76b78370,"C:\Users\USUARIO\Documents\Downloads\BASE DE DATOS 1974-2018 PDFs. WSS\REUNIÓN DE MINISTROS\2006-03-25 La obra de la Piedra que Dios lanza - RM (WSS) Buenos Aires, Argentina.pdf",2006-03-25,RM La obra de la Piedra que Dios lanza.,orden_logico,,,0.000000
0338fe82-2323-4893-b18e-762199a21355,f657d668-8168-4d4e-88af-ae24d1233049,"C:\Users\USUARIO\Documents\Downloads\BASE DE DATOS 1974-2018 PDFs. WSS\2006\2006-03-30 Necesitamos de la Revelación de Dios (WSS) Asunción, Paraguay.PDF",2006-03-30,Necesitamos de la Revelacion de Dios.,orden_logico,,,0.000000
e81c9060-621b-4467-b13b-41248e0304a1,7af75510-a436-4404-af95-f7078172820b,"C:\Users\USUARIO\Documents\Downloads\BASE DE DATOS 1974-2018 PDFs. WSS\2006\2006-04-07 Las profecias que se acercan (WSS) Cayey, Puerto Rico.PDF",2006-04-07,Las profecias que se acercan.,orden_logico,,,0.000000
88c68f4b-c101-4301-8948-0755a3fd5412,651bde79-6aaf-42c4-ad47-5427b3b1fe2b,"C:\Users\USUARIO\Documents\Downloads\BASE DE DATOS 1974-2018 PDFs. WSS\2006\2006-04-09 La Entrada Triunfal de Jesus a Jerusalen (WSS) Cayey, Puerto Rico.PDF",2006-04-09,La entrada triunfal de Jesus a Jerusalen.,orden_logico,,,0.000000
69a75232-0208-4b2e-acbb-7f98be7d576f,87636cd7-21cb-493e-9c9f-2ad4500a25bc,"C:\Users\USUARIO\Documents\Downloads\BASE DE DATOS 1974-2018 PDFs. WSS\REUNIÓN DE MINISTROS\2006-04-15 ¿Dónde está el Dios de Elías - RM (WSS) Cayey, Puerto Rico.pdf",2006-04-15,RM Donde esta el Dios de Elias.,orden_logico,,,0.000000
ce281670-6cfc-45c3-87df-adf2f19ce795,87636cd7-21cb-493e-9c9f-2ad4500a25bc,"C:\Users\USUARIO\Documents\Downloads\BASE DE DATOS 1974-2018 PDFs. WSS\2006\2006-04-15 Donde esta el Dios de Elias - RM (WSS) Cayey, Puerto Rico.pdf",2006-04-15,RM Donde esta el Dios de Elias.,orden_logico,,,0.000000
057983dd-3ac0-4568-a864-0e14f0206f93,88b0186a-cc1c-4e85-895b-8afe5e3f79a3,"C:\Users\USUARIO\Documents\Downloads\BASE DE DATOS 1974-2018 PDFs. WSS\2006\2006-04-15 La Fe como Fundamento - RM (WSS) Cayey, Puerto Rico.pdf",2006-04-15,RM La Fe como Fundamento.,orden_logico,,,0.000000
6cdef3ac-67c2-45d9-b1c6-3ee372d29c03,d697d934-34e8-479f-b217-6ef96cd7dd32,"C:\Users\USUARIO\Documents\Downloads\BASE DE DATOS 1974-2018 PDFs. WSS\2006\2006-04-16 El Cristo resucitado hoy (WSS) Cayey, Puerto Rico.PDF",2006-04-16,El Cristo Resucitado hoy.,orden_logico,,,0.000000
a4bb84b3-7bd5-4829-af8e-63a70edbe793,a327fa17-bd2e-410e-8b3f-b432c873cee7,C:\Users\USUARIO\Documents\Downloads\BASE DE DATOS 1974-2018 PDFs. WSS\2006\2006-04-18 Conociendo el tiempo (WSS) EEUU.PDF,2006-04-18,Conociendo el tiempo.,orden_logico,,,0.000000
5baf35f3-7afa-4e9f-ad2f-9ecdd0804164,ff9ddb54-0932-462f-b78f-ace0b237004f,C:\Users\USUARIO\Documents\Downloads\BASE DE DATOS 1974-2018 PDFs. WSS\2006\2006-04-19 El ultimo tiempo (WSS) EEUU.PDF,2006-04-19,El Ultimo tiempo.,orden_logico,,,0.000000
ef15bb25-b381-447a-ac1f-2ff4e170453c,b00fa9eb-1cd4-4cc4-861e-2b620b3d5a27,C:\Users\USUARIO\Documents\Downloads\BASE DE DATOS 1974-2018 PDFs. WSS\2006\2006-04-20 Herederos de bendicion (WSS) EEUU.PDF,2006-04-20,Herederos de Bendicion.,orden_logico,,,0.000000
07e31d84-0bcd-4036-98ca-4c35bf780aae,a45d4e62-56a1-497b-8267-c73d2df54b62,C:\Users\USUARIO\Documents\Downloads\BASE DE DATOS 1974-2018 PDFs. WSS\2006\2006-04-21 La salvacion viene de los judios (WSS) EEUU.PDF,2006-04-21,La Salvacion viene de los Judios.,orden_logico,,,0.000000
7a0c3ada-a68b-425e-80bc-9f7f07f183b3,b5ea6c6c-cb3b-4461-b816-e2d55bda5348,C:\Users\USUARIO\Documents\Downloads\BASE DE DATOS 1974-2018 PDFs. WSS\2006\2006-04-22 El paralelismo entre el sacerdocio levitico y el Sacerdocio de Melquisedec (WSS) EEUU.PDF,2006-04-22,El Paralelismo entre El Sacerdocio Levitico y El Sacerdocio de Melquisedec.,orden_logico,,,0.000000
fe3073a2-f9f3-4fca-bd91-4080dbf5b1ac,fca266eb-5d37-4730-aa81-e148b1d158c9,C:\Users\USUARIO\Documents\Downloads\BASE DE DATOS 1974-2018 PDFs. WSS\2006\2006-04-23 El paralelismo entre los dos pactos (WSS) EEUU.PDF,2006-04-23,El Paralelismo entre los Dos pactos.,orden_logico,,,0.000000
8677e41b-0553-4137-a236-15b306f5ecd1,ee05f222-7c02-435e-8946-22de0effe943,"C:\Users\USUARIO\Documents\Downloads\BASE DE DATOS 1974-2018 PDFs. WSS\2006\2006-04-29 El Maná Escondido (WSS) Monterrey, México (movil).pdf",2006-04-29,RM El Mana Escondido.,cierre,,,0.000000
c8c22e75-7532-4b84-b35b-57e6bbcf1f11,ee05f222-7c02-435e-8946-22de0effe943,"C:\Users\USUARIO\Documents\Downloads\BASE DE DATOS 1974-2018 PDFs. WSS\2006\2006-04-29 El Mana Escondido - RM (WSS) Monterrey, Mexico.pdf",2006-04-29,RM El Mana Escondido.,orden_logico,,,0.000000
bbd1a232-c265-4d92-b7f8-a2026f59cd8f,2dadbd38-8232-4578-bc27-325fe2356d0b,C:\Users\USUARIO\Documents\Downloads\BASE DE DATOS 1974-2018 PDFs. WSS\2006\2006-04-30 Una profecía para el fin del tiempo (WSS) Mexico.PDF,2006-04-30,Una profecia para el fin del tiempo.,orden_logico,,,0.000000
95ddd2b9-6ced-4dc8-9cc7-83514d0c8088,a5f570d1-e188-4d33-b98d-334b6388d5c9,C:\Users\USUARIO\Documents\Downloads\BASE DE DATOS 1974-2018 PDFs. WSS\2006\2006-05-02 Palabras de Saludos a Ministros - RM (WSS) Mexico.pdf,2006-05-02,RM Palabras de Saludos a Ministros,orden_logico,,,0.000000
b7733ebb-fcbc-4119-91a0-e5613cab977c,fc645c87-4011-4e60-be9f-24e9e920fa04,"C:\Users\USUARIO\Documents\Downloads\BASE DE DATOS 1974-2018 PDFs. WSS\2006\2006-05-03 1 El tiempo de la Restauración de todas las cosas (WSS) Minatitlan, Mexico.PDF",2006-05-03,1 El tiempo de la Restauración de todas las cosas.,orden_logico,,,0.000000
baf726a7-5d67-4eb9-b51d-6cbe1646ed3d,c179b729-5d7a-441e-948f-89efadc25971,"C:\Users\USUARIO\Documents\Downloads\BASE DE DATOS 1974-2018 PDFs. WSS\2006\2006-05-04 2 Una vez mas (WSS) Cardenas, Tabasco, Mexico.PDF",2006-05-04,2 Una vez mas.,orden_logico,,,0.000000
ea9dbd44-f103-4634-9c82-0a2fa3e4f746,5a65024e-a6c1-4b08-a88e-b05bca363abb,"C:\Users\USUARIO\Documents\Downloads\BASE DE DATOS 1974-2018 PDFs. WSS\2006\2006-05-06 Los Grandes hombres de Dios - RM (WSS) Villahermosa, Mexico.pdf",2006-05-06,RM Los Grandes hombres de Dios.,orden_logico,,,0.000000
d3b74498-a3b0-41a3-b00b-edb21a1a4b41,4891a482-7b22-4fd6-a0b8-b49c9469740a,"C:\Users\USUARIO\Documents\Downloads\BASE DE DATOS 1974-2018 PDFs. WSS\2006\2006-05-07 La Recompensa al Vencedor (WSS) Villahermosa, Mexico.PDF",2006-05-07,La Recompensa al Vencedor.,orden_logico,,,0.000000
aef8d6b0-2d48-4360-97d1-bdc62154f3c0,9a61d7f0-644a-4829-a9e6-6dc875a9532a,"C:\Users\USUARIO\Documents\Downloads\BASE DE DATOS 1974-2018 PDFs. WSS\2006\2006-05-13 Palabras de Saludo a Ministros - RM (WSS) Goiania, Brasil.pdf",2006-05-13,Palabras de Saludo a Ministros.,orden_logico,,,0.000000
1452be2d-3dac-4b62-98a1-661dae1659b5,10eb398e-f66a-467c-b62e-66ea742f8dd1,"C:\Users\USUARIO\Documents\Downloads\BASE DE DATOS 1974-2018 PDFs. WSS\2006\2006-05-14 La Obra del Mesías profetizada (WSS) Goiania, Brasil.PDF",2006-05-14,La Obra del Mesías profetizada.,orden_logico,,,0.000000
fdcb88b0-1e79-425f-b7f1-0e534b7a86e0,bba34215-dd7b-408a-aa86-66dce7ddd4fd,"C:\Users\USUARIO\Documents\Downloads\BASE DE DATOS 1974-2018 PDFs. WSS\2006\2006-05-20 Elegidos por Dios para dar fruto - RM (WSS) Cali, Colombia.pdf",2006-05-20,RM Elegidos por Dios para dar fruto.,orden_logico,,,0.000000
f33a02af-8f32-4c00-ae33-5edd8498114f,76009e28-1ee0-4cf2-a501-a2f0a6533fd9,"C:\Users\USUARIO\Documents\Downloads\BASE DE DATOS 1974-2018 PDFs. WSS\2006\2006-05-21 El Infalible (WSS) Cali, Colombia.PDF",2006-05-21,El Infalible.,orden_logico,,,0.000000
a7a87bc1-f180-4fa7-94d7-cfffe7ce76e3,4bf10c2d-bc6a-4b37-9cb4-549e16d56d43,"C:\Users\USUARIO\Documents\Downloads\BASE DE DATOS 1974-2018 PDFs. WSS\2006\2006-05-24 Palabras de Saludo Centenario - RM (WSS) Bogota, Colombia.pdf",2006-05-24,RM Palabras de Saludo Centenario.,orden_logico,,,0.000000
1dc64189-6cd9-4bdc-9224-388f8ec9a12d,7fba1b3b-988a-4054-a4cf-554eedb6f351,"C:\Users\USUARIO\Documents\Downloads\BASE DE DATOS 1974-2018 PDFs. WSS\2006\2006-05-25 La Espada del Rey - RM (WSS) Bogota, Colombia.pdf",2006-05-25,RM La Espada del Rey.,orden_logico,,,0.000000
0aa96815-c46e-441c-af31-3833f8319e9d,a7b5f8fe-d2d3-431f-9ea9-d1b9f3b766c6,"C:\Users\USUARIO\Documents\Downloads\BASE DE DATOS 1974-2018 PDFs. WSS\2006\2006-05-28 El Mensaje del Rey WSS) Goiania, Brasil.PDF",2006-05-28,El Mensaje del Rey.,orden_logico,,,0.000000
3b8f834e-dd6a-49b7-bfc5-7a02d63d2651,fdbba418-4505-443f-aae1-af98cfe07f94,"C:\Users\USUARIO\Documents\Downloads\BASE DE DATOS 1974-2018 PDFs. WSS\2006\2006-06-23 Donde estas Tu (WSS) San Jose de los Campos, Brasil.PDF",2006-06-23,Donde estas Tu.,orden_logico,,,0.000000
9449a3ca-a904-4e09-91af-3a1cea4a91b9,216e297e-5e9c-4951-a35f-9ebad5eb2c47,"C:\Users\USUARIO\Documents\Downloads\BASE DE DATOS 1974-2018 PDFs. WSS\2006\2006-06-24 Tiempo de espera y trabajo - RM (WSS) San Pablo, Brasil.pdf",2006-06-24,RM Tiempo de espera y trabajo.,orden_logico,,,0.000000
c5a85525-d6c4-4705-bc7d-2b4e3e7d4da0,a0bf779d-592d-48e0-99bd-2bee564fb72e,"C:\Users\USUARIO\Documents\Downloads\BASE DE DATOS 1974-2018 PDFs. WSS\2006\2006-07-01 La Señal del fin del siglo - RM (WSS) Buenos Aires, Argentina.PDF",2006-07-01,RM La Señal del fin del siglo,orden_logico,,,0.000000
3a631d7c-a109-49f4-a122-f0a86c890874,38e54275-6ed7-4930-8f41-7940c0671448,"C:\Users\USUARIO\Documents\Downloads\BASE DE DATOS 1974-2018 PDFs. WSS\2006\2006-07-02 La creacion de una nueva Raza (WSS) Buenos Aires, Argentina.PDF",2006-07-02,La creacion de una nueva Raza.,orden_logico,,,0.000000
3e5a1358-f644-4b7c-855b-1d33de683f7b,1630659d-6a3e-4d97-99d6-a9e641159c52,"C:\Users\USUARIO\Documents\Downloads\BASE DE DATOS 1974-2018 PDFs. WSS\2006\2006-07-08 Las Profecias para la Restauracion del Reino de David - RM (WSS) Santiago de Chile, Chile.pdf",2006-07-08,RM Las Profecias para la Restauracion del Reino de David.,orden_logico,,,0.000000
03116b0f-16dc-407f-8a2f-e1bcebe2fe9d,1aba3b2e-dc48-4305-8690-e63ae7107a45,"C:\Users\USUARIO\Documents\Downloads\BASE DE DATOS 1974-2018 PDFs. WSS\2006\2006-07-09 Elias y El Mesias Revelandose por la escritura en el dia postrero (WSS) Santiago de Chile, Chile.PDF",2006-07-09,Elias y El Mesias Revelandose por la escritura en el dia postrero.,orden_logico,,,0.000000
938d54cf-9376-40d0-98b9-2a72af73780a,1b5e6984-34e5-4668-9a8c-ae35b7584b53,"C:\Users\USUARIO\Documents\Downloads\BASE DE DATOS 1974-2018 PDFs. WSS\2006\2006-07-12 El Dia de Redencion para El Primogenito de Dios (WSS) Asunción, Paraguay.PDF",2006-07-12,El Dia de Redencion para El Primogenito de Dios.,orden_logico,,,0.000000
e9dc6443-8c42-495d-90bc-4f6c247aa146,a03c8237-6779-4fe8-a508-71c1eeb2c44b,"C:\Users\USUARIO\Documents\Downloads\BASE DE DATOS 1974-2018 PDFs. WSS\2006\2006-07-16 Tiempo de Resurreccion y Rapto de los Hijos de Dios (WSS) Cayey, Puerto Rico.PDF",2006-07-16,Tiempo de Resurreccion y Rapto de los Hijos de Dios.,orden_logico,,,0.000000
98bd4e8e-ec5e-45d1-8ce6-3d63e689873a,385556a1-1461-43a1-b22e-6e57131463a9,"C:\Users\USUARIO\Documents\Downloads\BASE DE DATOS 1974-2018 PDFs. WSS\2006\2006-07-21 El Encuentro de Jacob con El Angel (WSS) Cayey, Puerto Rico.PDF",2006-07-21,El Encuentro de Jacob con El Angel.,orden_logico,,,0.000000
2e2b4343-cf8e-4e91-89c9-a30341bfff0c,d91e61d0-0734-40d0-a56f-8c8122250cd8,"C:\Users\USUARIO\Documents\Downloads\BASE DE DATOS 1974-2018 PDFs. WSS\2006\2006-07-22 Jacob bendiciendo a sus hijos - RM (WSS) Cayey, Puerto Rico.pdf",2006-07-22,RM Jacob bendiciendo a sus hijos.,orden_logico,,,0.000000
106b7cfe-a845-4833-a2be-afdda667a5fe,eb8eecba-c713-4c1e-95a1-411dd0cfeed8,"C:\Users\USUARIO\Documents\Downloads\BASE DE DATOS 1974-2018 PDFs. WSS\2006\2006-07-23 El Reino de David y las doce Tribus de Israel (WSS) Cayey, Puerto Rico.PDF",2006-07-23,El Reino de David y las doce Tribus de Israel.,orden_logico,,,0.000000
8cbde1f1-2ca5-4de7-a77b-b060c4c60344,5280cf4b-800c-4ff6-be6f-d7174263d340,"C:\Users\USUARIO\Documents\Downloads\BASE DE DATOS 1974-2018 PDFs. WSS\2006\2006-07-27 Preparandonos para una Obra Mayor - RM (WSS) Buenos Aires, Argentina.pdf",2006-07-27,RM Preparandonos para una Obra Mayor.,orden_logico,,,0.000000
b43399bb-11e9-4708-a988-55647a09d9b0,e77d8b1a-107f-4c6d-9263-eb9c9eccbd1f,"C:\Users\USUARIO\Documents\Downloads\BASE DE DATOS 1974-2018 PDFs. WSS\2006\2006-07-30 El Tiempo de Redencion (WSS) Goiania, Brasil.PDF",2006-07-30,El Tiempo de Redencion.,orden_logico,,,0.000000
e5781bf4-a733-4cc0-a4ba-ba31b906473a,595d82ad-1593-4323-97e6-04e0a9bc67df,"C:\Users\USUARIO\Documents\Downloads\BASE DE DATOS 1974-2018 PDFs. WSS\2006\2006-08-01 La Verdadera Paz (WSS) Ecatepec, Mexico.PDF",2006-08-01,La Verdadera Paz.,orden_logico,,,0.000000
1574f05c-5d27-4010-91f9-9e06154a6aa0,f8cf6bd5-502e-4e8a-b904-8ebb8b12d6a8,C:\Users\USUARIO\Documents\Downloads\BASE DE DATOS 1974-2018 PDFs. WSS\2006\2006-08-02 La Restauracion de Israel (WSS) Mexico.PDF,2006-08-02,La Restauracion de Israel.,orden_logico,,,0.000000
560538d1-14ec-4ada-ae60-ae99e64322fb,de7c6ae5-ff85-48e5-acd4-7b149ca05c0b,"C:\Users\USUARIO\Documents\Downloads\BASE DE DATOS 1974-2018 PDFs. WSS\2006\2006-08-05 Conociendo las promesas Divinas - RM (WSS) Monterrey, Mexico.pdf",2006-08-05,RM Conociendo las promesas Divinas.,orden_logico,,,0.000000
e95f7708-55de-4087-8db0-c25aa16f5c97,7a3c70ac-4ef3-470f-9660-8757a0f297c2,C:\Users\USUARIO\Documents\Downloads\BASE DE DATOS 1974-2018 PDFs. WSS\2006\2006-08-05 Palabras de saludo a las damas (WSS) Mexico.PDF,2006-08-05,Palabras de Saludo a las Damas.,orden_logico,,,0.000000
cdc7f123-d66d-4366-aed9-49ad8c194179,1d59d55e-fc92-4fab-9704-8f55fc163ee7,C:\Users\USUARIO\Documents\Downloads\BASE DE DATOS 1974-2018 PDFs. WSS\2006\2006-08-06 La restauracion del Reino de David (WSS) Mexico.PDF,2006-08-06,La Restauracion del Reino de David.,orden_logico,,,0.000000
6da43e44-3014-435d-9e09-467136a69dea,0314a1b0-47c3-4e50-b4e3-874422b2fbcc,C:\Users\USUARIO\Documents\Downloads\BASE DE DATOS 1974-2018 PDFs. WSS\2006\2006-08-07 El Mensaje de paz para toda la humanidad (WSS) Mexico.PDF,2006-08-07,El mensaje de paz para toda la humanidad.,orden_logico,,,0.000000
d2da89ee-3f90-4cb9-91e8-de3f290bd00f,5e7c4eb3-5b4c-40da-b3b7-265b02e690de,C:\Users\USUARIO\Documents\Downloads\BASE DE DATOS 1974-2018 PDFs. WSS\2006\2006-08-09 El Principe Mensajero de la Paz (WSS) Mexico.PDF,2006-08-09,El principe Mensajero de la paz.,orden_logico,,,0.000000
5967a0db-93b8-40e5-93ca-437077fcac98,e5f8a033-cb1c-4103-b878-b9628308b9e3,"C:\Users\USUARIO\Documents\Downloads\BASE DE DATOS 1974-2018 PDFs. WSS\2006\2006-08-12 El Siervo Fiel y Prudente - RM (WSS) Villahermosa, Mexico.pdf",2006-08-12,RM El Siervo Fiel y Prudente.,orden_logico,,,0.000000
10a5439b-91c9-4b8e-a12d-e7c5a66fdaff,68c36f55-9695-447a-b0ba-7daf3a49329f,C:\Users\USUARIO\Documents\Downloads\BASE DE DATOS 1974-2018 PDFs. WSS\2006\2006-08-12 Damas bienaventuradas trabajando en los negocios del Reino de Dios (WSS) Mexico.PDF,2006-08-12,Damas bienaventuradas trabajando en los negocios del Reino de Dios.,orden_logico,,,0.000000
87a7b622-e7a1-4ee4-81d0-3ac7235f56ee,e2192918-8d12-4f03-9d79-2678a15c0782,C:\Users\USUARIO\Documents\Downloads\BASE DE DATOS 1974-2018 PDFs. WSS\2006\2006-08-13 Los Angeles con la gran Voz de Trompeta (WSS) Mexico.PDF,2006-08-13,Los Angeles con la Gran Voz de Trompeta.,orden_logico,,,0.000000
14de4397-ba18-4929-9e70-ee656cf37064,1aa9d9a6-1243-40b9-b26d-bf8cee403872,C:\Users\USUARIO\Documents\Downloads\BASE DE DATOS 1974-2018 PDFs. WSS\2006\2006-08-14 El gran Libertador en la plenitud de los gentiles (WSS) Mexico.PDF,2006-08-14,El Gran libertador en la plenitud de los gentiles.,orden_logico,,,0.000000
d34b86f7-87e2-41c7-9d5d-e3ddb2d17e04,c3f910ae-286f-487d-a737-39b1268b8736,"C:\Users\USUARIO\Documents\Downloads\BASE DE DATOS 1974-2018 PDFs. WSS\2006\2006-08-17 Jerusalen, ciudad de Melquisedec, Rey de Paz (WSS) Mexico.PDF",2006-08-17,Jerusalen ciudad de Melquisedec Rey de Paz.,orden_logico,,,0.000000
94261db7-42b3-43c4-a964-d5803a60061a,67e9560a-6420-4dce-9359-201516b37dee,C:\Users\USUARIO\Documents\Downloads\BASE DE DATOS 1974-2018 PDFs. WSS\2006\2006-08-18 La Trompeta del Jubileo en el Dia de la Expiacion (WSS) Mexico.PDF,2006-08-18,La Trompeta del Jubileo en el dia de la expiacion.,orden_logico,,,0.000000
a7da8c45-7e40-4598-a3d5-5475122d451e,59f5aaf6-a903-4fbe-89d2-5d1e3f77a0ef,"C:\Users\USUARIO\Documents\Downloads\BASE DE DATOS 1974-2018 PDFs. WSS\2006\2006-08-19 El Rey de Paz Imperecedera - RM (WSS) Ciudad de Mexico, Mexico.pdf",2006-08-19,RM El Rey de Paz Imperecedera.,orden_logico,,,0.000000
f8f48790-b55a-4ccb-8437-c6c1bd1efd9f,0ab47384-0a03-4649-8900-a7e36ae806ec,C:\Users\USUARIO\Documents\Downloads\BASE DE DATOS 1974-2018 PDFs. WSS\2006\2006-08-19 Palabras de Saludo a las Damas (WSS) Mexico.PDF,2006-08-19,Palabras de Saludo a las Damas.,orden_logico,,,0.000000
a03156c1-e920-40f2-880e-03eeeabe09ad,7a5c6630-a2f0-4c2e-aba7-7fd2c6b7cab3,C:\Users\USUARIO\Documents\Downloads\BASE DE DATOS 1974-2018 PDFs. WSS\2006\2006-08-20 El Angel que liberta a Israel (WSS) Mexico.PDF,2006-08-20,El Angel que liberta a Israel.,orden_logico,,,0.000000
b28fc99d-fd2f-452d-a093-0e863e65d0eb,b60fb2b5-a8b7-43d3-86ac-c640d12c833d,C:\Users\USUARIO\Documents\Downloads\BASE DE DATOS 1974-2018 PDFs. WSS\2006\2006-08-25 El movimiento de la paz (WSS) Brasil.PDF,2006-08-25,El movimiento de la paz.,orden_logico,,,0.000000
aa8d216f-9f1f-41ea-bfc1-eadaa462efd8,a245c7f4-edeb-460e-b119-4ac46a69674a,C:\Users\USUARIO\Documents\Downloads\BASE DE DATOS 1974-2018 PDFs. WSS\2006\2006-08-27 El dia de la Redencion (WSS) Brasil.PDF,2006-08-27,El dia de la Redencion.,orden_logico,,,0.000000
5a2ac722-3ebc-4535-be26-e117abf32eb2,ab2d18f2-efe1-482e-bc86-5bbdc74cb2c3,"C:\Users\USUARIO\Documents\Downloads\BASE DE DATOS 1974-2018 PDFs. WSS\2006\2006-09-01 El Cordero Pascual (WSS) Goiania, Brasil.PDF",2006-09-01,El Cordero Pascual.,orden_logico,,,0.000000
d9243f1b-c83e-47a2-803d-85ae70e2f6fe,3790c39d-2586-4f34-9b0b-0baf69b76d59,"C:\Users\USUARIO\Documents\Downloads\BASE DE DATOS 1974-2018 PDFs. WSS\2006\2006-09-02 El paralelismo entre el tiempo de Noé y nuestro tiempo (WSS) Goiania, Brasil.PDF",2006-09-02,El Paralelismo entre el tiempo de Noe y nuestro tiempo.,orden_logico,,,0.000000
d0368f8c-4bbd-45c9-95cb-50aa74f60785,902deba0-8f5a-46a0-86f0-0115a44c1848,"C:\Users\USUARIO\Documents\Downloads\BASE DE DATOS 1974-2018 PDFs. WSS\2006\2006-09-03 El Reino de Dios está cerca (WSS) Goiania, Brasil.PDF",2006-09-03,El Reino de Dios esta cerca.,orden_logico,,,0.000000
5871e2df-e402-40a4-8106-fa8d127d94ec,58deaaac-6b3d-41ca-87df-b2d68d6945a8,"C:\Users\USUARIO\Documents\Downloads\BASE DE DATOS 1974-2018 PDFs. WSS\2006\2006-09-05 La Fuente de la Sabiduría - RM (WSS) Buenos Aires, Argentina.pdf",2006-09-05,RM La Fuente de la Sabiduría.,orden_logico,,,0.000000
d36c7435-51fb-4789-aa31-e62fc30d40b3,87155d3e-f8fe-4aba-b4d9-ea77aab890c5,"C:\Users\USUARIO\Documents\Downloads\BASE DE DATOS 1974-2018 PDFs. WSS\2006\2006-09-16 Tiempo de estar unánimes en el Reino de Dios (WSS) Austin, Texas, EEUU.PDF",2006-09-16,Tiempo de estar unanimes en el Reino de Dios.,orden_logico,,,0.000000
3fdb239d-638d-45a9-9710-64a672af06b3,ce1aef9b-7137-4add-94ff-a23d74d48558,"C:\Users\USUARIO\Documents\Downloads\BASE DE DATOS 1974-2018 PDFs. WSS\2006\2006-09-17 El misterio de la paz imperecedera (WSS) Austin, Texas, EEUU.PDF",2006-09-17,El Misterio de la paz imperecedera.,orden_logico,,,0.000000
e6cfd339-4473-4f9e-aaa1-b68ddb8439c3,0dc0db06-3f73-4d0f-937c-cb096c2ba7a5,"C:\Users\USUARIO\Documents\Downloads\BASE DE DATOS 1974-2018 PDFs. WSS\2006\2006-09-23 El Embajador de la Paz (WSS) Ciudad Vieja, Guatemala.pdf",2006-09-23,El Embajador de la Paz.,orden_logico,,,0.000000
1d612318-3618-4c1c-bc41-5c968377f896,f4496bb1-2ccb-4f96-9c0d-54dce35857ce,"C:\Users\USUARIO\Documents\Downloads\BASE DE DATOS 1974-2018 PDFs. WSS\2006\2006-09-24 El camino de la Paz (WSS) Guatemala, Guatemala.PDF",2006-09-24,El Camino de la Paz.,orden_logico,,,0.000000
10ed4438-c5a4-46e7-81c2-88fe145981ff,507a5973-40de-4da9-b82a-222bd4f3c922,"C:\Users\USUARIO\Documents\Downloads\BASE DE DATOS 1974-2018 PDFs. WSS\2006\2006-09-25 El encuentro de Abraham con Melquisedec, el Rey de Paz (WSS) San Salvador, El Salvador.PDF",2006-09-25,El encuentro de Abraham con Melquisedec El Rey de Paz.,orden_logico,,,0.000000
1b6e10a9-19a5-47d4-b7c2-842c859f7e6e,43902599-96a0-4c13-8d4b-4d582db44345,"C:\Users\USUARIO\Documents\Downloads\BASE DE DATOS 1974-2018 PDFs. WSS\2006\2006-09-25 El Pueblo del Nuevo Pacto - RM (WSS) San Salvador, El Salvador.pdf",2006-09-25,RM El Pueblo del Nuevo Pacto.,orden_logico,,,0.000000
d7af7a48-261b-4b0e-b4b2-2d998d237e21,c95e4f3b-57cb-4768-bed3-27159e6c939c,"C:\Users\USUARIO\Documents\Downloads\BASE DE DATOS 1974-2018 PDFs. WSS\2006\2006-09-29 Tiempo de preparacion para entrar a la tierra prometida (WSS) Cayey, Puerto Rico.PDF",2006-09-29,Tiempo de preparacion para entrar a la tierra prometida.,orden_logico,,,0.000000
1ac3a854-fc60-4e02-8c9e-73fdb8cdfc1f,fc323878-b56b-4589-aedb-f02ba836d26c,"C:\Users\USUARIO\Documents\Downloads\BASE DE DATOS 1974-2018 PDFs. WSS\2006\2006-10-01 El Trono de la dinastía de Melquisedec (WSS) Cayey, Puerto Rico.PDF",2006-10-01,El Trono de la Dinastia de Melquisedec.,orden_logico,,,0.000000
e441e628-f00e-4c0a-bbeb-cbfad4570fe1,25d9c9e5-a8e6-42ee-b5d3-455019e7f18d,"C:\Users\USUARIO\Documents\Downloads\BASE DE DATOS 1974-2018 PDFs. WSS\2006\2006-10-04 La Puerta abierta en el Cielo (WSS) Buenos Aires, Argentina.PDF",2006-10-04,La puerta abierta en el Cielo.,orden_logico,,,0.000000
d4cae1eb-5035-4b9d-ab14-184b39879b3a,3e2e34a3-d465-47d1-9abb-284904c570a4,"C:\Users\USUARIO\Documents\Downloads\BASE DE DATOS 1974-2018 PDFs. WSS\2006\2006-10-07 Elías en el Monte de Dios - RM (WSS) Santiago de Chile, Chile.pdf",2006-10-07,RM Elías en el Monte de Dios.,orden_logico,,,0.000000
47962707-acff-4def-83f7-adf8a1e0e3e5,284087c6-1f2f-4ceb-bd0f-7ef3f1359020,"C:\Users\USUARIO\Documents\Downloads\BASE DE DATOS 1974-2018 PDFs. WSS\2006\2006-10-08 El día de venganza de Dios (WSS) Santiago de Chile, Chile.PDF",2006-10-08,El dia de venganza de Dios.,orden_logico,,,0.000000
612f0889-24e1-4022-9129-8907ee02b2a8,fba79a2f-8487-47fb-a17b-af9fe2bf2323,"C:\Users\USUARIO\Documents\Downloads\BASE DE DATOS 1974-2018 PDFs. WSS\2006\2006-10-11 La Restauracion de la raza humana (WSS) La Paz, Bolivia.PDF",2006-10-11,La Restauracion de la raza humana.,orden_logico,,,0.000000
c4df46bc-5a7f-4e1a-8713-5e8f85a672e8,2eb4ba81-990f-4e99-bea1-4329b1672f85,"C:\Users\USUARIO\Documents\Downloads\BASE DE DATOS 1974-2018 PDFs. WSS\2006\2006-10-13 Jerusalén, la Ciudad deseada (WSS) Santa Cruz, Bolivia.PDF",2006-10-13,Jerusalen la ciudad deseada.,orden_logico,,,0.000000
e6eba6b5-fb33-47c3-a54c-751676fd72b8,58d4cfaa-ea4a-41e3-9ec0-847c7fbdfbb3,"C:\Users\USUARIO\Documents\Downloads\BASE DE DATOS 1974-2018 PDFs. WSS\2006\2006-10-14 El día de la Redención - RM (WSS) Santa Cruz, Bolivia.pdf",2006-10-14,RM El día de la Redención.,orden_logico,,,0.000000
bee7c6d1-cdbf-43e9-ab8b-7e04263e4a2d,88a84a9d-503e-47b4-863e-0bcd6c15f018,"C:\Users\USUARIO\Documents\Downloads\BASE DE DATOS 1974-2018 PDFs. WSS\2006\2006-10-14 Palabras de Saludo a las Damas (WSS) Santa Cruz, Bolivia.PDF",2006-10-14,Palabras de Saludo a las Damas.,orden_logico,,,0.000000
159a566c-5b7d-426a-8bae-063f37474ab2,165b079c-041b-4278-97ba-2646c7a5440a,"C:\Users\USUARIO\Documents\Downloads\BASE DE DATOS 1974-2018 PDFs. WSS\2006\2006-10-15 Conociendo las señales de los tiempos (WSS) Santa Cruz, Bolivia.PDF",2006-10-15,Conociendo las señales de los tiempos.,orden_logico,,,0.000000
e696bd90-50c5-4362-99fe-c412e37dbe80,1cc9f1c6-76da-499b-871d-6ae3bf3286a6,"C:\Users\USUARIO\Documents\Downloads\BASE DE DATOS 1974-2018 PDFs. WSS\2006\2006-10-16 El recogimiento de la descendencia de Abraham (WSS) Ventanilla, Perú.PDF",2006-10-16,El recogimiento de la descendencia de Abraham.,orden_logico,,,0.000000
0580256c-9770-41a8-baac-7fa291ed1d02,87e91bfc-d4af-42f9-878c-c713bd540951,C:\Users\USUARIO\Documents\Downloads\BASE DE DATOS 1974-2018 PDFs. WSS\2006\2006-10-18 Levantad vuestra mirada al Cielo porque vuestra Redención está cerca (WSS) Perú.PDF,2006-10-18,Levantad vuestra mirada al cielo porque vuestra redencion esta cerca.,orden_logico,,,0.000000
555cf120-a2de-44d7-9798-4daa10b7361d,323b01a8-7733-4b4a-97dd-c40319fb55eb,"C:\Users\USUARIO\Documents\Downloads\BASE DE DATOS 1974-2018 PDFs. WSS\2006\2006-10-19 El Ángel que revela a Jesucristo (WSS) Lima, Perú.PDF",2006-10-19,El Angel que revela a Jesucristo.,orden_logico,,,0.000000
4175bda9-e682-422c-ba2f-95415f7fa930,b779dd28-46a7-43dc-a27e-5a06c9a866e2,"C:\Users\USUARIO\Documents\Downloads\BASE DE DATOS 1974-2018 PDFs. WSS\2006\2006-10-19 Pastores hablando conforme a la Palabra de Dios - RM (WSS) Lima, Perú.pdf",2006-10-19,RM Pastores hablando conforme a la Palabra de Dios.,orden_logico,,,0.000000
f45bb6b1-3a5c-417e-8cbc-97f0ef9cbdcf,89f0fa2c-56ae-4967-bdad-936d0298e8ba,"C:\Users\USUARIO\Documents\Downloads\BASE DE DATOS 1974-2018 PDFs. WSS\2006\2006-10-21 Los tiempos de la Restauracion de todas las cosas - RM (WSS) Quito, Ecuador.pdf",2006-10-21,RM Los tiempos de la Restauracion de todas las cosas.,orden_logico,,,0.000000
662eb992-939e-41fa-a495-d46edb348089,dbe2ae42-fa34-46fc-9fdd-69223b1ad96a,"C:\Users\USUARIO\Documents\Downloads\BASE DE DATOS 1974-2018 PDFs. WSS\2006\2006-10-22 El derecho a la Vida (WSS) Quito, Ecuador.PDF",2006-10-22,El Derecho a la vida.,orden_logico,,,0.000000
fffeb4be-757e-4a41-a9e2-364b12c6c5c5,5a26b5b0-4643-4943-b579-eede99646a72,"C:\Users\USUARIO\Documents\Downloads\BASE DE DATOS 1974-2018 PDFs. WSS\2006\2006-10-26 Guiados por el Arca del Pacto - RM (WSS) de Bogota, Colombia a Valencia, Venezuela.pdf",2006-10-26,RM Guiados por el Arca del Pacto.,orden_logico,,,0.000000
aba31764-b5f4-45bb-8350-7412167e6074,d6744017-8726-49ab-8630-70066f60b31d,"C:\Users\USUARIO\Documents\Downloads\BASE DE DATOS 1974-2018 PDFs. WSS\2006\2006-10-28 Elías restaura el altar de Dios - RM (WSS) Cali, Colombia.pdf",2006-10-28,RM Elías restaura el altar de Dios.,orden_logico,,,0.000000
4dc44b40-b55a-400f-beae-03ba085d9f4f,52c33d62-4a0f-42a2-80b6-d2322a14c13c,C:\Users\USUARIO\Documents\Downloads\BASE DE DATOS 1974-2018 PDFs. WSS\2006\2006-10-30 El tiempo de la visitación del Mesías para la restauración del Reino de David (WSS) Colombia.PDF,2006-10-30,El tiempo de la visitacion del mesias para la restauracion del reino de David.,orden_logico,,,0.000000
7d9df2e3-94ba-4a81-9497-8d38e78e5abd,2dc21cbe-ceaa-49b2-9361-8220e200b626,"C:\Users\USUARIO\Documents\Downloads\BASE DE DATOS 1974-2018 PDFs. WSS\2006\2006-11-01 Venid a la Cena que hay lugar en la Casa del Señor (WSS) Barranquilla, Colombia.PDF",2006-11-01,Venid a la Cena que hay lugar en la Casa del Señor.,orden_logico,,,0.000000
ccbb922b-b084-4694-8c3f-6b055760aad4,315ebe3c-65c3-43ac-b60a-50163384293f,C:\Users\USUARIO\Documents\Downloads\BASE DE DATOS 1974-2018 PDFs. WSS\2006\2006-11-01 Unanimes juntos en el Aposento Alto - Booklet.pdf,2006-11-01,RM Unánimes juntos en el Aposento Alto.,orden_logico,,,0.000000
e100132a-07fe-400f-98cf-d729978ea2be,315ebe3c-65c3-43ac-b60a-50163384293f,C:\Users\USUARIO\Documents\Downloads\BASE DE DATOS 1974-2018 PDFs. WSS\2006\2006-11-01 Unánimes juntos en el Aposento Alto -RM (WSS) Colombia.pdf,2006-11-01,RM Unánimes juntos en el Aposento Alto.,orden_logico,,,0.000000
77ba6956-d3d2-4b79-b5e2-257707b8be0e,3e92d461-ad9f-42e5-9167-1221f1aa8fc3,"C:\Users\USUARIO\Documents\Downloads\BASE DE DATOS 1974-2018 PDFs. WSS\2006\2006-11-02 El Hijo del Hombre vino a buscar lo que se había perdido (WSS) Villavicencio, Colombia.PDF",2006-11-02,El Hijo del Hombre vino a buscar lo que se había perdido.,orden_logico,,,0.000000
2d3b5d6c-eb37-4610-b333-ded90665d895,d85347b9-6d06-478c-ab32-2fdbe5d1aa3c,"C:\Users\USUARIO\Documents\Downloads\BASE DE DATOS 1974-2018 PDFs. WSS\2006\2006-11-02 El misterio de las doce tribus juntadas en Israel - RM (WSS) Villavicencio, Colombia.pdf",2006-11-02,RM El misterio de las doce tribus juntadas en Israel.,orden_logico,,,0.000000
68acba97-1a4b-426c-a9f6-106d4d4ba025,139b3879-a475-4aa9-8687-db8f12446e71,"C:\Users\USUARIO\Documents\Downloads\BASE DE DATOS 1974-2018 PDFs. WSS\2006\2006-11-03 La fórmula de la Paz Mundial (WSS) Bogotá, Colombia.PDF",2006-11-03,La Fórmula de la Paz Mundial.,orden_logico,,,0.000000
42f1e60e-7762-4d52-8a45-042c0913f2ef,f1bc51dc-428e-4009-a136-f5f0d1955245,"C:\Users\USUARIO\Documents\Downloads\BASE DE DATOS 1974-2018 PDFs. WSS\2006\2006-11-04 Elías restaurando el Cristianismo y el Judaísmo - RM (WSS) Bogota, Colombia.pdf",2006-11-04,RM Elías restaurando el Cristianismo y el Judaísmo.,orden_logico,,,0.000000
3c7f293d-4ca8-422f-9577-27fcd3b6edb7,013742db-30a7-4640-8486-4aa0fa1918a1,"C:\Users\USUARIO\Documents\Downloads\BASE DE DATOS 1974-2018 PDFs. WSS\2006\2006-11-04 Damas madrugadoras buscando la bendición de Dios (WSS) Bogotá, Colombia.PDF",2006-11-04,Damas madrugadoras buscando la bendición de Dios.,orden_logico,,,0.000000
dd60aaf8-ccd8-41a0-98f1-ba99aefc88c1,c50d6b67-882f-479f-88c3-1224ecaf9489,"C:\Users\USUARIO\Documents\Downloads\BASE DE DATOS 1974-2018 PDFs. WSS\2006\2006-11-12 Una mirada al cielo abierto (WSS) San José de los Campos, Brasil.PDF",2006-11-12,Una mirada al Cielo abierto.,orden_logico,,,0.000000
7e3deb50-643d-4670-80be-fffa89934887,7c520e10-762c-449a-b9a2-c4d453b36b57,"C:\Users\USUARIO\Documents\Downloads\BASE DE DATOS 1974-2018 PDFs. WSS\2006\2006-11-17 El pueblo que escucha la Voz del Sinaí (WSS) Goiania, Brasil.PDF",2006-11-17,El pueblo que escucha la Voz del Sinaí.,orden_logico,,,0.000000
4f847299-1dec-45ad-9e16-1b14a4652e24,3c527f21-6b3d-4194-aaf1-9de4dd861106,"C:\Users\USUARIO\Documents\Downloads\BASE DE DATOS 1974-2018 PDFs. WSS\2006\2006-11-19 Los miembros de la Familia de Dios (WSS) Goiania, Brasil.PDF",2006-11-19,Los miembros de la Familia de Dios.,orden_logico,,,0.000000
1e967678-1613-4123-b5c1-0f8f94146b81,81985846-0bbc-449c-9974-6723f5fce576,"C:\Users\USUARIO\Documents\Downloads\BASE DE DATOS 1974-2018 PDFs. WSS\2006\2006-11-24 Tiempo de dar una mirada al Cielo (WSS) San José de los Campos, Brasil.PDF",2006-11-24,Tiempo de dar una mirada al Cielo.,orden_logico,,,0.000000
5dccdb73-d055-4c2a-b0d1-3fdfd56c287e,520526fa-3397-4f70-9610-41ca5dcd8b1b,"C:\Users\USUARIO\Documents\Downloads\BASE DE DATOS 1974-2018 PDFs. WSS\2006\2006-11-25 La restauración de todas las cosas (WSS) Osasco, Sao Paulo, Brasil (movil).pdf",2006-11-25,RM La Restauración de todas las cosas.,cierre,,,0.000000
8f1b772c-4552-4744-ad18-9091c6bf93cd,520526fa-3397-4f70-9610-41ca5dcd8b1b,"C:\Users\USUARIO\Documents\Downloads\BASE DE DATOS 1974-2018 PDFs. WSS\2006\2006-11-25 La Restauración de todas las cosas - RM (WSS) San Pablo, Brasil.pdf",2006-11-25,RM La Restauración de todas las cosas.,orden_logico,,,0.000000
5c76f3e6-b9b2-40cf-b7bf-5da6ad9a1864,a1b41f5b-f638-4f81-a98e-b46c71262f62,"C:\Users\USUARIO\Documents\Downloads\BASE DE DATOS 1974-2018 PDFs. WSS\2006\2006-11-26 De regreso al hogar (WSS) Osasco, Sao Paulo, Brasil.PDF",2006-11-26,De regreso al hogar.,orden_logico,,,0.000000
f34f35f8-4e99-4e87-a466-83f5eb715460,7c1d71a8-e8fa-40fe-b005-a799f9e8892f,"C:\Users\USUARIO\Documents\Downloads\BASE DE DATOS 1974-2018 PDFs. WSS\2006\2006-12-01 El establecimiento del Reino de Dios (WSS) Cayey, Puerto Rico.PDF",2006-12-01,El establecimiento del Reino de DIos.,orden_logico,,,0.000000
e8a0d1db-777d-4c7a-97d1-eadd1d9c0bf4,ddad1a71-8b93-409e-9bfd-81385b292b10,"C:\Users\USUARIO\Documents\Downloads\BASE DE DATOS 1974-2018 PDFs. WSS\REUNIÓN DE MINISTROS\2006-12-02 El misterio del Séptimo Sello y la Séptima Trompeta - RM (WSS) Cayey, Puerto Rico.pdf",2006-12-02,RM El misterio del Séptimo Sello y la séptima Trompeta.,orden_logico,,,0.000000
47d7d959-bb6b-4b6c-ba11-626897af600a,e9911fe0-7ae6-4d88-bb4b-9ced51616c9f,"C:\Users\USUARIO\Documents\Downloads\BASE DE DATOS 1974-2018 PDFs. WSS\2006\2006-12-03 La manifestacion gloriosa de los Hijos de Dios (WSS) Cayey, Puerto Rico.PDF",2006-12-03,La manifestacion Gloriosa de los hijos de Dios.,orden_logico,,,0.000000
bb062638-40d0-4545-af5f-58f79ce0e336,e9911fe0-7ae6-4d88-bb4b-9ced51616c9f,C:\Users\USUARIO\Documents\Downloads\BASE DE DATOS 1974-2018 PDFs. WSS\2006\2006-12-03 La manifestación gloriosa de los hijos de Dios.pdf,2006-12-03,La manifestacion Gloriosa de los hijos de Dios.,orden_logico,,,0.000000
0e69a229-8e94-4618-971b-b24abadb8593,b24f55cb-0104-4fb3-8df9-c630b3cba00d,C:\Users\USUARIO\Documents\Downloads\BASE DE DATOS 1974-2018 PDFs. WSS\2006\2006-12-10 La Luz resplandeciendo (WSS) Brasil.PDF,2006-12-10,La Luz Resplandeciendo.,orden_logico,,,0.000000
ed2ae101-6383-4b9a-b26a-9702d30a99e6,68ee1275-2206-4f2a-969c-b7ec6aeadcd5,C:\Users\USUARIO\Documents\Downloads\BASE DE DATOS 1974-2018 PDFs. WSS\2006\2006-12-16 Los misterios del Reino de los Cielos revelados a los escogidos - RM (WSS) Guatemala.pdf,2006-12-16,RM Los misterios del Reino de los Cielos revelados a los escogidos.,orden_logico,,,0.000000
d8f1b917-9351-49ea-a71f-9fd259d277e5,86fb1f58-ae8c-4b90-aabf-d3877366e392,C:\Users\USUARIO\Documents\Downloads\BASE DE DATOS 1974-2018 PDFs. WSS\2006\2006-12-17 Buscando el Reino de Dios (WSS) Guatemala.PDF,2006-12-17,Buscando el Reino de Dios.,orden_logico,,,0.000000
8183a047-c2fc-481b-8a99-5de2c23e17d1,3917d34b-0489-4b68-b88e-f05940ef3196,C:\Users\USUARIO\Documents\Downloads\BASE DE DATOS 1974-2018 PDFs. WSS\2006\2006-12-22 Dios es galardonador de los que le buscan (WSS) Colombia.PDF,2006-12-22,Dios es Galardonador de los que le buscan.,orden_logico,,,0.000000
dcb0656a-455f-4b5e-ae08-c06846f99175,5fc45ed1-9619-41d9-ac44-857c6744bb38,"C:\Users\USUARIO\Documents\Downloads\BASE DE DATOS 1974-2018 PDFs. WSS\2006\2006-12-22 Dios engrandeciendo a Josué delante de todo Israel - RM (WSS) Bogota, Colombia.pdf",2006-12-22,RM Dios engrandeciendo a Josué delante de todo Israel.,orden_logico,,,0.000000
fcd5bed3-5197-4289-a647-feb9292aeb7a,ac24c12b-732f-4099-b7ac-102ffd0c4373,C:\Users\USUARIO\Documents\Downloads\BASE DE DATOS 1974-2018 PDFs. WSS\2006\2006-12-31 Este es el Heredero (WSS) Brasil.PDF,2006-12-31,Este es El Heredero.,orden_logico,,,0.000000
75d2ad2c-44af-469b-89cf-80304ddf93cd,f55d9b4e-a84e-4e25-9499-b06321f98f7a,"C:\Users\USUARIO\Documents\Downloads\BASE DE DATOS 1974-2018 PDFs. WSS\2007\2007-01-05 Los tres exodos (WSS) Goiania, Goas, Brasil.PDF",2007-01-05,Los Tres Exodos.,orden_logico,,,0.000000
b03e1d0a-918b-43ca-ae87-ce819fc9bef8,9965d845-5561-43b5-b7ce-2772b795c654,"C:\Users\USUARIO\Documents\Downloads\BASE DE DATOS 1974-2018 PDFs. WSS\2007\2007-01-14 El principio (WSS) Goiania, Goas, Brasil.PDF",2007-01-14,El Principio.,orden_logico,,,0.000000
6f2e0f10-1bd2-4c0c-aa7b-17959224d1d6,d51c355d-0724-494e-9f66-85376f06af62,"C:\Users\USUARIO\Documents\Downloads\BASE DE DATOS 1974-2018 PDFs. WSS\2007\2007-01-20 La paz naciendo en el corazón de los hombres (WSS) Aracatuba, Brasil.PDF",2007-01-20,La Paz Naciendo en el Corazon de los hombres.,orden_logico,,,0.000000
c8dffa1d-e504-4b32-b108-86b513dff6da,1d27ebee-eb1a-40d8-870b-67fe1000af09,"C:\Users\USUARIO\Documents\Downloads\BASE DE DATOS 1974-2018 PDFs. WSS\2007\2007-01-21 Los verdaderos hermanos de Cristo (WSS) Franca, Brasil.PDF",2007-01-21,Los Verdaderos Hermanos de Cristo.,orden_logico,,,0.000000
e0bd2461-76bd-4d9b-9f09-c1f0bac14e39,85e7e74c-7f4d-4520-8018-50d742025797,"C:\Users\USUARIO\Documents\Downloads\BASE DE DATOS 1974-2018 PDFs. WSS\2007\2007-01-23 La restauración del Reino de Dios en la Tierra (WSS) Paraguaçu, Brasil.PDF",2007-01-23,La Restauracion del Reino de Dios en la Tierra.,orden_logico,,,0.000000
64a82319-7e86-4a88-ba30-4efe18421a0b,71a314fd-5d4d-41a8-89c6-87f98ecdc2db,"C:\Users\USUARIO\Documents\Downloads\BASE DE DATOS 1974-2018 PDFs. WSS\2007\2007-01-27 La trayectoria de la Palabra Creadora - RM (WSS) San Pablo, Brasil.pdf",2007-01-27,RM La trayectoria de la Palabra Creadora.,orden_logico,,,0.000000
a39f75ec-e2d7-4c93-8b92-1c4de83c057b,4cd8d5a2-6de5-46cd-a687-175c23b3a282,"C:\Users\USUARIO\Documents\Downloads\BASE DE DATOS 1974-2018 PDFs. WSS\2007\2007-01-28 El mensajero de paz (WSS) Rio de Janeiro, Brasil.PDF",2007-01-28,El Mensajero de Paz.,orden_logico,,,0.000000
e9b343f2-c656-48fc-a268-8f6c434bf8b4,84baf9a3-70e5-4e4d-90ca-487453f85aa8,"C:\Users\USUARIO\Documents\Downloads\BASE DE DATOS 1974-2018 PDFs. WSS\2007\2007-02-02 Palabras de Saludo Chile - RM (WSS) La Florida, Chile.pdf",2007-02-02,RM Palabras de Saludo Chile.,orden_logico,,,0.000000
46999c84-266f-49c0-ac24-3c0547100c40,816da7b3-2a2c-45b1-bb4e-fb1d06831abb,"C:\Users\USUARIO\Documents\Downloads\BASE DE DATOS 1974-2018 PDFs. WSS\2007\2007-02-04 El Pacto de la Paz Imperecedera (WSS) La Florida, Chile.PDF",2007-02-04,El Pacto de la Paz Imperecedera.,orden_logico,,,0.000000
57e56219-64c4-4c43-98af-2a1f8eefa49f,5d87f2b2-ebba-4099-899e-091beb79907c,"C:\Users\USUARIO\Documents\Downloads\BASE DE DATOS 1974-2018 PDFs. WSS\2007\2007-02-06 Las Buenas noticias de Paz (WSS) Asunción, Paraguay.PDF",2007-02-06,Las Buenas noticias de Paz.,orden_logico,,,0.000000
07c96d5a-e886-4b0b-80f3-4d437ee15bfb,92422529-84f3-4aed-88ed-24c5b04387cd,"C:\Users\USUARIO\Documents\Downloads\BASE DE DATOS 1974-2018 PDFs. WSS\2007\2007-02-09 Escuchando la Voz del Cielo (WSS) Ciudad del Este, Paraguay.PDF",2007-02-09,Escuchando la Voz del Cielo.,orden_logico,,,0.000000
4d95fbcb-584c-4fab-b20e-6a0c1a6838a5,12fb5fb3-3f54-46fd-af5e-b8b160d80e70,"C:\Users\USUARIO\Documents\Downloads\BASE DE DATOS 1974-2018 PDFs. WSS\2007\2007-02-11 La vida del Rey mas grande de esta tierra (WSS) Goiania, Brasil.PDF",2007-02-11,La vida del Rey mas grande de esta tierra.,orden_logico,,,0.000000
589cc19e-684c-4554-bd77-880c58047514,d6b33e91-ea74-4f46-a018-add648d3509e,"C:\Users\USUARIO\Documents\Downloads\BASE DE DATOS 1974-2018 PDFs. WSS\2007\2007-02-18 Las Luchas y batallas del Rey David por el Trono (WSS) Cayey, Puerto Rico.PDF",2007-02-18,Las Luchas y batallas del Rey David por el Trono.,orden_logico,,,0.000000
0107b291-e6ad-4f61-80c9-050d4f3d18af,cf542964-27cb-44fc-a6f9-3a8844acb482,"C:\Users\USUARIO\Documents\Downloads\BASE DE DATOS 1974-2018 PDFs. WSS\2007\2007-02-23 La Restauracion de la monarquia de David en Israel (WSS) Ciudad Juarez, Mexico.PDF",2007-02-23,La Restauracion de la monarquia de David en Israel.,orden_logico,,,0.000000
20d657ab-d3b2-4787-8a5b-6883a0dedc5d,0ebb3e96-36c7-43aa-8160-e959c13f2760,"C:\Users\USUARIO\Documents\Downloads\BASE DE DATOS 1974-2018 PDFs. WSS\2007\2007-02-24 Ministros trabajando en la unidad del Espiritu Santo en el Dia Postrero (WSS) Torreon, Mexico.pdf",2007-02-24,RM Ministros trabajando en la unidad del Espiritu Santo en el Dia postrero.,orden_logico,,,0.000000
1bec7e83-f062-475b-b949-93ae1934774a,87b10f6d-68fe-4df0-9ab4-e837831cb10f,"C:\Users\USUARIO\Documents\Downloads\BASE DE DATOS 1974-2018 PDFs. WSS\2007\2007-02-25 La Restauracion de la Dinastia de David (WSS) Torreón, Mexico.PDF",2007-02-25,La Restauracion de la Dinastia de David.,orden_logico,,,0.000000
96796ed1-c736-4887-9b7e-2062399a7200,a8109fe1-85c7-473c-95cc-422426b4933b,"C:\Users\USUARIO\Documents\Downloads\BASE DE DATOS 1974-2018 PDFs. WSS\2007\2007-02-26 El que tiene la Verdadera Paz para la humanidad (WSS) Acapulco, Mexico.PDF",2007-02-26,El que tiene la Verdadera Paz para la humanidad.,orden_logico,,,0.000000
db68487c-fad3-4ef2-a051-c9c6e482e036,d7f65ce0-0a45-4d42-a12f-2fe8b3ffde5b,"C:\Users\USUARIO\Documents\Downloads\BASE DE DATOS 1974-2018 PDFs. WSS\2007\2007-02-27 La Forma de Dios juntar a sus Escogidos (WSS) Minatitlan, Mexico.PDF",2007-02-27,La Forma de Dios juntar a sus Escogidos.,orden_logico,,,0.000000
3fa1a6ff-e83c-47b9-9440-c9b8cf71630a,7f5f3f0d-9ee0-4b2d-b58d-f4656cee5f78,"C:\Users\USUARIO\Documents\Downloads\BASE DE DATOS 1974-2018 PDFs. WSS\2007\2007-02-28 La Unica oportunidad de Vida Eterna (WSS) Palomares, Mexico.PDF",2007-02-28,La Unica oportunidad de Vida Eterna.,orden_logico,,,0.000000
c0747abe-fdff-4537-83c8-6c68a0ddb353,7ac6b5b8-488a-41ab-8c2e-0b686f052e1d,C:\Users\USUARIO\Documents\Downloads\BASE DE DATOS 1974-2018 PDFs. WSS\2007\2007-03-02 Jesús llora al cuarto dia ante la tumba de Lázaro (WSS) Mexico.PDF,2007-03-02,Jesus llora al cuarto dia ante la tumba de Lazaro.,orden_logico,,,0.000000
def9b130-4f86-413b-8572-1f797dabe62d,c9dd92f9-576e-4a1c-8589-d8781c481b13,C:\Users\USUARIO\Documents\Downloads\BASE DE DATOS 1974-2018 PDFs. WSS\2007\2007-03-02 El Pacto de la Paz imperecedera (WSS) Mexico.pdf,2007-03-02,El Pacto de la paz Imperecedera.,orden_logico,,,0.000000
71a519a2-6bc8-46ce-a93b-5c842b5e1b97,be3a62f1-1a63-45f9-a868-20db3786f7e6,"C:\Users\USUARIO\Documents\Downloads\BASE DE DATOS 1974-2018 PDFs. WSS\REUNIÓN DE MINISTROS\2007-03-03 La Palabra Profética es la Luz del Día Postrero - RM (WSS) Ciudad de México, México.pdf",2007-03-03,RM La Palabra profética es la Luz del Día Postrero.,orden_logico,,,0.000000
fb2b5434-e4ac-4b28-8422-c07d9e005a88,e96825cd-d481-4c22-8da2-9c12e22aade6,C:\Users\USUARIO\Documents\Downloads\BASE DE DATOS 1974-2018 PDFs. WSS\2007\2007-03-04 Yo dare paz en la tierra (WSS) Mexico.PDF,2007-03-04,Yo dare paz en la tierra.,orden_logico,,,0.000000
43c9fe0f-5bcf-473d-a1a0-9ae41b587141,52f766e6-df5d-4732-8bd6-f42a0cc19cc2,"C:\Users\USUARIO\Documents\Downloads\BASE DE DATOS 1974-2018 PDFs. WSS\2007\2007-03-07 Conversion de Muerte a Vida (WSS) San Luis Potosí, Mexico.PDF",2007-03-07,Conversion de Muerte a Vida.,orden_logico,,,0.000000
8c608759-565a-4440-80b5-0b30d470a2c8,71ee1f3c-1ca8-4c0b-856e-12be8f9271b6,"C:\Users\USUARIO\Documents\Downloads\BASE DE DATOS 1974-2018 PDFs. WSS\2007\2007-03-08 El Reino de David, un Reino de Paz con futuro eterno (WSS) Mexico.PDF",2007-03-08,El Reino de David un Reino de Paz con futuro Eterno.,orden_logico,,,0.000000
a6b8cd23-5682-4ee3-9ede-00e19898dfb5,50e48c62-5060-4a2c-b80c-7eb09c3fac3a,"C:\Users\USUARIO\Documents\Downloads\BASE DE DATOS 1974-2018 PDFs. WSS\2007\2007-03-09 El Secreto de la Paz imperecedera para Israel y para toda la humanidad (WSS) Topochico, Mexico.PDF",2007-03-09,El Secreto de la Paz imperecedera para Israel y para toda la humanidad.,orden_logico,,,0.000000
a83ba8f7-e8ae-415f-bfb5-60b12ef1fc4f,e2224e86-57d5-4ec0-9154-5bfd91799c4a,"C:\Users\USUARIO\Documents\Downloads\BASE DE DATOS 1974-2018 PDFs. WSS\2007\2007-03-10 Pastores trabajando unidos, cuidando el Rebaño del Principe de Paz - RM (WSS) Monterrey, Mexico.pdf",2007-03-10,"RM Pastores trabajando unidos, cuidando el Rebaño del Príncipe de Paz",orden_logico,,,0.000000
2ca74265-7e32-4ca8-8376-ea8651b28f00,4b5ab513-d432-4765-803c-511fdade6a3e,"C:\Users\USUARIO\Documents\Downloads\BASE DE DATOS 1974-2018 PDFs. WSS\2007\2007-03-11 La Paz sin limites sobre el Trono de David y su Reino (WSS) Monterrey, Mexico.PDF",2007-03-11,La Paz sin limites sobre el Trono de David y su Reino.,orden_logico,,,0.000000
58dd8b2e-e3dd-4c24-8771-79be517acf81,70da0037-b01a-44ef-86c5-c9a9af378abc,"C:\Users\USUARIO\Documents\Downloads\BASE DE DATOS 1974-2018 PDFs. WSS\2007\2007-03-16 La Palabra de Dios simiente que produce fruto (WSS) Villahermosa, Mexico.PDF",2007-03-16,La Palabra de Dios simiente que produce fruto.,orden_logico,,,0.000000
ba9a9a74-a989-486e-bb24-a61b4741ea5f,6dff1176-ca47-475b-841a-1b0ac7c6489c,"C:\Users\USUARIO\Documents\Downloads\BASE DE DATOS 1974-2018 PDFs. WSS\2007\2007-03-17 Jesucristo restaurando el poder a Su Iglesia a través del profeta Elías - RM (WSS) Villahermosa, Mexico.pdf",2007-03-17,RM Jesucristo restaurando el poder a Su Iglesia a través del profeta Elías.,orden_logico,,,0.000000
2b277df4-1bd3-475d-8d2b-86e9525b0da2,574d7bdd-2af4-4d75-b716-a8f6a9597b93,"C:\Users\USUARIO\Documents\Downloads\BASE DE DATOS 1974-2018 PDFs. WSS\2007\2007-03-18 Los Pacificadores Bienventurados (WSS) Villahermosa, Mexico.PDF",2007-03-18,Los Pacificadores Bienventurados.,orden_logico,,,0.000000
5c5c069d-9926-4d97-b81c-54ac6bb07ca4,9dba234f-3da0-47bc-843a-806406f6cff3,"C:\Users\USUARIO\Documents\Downloads\BASE DE DATOS 1974-2018 PDFs. WSS\2007\2007-03-23 Los forjadores de la Paz (WSS) Goiania, Brasil.pdf",2007-03-23,Los forjadores de la Paz.,orden_logico,,,0.000000
3c2893be-8dd4-4749-b9d4-d8a5c3819190,10877fcb-a9cd-4601-a0cd-2762112b281c,"C:\Users\USUARIO\Documents\Downloads\BASE DE DATOS 1974-2018 PDFs. WSS\2007\2007-03-25 Los Herederos de la Paz (WSS) Goiania, Brasil.PDF",2007-03-25,Los Herederos de la Paz.,orden_logico,,,0.000000
25ec6fb4-6ebd-4208-ad08-98bd7a185840,11595408-b139-42c2-99e0-5177ba9b6a4d,"C:\Users\USUARIO\Documents\Downloads\BASE DE DATOS 1974-2018 PDFs. WSS\2007\2007-03-29 La Voz de Dios en su Templo (WSS) Manaus, Brasil.PDF",2007-03-29,La Voz de Dios en su Templo.,orden_logico,,,0.000000
fd507f7c-5b09-4a01-9314-8bcd47aad115,158362cd-cad6-4111-a270-e77e4eea5fad,"C:\Users\USUARIO\Documents\Downloads\BASE DE DATOS 1974-2018 PDFs. WSS\2007\2007-03-31 La Preparacion para entrar a la tierra prometida - RM (WSS) Goiania, Brasil.pdf",2007-03-31,RM La Preparacion para entrar a la tierra prometida.,orden_logico,,,0.000000
a977ed79-29eb-42fb-905b-20270203c4c0,bdfb4e81-e2c4-4587-87a3-b052202d8e87,"C:\Users\USUARIO\Documents\Downloads\BASE DE DATOS 1974-2018 PDFs. WSS\2007\2007-04-01 La Señal del fin de los tiempos de los gentiles (WSS) Goiania, Goas, Brasil.PDF",2007-04-01,La Señal del fin de los tiempos de los Gentiles.,orden_logico,,,0.000000
e407cd04-777c-44c2-bea7-ef0426751406,c8f7d861-8b3a-483e-9519-1d706c2e22ee,"C:\Users\USUARIO\Documents\Downloads\BASE DE DATOS 1974-2018 PDFs. WSS\2007\2007-04-04 Las buenas nuevas de Paz (WSS) Santiago de Chile, Chile.PDF",2007-04-04,Las Buenas Nuevas de Paz.,orden_logico,,,0.000000
fe2b5948-0eeb-4a02-ad7e-1db219e83a91,3cdf6ee3-5767-497d-91c0-3deaf03ea181,"C:\Users\USUARIO\Documents\Downloads\BASE DE DATOS 1974-2018 PDFs. WSS\2007\2007-04-06 El Sacrificio de Cristo fue una Obra necesaria (WSS) Cayey, Puerto Rico.PDF",2007-04-06,El Sacrificio de Cristo fue una Obra necesaria.,orden_logico,,,0.000000
5e95e520-a753-486f-8305-1d04ccaf2e4c,d952e08a-68ae-4013-8502-075963e849e9,"C:\Users\USUARIO\Documents\Downloads\BASE DE DATOS 1974-2018 PDFs. WSS\2007\2007-04-08 La resurrección de Cristo La garantía del Creyente (WSS) Cayey, Puerto Rico.PDF",2007-04-08,La Resurrección de Cristo la Garantia del Creyente,orden_logico,,,0.000000
cc8ee45c-6478-4862-ac84-961af3bde1fa,50bed590-772a-4cc8-9bd3-324d674dd0c4,"C:\Users\USUARIO\Documents\Downloads\BASE DE DATOS 1974-2018 PDFs. WSS\2007\2007-04-08 La colocacion de la Primera estaca para la Gran Carpa Catedral (WSS) Cayey, Puerto Rico.pdf",2007-04-08,La colocacion de la Primera estaca para la Gran Carpa Catedral.,orden_logico,,,0.000000
96f6d102-5ab0-4e7b-aa35-0b1cac9b2da4,9c3ec16a-69f0-45ae-b6ed-9b1984daf9ac,"C:\Users\USUARIO\Documents\Downloads\BASE DE DATOS 1974-2018 PDFs. WSS\2007\2007-04-15 Los miembros de la familia de Dios (WSS) Cayey, Puerto Rico.PDF",2007-04-15,Los Miembros de la Familia de Dios.,orden_logico,,,0.000000
b7c7f0b5-4c4d-441c-909e-6ce8c4158c38,640ff1dd-f543-497c-a5fa-fba540824bca,"C:\Users\USUARIO\Documents\Downloads\BASE DE DATOS 1974-2018 PDFs. WSS\2007\2007-04-20 El nuevo Pacto para Israel (WSS) Cayey, Puerto Rico.PDF",2007-04-20,El Nuevo Pacto para Israel.,orden_logico,,,0.000000
4faad6f4-186c-4410-a8b1-f668cd4aa77a,2a2a6ad2-482d-4920-b984-2aa005bf427f,"C:\Users\USUARIO\Documents\Downloads\BASE DE DATOS 1974-2018 PDFs. WSS\2007\2007-04-22 La Trompeta del año de Jubileo (WSS) Cayey, Puerto Rico.PDF",2007-04-22,La Trompeta del año de Jubileo.,orden_logico,,,0.000000
31ac6abb-6885-4387-a47c-ecda8cdd11ab,0e0b20ec-5a1c-4b28-9cdb-c3fdd9f2a77d,"C:\Users\USUARIO\Documents\Downloads\BASE DE DATOS 1974-2018 PDFs. WSS\2007\2007-04-27 Los hermanos de Jesús (WSS) San José de los Campos, Brasil.PDF",2007-04-27,Los Hermanos de Jesus.,orden_logico,,,0.000000
17fe3b89-aaa9-4ed5-a2c4-2db50850742f,5c009d24-d6d6-4ed2-8324-b7cad9d10d56,"C:\Users\USUARIO\Documents\Downloads\BASE DE DATOS 1974-2018 PDFs. WSS\2007\2007-04-28 Cuál es la Obra de Dios hoy - RM (WSS) San Pablo, Brasil.pdf",2007-04-28,RM Cuál es la Obra de Dios hoy.,orden_logico,,,0.000000
5646f465-dd62-4d61-9acb-13fd5117d104,5c009d24-d6d6-4ed2-8324-b7cad9d10d56,"C:\Users\USUARIO\Documents\Downloads\BASE DE DATOS 1974-2018 PDFs. WSS\REUNIÓN DE MINISTROS\2007-04-28 ¿Cuál es la Obra de Dios hoy - RM (WSS) San Pablo, Brasil.pdf",2007-04-28,RM Cuál es la Obra de Dios hoy.,orden_logico,,,0.000000
b8d89547-5c03-4ec0-9ffd-60d5c8380b6d,8805e97d-1c75-471c-aa71-149a914f82fd,"C:\Users\USUARIO\Documents\Downloads\BASE DE DATOS 1974-2018 PDFs. WSS\2007\2007-04-29 El misterio de la creación a la luz de la Biblia (WSS) Barueri, Brasil.PDF",2007-04-29,El Misterio de la creacion a la Luz de la Biblia.,orden_logico,,,0.000000
54fcc044-7fa6-483a-b171-b1d51d0b4c27,ea4d3dab-defd-4269-9ccb-9005f6d56278,C:\Users\USUARIO\Documents\Downloads\BASE DE DATOS 1974-2018 PDFs. WSS\2007\2007-05-01 El mayor Pacifista del mundo (WSS) Brasil.PDF,2007-05-01,El Mayor Pacifista del mundo.,orden_logico,,,0.000000
130708f3-b477-40d4-863f-5aa158f0ed91,12d0b3b6-fc95-4ab5-b4ce-ba35ea4a28e2,"C:\Users\USUARIO\Documents\Downloads\BASE DE DATOS 1974-2018 PDFs. WSS\2007\2007-05-10 La paz del alma (WSS) Bogotá, Colombia.PDF",2007-05-10,La Paz del Alma.,orden_logico,,,0.000000
6bb0eba6-9199-48df-a21c-396ac1e18dac,4a0f1472-4300-421b-ae08-492fa7c8776e,C:\Users\USUARIO\Documents\Downloads\BASE DE DATOS 1974-2018 PDFs. WSS\2007\2007-05-10 La mirada puesta en las cosas del Cielo. booklet.PDF,2007-05-10,La mirada puesta en las cosas del Cielo.,orden_logico,,,0.000000
08caa7f3-a61e-414f-a4bd-42f3f1de4a24,36d58194-d4a8-4887-a762-944baf8d318e,"C:\Users\USUARIO\Documents\Downloads\BASE DE DATOS 1974-2018 PDFs. WSS\2007\2007-05-12 El varón de paz que edifica la Casa al Nombre del Señor (WSS) Bogota, Colombia.pdf",2007-05-12,RM El varón de paz que edifica la Casa al Nombre del Señor.,orden_logico,,,0.000000
655ff1c3-6fc4-4fa9-bde7-fe323cb6057b,36d58194-d4a8-4887-a762-944baf8d318e,"C:\Users\USUARIO\Documents\Downloads\BASE DE DATOS 1974-2018 PDFs. WSS\REUNIÓN DE MINISTROS\2007-05-12 El varón de paz que edifica la Casa al Nombre del Señor - RM (WSS) Bogotá, Colombia.pdf",2007-05-12,RM El varón de paz que edifica la Casa al Nombre del Señor.,orden_logico,,,0.000000
1b5797d8-abaf-4914-be38-7c2e689f3765,a4dd38cd-4154-4527-8037-6064b44da783,"C:\Users\USUARIO\Documents\Downloads\BASE DE DATOS 1974-2018 PDFs. WSS\2007\2007-05-13 La Paz sea Contigo (WSS) Bogota, Colombia.PDF",2007-05-13,La Paz sea Contigo.,orden_logico,,,0.000000
1e09e0c3-e617-4152-845b-2156de55efb1,32eb9410-4fc9-4f2c-8c16-3444729ced85,"C:\Users\USUARIO\Documents\Downloads\BASE DE DATOS 1974-2018 PDFs. WSS\2007\2007-05-15 El día de salvación (WSS) Quito, Ecuador.PDF",2007-05-15,El Dia de Salvacion.,orden_logico,,,0.000000
c72046ae-29df-4e87-85f7-5663d44e3e19,86b15524-85ef-409f-9be4-49d27d299812,"C:\Users\USUARIO\Documents\Downloads\BASE DE DATOS 1974-2018 PDFs. WSS\2007\2007-05-16 La plenitud de los gentiles (WSS) Quito, Ecuador.pdf",2007-05-16,La plenitud de los gentiles.,orden_logico,,,0.000000
50026521-94c2-438b-81a6-dc5c461ab522,33dea469-bb0f-4052-a778-565d21967368,"C:\Users\USUARIO\Documents\Downloads\BASE DE DATOS 1974-2018 PDFs. WSS\2007\2007-05-20 El pueblo esforzado, El pueblo al cual Dios se revela (WSS) Brasil.PDF",2007-05-20,El Pueblo Esforzado el pueblo al cual Dios se Revela.,orden_logico,,,0.000000
01207ca5-ceef-4a8f-bae7-884e99b1c023,1d267a38-a7a9-4bc2-bbb4-459be090070e,"C:\Users\USUARIO\Documents\Downloads\BASE DE DATOS 1974-2018 PDFs. WSS\2007\2007-06-10 Nuestra redención está cerca (WSS) Jerusalén, Israel.PDF",2007-06-10,Nuestra Redencion esta cerca.,orden_logico,,,0.000000
9c66b3d8-11f0-42a4-87e8-7f6c61fb4bef,72ad2653-a224-40d8-a57f-64e5b7909bf4,"C:\Users\USUARIO\Documents\Downloads\BASE DE DATOS 1974-2018 PDFs. WSS\2007\2007-06-17 Éste es el Heredero (WSS) Goiania, Goas, Brasil.PDF",2007-06-17,Este es El Heredero.,orden_logico,,,0.000000
1deed30f-2c22-4b41-b0a7-55eb8e2d1b2d,f3f677fe-55fc-4f49-9688-09ce7e5a8f93,"C:\Users\USUARIO\Documents\Downloads\BASE DE DATOS 1974-2018 PDFs. WSS\2007\2007-06-24 La única esperanza de Paz (WSS) El Alto de la Paz, Bolivia.PDF",2007-06-24,La Unica Esperanza de Paz.,orden_logico,,,0.000000
70ffe872-9fbe-4882-a369-9dff98c9edcb,e2159d66-4172-4e7f-8795-fca43a3302e7,"C:\Users\USUARIO\Documents\Downloads\BASE DE DATOS 1974-2018 PDFs. WSS\2007\2007-06-25 El Reino de Dios está cerca (WSS) Santa Cruz, Bolivia.PDF",2007-06-25,El Reino de Dios esta cerca.,orden_logico,,,0.000000
5583c772-edf5-4ed5-bf8a-4bb0e163d90b,a48c2068-5046-4327-8069-031c2889625a,"C:\Users\USUARIO\Documents\Downloads\BASE DE DATOS 1974-2018 PDFs. WSS\REUNIÓN DE MINISTROS\2007-06-30 Permaneciendo con aquél que tiene la promesa de crecer - RM (WSS) San Pablo, Brasil.pdf",2007-06-30,RM Permaneciendo con aquél que tiene la promesa de crecer.,orden_logico,,,0.000000
1dd85f4e-2bcb-4fbb-8683-9bb0405bc4e8,6b9e98ec-bfd9-4074-86e0-2cffd43255e5,C:\Users\USUARIO\Documents\Downloads\BASE DE DATOS 1974-2018 PDFs. WSS\2007\2007-07-01 El pueblo con las más grandes promesas (WSS) Brasil.PDF,2007-07-01,El Pueblo con las mas grandes promesas.,orden_logico,,,0.000000
5fa8293f-e4c5-4cc6-8e95-3d8238a39383,cbf88c02-682b-43de-aab4-88aa365ad563,"C:\Users\USUARIO\Documents\Downloads\BASE DE DATOS 1974-2018 PDFs. WSS\2007\2007-07-02 Ministros Competentes del Nuevo Pacto - RM (WSS) Curitiba, Brasil.pdf",2007-07-02,RM Ministros Competentes del Nuevo Pacto.,orden_logico,,,0.000000
d687706b-0ef0-4382-aa79-21d62c8310a6,95b39510-6c4b-4e39-8099-f54de53c7b0d,C:\Users\USUARIO\Documents\Downloads\BASE DE DATOS 1974-2018 PDFs. WSS\2007\2007-07-03 El nuevo Pacto (WSS) Brasil.PDF,2007-07-03,El Nuevo Pacto.,orden_logico,,,0.000000
92e7c540-aafa-4477-a74e-ceb32c3f1e84,d64463a8-ffa9-43d9-a893-8bf3ba0e856b,C:\Users\USUARIO\Documents\Downloads\BASE DE DATOS 1974-2018 PDFs. WSS\2007\2007-07-08 La gloria de Dios en el Dia Postrero (WSS) Brasil.PDF,2007-07-08,La Gloria de Dios en el dia postrero.,orden_logico,,,0.000000
12050c2a-befe-4b78-a17a-0b4748074364,b7f33371-4d07-4ae5-96af-5382fcb35283,"C:\Users\USUARIO\Documents\Downloads\BASE DE DATOS 1974-2018 PDFs. WSS\REUNIÓN DE MINISTROS\2007-07-14 La Voz de la Trompeta del nuevo Pacto - RM (WSS) Asunción, Paraguay.pdf",2007-07-14,La Voz de la Trompeta del Nuevo Pacto.,orden_logico,,,0.000000
6855f310-ef05-4e59-ba46-8ec5992d03bd,88172426-bb27-4ff3-8dd6-43ab853872b5,C:\Users\USUARIO\Documents\Downloads\BASE DE DATOS 1974-2018 PDFs. WSS\2007\2007-07-15 La salvacion y Vida eterna en el Dia Postrero (WSS) Paraguay.PDF,2007-07-15,La Salvacion y vida eterna en el dia Postrero.,orden_logico,,,0.000000
35a5daa1-2fd4-4f47-8208-5fb31a5f8003,8277166f-4448-4323-8abe-326a4abcbd9c,C:\Users\USUARIO\Documents\Downloads\BASE DE DATOS 1974-2018 PDFs. WSS\2007\2007-07-22 La Palabra creadora (WSS) Brasil.PDF,2007-07-22,La Palabra creadora.,orden_logico,,,0.000000
adeb56fa-a14e-4289-a58e-518afe607b7c,aac109ab-32aa-4b70-9e1b-1d1bbdc1c096,"C:\Users\USUARIO\Documents\Downloads\BASE DE DATOS 1974-2018 PDFs. WSS\2007\2007-07-28 Damas, instrumentos de amor, paz y bendicion (WSS) EEUU.PDF",2007-07-28,Damas instrumentos de amor paz y Bendicion.,orden_logico,,,0.000000
cf224afc-fa27-4c97-854c-1cd5eb8d3fe1,27e49ed0-c738-4d54-95bf-7533ad9da0ae,"C:\Users\USUARIO\Documents\Downloads\BASE DE DATOS 1974-2018 PDFs. WSS\2007\2007-07-29 Jesucristo, la esencia de la Paz (WSS) Texas, EEUU.PDF",2007-07-29,Jesucristo la esencia de la Paz.,orden_logico,,,0.000000
3a16b805-e0d7-4de7-90c7-e5013e97a107,ac017ea8-4fea-41ad-abaa-d834a6e1c13a,C:\Users\USUARIO\Documents\Downloads\BASE DE DATOS 1974-2018 PDFs. WSS\2007\2007-07-30 Dios llamando y juntando a Sus escogidos porque aun hay lugar (WSS) Argentina.PDF,2007-07-30,Dios llamando y juntando a sus escogidos porque aun hay lugar.,orden_logico,,,0.000000
2eb6897d-3f67-42d8-b176-44d505f6cd14,60d9fd9c-21ae-45fd-bc04-6fb14ddb5510,"C:\Users\USUARIO\Documents\Downloads\BASE DE DATOS 1974-2018 PDFs. WSS\2007\2007-07-31 Los misterios y las bendiciones contenidas en la evangelizacion y en la vision de la Carpa en el Dia postrero - RM (WSS) Buenos Aires, Argentina.pdf",2007-07-31,RM Los misterios y las bendiciones contenidas en la evangelizacion y en la vision de la Carpa en el Dia postrero.,orden_logico,,,0.000000
632a967c-2989-480b-9e80-38d74eea6122,79c12116-8b51-4341-8b2b-d063d14ade37,C:\Users\USUARIO\Documents\Downloads\BASE DE DATOS 1974-2018 PDFs. WSS\2007\2007-08-05 Todos los Primogénitos pertenecen a Dios y tienen que ser redimidos (WSS) Brasil.PDF,2007-08-05,Todos los Primogenitos pertenecen a Dios y tienen que ser redimidos,orden_logico,,,0.000000
8f3dee22-bff0-4839-9da6-154153722bbc,901a50a0-ca13-4752-a6a4-b2a06c9a3654,C:\Users\USUARIO\Documents\Downloads\BASE DE DATOS 1974-2018 PDFs. WSS\2007\2007-08-13 El ministerio profetico del Dia Postrero y sus etapas (WSS) Brasil.pdf,2007-08-13,El ministerio Profetico del dia postrero y sus etapas.,orden_logico,,,0.000000
1e585c8d-e0cb-4fbf-b699-a41761f53424,7029c21e-2da2-40a0-b39c-e0c658f458dc,"C:\Users\USUARIO\Documents\Downloads\BASE DE DATOS 1974-2018 PDFs. WSS\2007\2007-08-19 La fórmula para la Paz (WSS) Goiania, Goas, Brasil.PDF",2007-08-19,La Formula para la paz.,orden_logico,,,0.000000
3ad0aa9d-f054-4f46-b4a8-52235c00317e,01a9d4f3-8424-42c8-8d55-985d9e7c4556,"C:\Users\USUARIO\Documents\Downloads\BASE DE DATOS 1974-2018 PDFs. WSS\2007\2007-09-02 Conociendo el tiempo en que vivimos por medio de las señales de los tiempos (WSS) Franca, Brasil.PDF",2007-09-02,Conociendo el tiempo en que vivimos por medio de las señales de los tiempos.,orden_logico,,,0.000000
bfc525c4-28d6-4c81-9886-56a3d28eb97f,d01a7dc8-9f92-4ab2-b1a5-972533f756e7,"C:\Users\USUARIO\Documents\Downloads\BASE DE DATOS 1974-2018 PDFs. WSS\2007\2007-09-12 El año nuevo judío (WSS) Bogotá, Colombia.PDF",2007-09-12,El año Nuevo Judio.,orden_logico,,,0.000000
1f7238d7-8b7d-4217-aaf4-3b72065c8d7a,142cc586-849b-40a4-8258-fee808b30201,"C:\Users\USUARIO\Documents\Downloads\BASE DE DATOS 1974-2018 PDFs. WSS\2007\2007-09-15 El Tiempo del Fin - RM (WSS) Villahermosa, México.pdf",2007-09-15,El tiempo del fin.,orden_logico,,,0.000000
a39e1083-b744-461a-9217-c8e043410e18,48a1d64a-22af-4487-9e61-772e892b88cd,"C:\Users\USUARIO\Documents\Downloads\BASE DE DATOS 1974-2018 PDFs. WSS\2007\2007-09-16 El Reino de los hijos de Dios (WSS) Villahermosa, México.PDF",2007-09-16,El Reino de los Hijos de Dios.,orden_logico,,,0.000000
f3b05ebc-e61d-49d0-a992-d371e2a793bb,70387bed-ee20-4850-a1d2-41135bee48f8,"C:\Users\USUARIO\Documents\Downloads\BASE DE DATOS 1974-2018 PDFs. WSS\2007\2007-09-20 El pan de los hijos de Dios (WSS) Ciudad de México, México.PDF",2007-09-20,El pan de los hijos de Dios.,orden_logico,,,0.000000
b0bc95b8-ad20-48f1-9915-845f33a84ad7,c2f0eb43-5266-41ce-98b0-f9aa907d7a6e,"C:\Users\USUARIO\Documents\Downloads\BASE DE DATOS 1974-2018 PDFs. WSS\2007\2007-09-21 El Señor Jesucristo revelado en la cuarta vigilia trayendo paz (WSS) Monterrey, México.PDF",2007-09-21,El Señor Jesucristo Revelado en la cuarta vigilia trayendo Paz.,orden_logico,,,0.000000
0ef00a51-26a4-4970-8fda-e5f9c6890281,69cd85f0-5ee5-4306-acb2-51ed9c760023,"C:\Users\USUARIO\Documents\Downloads\BASE DE DATOS 1974-2018 PDFs. WSS\2007\2007-09-30 Jesucristo, el único Camino de salvación (WSS) Cayey, Puerto Rico.PDF",2007-09-30,Jesucristo El Unico camino de salvacion.,orden_logico,,,0.000000
e3a9360e-cd73-4ec6-8f4a-ce037f24aea0,60303af6-86d4-4548-aae5-6583ebfb18ee,"C:\Users\USUARIO\Documents\Downloads\BASE DE DATOS 1974-2018 PDFs. WSS\2007\2007-10-07 Nuestra redención está cerca (WSS) Cayey, Puerto Rico.PDF",2007-10-07,Nuestra Redencion esta cerca.,orden_logico,,,0.000000
246b6d7f-2243-4baf-a6c9-de5eda1bb3c6,f1ffdf73-2ee6-4875-893b-1c3691f09b90,C:\Users\USUARIO\Documents\Downloads\BASE DE DATOS 1974-2018 PDFs. WSS\2007\2007-10-14 Las diez tribus perdidas de la casa de Israel (WSS) Brasil.PDF,2007-10-14,Las Diez tribus perdidas de la casa de Israel.,orden_logico,,,0.000000
5c5b1d3d-7b32-4598-9e12-55b4321fe193,4038bdaa-89ff-4ec9-b7e5-c5952d00c973,"C:\Users\USUARIO\Documents\Downloads\BASE DE DATOS 1974-2018 PDFs. WSS\2007\2007-10-20 De la higuera aprended la parabola - RM (WSS) San Pablo, Brasil.pdf",2007-10-20,RM De la higuera aprended la parabola.,orden_logico,,,0.000000
c43154ab-25f6-477e-87c8-f400b19d2df6,1a1dfbc5-5faf-46ba-9bd6-0576627e7bf0,C:\Users\USUARIO\Documents\Downloads\BASE DE DATOS 1974-2018 PDFs. WSS\2007\2007-10-21 La única esperanza de paz para la Familia Humana (WSS) Brasil.PDF,2007-10-21,La Unica Esperanza de paz para la Familia Humana.,orden_logico,,,0.000000
569b58d2-03fc-4d5b-bd2b-faa98f61ba59,92c4eb33-0154-4d6e-bb65-f7d365eb11f1,"C:\Users\USUARIO\Documents\Downloads\BASE DE DATOS 1974-2018 PDFs. WSS\2007\2007-10-28 La restauración del Reino de Israel (WSS) Rio Branco, Brasil.PDF",2007-10-28,La Restauracion del Reino de Israel.,orden_logico,,,0.000000
f75c584c-4a78-45e9-9373-f61133e39b25,2172851a-d368-425e-98de-225e381774cd,"C:\Users\USUARIO\Documents\Downloads\BASE DE DATOS 1974-2018 PDFs. WSS\2007\2007-10-29 El Día de salvación (WSS) Rondonia, Brasil.PDF",2007-10-29,El Dia de Salvacion.,orden_logico,,,0.000000
4faf9981-1df8-41fc-bba5-56b64816fb90,469a5be3-1b8a-4eb2-82a1-ab27440c66fc,"C:\Users\USUARIO\Documents\Downloads\BASE DE DATOS 1974-2018 PDFs. WSS\2007\2007-10-30 La Restauración del Reino de Israel (WSS) Manaus, Brasil.PDF",2007-10-30,La Restauracion del Reino de Israel.,orden_logico,,,0.000000
345133aa-e117-4178-9116-578a6c0a2bd6,8f95c29f-11bc-4b58-b7fe-23823e8437f0,"C:\Users\USUARIO\Documents\Downloads\BASE DE DATOS 1974-2018 PDFs. WSS\2007\2007-11-04 La cuarta generación (WSS) Goiania, Goas, Brasil.PDF",2007-11-04,La Cuarta Generacion.,orden_logico,,,0.000000
ae0468d6-0694-4f00-a3a1-b6abda7844f1,63108f4e-3e08-4956-9c0a-137480134e86,C:\Users\USUARIO\Documents\Downloads\BASE DE DATOS 1974-2018 PDFs. WSS\2007\2007-11-08 La paz de Dios que sobrepasa todo entendimiento (WSS) Paraguay.PDF,2007-11-08,La Paz de Dios que sobrepasa todo entendimiento.,orden_logico,,,0.000000
f602523d-0540-48dd-ab7f-f1f51df670de,fcb9fad1-63d9-474d-985b-5fd749ddf55e,"C:\Users\USUARIO\Documents\Downloads\BASE DE DATOS 1974-2018 PDFs. WSS\2007\2007-11-10 El Retorno de Elias - RM (WSS) Santiago de Chile, Chile.pdf",2007-11-10,RM El Retorno de Elias.,orden_logico,,,0.000000
500ccf33-801d-4b99-bf5c-69b21150161f,cca45a73-a445-42e1-bee9-478c4d89a36e,"C:\Users\USUARIO\Documents\Downloads\BASE DE DATOS 1974-2018 PDFs. WSS\2007\2007-11-11 El Reino de Dios está cerca (WSS) Santiago de Chile, Chile.PDF",2007-11-11,El Reino de Dios esta cerca.,orden_logico,,,0.000000
fc5c5760-0d0d-4945-8926-0103913d0b85,cd958bb0-c07d-4227-8fe0-87a7a045d9e2,"C:\Users\USUARIO\Documents\Downloads\BASE DE DATOS 1974-2018 PDFs. WSS\2007\2007-11-18 Señales que muestran la cercanía de la redención de los creyentes (WSS) Villahermosa, México.PDF",2007-11-18,Señales que muestran la cercania de la Redencion de los creyentes.,orden_logico,,,0.000000
17c29f1b-4f13-41ed-8c01-67d5c0286272,ef48e325-0b29-4ecc-868c-2efcc0895cf2,"C:\Users\USUARIO\Documents\Downloads\BASE DE DATOS 1974-2018 PDFs. WSS\2007\2007-11-22 El día de la redención (WSS) Villavicencio, Colombia.PDF",2007-11-22,El Dia de la Redencion.,orden_logico,,,0.000000
d089acc9-12fd-4ce3-9887-62adea6815a0,88daf849-5aeb-4f72-ab43-c990a3cba7c9,"C:\Users\USUARIO\Documents\Downloads\BASE DE DATOS 1974-2018 PDFs. WSS\2007\2007-11-23 La redención de los primogénitos (WSS) Bogotá, Colombia.PDF",2007-11-23,La Redencion de los Primogenitos.,orden_logico,,,0.000000
37e46016-4d5c-4c2a-bbc5-8c685efd7dea,a825b31e-beb7-4472-a89e-347fdad527a3,"C:\Users\USUARIO\Documents\Downloads\BASE DE DATOS 1974-2018 PDFs. WSS\2007\2007-11-24 Los campos ya estan blancos para la siega - RM (WSS) Cali, Colombia.pdf",2007-11-24,RM Los campos ya estan Blancos para la siega,orden_logico,,,0.000000
7d66d77a-d15d-4d99-b832-eaf7f9f41421,de5c5a06-eb27-41f9-979a-203b7672f1af,"C:\Users\USUARIO\Documents\Downloads\BASE DE DATOS 1974-2018 PDFs. WSS\2007\2007-11-25 A todos los sedientos Venid a las aguas (WSS) Cali, Colombia.PDF",2007-11-25,A todos los sedientos venid a las aguas.,orden_logico,,,0.000000
7515e9ef-08c9-45ba-82b8-75ba10f16f9d,3db8b455-e627-4147-ba5a-414c5f32e63f,"C:\Users\USUARIO\Documents\Downloads\BASE DE DATOS 1974-2018 PDFs. WSS\2007\2007-11-27 Palabras de saludo a la congregación (WSS) Sincelejo, Colombia.PDF",2007-11-27,Palabras de Saludo a la Congregacion.,orden_logico,,,0.000000
c0331033-3983-4342-be00-57a2f1c291d4,7ce5b109-ca57-466d-82bc-b0d981a65d30,"C:\Users\USUARIO\Documents\Downloads\BASE DE DATOS 1974-2018 PDFs. WSS\2007\2007-11-28 Conociendo el tiempo en que vivimos por las señales (WSS) Cartagena, Colombia.PDF",2007-11-28,Conociendo el tiempo en que vivimos por las señales.,orden_logico,,,0.000000
7d68e7df-410d-4f93-940c-e9bc2a70de8a,7dfb790e-1ec6-4eab-a829-c1db2601c17a,"C:\Users\USUARIO\Documents\Downloads\BASE DE DATOS 1974-2018 PDFs. WSS\2007\2007-12-01 El enviado a las ovejas perdidas de la casa de Israel -RM (WSS) Bogotá, Colombia.pdf",2007-12-01,RM El enviado a las ovejas perdidas de la casa de Israel.,orden_logico,,,0.000000
e00f12e9-c192-4eca-9d7e-c321805f9454,c1f242d7-7c06-4c94-9a40-b5af256707e1,"C:\Users\USUARIO\Documents\Downloads\BASE DE DATOS 1974-2018 PDFs. WSS\2007\2007-12-01 Las damas rogando al Señor que las haga prosperar ahora (WSS) Bogotá, Colombia.PDF",2007-12-01,Las Damas rogando al Señor que las haga prosperar ahora.,orden_logico,,,0.000000
0f417624-8b60-4cc5-9726-1acf9f435a40,65308a9a-8ca5-4202-816c-8c0cbfdc1867,"C:\Users\USUARIO\Documents\Downloads\BASE DE DATOS 1974-2018 PDFs. WSS\2007\2007-12-02 Los que tienen fe para la preservación del alma (WSS) Bogotá, Colombia.PDF",2007-12-02,Los que tienen Fe para la preservacion del Alma.,orden_logico,,,0.000000
03ddff58-1b85-4d2f-abfa-969cb74ac01e,310adad2-3094-4d4c-bd06-57a4853b663e,"C:\Users\USUARIO\Documents\Downloads\BASE DE DATOS 1974-2018 PDFs. WSS\2007\2007-12-07 El Evangelio del Reino de Dios será predicado (WSS) San José, Costa Rica.PDF",2007-12-07,El evangelio del Reino de Dios sera predicado.,orden_logico,,,0.000000
e567fc8f-4391-4934-9d8b-8f28fb48d408,54d7c642-6035-462b-9d96-997a57684f28,"C:\Users\USUARIO\Documents\Downloads\BASE DE DATOS 1974-2018 PDFs. WSS\2007\2007-12-09 El pedido de la paz de Jerusalén (WSS) Ciudad de Guatemala, Guatemala.PDF",2007-12-09,El pedido de la paz de Jerusalen.,orden_logico,,,0.000000
a36469ee-ee69-42a0-b3a0-90f59236f90c,2b88f350-cd9a-406b-b1db-2ad924b24c3a,"C:\Users\USUARIO\Documents\Downloads\BASE DE DATOS 1974-2018 PDFs. WSS\2007\2007-12-10 El Manantial de la paz (WSS) Tegucigalpa, Honduras.PDF",2007-12-10,El Manantial de la Paz.,orden_logico,,,0.000000
ed413b08-6b3c-4679-a679-77c2a205b7c7,d8edf94c-3ab5-4836-a253-2723d5164b9f,"C:\Users\USUARIO\Documents\Downloads\BASE DE DATOS 1974-2018 PDFs. WSS\2007\2007-12-12 Echa mano de la Vida eterna (WSS) Chicago, Illinois, EEUU.PDF",2007-12-12,Echa mano de la vida eterna.,orden_logico,,,0.000000
e2bedbae-5e40-485e-b180-5bea5b018604,de5bd674-599f-4bc5-9663-db9e33fdd4b0,"C:\Users\USUARIO\Documents\Downloads\BASE DE DATOS 1974-2018 PDFs. WSS\2007\2007-12-14 El Espíritu Santo en el día postrero dando el Agua de la Vida (WSS) Washington, EEUU.PDF",2007-12-14,El Espiritu Santo en el dia postrero dando el agua de la vida.,orden_logico,,,0.000000
f0fe4c34-e115-4d78-86c6-b64f52ed3aa5,b8fc6964-1b87-48b2-86c7-f505ebbecd89,"C:\Users\USUARIO\Documents\Downloads\BASE DE DATOS 1974-2018 PDFs. WSS\2007\2007-12-16 Dios llamando y juntando a Su pueblo y preparándolo para su transformación (WSS) Austin, Texas, EEUU.PDF",2007-12-16,Dios llamando y juntando a su pueblo y preparandolo para su transformacion.,orden_logico,,,0.000000
49ddf9eb-9fd0-475b-bc4e-cb876376beb6,2ed8003c-b595-44ed-bff1-ddcde40b46d8,"C:\Users\USUARIO\Documents\Downloads\BASE DE DATOS 1974-2018 PDFs. WSS\2007\2007-12-30 Conociendo el tiempo por las señales (WSS) Goiania, Goas, Brasil.PDF",2007-12-30,Conociendo el tiempo por las señales.,orden_logico,,,0.000000
48b06355-d969-42d9-a6bd-578fb1be5dd9,5b67d64d-f36d-4c5e-ba50-c007e04ac15a,"C:\Users\USUARIO\Documents\Downloads\BASE DE DATOS 1974-2018 PDFs. WSS\2008\2008-01-03 Amisrael palabras de saludo (WSS) Goiania, Brasil.pdf",2008-01-03,Amisrael palabras de saludo.,orden_logico,,,0.000000
f8df2637-0400-4d99-af1e-0303eb9da95e,a1f0d73c-1918-4b83-9955-291302456f06,"C:\Users\USUARIO\Documents\Downloads\BASE DE DATOS 1974-2018 PDFs. WSS\2008\2008-01-18 La gran señal de salvación Parte I(WSS) Goiania, Goas, Brasil.PDF",2008-01-18,La Gran Señal de Salvación Parte I.,orden_logico,,,0.000000
bc2af254-65f0-4a33-ba66-dd9b4ab44110,cc695784-61ef-4c59-bdb0-a6954196586e,"C:\Users\USUARIO\Documents\Downloads\BASE DE DATOS 1974-2018 PDFs. WSS\2008\2008-02-01 La Paz para el ser humano integral(WSS) San José de los Campos, Brasil.PDF",2008-02-01,La Paz para el ser humano integral.,orden_logico,,,0.000000
38dedd9a-1e1e-4602-8ee7-8820cb026c0a,486726cb-46b7-4e28-84e4-133eecc70936,"C:\Users\USUARIO\Documents\Downloads\BASE DE DATOS 1974-2018 PDFs. WSS\REUNIÓN DE MINISTROS\2008-02-02 El día de la redención - RM (WSS) San José de los Campos, Brasil.pdf",2008-02-02,RM El Dia de la Redencion.,orden_logico,,,0.000000
77794f5d-cf36-4a61-b122-109899bcaf9f,f6d780e0-b70d-44d6-a8a6-21211b761017,"C:\Users\USUARIO\Documents\Downloads\BASE DE DATOS 1974-2018 PDFs. WSS\2008\2008-02-03 La redención del ser humano(WSS) San José de los Campos, Brasil.PDF",2008-02-03,La Redencion del Ser Humano.,orden_logico,,,0.000000
b6b84682-7025-4852-af12-d48b98daf15f,70be318b-9edd-4dd4-9bd1-4c59297c63cd,"C:\Users\USUARIO\Documents\Downloads\BASE DE DATOS 1974-2018 PDFs. WSS\2008\2008-02-05 Palabras de Saludo a los jóvenes(WSS) San José de los Campos, Brasil.PDF",2008-02-05,Palabras de Saludo a los Jovenes.,orden_logico,,,0.000000
f88cf603-4406-4905-9792-50bea2edb9e9,98c53c21-126a-465e-bef7-b4cfb05fbf93,"C:\Users\USUARIO\Documents\Downloads\BASE DE DATOS 1974-2018 PDFs. WSS\2008\2008-02-17 El futuro de la familia humana(WSS) San Pablo, Brasil.PDF",2008-02-17,El futuro de la familia humana.,orden_logico,,,0.000000
61bbdf6c-1259-496f-b82b-5c090c39453a,a6f75f99-8ee9-41b2-9c76-c2b6bd8b1ec3,"C:\Users\USUARIO\Documents\Downloads\BASE DE DATOS 1974-2018 PDFs. WSS\2008\2008-02-22 La predicación del Evangelio del Reino(WSS) Franca, Brasil.PDF",2008-02-22,La Predicacion del Evangelio del Reino.,orden_logico,,,0.000000
89c7eb79-9b3d-4423-a05c-087278f6727a,c8de3ab8-950f-48ed-bd09-8f28a7542a5e,"C:\Users\USUARIO\Documents\Downloads\BASE DE DATOS 1974-2018 PDFs. WSS\2008\2008-02-23 La redención del alma(WSS) Rancharía, Brasil.PDF",2008-02-23,La Redencion del Alma.,orden_logico,,,0.000000
4db2c1c2-b81a-40e3-9451-73776d893cbb,8d05933a-8651-421c-ac2d-e04ae24b6bae,"C:\Users\USUARIO\Documents\Downloads\BASE DE DATOS 1974-2018 PDFs. WSS\2008\2008-02-24 El éxodo del Día Postrero(WSS) Paraguacu, Brasil.PDF",2008-02-24,El Exodo del dia Postrero.,orden_logico,,,0.000000
822e81b1-9d4c-4415-9c99-8022d6fbfa3b,725feb5a-ecc7-41a5-b362-13c58c241e5b,"C:\Users\USUARIO\Documents\Downloads\BASE DE DATOS 1974-2018 PDFs. WSS\2008\2008-03-02 La Restauracion de Israel y de Juda (WSS) Goiania, Brasil.PDF",2008-03-02,La Restauracion de Israel y de Juda.,orden_logico,,,0.000000
4428e6c9-3199-4065-9020-5d94b687a95c,6f878fb2-10cb-48c3-a82b-932c89b6b443,"C:\Users\USUARIO\Documents\Downloads\BASE DE DATOS 1974-2018 PDFs. WSS\2008\2008-03-09 El Reino venidero (WSS) Goiania, Goas, Brasil.PDF",2008-03-09,El Reino Venidero.,orden_logico,,,0.000000
3c8f2fd2-d971-4f50-8149-572c601440ea,8783f42a-03af-42cd-9d84-2f431baab356,"C:\Users\USUARIO\Documents\Downloads\BASE DE DATOS 1974-2018 PDFs. WSS\2008\2008-03-16 Sellados para el día de la redención (WSS) Goiania, Goas, Brasil.PDF",2008-03-16,Sellados para el dia de la Redencion.,orden_logico,,,0.000000
8a9223af-74d7-41f9-9587-d47620b5de7e,4247ca90-e3d9-4ea9-b221-9533b6298bf8,"C:\Users\USUARIO\Documents\Downloads\BASE DE DATOS 1974-2018 PDFs. WSS\2008\2008-03-21 El motivo de la crucifixion del Señor Jesucristo (WSS) Cayey, Puerto Rico.PDF",2008-03-21,El motivo de la crucifixion del Señor Jesucristo.,orden_logico,,,0.000000
7042e978-28bd-4dff-9433-76d76dd81275,29e6f405-589c-4d98-9484-c138a7b4f50e,"C:\Users\USUARIO\Documents\Downloads\BASE DE DATOS 1974-2018 PDFs. WSS\2008\2008-03-23 El misterio de la Resurreccion del Señor Jesucristo (WSS) Cayey, Puerto Rico.PDF",2008-03-23,El misterio de la Resurreccion del Señor Jesucristo.,orden_logico,,,0.000000
66284ecb-0d65-4cbc-9e35-8faf4250668d,aa095d93-3ecf-479e-9c28-799c8582cc1a,"C:\Users\USUARIO\Documents\Downloads\BASE DE DATOS 1974-2018 PDFs. WSS\REUNIÓN DE MINISTROS\2008-03-24 Palabras de Saludo en Reunión Internacional de Ministros - RM (WSS) Cayey, Puerto Rico.pdf",2008-03-24,RM Palabras de Saludo en Reunión Internacional de ministros.,orden_logico,,,0.000000
03b0701f-c951-417f-8f66-2a73cead2512,04083511-f5c3-475f-adb1-117bd3c8820c,"C:\Users\USUARIO\Documents\Downloads\BASE DE DATOS 1974-2018 PDFs. WSS\2008\2008-03-28 El Mensajero con el Evangelio de Reino (WSS) Bogotá, Colombia.PDF",2008-03-28,El Mensajero con el Evangelio de Reino.,orden_logico,,,0.000000
16fc8361-3817-4eb6-9910-79498ed8f1c7,18c0138c-6f9f-44fb-bd16-5a1b1963a96d,"C:\Users\USUARIO\Documents\Downloads\BASE DE DATOS 1974-2018 PDFs. WSS\2008\2008-03-30 La Paz que sobrepasa todo entendimiento (WSS) Cali, Colombia.PDF",2008-03-30,La Paz que sobrepasa todo entendimiento.,orden_logico,,,0.000000
f46c78a9-f550-4f70-afcf-eb4e7118de92,21f7ed51-78ff-443e-8af4-805401d26333,"C:\Users\USUARIO\Documents\Downloads\BASE DE DATOS 1974-2018 PDFs. WSS\2008\2008-03-30 El mensaje de la Paz (WSS) Medellín, Colombia.PDF",2008-03-30,El mensaje de la Paz.,orden_logico,,,0.000000
655dea95-bf90-4da4-bb07-5d02b0ee391f,ef11e404-4cc1-4f61-a451-b5a5d0c3d836,"C:\Users\USUARIO\Documents\Downloads\BASE DE DATOS 1974-2018 PDFs. WSS\2008\2008-04-04 El tiempo de la restauración de todas las cosas (WSS) Chicago, Illinois, EEUU.PDF",2008-04-04,El tiempo de la Restauracion de todas las cosas.,orden_logico,,,0.000000
996dde0d-d354-440f-9fc1-19830c026c30,173a7921-1e48-4f29-ba11-7ebb322d60ca,"C:\Users\USUARIO\Documents\Downloads\BASE DE DATOS 1974-2018 PDFs. WSS\2008\2008-04-13 La predicacion del Evangelio del Reino (WSS) Goiania, Brasil.PDF",2008-04-13,La predicacion del Evangelio del Reino.,orden_logico,,,0.000000
8062af05-be17-4d2e-b0d0-b5444a87a45d,f2b7fe01-e6d9-41a7-a556-d7f4362af0a1,"C:\Users\USUARIO\Documents\Downloads\BASE DE DATOS 1974-2018 PDFs. WSS\2008\2008-04-20 El Dia de la Redencion de Israel (WSS) Goiania, Brasil.PDF",2008-04-20,El Dia de la Redencion de Israel.,orden_logico,,,0.000000
79754d7a-40b1-4946-962c-142cf7b26e27,b8f61499-677c-47a1-976d-4f08c7dff909,"C:\Users\USUARIO\Documents\Downloads\BASE DE DATOS 1974-2018 PDFs. WSS\2008\2008-04-26 La Palabra Profetica La Palabra que Dios Prosperara - RM (WSS) Villahermosa, Mexico.pdf",2008-04-26,RM La Palabra Profetica La Palabra que Dios Prosperara.,orden_logico,,,0.000000
1911f2d7-80c8-4095-9b0f-e036ed4785c2,06b70bdb-e243-4df5-8ea1-063f2b012e81,"C:\Users\USUARIO\Documents\Downloads\BASE DE DATOS 1974-2018 PDFs. WSS\2008\2008-04-27 Jesucristo el camino de la Paz (WSS) Villahermosa, Mexico.PDF",2008-04-27,Jesucristo el camino de la Paz.,orden_logico,,,0.000000
645315f9-0a8e-498a-8729-1a0e7af3df64,9c6a0ef7-35b4-492f-9812-6fe24abb863d,"C:\Users\USUARIO\Documents\Downloads\BASE DE DATOS 1974-2018 PDFs. WSS\2008\2008-04-28 La bendicion de los Primogenitos en el programa Divino - RM (WSS) Ciudad de Mexico, Mexico.pdf",2008-04-28,RM La bendicion de los Primogenitos en el programa Divino.,orden_logico,,,0.000000
1e7721b7-035a-4920-93c0-1085fa3f86e6,061bfc31-778a-4e43-9887-e7ced7793be0,"C:\Users\USUARIO\Documents\Downloads\BASE DE DATOS 1974-2018 PDFs. WSS\2008\2008-05-01 El Pacto de paz (WSS) Tijuana, Baja California, México.PDF",2008-05-01,El Pacto de Paz.,orden_logico,,,0.000000
e8e07a67-5d9d-4199-8cdd-ca59352ab89a,9ffacee8-46f3-4acf-bf60-408fa5cf8a4b,"C:\Users\USUARIO\Documents\Downloads\BASE DE DATOS 1974-2018 PDFs. WSS\2008\2008-05-02 La trayectoria de la Primogenitura (WSS) Santa Martha, México.PDF",2008-05-02,La Trayectoria de la Primogenitura.,orden_logico,,,0.000000
a813c89b-5101-45ff-8e15-4a926c02dada,3645ff3f-6374-4292-82d2-31b1f2d81f20,"C:\Users\USUARIO\Documents\Downloads\BASE DE DATOS 1974-2018 PDFs. WSS\2008\2008-05-04 El proyecto del Creador para con el hombre (WSS) Quito, Ecuador.PDF",2008-05-04,El Proyecto del Creador para con el Hombre.,orden_logico,,,0.000000
a011c7ba-4b79-4c54-a52d-a978cc17737e,1c1082e2-78bc-43e8-95ed-c4c665140d07,"C:\Users\USUARIO\Documents\Downloads\BASE DE DATOS 1974-2018 PDFs. WSS\2008\2008-05-04 Palabras de Saludo a los Ministros - RM (WSS) Quito, Ecuador.pdf",2008-05-04,RM Palabras de Saludo a los Ministros.,orden_logico,,,0.000000
f19b465a-539a-4b75-aa9b-1b380c83e8f6,2ee36e53-1d0f-4cd2-8786-f6c1551d1a14,"C:\Users\USUARIO\Documents\Downloads\BASE DE DATOS 1974-2018 PDFs. WSS\2008\2008-05-10 Efrain con la bendicion de la Primogenitura formando multitud de naciones - RM (WSS) Bogota, Colombia.pdf",2008-05-10,RM Efrain con la bendicion de la Primogenitura formando multitud de naciones.,orden_logico,,,0.000000
51a66bb3-9305-46ae-bd0c-a2142fa22956,4edda0aa-4225-4b3d-89b4-8ac40016dd62,"C:\Users\USUARIO\Documents\Downloads\BASE DE DATOS 1974-2018 PDFs. WSS\2008\2008-05-11 El Mensaje para todas las naciones (WSS) Bogotá, Colombia.PDF",2008-05-11,El mensaje para todas las naciones.,orden_logico,,,0.000000
8b48d9aa-85f4-45d7-acba-40982be06b52,5e68c595-6108-40b7-901b-67595591bb8f,"C:\Users\USUARIO\Documents\Downloads\BASE DE DATOS 1974-2018 PDFs. WSS\2008\2008-05-16 El buen Pastor y Sus ovejas (WSS) Bogotá, Colombia.PDF",2008-05-16,El Buen Pastor y sus Ovejas.,orden_logico,,,0.000000
4f231d7a-98e0-48fd-abc2-949a00776a81,8a5bbe24-e6fb-4c4c-ac44-52275e3f6e62,"C:\Users\USUARIO\Documents\Downloads\BASE DE DATOS 1974-2018 PDFs. WSS\2008\2008-05-17 Su Bandera fue sobre mi Amor - RM (WSS) Cali, Colombia.pdf",2008-05-17,RM Su Bandera fue sobre mi Amor.,orden_logico,,,0.000000
58bbc5e1-dad5-49fd-abeb-cbf847fbafdc,c33eb3dc-403f-4c04-86cb-d6fcfee17a24,"C:\Users\USUARIO\Documents\Downloads\BASE DE DATOS 1974-2018 PDFs. WSS\2008\2008-05-18 Dios es amor (WSS) Cali, Colombia.PDF",2008-05-18,Dios es Amor.,orden_logico,,,0.000000
4b9e99bd-25cf-446a-b5be-29be8c3c72c8,3430c40a-3f53-42ce-9a42-4683d5b51b31,"C:\Users\USUARIO\Documents\Downloads\BASE DE DATOS 1974-2018 PDFs. WSS\2008\2008-05-25 El Pacto de paz (WSS) Goiania, Goas, Brasil.PDF",2008-05-25,El Pacto de Paz.,orden_logico,,,0.000000
7dfdd6a1-dd8f-40cd-b358-6c99bf9cdcaf,7c5d8337-0525-4b9f-9b0e-ede2f5dd4acc,"C:\Users\USUARIO\Documents\Downloads\BASE DE DATOS 1974-2018 PDFs. WSS\2008\2008-06-01 Jacob se encuentra con el Ángel (WSS) Jerusalén, Israel.PDF",2008-06-01,Jacob se encuentra con El Angel.,orden_logico,,,0.000000
5cc4e111-2f93-44ad-9956-4f51d4c5480c,4c84a374-70be-4980-a9cf-b5e9b307248d,"C:\Users\USUARIO\Documents\Downloads\BASE DE DATOS 1974-2018 PDFs. WSS\2008\2008-06-04 Los pasos para la paz con base en las profecías (WSS) Jerusalén, Israel.PDF",2008-06-04,Los pasos para la paz con base en las profecias.,orden_logico,,,0.000000
8c049ca4-b2c4-4334-b3d2-8b361e222a7d,bd05e151-7aa8-4327-8c02-4351bce2b671,"C:\Users\USUARIO\Documents\Downloads\BASE DE DATOS 1974-2018 PDFs. WSS\2008\2008-06-06 Dios apresura Su Palabra para ponerla por Obra (WSS) Jerusalen, Israel.pdf",2008-06-06,Dios apresura su palabra para ponerla por obra.,orden_logico,,,0.000000
000bb56d-40c1-4a1d-85c9-f51e2f6a6015,fba44487-3ccb-49e0-bf7a-32ae71f9d76a,"C:\Users\USUARIO\Documents\Downloads\BASE DE DATOS 1974-2018 PDFs. WSS\2008\2008-06-10 Reunión de Ministros - RM (WSS) El Cairo, Egipto.pdf",2008-06-10,"RM Reunión de Ministros El Cairo, Egipto.",orden_logico,,,0.000000
5b5a8bab-9a80-40d8-8120-fe534c92f2b5,419e2af0-0879-491f-b55d-4b654f62d5c9,"C:\Users\USUARIO\Documents\Downloads\BASE DE DATOS 1974-2018 PDFs. WSS\2008\2008-06-21 Palabras de Saludo (WSS) Cayey, Puerto Rico.PDF",2008-06-21,Palabras de Saludo.,orden_logico,,,0.000000
4125fe91-1365-4df8-bd56-ed169812fbd8,022e77d4-2e9d-422a-8eb7-49e3bf5306e0,"C:\Users\USUARIO\Documents\Downloads\BASE DE DATOS 1974-2018 PDFs. WSS\2008\2008-06-22 La Fiesta de las Trompetas (WSS) Cayey, Puerto Rico.PDF",2008-06-22,La Fiesta de las Trompetas.,orden_logico,,,0.000000
69028667-da49-4da8-b815-a19b52ecb7a3,0e50410d-67aa-4f88-b8d7-6faf891b1b95,"C:\Users\USUARIO\Documents\Downloads\BASE DE DATOS 1974-2018 PDFs. WSS\2008\2008-06-27 La predicación del Evangelio del Reino (WSS) San Pablo, Brasil.PDF",2008-06-27,La predicacion del evangelio del Reino.,orden_logico,,,0.000000
ca143d6b-67e5-4608-8100-818c2cb11f90,0ef960d6-810a-4fab-99aa-221bc68af0e8,"C:\Users\USUARIO\Documents\Downloads\BASE DE DATOS 1974-2018 PDFs. WSS\REUNIÓN DE MINISTROS\2008-06-27 El Mensaje para todas las naciones - RM (WSS) San Pablo, Brasil.pdf",2008-06-27,RM El Mensaje para todas las naciones.,orden_logico,,,0.000000
fbeb0629-958b-469d-96e4-8ff86863aba2,3348e505-767e-48f4-a0d6-19b946cac3a3,"C:\Users\USUARIO\Documents\Downloads\BASE DE DATOS 1974-2018 PDFs. WSS\2008\2008-06-29 La nueva creación (WSS) Santiago de Chile, Chile.PDF",2008-06-29,La Nueva Creacion.,orden_logico,,,0.000000
d78822df-cafa-489c-a424-e44b9406489d,d5a08ebd-c738-45ee-803b-d66c060ab940,"C:\Users\USUARIO\Documents\Downloads\BASE DE DATOS 1974-2018 PDFs. WSS\2008\2008-06-29 Palabras de saludo - RM (WSS) Santiago de Chile, Chile.pdf",2008-06-29,RM Palabras de saludo,orden_logico,,,0.000000
6beaccce-bf40-48a9-bc29-8fe8c2285500,1679e29c-4735-4d62-83bf-12fe08386776,C:\Users\USUARIO\Documents\Downloads\BASE DE DATOS 1974-2018 PDFs. WSS\2008\2008-07-05 RM La Palabra hecha carne en el dia postrero.pdf,2008-07-05,RM La Palabra hecha carne en el dia postrero.,orden_logico,,,0.000000
f6a1d563-3afd-49eb-87b5-91833119b091,9065dbca-8e51-4014-a96d-e827f34d5313,"C:\Users\USUARIO\Documents\Downloads\BASE DE DATOS 1974-2018 PDFs. WSS\2008\2008-07-13 Esforzaos a entrar por la puerta angosta (WSS) Bogotá, Colombia.PDF",2008-07-13,Esforzaos a entrar por la puerta angosta.,orden_logico,,,0.000000
2e42bd8f-c352-46db-88c8-3660adc4afa3,8b3ea8d2-d461-407d-9cf0-9d0a92b9b320,C:\Users\USUARIO\Documents\Downloads\BASE DE DATOS 1974-2018 PDFs. WSS\2008\2008-07-19 El dia de la Redencion - RM (WSS) Guatemala.pdf,2008-07-19,RM El dia de la Redencion.,orden_logico,,,0.000000
de31cf32-792a-4237-b3d3-bfee16d88046,244af41a-3439-4347-83d4-a399a9b4f6f0,"C:\Users\USUARIO\Documents\Downloads\BASE DE DATOS 1974-2018 PDFs. WSS\2008\2008-07-20 La Voz de Dios en el Día Postrero (WSS) Guatemala, Guatemala.PDF",2008-07-20,la Voz de Dios en el dia postrero.,orden_logico,,,0.000000
2358f36b-f2bf-46f2-bf42-676d0ac6f064,acf45a63-42fe-410d-91a8-74f825d011bb,C:\Users\USUARIO\Documents\Downloads\BASE DE DATOS 1974-2018 PDFs. WSS\2008\2008-07-24 Los Primogenitos inscritos en el Cielo - RM (WSS) El Salvador.pdf,2008-07-24,RM Los Primogenitos inscritos en el Cielo.,orden_logico,,,0.000000
336decb3-b00f-45a0-9b2a-897fc6272388,458997b4-daf1-417b-ba07-2caf85e729b4,"C:\Users\USUARIO\Documents\Downloads\BASE DE DATOS 1974-2018 PDFs. WSS\2008\2008-07-24  La Familia de Dios (WSS) San Salvador, El Salvador.PDF",2008-07-24,La Familia de Dios.,orden_logico,,,0.000000
422d1b4a-8583-422f-bd97-e298a502700e,8fbcd03b-7de8-4ae1-a198-1c670c684f3b,"C:\Users\USUARIO\Documents\Downloads\BASE DE DATOS 1974-2018 PDFs. WSS\2008\2008-07-27 El día del Hijo del hombre (WSS) New York, EEUU.PDF",2008-07-27,El dia del Hijo del Hombre.,orden_logico,,,0.000000
a7155497-23ae-486c-95a3-873b523e1e92,c4fd2fc1-3c90-4608-b7bb-33d41b1da1e2,"C:\Users\USUARIO\Documents\Downloads\BASE DE DATOS 1974-2018 PDFs. WSS\2008\2008-08-03 Un nuevo pacto matrimonial (WSS) Goiania, Goas, Brasil.PDF",2008-08-03,Un Nuevo pacto matrimonial.,orden_logico,,,0.000000
7db898bf-8c4c-41d9-88f7-53845d01b445,e74b30da-ed01-47d9-8382-5788fbfa2f78,"C:\Users\USUARIO\Documents\Downloads\BASE DE DATOS 1974-2018 PDFs. WSS\2008\2008-08-08 La Restauración del Reino de Dios en la Tierra (WSS) Curitiva, Brasil.PDF",2008-08-08,La Restauracion del Reino de Dios en la tierra.,orden_logico,,,0.000000
3cf3a348-c6ed-4515-adf2-9efcbfbd2515,00739bf3-4bf2-4517-a8a8-af7d16f46db0,"C:\Users\USUARIO\Documents\Downloads\BASE DE DATOS 1974-2018 PDFs. WSS\2008\2008-08-17 Un Pueblo especial para Dios (WSS) Asunción, Paraguay.PDF",2008-08-17,Un pueblo especial para Dios.,orden_logico,,,0.000000
1bbf67ce-603a-4268-92d6-0f0e2f04db13,43abf60f-bd69-470e-a8e3-b5abfa979b2a,"C:\Users\USUARIO\Documents\Downloads\BASE DE DATOS 1974-2018 PDFs. WSS\2008\2008-08-24 La única esperanza del pueblo de Dios (WSS) Goiania, Goas, Brasil.PDF",2008-08-24,La Unica esperanza del pueblo de Dios.,orden_logico,,,0.000000
fc63919d-a09f-44e1-aa40-e1d513eb9c76,3d0e5e6e-7cde-43cb-b182-a65c749f7b6f,"C:\Users\USUARIO\Documents\Downloads\BASE DE DATOS 1974-2018 PDFs. WSS\2008\2008-08-30 La importancia de amar a Israel (WSS) Rio de Janeiro, Brasil.PDF",2008-08-30,La Importancia de amar a Israel.,orden_logico,,,0.000000
ee0e5e89-085b-416b-b6e5-d6952e98f135,bb188a25-a46a-41b8-b773-f4af4964153d,"C:\Users\USUARIO\Documents\Downloads\BASE DE DATOS 1974-2018 PDFs. WSS\2008\2008-08-30 Los amigos de Jesus - RM (WSS) Rio de Janeiro, Brasil.pdf",2008-08-30,RM Los amigos de Jesus.,orden_logico,,,0.000000
d81be52d-f354-484c-82db-d94638cae6e1,56c7d1e2-4583-45f3-b303-f87b7d355f83,"C:\Users\USUARIO\Documents\Downloads\BASE DE DATOS 1974-2018 PDFs. WSS\2008\2008-09-07 La Profecia Viva (WSS) Cayey, Puerto Rico.PDF",2008-09-07,La Profecia Viva.,orden_logico,,,0.000000
f2d42179-2219-4985-83db-2b96a59d9003,d10405ee-0b57-4f64-81b1-1a7df26b02eb,"C:\Users\USUARIO\Documents\Downloads\BASE DE DATOS 1974-2018 PDFs. WSS\2008\2008-09-08 El Poder de la Palabra hablada - RM (WSS) Santa Marta, Mexico.pdf",2008-09-08,RM El Poder de la Palabra hablada.,orden_logico,,,0.000000
192b4a05-165a-482f-b245-16372252d693,b0e582d7-6f2f-4ed8-8d9e-6086f824075f,"C:\Users\USUARIO\Documents\Downloads\BASE DE DATOS 1974-2018 PDFs. WSS\2008\2008-09-09 Jesucristo El Gran Rabino (WSS) Ciudad de Mexico, Mexico.PDF",2008-09-09,Jesucristo El Gran Rabino.,orden_logico,,,0.000000
b5d25116-7b20-4c5e-883d-2117d92fcc1c,6d045b3d-de68-4b26-9af6-4bb34dee02da,"C:\Users\USUARIO\Documents\Downloads\BASE DE DATOS 1974-2018 PDFs. WSS\2008\2008-09-11 El Maestro esta aqui y te llama (WSS) Matamoros, Mexico.PDF",2008-09-11,El Maestro esta aqui y te llama.,orden_logico,,,0.000000
176c5180-131b-4b51-b9c9-0ea93602c318,74d5a21a-64a2-4c51-a897-d1dfdad39060,"C:\Users\USUARIO\Documents\Downloads\BASE DE DATOS 1974-2018 PDFs. WSS\2008\2008-09-12 Conociendo el tiempo porque nuestra salvacion esta mas cerca que cuando creimos (WSS) Topochico, Mexico.PDF",2008-09-12,Conociendo el tiempo porque nuestra salvacion esta mas cerca que cuando creimos.,orden_logico,,,0.000000
acae8a70-0360-4e43-90c1-d30493f0c824,cf1c6d49-fa03-4501-ba13-2c0d9e749cb2,"C:\Users\USUARIO\Documents\Downloads\BASE DE DATOS 1974-2018 PDFs. WSS\2008\2008-09-12 El Angel del Señor Jesucristo visitando a su Iglesia (WSS) Reynosa, Mexico.PDF",2008-09-12,El Angel del Señor Jesucristo visitando a su Iglesia.,orden_logico,,,0.000000
455e51a0-4193-4e29-bb4c-12e9f585fb81,7485fbb5-2dfa-4361-8a18-4dc9f6232c0a,"C:\Users\USUARIO\Documents\Downloads\BASE DE DATOS 1974-2018 PDFs. WSS\2008\2008-09-12 Pastores guiando a las ovejas perdidas de la casa de Israel al Reino de la Paz Imperecedera (WSS) Reynosa, Mexico.pdf",2008-09-12,RM Pastores guiando a las ovejas perdidas de la casa de Israel al Reino de la Paz Imperecedera.,orden_logico,,,0.000000
05a911f9-dd67-4778-95bc-2591d0ff355a,b7dd6055-e9b2-4e1c-aaeb-e34e863ebce9,"C:\Users\USUARIO\Documents\Downloads\BASE DE DATOS 1974-2018 PDFs. WSS\2008\2008-09-13 Ministros atentos trabajando en y con la Profecía viva - RM (WSS) Monterrey, Mexico.pdf",2008-09-13,RM Ministros atentos trabajando en y con la Profecía viva.,orden_logico,,,0.000000
d449c9e3-f398-4a42-b543-195baeab0aa3,3726e650-1f56-4040-9686-ff73d1408ad7,C:\Users\USUARIO\Documents\Downloads\BASE DE DATOS 1974-2018 PDFs. WSS\2008\2008-09-13 El Señor Jesucristo con nosotros hasta llegar a nuestra meta de transformacion y rapto (WSS) Mexico.PDF,2008-09-13,El Señor Jesucristo con nosotros hasta llegar a nuestra meta de transformacion y rapto.,orden_logico,,,0.000000
cbf94e8a-2505-45d6-8075-93926b0f71e1,9e515854-55b1-4c0c-b028-c1dc6fba7f39,"C:\Users\USUARIO\Documents\Downloads\BASE DE DATOS 1974-2018 PDFs. WSS\2008\2008-09-14 Dios quiere que todos seamos salvos (WSS) Monterrey, Mexico.PDF",2008-09-14,Dios quiere que todos seamos salvos.,orden_logico,,,0.000000
8faaa2bb-9e94-4d1b-ab24-99d16cffaa6e,1ae4e41c-342f-46b8-9d41-9792cf20c114,"C:\Users\USUARIO\Documents\Downloads\BASE DE DATOS 1974-2018 PDFs. WSS\2008\2008-09-15 Pastores conociendo el tiempo y velando en el Dia Postrero - RM (WSS) San Luis Potosi, Mexico.pdf",2008-09-15,RM Pastores conociendo el tiempo y velando en el Dia Postrero.,orden_logico,,,0.000000
ec951ca2-25b9-449e-aad4-3ff991c4c765,c71ae447-72b6-4e9e-a85a-17bd78e7ef32,"C:\Users\USUARIO\Documents\Downloads\BASE DE DATOS 1974-2018 PDFs. WSS\2008\2008-09-16 El Pueblo que Conoce a su Dios se esforzara y actuara (WSS) San Luis Potosi, Mexico.PDF",2008-09-16,El Pueblo que Conoce a su Dios se esforzara y actuara.,orden_logico,,,0.000000
2c7aea45-3d60-489c-9711-80de2bcf32f0,41009b21-55d5-4d13-8a13-c1e879025c63,"C:\Users\USUARIO\Documents\Downloads\BASE DE DATOS 1974-2018 PDFs. WSS\2008\2008-09-17 El Pregonero de la Paz (WSS) Torreon, Mexico.PDF",2008-09-17,El Pregonero de la Paz.,orden_logico,,,0.000000
b84aff02-6b37-47e5-b47a-b63dbf9f51bc,701867df-0edc-4784-b85b-a7f3828748cf,"C:\Users\USUARIO\Documents\Downloads\BASE DE DATOS 1974-2018 PDFs. WSS\2008\2008-09-17 Las Damas en victoria trabajando sin limites en el dia postrero (WSS) Torreon, Mexico.PDF",2008-09-17,Las Damas en victoria trabajando sin limites en el dia postrero.,orden_logico,,,0.000000
c47f57c3-4398-4357-8597-1dc83b8fe6a0,6f40e820-ce91-43f2-bb02-544ad324077f,"C:\Users\USUARIO\Documents\Downloads\BASE DE DATOS 1974-2018 PDFs. WSS\2008\2008-09-17 La Bendicion Sacerdotal - RM (WSS) Torreon, Mexico.pdf",2008-09-17,RM La Bendicion Sacerdotal.,orden_logico,,,0.000000
97b418aa-e13e-4e18-b11a-f21429485f97,daaae805-4455-47c3-a0fb-cad1ed0f8b66,"C:\Users\USUARIO\Documents\Downloads\BASE DE DATOS 1974-2018 PDFs. WSS\2008\2008-09-19 Pescadores de hombres (WSS) Villahermosa, Mexico.PDF",2008-09-19,Pescadores de hombres.,orden_logico,,,0.000000
3251975f-6597-4bc2-a5a6-193e54e91236,1d439298-0b9e-4c69-8ac9-73b8e3ce8783,"C:\Users\USUARIO\Documents\Downloads\BASE DE DATOS 1974-2018 PDFs. WSS\2008\2008-09-20 Guardando la Palabra del evangelio del Reino (WSS) Villahermosa, Mexico.PDF",2008-09-20,Guardando la Palabra del evangelio del Reino.,orden_logico,,,0.000000
30f067f0-7905-4a3f-96f4-c8c073e85dcb,06c769c5-8764-4037-92a1-bb79116d120e,"C:\Users\USUARIO\Documents\Downloads\BASE DE DATOS 1974-2018 PDFs. WSS\2008\2008-09-21 Atentos a la Palabra Profética (WSS) Villahermosa, México.PDF",2008-09-21,Atentos a la Palabra Profetica.,orden_logico,,,0.000000
c1cfbdbf-07e0-4468-a8f8-99d6f4f9b3f3,53621bb1-52c5-489e-ac73-136164e407ec,"C:\Users\USUARIO\Documents\Downloads\BASE DE DATOS 1974-2018 PDFs. WSS\2008\2008-09-22 Atentos a las Señales de los tiempos (WSS) Poza Rica, Mexico.PDF",2008-09-22,Atentos a las Señales de los tiempos.,orden_logico,,,0.000000
c6f4bdc8-09a1-458f-ae27-dfee5352fa1b,365635c4-69bd-434d-aa8a-fdf0116bfbe0,"C:\Users\USUARIO\Documents\Downloads\BASE DE DATOS 1974-2018 PDFs. WSS\2008\2008-09-23 El Amor Divino en y bajo el nuevo pacto (WSS) Xalapa, Mexico.PDF",2008-09-23,El Amor Divino en y bajo el nuevo pacto.,orden_logico,,,0.000000
9fa39214-cf68-434c-846c-19ffa6838c8a,c4f47bc2-b089-47eb-936d-2faa4243a6fb,"C:\Users\USUARIO\Documents\Downloads\BASE DE DATOS 1974-2018 PDFs. WSS\2008\2008-09-24 Jose y su trayectoria al Trono (WSS) Veracruz, Mexico.PDF",2008-09-24,Jose y su trayectoria al Trono.,orden_logico,,,0.000000
02721b76-dac0-4d93-9231-fa8a22baff48,bd08a641-927c-427c-8687-785c9dedfe3e,"C:\Users\USUARIO\Documents\Downloads\BASE DE DATOS 1974-2018 PDFs. WSS\2008\2008-09-29 La Sobrenaturalidad de la Obra de Dios - RM (WSS) Valencia, Venezuela.pdf",2008-09-29,RM La Sobrenaturalidad de la Obra de Dios.,orden_logico,,,0.000000
28f0fc2b-442f-44e5-8647-c565033b4193,73838a5d-d225-4386-ac81-7743ee0a9a3d,"C:\Users\USUARIO\Documents\Downloads\BASE DE DATOS 1974-2018 PDFs. WSS\2008\2008-10-01 Los Requisitos para la transformacion - RM (WSS) Bogota, Colombia.pdf",2008-10-01,RM Los Requisitos para la transformacion.,orden_logico,,,0.000000
54ec7f31-105e-4f29-92bb-e168f90fba36,eb20200a-0f9a-479a-89f1-7863ed655d68,"C:\Users\USUARIO\Documents\Downloads\BASE DE DATOS 1974-2018 PDFs. WSS\2008\2008-10-01 Un mensaje de Amor para la familia humana (WSS) Bogota, Colombia.PDF",2008-10-01,Un mensaje de Amor para la familia humana.,orden_logico,,,0.000000
971fca39-e223-41db-9328-fd19295e04f7,da1c3ae5-261a-4d50-b787-1658b36f7804,"C:\Users\USUARIO\Documents\Downloads\BASE DE DATOS 1974-2018 PDFs. WSS\2008\2008-10-02 La evidencia que El Señor Jesucristo es el Unico Salvador de la Humanidad (WSS) Medellín, Colombia.PDF",2008-10-02,La evidencia que El Senor Jesucristo es el Unico Salvador de la Humanidad.,orden_logico,,,0.000000
0aea9ceb-e044-46d0-8545-716cd93ab6ef,1a6da7c6-fe75-46c8-aeec-691fe095ddad,"C:\Users\USUARIO\Documents\Downloads\BASE DE DATOS 1974-2018 PDFs. WSS\2008\2008-10-03 La Juventud Resplandeciendo en el dia Postrero (WSS) Manizales, Colombia.PDF",2008-10-03,La Juventud Resplandeciendo en el dia Postrero.,orden_logico,,,0.000000
c9fc6540-bf1a-47b4-9722-7c5eb577066b,bd7ec393-4e16-44c4-8c9f-ec74d393ba1a,"C:\Users\USUARIO\Documents\Downloads\BASE DE DATOS 1974-2018 PDFs. WSS\2008\2008-10-03 Los dos Palos en las manos de un Profeta - RM (WSS) Manizales, Colombia.pdf",2008-10-03,RM Los dos Palos en las manos de un Profeta.,orden_logico,,,0.000000
b1d9c8c1-36bd-425a-9f46-5a91d7b45a9a,f85a05b8-5502-4f30-9014-6202c21eeadc,"C:\Users\USUARIO\Documents\Downloads\BASE DE DATOS 1974-2018 PDFs. WSS\2008\2008-10-05 Al que cree todo es posible (WSS) Cali, Colombia.PDF",2008-10-05,Al que cree todo es posible.,orden_logico,,,0.000000
97df7c50-8cbb-4a37-9af4-810cb3ef704a,0d620643-48ed-4f49-9020-f8faf76b64e8,"C:\Users\USUARIO\Documents\Downloads\BASE DE DATOS 1974-2018 PDFs. WSS\2008\2008-10-06 Lo que sabemos, hablamos - RM (WSS) Santa Martha, Colombia.pdf",2008-10-06,"RM Lo que sabemos, hablamos.",orden_logico,,,0.000000
30e79673-38df-4ded-876b-b840253323b9,18bd3fc1-e317-4ef6-8a2d-e826ca3316f2,"C:\Users\USUARIO\Documents\Downloads\BASE DE DATOS 1974-2018 PDFs. WSS\2008\2008-10-06 La Fuente del agua de la Vida eterna (WSS) Santa Martha, Colombia.PDF",2008-10-06,La Fuente del agua de la Vida eterna.,orden_logico,,,0.000000
ff0ceadc-a322-45ef-a144-91c8a4d924b9,1500fbc4-8b77-4fcf-91b0-a6bc767cc44d,"C:\Users\USUARIO\Documents\Downloads\BASE DE DATOS 1974-2018 PDFs. WSS\2008\2008-10-07 Cristo la Esperanza de Gloria (WSS) Villavicencio, Colombia.PDF",2008-10-07,Cristo la Esperanza de Gloria.,orden_logico,,,0.000000
b9c632bd-90dd-4fda-b4b0-910d4f13e0a2,73f8696e-edf7-4929-835b-ff3021771adf,"C:\Users\USUARIO\Documents\Downloads\BASE DE DATOS 1974-2018 PDFs. WSS\2008\2008-10-10 Las Señales de los tiempos en los cielos (WSS) Ciudad Panamá, Panamá.PDF",2008-10-10,Las Señales de los tiempos en los cielos.,orden_logico,,,0.000000
d4306b63-a78c-49fb-b5ab-c04426a88485,d87a79af-9d2c-4bb5-90b1-d7f88e6b078e,"C:\Users\USUARIO\Documents\Downloads\BASE DE DATOS 1974-2018 PDFs. WSS\2008\2008-10-12 El tiempo de la Adopcion (WSS) Quito, Ecuador.PDF",2008-10-12,El tiempo de la Adopcion.,orden_logico,,,0.000000
000024f3-9b81-4990-abf1-78c287d7ca66,2e834352-95ef-4502-b412-1fe694b17c80,"C:\Users\USUARIO\Documents\Downloads\BASE DE DATOS 1974-2018 PDFs. WSS\2008\2008-10-13 Palabras de Saludo a las Damas (WSS) Quito, Ecuador.PDF",2008-10-13,Palabras de Saludo a las Damas.,orden_logico,,,0.000000
136c458a-4606-4fa5-a6c1-da79310c0ff1,67660000-0306-4c6d-8771-b97527c218e6,"C:\Users\USUARIO\Documents\Downloads\BASE DE DATOS 1974-2018 PDFs. WSS\2008\2008-10-15 Lo que esta detras de la puerta RM (WSS) Lima, Perú (FOLLETO).pdf",2008-10-15,RM Lo que esta detras de la Puerta.,orden_logico,,,0.000000
517e2b48-eb8d-4912-a072-ee46bac272a8,67660000-0306-4c6d-8771-b97527c218e6,"C:\Users\USUARIO\Documents\Downloads\BASE DE DATOS 1974-2018 PDFs. WSS\2008\2008-10-15 Lo que esta detras de la Puerta - RM (WSS) Lima, Peru.pdf",2008-10-15,RM Lo que esta detras de la Puerta.,orden_logico,,,0.000000
4c93ff30-61d7-4e6d-9235-b6fef9b0e846,c4fbfc83-2fdb-4705-9036-e3122a57bfa6,"C:\Users\USUARIO\Documents\Downloads\BASE DE DATOS 1974-2018 PDFs. WSS\2008\2008-10-15 La Evangelizacion en el dia postrero en el Aposento Alto (WSS) Conchali, Chile.PDF",2008-10-15,La Evangelizacion en el dia postrero en el Aposento Alto.,orden_logico,,,0.000000
5e7b8af7-a687-40c7-9b7f-23e454da7f05,0ba00257-aa5e-48ce-8c1c-f1c2d6237db2,"C:\Users\USUARIO\Documents\Downloads\BASE DE DATOS 1974-2018 PDFs. WSS\2008\2008-10-15 El Sacrificio de expiacion para la reconciliacion del ser humano con Dios (WSS) Lima, Peru.PDF",2008-10-15,El Sacrificio de expiacion para la reconciliacion del ser humano con Dios.,orden_logico,,,0.000000
9920ddc9-6094-485d-86f8-adb47bc74384,902752ea-ba2a-44e5-99f9-c2df19f3d2e8,"C:\Users\USUARIO\Documents\Downloads\BASE DE DATOS 1974-2018 PDFs. WSS\2008\2008-10-17 La Victoria del Amor Divino (WSS) Valparaiso, Chile.PDF",2008-10-17,La Victoria del Amor Divino.,orden_logico,,,0.000000
64adb577-2768-4805-8569-f0b072be3401,a0f4a690-fbfa-4254-9d31-ae916a441850,"C:\Users\USUARIO\Documents\Downloads\BASE DE DATOS 1974-2018 PDFs. WSS\2008\2008-10-18 Jose la formula de la properidad - RM (WSS) Santiago de Chile, Chile.pdf",2008-10-18,RM Jose la formula de la properidad.,orden_logico,,,0.000000
223a54fa-f9f5-4c7a-a2a2-f4336e6ed385,84346378-6e05-49af-8fff-ca82276d815e,"C:\Users\USUARIO\Documents\Downloads\BASE DE DATOS 1974-2018 PDFs. WSS\2008\2008-10-18 Palabras de Saludo a las Damas (WSS) Santiago de Chile, Chile.PDF",2008-10-18,Palabras de Saludo a las Damas.,orden_logico,,,0.000000
90c4f2d4-54dc-4f69-88df-6f56651928c5,fa46a0c7-e47b-4b27-99d8-36ad10834f16,"C:\Users\USUARIO\Documents\Downloads\BASE DE DATOS 1974-2018 PDFs. WSS\2008\2008-10-19 La Bendicion para la Raza Humana (WSS) Santiago de Chile, Chile.PDF",2008-10-19,La Bendicion para la Raza Humana.,orden_logico,,,0.000000
d7def1d8-0650-40ea-ac32-85e1cb99ffd1,ebda88f2-1da1-46f8-b1d7-2047720e1158,"C:\Users\USUARIO\Documents\Downloads\BASE DE DATOS 1974-2018 PDFs. WSS\2008\2008-10-21 Nuestra Redencion esta cerca - RM (WSS) Talcahuano, Chile.pdf",2008-10-21,RM Nuestra Redencion esta cerca.,orden_logico,,,0.000000
dfbb3a9d-9fd8-4a95-b243-49c09be4b660,679b432a-3c42-45a6-b5e4-dc9d99b6fa96,"C:\Users\USUARIO\Documents\Downloads\BASE DE DATOS 1974-2018 PDFs. WSS\2008\2008-10-21 Palabras de Saludo a las Damas (WSS) Talcahuano, Chile.PDF",2008-10-21,Palabras de Saludo a las Damas.,orden_logico,,,0.000000
02aec639-e2d4-44de-ad7c-3f8be03cea29,197fdd39-c0d6-4695-a787-4ed9584edc6d,"C:\Users\USUARIO\Documents\Downloads\BASE DE DATOS 1974-2018 PDFs. WSS\2008\2008-10-22 Las cosas que sucederan despues de estas (WSS) Lo Prado, Chile.PDF",2008-10-22,Las cosas que sucederan despues de estas.,orden_logico,,,0.000000
3d9f19a5-6dc1-4ee5-84e2-070f16605070,9d4f3bb0-25ea-42b2-9cef-db92ea23d188,"C:\Users\USUARIO\Documents\Downloads\BASE DE DATOS 1974-2018 PDFs. WSS\2008\2008-10-23 El toque del Señor (WSS) Buenos Aires, Argentina.PDF",2008-10-23,El toque del Señor.,orden_logico,,,0.000000
82755a15-4741-4538-909a-d1ebf195e9db,4a3c2f32-9fcc-4c6f-abe8-85c8175e83db,"C:\Users\USUARIO\Documents\Downloads\BASE DE DATOS 1974-2018 PDFs. WSS\2008\2008-10-24 Damas trabajando a la Velocidad de Dios (WSS) Buenos Aires, Argentina.PDF",2008-10-24,Damas trabajando a la Velocidad de Dios.,orden_logico,,,0.000000
d09f9299-d0ec-4b44-b551-dd50d6d90346,b188c237-0b17-4fdf-8998-c51a00024a19,"C:\Users\USUARIO\Documents\Downloads\BASE DE DATOS 1974-2018 PDFs. WSS\2008\2008-10-25 Palabras de Saludo a las Damas (WSS) Asuncion, Paraguay.PDF",2008-10-25,Palabras de Saludo a las Damas.,orden_logico,,,0.000000
e2b18e81-ff58-411d-a230-b5ceb645459b,2a6f0a17-a70a-4bf0-90f3-39c55d076639,"C:\Users\USUARIO\Documents\Downloads\BASE DE DATOS 1974-2018 PDFs. WSS\2008\2008-10-26 Reconciliaos hoy con Dios (WSS) Asuncion, Paraguay.PDF",2008-10-26,Reconciliaos hoy con Dios.,orden_logico,,,0.000000
62b4e81a-83d3-418a-ac38-f261e4547f22,4e6f3432-55c0-4c2d-ae15-2078b6954644,"C:\Users\USUARIO\Documents\Downloads\BASE DE DATOS 1974-2018 PDFs. WSS\2008\2008-10-31 La Familia de Dios bajo un nuevo pacto (WSS) San Pablo, Brasil.PDF",2008-10-31,La Familia de Dios bajo un nuevo pacto.,orden_logico,,,0.000000
f890b05f-df47-4cfd-bc0e-76ac7d73f3e0,787dcb3f-0e74-454e-8234-267ef4a7ad86,"C:\Users\USUARIO\Documents\Downloads\BASE DE DATOS 1974-2018 PDFs. WSS\2008\2008-11-01 La Coronacion de la iglesia del Señor Jesucristo - RM (WSS) San Pablo, Brasil.pdf",2008-11-01,RM La Coronacion de la iglesia del Señor Jesucristo.,orden_logico,,,0.000000
eecbfd4e-3c88-4031-9630-b3eef7058f95,4116960e-518a-4991-89d3-d5f2007f2354,"C:\Users\USUARIO\Documents\Downloads\BASE DE DATOS 1974-2018 PDFs. WSS\2008\2008-11-03 Nuestra redención está cerca (WSS) Rondonia, Porto Velho, Brasil.PDF",2008-11-03,Nuestra Redencion esta cerca.,orden_logico,,,0.000000
11d2ce2d-b6f6-4810-a015-7e55fd334f58,7fa747be-3ae0-42f3-a4f9-b781460019ae,"C:\Users\USUARIO\Documents\Downloads\BASE DE DATOS 1974-2018 PDFs. WSS\2008\2008-11-04 La restauración del Reino de Israel (WSS) Manaos, Brasil.PDF",2008-11-04,La Restauracion del Reino de Israel.,orden_logico,,,0.000000
27233cb9-417c-4efa-b7b5-033195dd304d,b88b6ff3-9b0b-4412-ba3d-af816d73659c,"C:\Users\USUARIO\Documents\Downloads\BASE DE DATOS 1974-2018 PDFs. WSS\2008\2008-11-05 La esperanza de la Redención (WSS) Boa Vista, Brasil.PDF",2008-11-05,La Esperanza de la Redencion.,orden_logico,,,0.000000
f54d2696-6c65-4665-9c4f-acca5eb3ba94,23e593fb-5fb9-4d6a-9239-1dd16ebd4ba5,"C:\Users\USUARIO\Documents\Downloads\BASE DE DATOS 1974-2018 PDFs. WSS\2008\2008-11-05 El Espíritu de Dios capacitando a las Damas para una Obra más rápida (WSS) Boa Vista, Brasil.PDF",2008-11-05,El Espiritu de Dios capacitando a las Damas para una obra mas rapida.,orden_logico,,,0.000000
3a095b0f-86c5-48c5-b99f-148c4fe427d1,fe45fdb3-38a9-4a4f-b391-127afe2b65eb,"C:\Users\USUARIO\Documents\Downloads\BASE DE DATOS 1974-2018 PDFs. WSS\2008\2008-11-07 Examinad las Escrituras (WSS) Brasilia, Brasil.PDF",2008-11-07,Examinad las Escrituras.,orden_logico,,,0.000000
c5480ef8-30ba-47b7-8026-eb43197db755,43b35096-b2b4-48d9-b37c-4ccda8aba23c,"C:\Users\USUARIO\Documents\Downloads\BASE DE DATOS 1974-2018 PDFs. WSS\2008\2008-11-09 El tiempo, el día de y para la Venida del Hijo del Hombre (WSS) Goiania, Goias, Brasil.PDF",2008-11-09,El tiempo el dia de y para la Venida del Hijo del Hombre.,orden_logico,,,0.000000
1c96e91b-964d-4789-8ead-dbefd02048c5,fa5a5965-fe7f-48f7-b831-5e786f08f126,"C:\Users\USUARIO\Documents\Downloads\BASE DE DATOS 1974-2018 PDFs. WSS\2008\2008-11-15 El paralelismo entre el judaismo y  el cristianismo (WSS) Rio de Janeiro, Brasil.PDF",2008-11-15,El paralelismo entre el judaismo y el cristianismo.,orden_logico,,,0.000000
5d0bc296-c578-45e7-a61d-b3cffe321266,42f82d38-5543-410d-8ff2-63190997a38c,"C:\Users\USUARIO\Documents\Downloads\BASE DE DATOS 1974-2018 PDFs. WSS\2008\2008-11-16 Ciudadanos de la Ciudad de Dios (WSS) Rio de Janeiro, Brasil.PDF",2008-11-16,Ciudadanos de la Ciudad de Dios.,orden_logico,,,0.000000
8d40f062-0492-49e3-bb42-9e7ac2078731,114d1adc-8d65-4986-93a4-f56230db8239,"C:\Users\USUARIO\Documents\Downloads\BASE DE DATOS 1974-2018 PDFs. WSS\2008\2008-11-22 Las bodas de Caná (WSS) Santiago de Chile, Chile.pdf",2008-11-22,Las Bodas de Cana.,orden_logico,,,0.000000
dd02733f-ed32-4dcb-837a-4db7f6909a36,7caecdc5-0e73-4584-b0d1-87d7c193d505,"C:\Users\USUARIO\Documents\Downloads\BASE DE DATOS 1974-2018 PDFs. WSS\2008\2008-11-22 El yugo Matrimonial de Cristo con su Iglesia - RM (WSS) Santiago de Chile, Chile.pdf",2008-11-22,RM El yugo Matrimonial de Cristo con su Iglesia.,orden_logico,,,0.000000
302fc4f7-63e8-4c34-b7b1-9394245ed0b1,4d2022d2-0c57-4555-a0d8-25ea98ea2266,"C:\Users\USUARIO\Documents\Downloads\BASE DE DATOS 1974-2018 PDFs. WSS\2008\2008-11-23 Conociendo nuestro tiempo y sus promesas (WSS) Santiago de Chile, Chile.PDF",2008-11-23,Conociendo nuestro tiempo y sus promesas.,orden_logico,,,0.000000
b8f2b139-d4fb-49b7-bbe3-0f0bc09d01f1,3354d36a-f28a-49d1-a11c-c1420c8d4f31,"C:\Users\USUARIO\Documents\Downloads\BASE DE DATOS 1974-2018 PDFs. WSS\2008\2008-11-30 ¿Dónde usted piensa pasar la eternidad (WSS) Lima, Perú.PDF",2008-11-30,Donde usted piensa pasar la eternidad.,orden_logico,,,0.000000
4843787b-1c91-4038-b401-d0f251f95fe5,80abf30e-1cc9-4a8d-994f-07e7a2fc469a,"C:\Users\USUARIO\Documents\Downloads\BASE DE DATOS 1974-2018 PDFs. WSS\2008\2008-12-13 Con nuestros ojos puestos en la culminacion del Programa de Dios - RM (WSS) Bogota, Colombia.pdf",2008-12-13,RM Con nuestros ojos puestos en la culminacion del Programa de Dios.,orden_logico,,,0.000000
e6f4c2df-5c9b-4fbb-938b-0809280e8b2d,a769a8d0-2a51-4933-b2b0-b62b0ebfd31e,"C:\Users\USUARIO\Documents\Downloads\BASE DE DATOS 1974-2018 PDFs. WSS\2008\2008-12-27 La importancia de conocer el tiempo en que vivimos (WSS) Cayey, Puerto Rico.PDF",2008-12-27,La importancia de conocer el tiempo en que vivimos.,orden_logico,,,0.000000
3b00cc61-83db-4746-8a2e-ede2714bf951,a769a8d0-2a51-4933-b2b0-b62b0ebfd31e,"C:\Users\USUARIO\Documents\Downloads\BASE DE DATOS 1974-2018 PDFs. WSS\REUNIÓN DE MINISTROS\2008-12-27 La importancia de conocer el tiempo en que vivimos - RM (WSS) Cayey, Puerto Rico.pdf",2008-12-27,La importancia de conocer el tiempo en que vivimos.,orden_logico,,,0.000000
57269c6e-9482-4d4e-9860-195ec4fdd68b,393f2756-ec6c-43ac-bb52-d9343876918f,"C:\Users\USUARIO\Documents\Downloads\BASE DE DATOS 1974-2018 PDFs. WSS\2009\2009-01-09 Palabras de condolencia a la familia Osorio (WSS) Desde Cayey, PR a Bogotá, Colombia.PDF",2009-01-09,Palabras de condolencia a la Familia Osorio.,orden_logico,,,0.000000
7f35f2a5-c106-47cc-bba7-0d3d2bb09045,98295035-91a1-4492-92c8-ea5f0aee9e7d,"C:\Users\USUARIO\Documents\Downloads\BASE DE DATOS 1974-2018 PDFs. WSS\2009\2009-01-11 El deseado de todas las naciones (WSS) Cayey, Puerto Rico.PDF",2009-01-11,El Deseado de todas las naciones.,orden_logico,,,0.000000
5718fc60-c265-4160-8a7b-55d1e8beedc3,0085bc68-7ec1-4c82-a4f7-073807e0af6b,"C:\Users\USUARIO\Documents\Downloads\BASE DE DATOS 1974-2018 PDFs. WSS\2009\2009-01-18 El Camino a la Vida Eterna (WSS) San Pablo, Brasil.PDF",2009-01-18,El camino a la vida eterna.,orden_logico,,,0.000000
75126907-1bbc-4833-be05-c947e598944c,add80761-2070-49df-9dad-22e560465cab,"C:\Users\USUARIO\Documents\Downloads\BASE DE DATOS 1974-2018 PDFs. WSS\2009\2009-01-21 Mirando el cumplimiento de las profecías (WSS) Chicago, EEUU.PDF",2009-01-21,Mirando el cumplimiento de las profecias.,orden_logico,,,0.000000
c6228f0f-5512-42b2-9247-da76e1d37a6b,4a72b15e-f83d-4376-bc05-180096c37993,"C:\Users\USUARIO\Documents\Downloads\BASE DE DATOS 1974-2018 PDFs. WSS\2009\2009-01-26 La presencia de Dios y el Nombre de Dios - RM (WSS) Santa Martha, Colombia (MOVIL).pdf",2009-01-26,RM La presencia de Dios y el Nombre de Dios.,cierre,,,0.000000
83d8f94c-089b-4e25-aa33-f5c2ef88f114,f62823c3-8aa1-4d43-8eee-16b43fb8a44e,"C:\Users\USUARIO\Documents\Downloads\BASE DE DATOS 1974-2018 PDFs. WSS\2009\2009-01-26 El que anuncia la paz, el que trae buenas nuevas del bien (WSS) Santa Martha, Colombia.PDF",2009-01-26,El que anuncia la Paz el que trae buenas Nuevas del bien.,orden_logico,,,0.000000
11e40277-b5af-4cfe-b83f-8554712543aa,bab0ae48-2678-4078-b73f-2ad93196ba72,"C:\Users\USUARIO\Documents\Downloads\BASE DE DATOS 1974-2018 PDFs. WSS\2009\2009-01-29 El dia de salvacion (WSS) Villavicencio, Colombia.PDF",2009-01-29,El dia de salvacion.,orden_logico,,,0.000000
1c4b9236-3182-43f6-8f29-07ae19710b9a,d70b670b-2d8a-4669-acbb-cf331dbe3c85,"C:\Users\USUARIO\Documents\Downloads\BASE DE DATOS 1974-2018 PDFs. WSS\2009\2009-01-29 Palabras de saludo a los pastores - RM (WSS) Villavicencio, Colombia.pdf",2009-01-29,RM Palabras de saludo a los pastores,orden_logico,,,0.000000
bcb87bd3-18ee-4f3d-9767-44641dcf0ce5,18a453bc-3489-4b8b-9ca8-0aa5188b2760,"C:\Users\USUARIO\Documents\Downloads\BASE DE DATOS 1974-2018 PDFs. WSS\REUNIÓN DE MINISTROS\2009-01-30 Palabras de Saludo a los Pastores - RM (WSS) Bucaramanga, Colombia.pdf",2009-01-30,RM Palabras de saludo a los pastores,orden_logico,,,0.000000
b86064e2-640d-4ecc-926a-bf08dcb739ae,06a11a34-e02a-4412-94c6-ee4d235d35a2,"C:\Users\USUARIO\Documents\Downloads\BASE DE DATOS 1974-2018 PDFs. WSS\2009\2009-01-31 El Señor Jesucristo abriendo Puertas - RM (WSS) Bogota, Colombia.pdf",2009-01-31,RM El Señor Jesucristo abriendo Puertas.,orden_logico,,,0.000000
17956ba6-447c-4689-a5cd-2a2653129b9b,0c773799-07dc-43bc-87f5-95e906c2be0e,"C:\Users\USUARIO\Documents\Downloads\BASE DE DATOS 1974-2018 PDFs. WSS\2009\2009-02-02 La Señal del Hijo del Hombre en el Cielo - RM (WSS) Quito, Ecuador.pdf",2009-02-02,La Señal del Hijo del Hombre en el Cielo.,orden_logico,,,0.000000
6914f959-6530-45a8-adaa-e78bec236d47,319c97a1-eb87-4bb5-a002-2d9960402715,"C:\Users\USUARIO\Documents\Downloads\BASE DE DATOS 1974-2018 PDFs. WSS\2009\2009-02-07 El Ángel que revela a Jesucristo - RM (WSS) Lima, Perú.pdf",2009-02-07,El Ángel que revela a Jesucristo.,orden_logico,,,0.000000
19c83253-261d-4161-9641-0fc415e704d2,13b9ef85-ddc7-4820-aef8-cec1bad7e0ba,"C:\Users\USUARIO\Documents\Downloads\BASE DE DATOS 1974-2018 PDFs. WSS\2009\2009-02-10 Vigilando el cumplimiento de las bendiciones de Dios (WSS) Santa Cruz, Bolivia (movil).pdf",2009-02-10,Vigilando el cumplimiento de las bendiciones de Dios.,orden_logico,,,0.000000
b496b8ef-d4f3-450c-97ad-43bbedb7fede,872154b0-8670-48c2-9723-5a80e373daaa,"C:\Users\USUARIO\Documents\Downloads\BASE DE DATOS 1974-2018 PDFs. WSS\2009\2009-02-14 Caminando en fe en los mega  proyectos físicos del Programa Divino - RM Santiago de Chile, Chile.pdf",2009-02-14,RM Caminando en fe en los mega proyectos físicos del Programa Divino.,orden_logico,,,0.000000
df7178ea-f71e-4c13-8d58-827fe4a9b210,ace74af2-91c3-4114-b1d2-ce636d205c27,"C:\Users\USUARIO\Documents\Downloads\BASE DE DATOS 1974-2018 PDFs. WSS\2009\2009-02-19 La Paz en el Corazon de la familia Humana (WSS) Asuncion, Paraguay (movil).pdf",2009-02-19,La Paz en el Corazon de la familia Humana.,cierre,,,0.000000
caaf6f3e-4ed9-4376-b0d9-ce96a80a25ad,38c2570b-94c4-4f54-adae-46aef4ae5f83,"C:\Users\USUARIO\Documents\Downloads\BASE DE DATOS 1974-2018 PDFs. WSS\REUNIÓN DE MINISTROS\2009-02-19 Pastores trabajando en armonía en los dos campamentos... - RM (WSS) Asunción, Paraguay.pdf",2009-02-19,RM Pastores trabajando en armonía en los dos campamentos.,orden_logico,,,0.000000
4fe9adb4-d57d-474e-b107-302c866089de,c8b98c30-21ed-4e75-b992-b9a3f0af44e7,"C:\Users\USUARIO\Documents\Downloads\BASE DE DATOS 1974-2018 PDFs. WSS\2009\2009-02-22 Despertando a la Realidad (WSS) San Pablo, Brasil (movil).pdf",2009-02-22,Despertando a la Realidad.,orden_logico,,,0.000000
3123110e-dd81-4573-ae62-84b02dfb094c,b0d6c863-1bcb-43f8-8b93-5fc3520a6d41,"C:\Users\USUARIO\Documents\Downloads\BASE DE DATOS 1974-2018 PDFs. WSS\2009\2009-02-27 El que Revela las cosas Secretas - RM (WSS) San Pablo, Brasil.pdf",2009-02-27,El que Revela las cosas Secretas.,orden_logico,,,0.000000
3617a73a-b479-473a-b9e2-115fbc63d227,77e1a6d9-0678-49d1-a7a7-9ddca983ec5e,"C:\Users\USUARIO\Documents\Downloads\BASE DE DATOS 1974-2018 PDFs. WSS\2009\2009-02-28 Las etapas del Septimo Sello - RM (WSS) San Pablo, Brasil.pdf",2009-02-28,RM Las etapas del Septimo Sello.,orden_logico,,,0.000000
b7ca11bf-7061-4e12-8b17-d4c5d595046b,c0ab4dbe-8d09-4c67-8758-cefdc6d95840,"C:\Users\USUARIO\Documents\Downloads\BASE DE DATOS 1974-2018 PDFs. WSS\2009\2009-03-01 La posición de la Iglesia Novia hoy en el Cuerpo Mistíco de Cristo (WSS) San Pablo, Brasil.PDF",2009-03-01,La posicion de la Iglesia Novia hoy en el Cuerpo Mistico de Cristo.,orden_logico,,,0.000000
8be0b487-7707-4dc9-8d0e-935a2c28e733,7f2daf3c-a435-419a-862c-3eb1616c727f,C:\Users\USUARIO\Documents\Downloads\BASE DE DATOS 1974-2018 PDFs. WSS\2009\2009-03-04 Testigos del programa divino para el fin del tiempo (WSS) Mexico.PDF,2009-03-04,Testigos del programa Divino para el fin del tiempo.,orden_logico,,,0.000000
584382da-f061-4137-ae96-b2073cef2300,ec6bc4bf-4ea2-428e-9119-6840a10e6e3e,"C:\Users\USUARIO\Documents\Downloads\BASE DE DATOS 1974-2018 PDFs. WSS\2009\2009-03-05 Las Damas trabajando en el Programa Divino (WSS) Reynosa, Mexico (movil).pdf",2009-03-05,Las Damas trabajando en el Programa Divino.,orden_logico,,,0.000000
87c0bd94-a986-457a-a329-644dfee8c078,fde4618a-f914-44f0-bf2a-bee73f3fc8e5,"C:\Users\USUARIO\Documents\Downloads\BASE DE DATOS 1974-2018 PDFs. WSS\REUNIÓN DE MINISTROS\2009-03-05 El pacto eterno, las misericordias firmes a la casa de David - RM (WSS) Reinosa, Tamaulipas, México.pdf",2009-03-05,"RM El Pacto eterno, las Misericordias firmes a la Casa de David.",orden_logico,,,0.000000
adc34b17-342f-4246-8aa5-79619101ddde,ef18cf1b-9449-422f-bcc6-0709fb673736,"C:\Users\USUARIO\Documents\Downloads\BASE DE DATOS 1974-2018 PDFs. WSS\2009\2009-03-07 Palabras de saludo a las damas (WSS) Monterrey, Mexico (movil).pdf",2009-03-07,Palabras de Saludo a las Damas.,orden_logico,,,0.000000
e0604250-4283-4cd2-8b13-ca62b923a56b,c2d094c0-c017-4d80-8ed8-31250249ac7d,C:\Users\USUARIO\Documents\Downloads\BASE DE DATOS 1974-2018 PDFs. WSS\2009\2009-03-10 La vida eterna sólo está en la Palabra de Dios (WSS) Mexico.PDF,2009-03-10,La Vida Eterna solo esta en la Palabra de Dios.,orden_logico,,,0.000000
61159724-deb6-4ec0-b5c6-66626ff6b83c,fb970ac5-15c9-4638-932b-4f9330f0e641,"C:\Users\USUARIO\Documents\Downloads\BASE DE DATOS 1974-2018 PDFs. WSS\2009\2009-03-11 Dios visita a Su Pueblo para la Restauracion del Reino de David a Israel (WSS) Zihuatanejo, México.pdf",2009-03-11,Dios visita a Su pueblo para la restauración del Reino de David a Israel.,orden_logico,,,0.000000
a2c12984-c24c-4d0a-bd2a-81b137aab5ed,5a2d1b35-230d-4c3c-acc6-81529e2da104,"C:\Users\USUARIO\Documents\Downloads\BASE DE DATOS 1974-2018 PDFs. WSS\2009\2009-03-12 Calzados los pies con el evangelio de la paz, edificando el Templo de Dios (WSS) Mexico.PDF",2009-03-12,Calzados los pies con el Evangelio de la Paz edificando el templo de Dios.,orden_logico,,,0.000000
008780dd-7823-49a2-9cbe-719ca9212f00,9d8b5413-2328-4fae-b807-fd17a9b699a0,"C:\Users\USUARIO\Documents\Downloads\BASE DE DATOS 1974-2018 PDFs. WSS\2009\2009-03-12 Palabras de saludo a la congregación (WSS) Chilpancingo, Guerrero, México.PDF",2009-03-12,Palabras de saludo a la congregación.,orden_logico,,,0.000000
62597daa-3a09-4220-ac0e-1c46d03dc5a1,a06f1c7f-a0ca-4281-8e1a-95cad8069e8d,C:\Users\USUARIO\Documents\Downloads\BASE DE DATOS 1974-2018 PDFs. WSS\2009\2009-03-13 La importancia de recibir al Señor Jesucristo como nuestro Salvador (WSS) Mexico.PDF,2009-03-13,La Importancia de Recibir al Señor Jesucristo como nuestro Salvador.,orden_logico,,,0.000000
9fa9b543-8162-4481-8387-e339cf790b1c,b2c29fb8-82f5-44d6-bc07-77137cfa2918,C:\Users\USUARIO\Documents\Downloads\BASE DE DATOS 1974-2018 PDFs. WSS\2009\2009-03-17 Todo obra para bien (WSS) Mexico.PDF,2009-03-17,Todo obra para bien.,orden_logico,,,0.000000
1938327e-27df-42d2-8d69-e51acc3dedac,34dedd79-0c06-4251-b9a8-818f6fba8520,C:\Users\USUARIO\Documents\Downloads\BASE DE DATOS 1974-2018 PDFs. WSS\2009\2009-03-19 Buscando las ovejas perdidas de la casa de Israel (WSS) Mexico.PDF,2009-03-19,Buscando las ovejas perdidas de la casa de Israel.,orden_logico,,,0.000000
f92214b8-b091-4701-b561-739a0e55a611,71642fbd-f019-4e0b-90a0-14ef0c958874,"C:\Users\USUARIO\Documents\Downloads\BASE DE DATOS 1974-2018 PDFs. WSS\2009\2009-03-20 Dios glorifica la casa de su Gloria (WSS) Ocuiltzaplotan, Mexico (movil).pdf",2009-03-20,Dios Glorifica la Casa de su Gloria.,orden_logico,,,0.000000
6b9af03a-c796-41f0-8ccf-9bf8739ff3d4,53194ef4-7673-4b11-a0ee-4db3298a85da,C:\Users\USUARIO\Documents\Downloads\BASE DE DATOS 1974-2018 PDFs. WSS\2009\2009-03-21 Palabras de saludo a la congregación (WSS) Mexico.PDF,2009-03-21,Palabras de saludo a la congregación.,orden_logico,,,0.000000
3ba48756-4d23-4156-93a5-797be5519273,ff0a48ed-48a2-4891-ac84-8b7093512f17,C:\Users\USUARIO\Documents\Downloads\BASE DE DATOS 1974-2018 PDFs. WSS\2009\2009-03-22 El poder del Espíritu Santo encarnándose y obrando en Su Iglesia (WSS) Mexico.PDF,2009-03-22,El poder del Espíritu Santo encarnándose y obrando en su Iglesia.,orden_logico,,,0.000000
566855eb-ea35-4ce7-8c87-2e445f2f6eb7,ac5211b6-a26a-4e58-86f2-71781be43bf4,"C:\Users\USUARIO\Documents\Downloads\BASE DE DATOS 1974-2018 PDFs. WSS\2009\2009-03-28 ¿Qué Ves Tu - RM (WSS) Guatemala, Guatemala.pdf",2009-03-28,RM Qué ves tú.,orden_logico,,,0.000000
1161375e-de93-4608-9189-545e0e446374,e0a1359e-ff3b-4e55-b5fb-53fdc1f8bfd3,"C:\Users\USUARIO\Documents\Downloads\BASE DE DATOS 1974-2018 PDFs. WSS\2009\2009-03-30 Palabras de Saludo a los Pastores - RM (WSS) San Salvador, El Salvador.pdf",2009-03-30,RM Palabras de saludo a los Pastores,orden_logico,,,0.000000
5d11c95d-9c42-45be-a91f-d382eb86f417,ff9936ab-d75d-449f-802e-7408425c509d,"C:\Users\USUARIO\Documents\Downloads\BASE DE DATOS 1974-2018 PDFs. WSS\2009\2009-04-02 Jesucristo, nuestra única esperanza (WSS) Costa Rica.PDF",2009-04-02,"Jesucristo, nuestra Unica esperanza.",orden_logico,,,0.000000
bc72c791-3cc3-4590-a6b2-60f8727ea872,53c5b026-de94-4b19-ac80-5195e098f481,"C:\Users\USUARIO\Documents\Downloads\BASE DE DATOS 1974-2018 PDFs. WSS\2009\2009-04-05 El Hijo de David viniendo en el Nombre del Señor (WSS) Cayey, Puerto Rico.PDF",2009-04-05,El Hijo de David viniendo en el Nombre del Señor.,orden_logico,,,0.000000
319d8184-8c1b-4bdc-ac27-e9254c52a391,eba9ffc3-5a93-4442-96a7-1fabef563934,"C:\Users\USUARIO\Documents\Downloads\BASE DE DATOS 1974-2018 PDFs. WSS\2009\2009-04-11 El que descendió es el mismo que también subió por encima de todos los Cielos - RM (WSS) Cayey, Puerto Rico (movil).pdf",2009-04-11,RM El que descendió es el mismo que también subió por encima de todos los Cielos.,orden_logico,,,0.000000
51bfe55b-9060-45f5-b997-6322c32ce491,4bfac52b-06af-4a49-a3b8-22036255f822,"C:\Users\USUARIO\Documents\Downloads\BASE DE DATOS 1974-2018 PDFs. WSS\2009\2009-04-12 Cristo ha resucitado (WSS) Cayey, Puerto Rico.PDF",2009-04-12,Cristo ha resucitado.,orden_logico,,,0.000000
25e6e834-8237-4378-8513-59af9e288165,b7689a77-396c-4d27-a2e2-3034694854cd,C:\Users\USUARIO\Documents\Downloads\BASE DE DATOS 1974-2018 PDFs. WSS\2009\2009-04-22 El Libro de la redencion (WSS) Mexico.PDF,2009-04-22,El Libro de la Redención.,orden_logico,,,0.000000
c55644be-517b-456f-a54b-2f5aa675086e,feca9687-1a73-432f-86d3-d34d379f1144,C:\Users\USUARIO\Documents\Downloads\BASE DE DATOS 1974-2018 PDFs. WSS\2009\2009-04-27 Nuestra redencion esta cerca (WSS) Mexico (movil).pdf,2009-04-27,Nuestra Redencion esta cerca.,orden_logico,,,0.000000
eb0ca92d-6953-4af3-af3b-6e3a87dfe009,6f6e4210-174d-4075-a6db-078d85fc1ed7,C:\Users\USUARIO\Documents\Downloads\BASE DE DATOS 1974-2018 PDFs. WSS\2009\2009-04-27 Las Promesas de Dios para Hoy (WSS) Mexico.pdf,2009-04-27,RM Las Promesas de Dios para Hoy.,orden_logico,,,0.000000
119d48ff-9cfa-4dd6-b65c-e2bf7c15a1fb,a003cc86-eb55-4bbb-b3f2-48622df68f2f,"C:\Users\USUARIO\Documents\Downloads\BASE DE DATOS 1974-2018 PDFs. WSS\2009\2009-05-09 El que juzga a todas las naciones - RM (WSS) San Pablo, Brasil (movil).pdf",2009-05-09,RM El que juzga a todas las naciones.,orden_logico,,,0.000000
fd0bef9f-183f-42ae-8171-2b0854f84a5b,973bee99-aaa1-4df9-9f47-98b6af58c0b1,C:\Users\USUARIO\Documents\Downloads\BASE DE DATOS 1974-2018 PDFs. WSS\2009\2009-05-10 Muchos pueblos en el valle de la decisión (WSS) Brasil.PDF,2009-05-10,Muchos pueblos en el valle de la decision.,orden_logico,,,0.000000
2ff017f3-12c7-46cf-bcfe-43de220f363e,7f881634-4beb-43f9-ab7d-e9e303e3b025,C:\Users\USUARIO\Documents\Downloads\BASE DE DATOS 1974-2018 PDFs. WSS\2009\2009-05-20 El Sello de Dios para Su Pueblo (WSS) Colombia.PDF,2009-05-20,El Sello de Dios para Su Pueblo.,orden_logico,,,0.000000
86976763-8150-4b8f-8ce6-5842c2138495,7c5ad769-54eb-45a1-ac1d-72b4f8325e90,"C:\Users\USUARIO\Documents\Downloads\BASE DE DATOS 1974-2018 PDFs. WSS\2009\2009-05-26 Señor, ¿restaurarás tu el reino a Israel en este tiempo - RM (WSS) Bogotá, Colombia.pdf",2009-05-26,"Señor, restaurarás tú el Reino a Israel en este tiempo",orden_logico,,,0.000000
c86b656a-aac1-4f4d-865e-8acb766b6b98,9712bdd7-a06d-4fd3-98e7-0d945ad880c3,C:\Users\USUARIO\Documents\Downloads\BASE DE DATOS 1974-2018 PDFs. WSS\2009\2009-05-26 Palabras de saludo a las Damas (WSS) Colombia.pdf,2009-05-26,Palabras de Saludo a las Damas.,orden_logico,,,0.000000
eea0e316-1c6b-445e-a0ff-2a16bcaf2a00,3eb02c4c-e4f4-4195-8b37-dd885c4f8d76,"C:\Users\USUARIO\Documents\Downloads\BASE DE DATOS 1974-2018 PDFs. WSS\2009\2009-06-14 La vindicación de Dios para la restauración de las doce tribus de Israel (WSS) Jerusalen, Israel.PDF",2009-06-14,La vindicación de Dios para la restauración de las doce tribus de Israel.,orden_logico,,,0.000000
256e11d7-f747-45e8-b526-bab513aed7d4,43ab9442-3c1e-4e40-8827-18c12ff83331,"C:\Users\USUARIO\Documents\Downloads\BASE DE DATOS 1974-2018 PDFs. WSS\2009\2009-06-23 Despiertate tu que duermes (WSS) San Jose de los Campos, Brasil (movil).pdf",2009-06-23,Despiertate tu que duermes.,orden_logico,,,0.000000
6aabac55-42d0-4be2-b3b9-18676126d214,7b83d307-6654-4704-9fad-d09381874567,"C:\Users\USUARIO\Documents\Downloads\BASE DE DATOS 1974-2018 PDFs. WSS\2009\2009-06-27 El Profeta de la Paz y el Juicio (WSS) San Antonio, Texas, EEUU.pdf",2009-06-27,RM El Profeta de la Paz y el Juicio.,orden_logico,,,0.000000
ffd289b6-6bca-4a0f-b818-ef4d960b3b45,587a3e6d-1678-4189-904e-fdde3d75131c,"C:\Users\USUARIO\Documents\Downloads\BASE DE DATOS 1974-2018 PDFs. WSS\2009\2009-07-03 Al que todos tenemos que oir (WSS) Trujillo, Peru (movil).pdf",2009-07-03,Al que todos tenemos que Oir.,orden_logico,,,0.000000
5474353e-c09b-4d5c-9570-e6702149d4cf,70e5f737-8571-41b3-98ed-7b008f1e6701,C:\Users\USUARIO\Documents\Downloads\BASE DE DATOS 1974-2018 PDFs. WSS\2009\2009-07-06 Los ángeles segadores cuando raya el alba (WSS) Peru.PDF,2009-07-06,Los Angeles segadores cuando raya el alba.,orden_logico,,,0.000000
f884b9bf-c210-46bd-9d7c-d9d0b2344fd3,ea839e39-e462-4b0b-b886-cbd3c2295d34,"C:\Users\USUARIO\Documents\Downloads\BASE DE DATOS 1974-2018 PDFs. WSS\2009\2009-07-09 Escogidos desde el principio para Salvacion (WSS) Bogota, Colombia.pdf",2009-07-09,Escogidos desde el principio para Salvacion.,orden_logico,,,0.000000
b7d06e2b-65cd-4962-8075-6479759c8bd4,4c0122f3-6848-4c26-8cda-c76c7ac1851f,C:\Users\USUARIO\Documents\Downloads\BASE DE DATOS 1974-2018 PDFs. WSS\2009\2009-07-10 Los dos ungidos delante del Señor de toda la Tierra - RM (WSS) Colombia.pdf,2009-07-10,RM Los Dos Ungidos delante del Señor de toda la tierra.,orden_logico,,,0.000000
b5565247-fb77-4a2e-9e6f-9878d5265a76,918741e2-5838-4c31-8c04-dc7789f8af88,"C:\Users\USUARIO\Documents\Downloads\BASE DE DATOS 1974-2018 PDFs. WSS\REUNIÓN DE MINISTROS\2009-07-25 Ministros trabajando bajo la bendición del Séptimo Sello en la Tercera Etapa - RM (WSS) Santiago de Chile, Chile.pdf",2009-07-25,RM Ministros trabajando bajo la bendición del Séptimo Sello en la Tercera Etapa.,orden_logico,,,0.000000
8374b293-fba5-4375-99e6-7722900d6c1c,7615f8ea-ce34-4b10-a684-ad122a9539cf,"C:\Users\USUARIO\Documents\Downloads\BASE DE DATOS 1974-2018 PDFs. WSS\2009\2009-07-26 Palabras de dedicacion salon de Quilicura (WSS) Santiago de Chile, Chile (movil).pdf",2009-07-26,Palabras de dedicacion salon de Quilicura.,orden_logico,,,0.000000
26af011e-986c-4e32-803c-30d9bafd0246,6a05ee62-6096-4844-8fc6-c234e4c166e9,"C:\Users\USUARIO\Documents\Downloads\BASE DE DATOS 1974-2018 PDFs. WSS\2009\2009-07-29 La Venida del Hijo del Hombre y la fe en la Tierra (WSS) El Paso, Texas, EEUU.PDF",2009-07-29,La Venida del Hijo del Hombre y la fe en la Tierra.,orden_logico,,,0.000000
5f747e6f-8bab-45ae-8eae-54247f970ced,378b177b-fc80-4380-afb7-788abcfdaa4f,"C:\Users\USUARIO\Documents\Downloads\BASE DE DATOS 1974-2018 PDFs. WSS\2009\2009-07-30 La hora de la Venida del Hijo del Hombre (WSS) Ciudad Juarez, Mexico.PDF",2009-07-30,La hora de la Venida del Hijo del Hombre.,orden_logico,,,0.000000
1045908e-89a8-4fb8-9e0c-043c7b80c4ab,af604734-2e9f-41e4-9310-ea418d027247,"C:\Users\USUARIO\Documents\Downloads\BASE DE DATOS 1974-2018 PDFs. WSS\2009\2009-07-31 Que hora es en el reloj de Dios (WSS) Monterrey, Mexico.pdf",2009-07-31,Que hora es en el reloj de Dios.,orden_logico,,,0.000000
65463dc1-f891-4e83-9350-5ab0978d3729,7291f524-57aa-4105-ae5a-bfb211a74ada,"C:\Users\USUARIO\Documents\Downloads\BASE DE DATOS 1974-2018 PDFs. WSS\2009\2009-08-13 El camino de la santidad andad por El (WSS) Zihuatanejo, Mexico.pdf",2009-08-13,El camino de la santidad andad por El.,orden_logico,,,0.000000
e2e213d2-b143-4549-b0d9-3ae50329e005,2a82a90b-2d76-459b-8b9e-4aa1636e4b97,"C:\Users\USUARIO\Documents\Downloads\BASE DE DATOS 1974-2018 PDFs. WSS\2009\2009-08-15 El Evangelio del Gran Rabino y Apostol San Pablo (WSS) Chilpancingo, México.pdf",2009-08-15,RM El Evangelio del Gran Rabino Y Apostol San Pablo.,orden_logico,,,0.000000
e222b592-24a4-4a08-81b6-a8c77d131d6f,41735d4e-38d8-47d9-8011-1ffc6c911e70,"C:\Users\USUARIO\Documents\Downloads\BASE DE DATOS 1974-2018 PDFs. WSS\2009\2009-08-17 Los dias de la Voz del Septimo Angel consumando los misterios de Dios (WSS) Ecatepec, México (movil).pdf",2009-08-17,Los dias de la Voz del Septimo Angel consumando los misterios de Dios.,cierre,,,0.000000
20f68487-9210-4176-9d28-3f7dfc0a262a,cab11ed0-977c-4b14-a38d-d64bb663027e,"C:\Users\USUARIO\Documents\Downloads\BASE DE DATOS 1974-2018 PDFs. WSS\2009\2009-08-20 Descubriendo la Verdad (WSS) San Luis Potosi, México (movil).pdf",2009-08-20,Descubriendo la Verdad.,orden_logico,,,0.000000
522c9f19-da4d-4db8-b216-4359c14a2d6d,6d76abb2-2bd1-40e4-8317-1f8ad6d8a055,"C:\Users\USUARIO\Documents\Downloads\BASE DE DATOS 1974-2018 PDFs. WSS\2009\2009-08-22 Profeta de Dios, Interprete de la Palabra de Dios - RM (WSS) Santa Marta, México.pdf",2009-08-22,"RM Profeta de Dios, Interprete de la Palabra de Dios.",orden_logico,,,0.000000
a40f6ccf-dbeb-452a-bf9b-16fcb047e759,d7c80bf0-f408-47df-b972-4a36bbe29e63,"C:\Users\USUARIO\Documents\Downloads\BASE DE DATOS 1974-2018 PDFs. WSS\2009\2009-08-30 Jesucristo la Puerta abierta para entrar la eternidad (WSS) Torreon, Coahuila, Mexico.pdf",2009-08-30,Jesucristo la Puerta abierta para entrar la eternidad.,orden_logico,,,0.000000
f64c744a-aec8-4967-8a74-1cc314aab9e4,a6ea08a6-d14f-4c32-a06f-51924d285f39,"C:\Users\USUARIO\Documents\Downloads\BASE DE DATOS 1974-2018 PDFs. WSS\2009\2009-09-05 Damas unidas trabajando para la culminacion de los Proyectos Divinos (WSS) Villahermosa, Mexico.pdf",2009-09-05,Damas unidas trabajando para la culminacion de los Proyectos Divinos.,orden_logico,,,0.000000
844cea75-cc02-4921-b97d-b0f8750721c9,11618564-7e1c-404d-8c10-0eb1d484b28a,"C:\Users\USUARIO\Documents\Downloads\BASE DE DATOS 1974-2018 PDFs. WSS\2009\2009-09-05 Jóvenes del Día Postrero fortalecidos con el toque del Ángel (WSS) Villahermosa, Mexico.pdf",2009-09-05,Jóvenes del Día Postrero fortalecidos con el toque del Ángel.,orden_logico,,,0.000000
1dbfbe50-08c7-41bb-821c-85616357bd7d,f7ad2486-70da-4d98-a7cd-3c5dde11e64b,"C:\Users\USUARIO\Documents\Downloads\BASE DE DATOS 1974-2018 PDFs. WSS\2009\2009-09-06 Quieres Ser Sano (WSS) Villahermosa, Mexico.pdf",2009-09-06,Quieres Ser Sano.,orden_logico,,,0.000000
91e7db8a-424c-4cc8-bdf5-2eea6398426a,31612a21-b7da-4711-8b75-f6ad2fc77d76,"C:\Users\USUARIO\Documents\Downloads\BASE DE DATOS 1974-2018 PDFs. WSS\2009\2009-09-11 La bendicion de hacer la Voluntad de Dios. (WSS) Estacion Juarez, Mexico.pdf",2009-09-11,La bendicion de hacer la Voluntad de Dios.,orden_logico,,,0.000000
8dd9939b-7d72-491a-8a16-efc297d8360e,8374ace0-0642-4a6a-b0fb-8239d07315f8,"C:\Users\USUARIO\Documents\Downloads\BASE DE DATOS 1974-2018 PDFs. WSS\2009\2009-09-19 Despiertos a la realidad del Programa Divino - RM (WSS) Xalapa, Veracruz, Mexico.pdf",2009-09-19,RM Despiertos a la realidad del Programa Divino.,orden_logico,,,0.000000
e13c5532-80a0-4d11-8aac-247fc39400ad,2dc5120c-d4d8-486b-971c-0ef8da3b7b3b,"C:\Users\USUARIO\Documents\Downloads\BASE DE DATOS 1974-2018 PDFs. WSS\2009\2009-09-27 Los dos campamentos - RM (WSS) Valencia, Venezuela.pdf",2009-09-27,RM Los dos campamentos.,orden_logico,,,0.000000
7968eb74-73d2-4883-8770-0bca0a4a7bbe,4fd75ead-1b3d-4a71-948e-7217eacfb449,"C:\Users\USUARIO\Documents\Downloads\BASE DE DATOS 1974-2018 PDFs. WSS\2009\2009-10-03 El Ángel con el Incensario en de Oro - RM (WSS) Goiania, Brasil.pdf",2009-10-03,RM El Ángel con el Incensario en de Oro.,orden_logico,,,0.000000
6a8aab23-f3d6-4769-98bc-adbc9c0d45ec,14806610-f212-42af-941f-3c1085c9b4a1,"C:\Users\USUARIO\Documents\Downloads\BASE DE DATOS 1974-2018 PDFs. WSS\2009\2009-10-23 Tiempo de Alegria (WSS) San Jose de los Campos, Brasil (movil).pdf",2009-10-23,Tiempo de Alegria.,orden_logico,,,0.000000
bcc9bad7-eeb7-45da-b44d-6d8ce9033257,846ede3e-df2e-47bd-9569-2269dcde64d9,"C:\Users\USUARIO\Documents\Downloads\BASE DE DATOS 1974-2018 PDFs. WSS\2009\2009-10-24 José dándose a conocer a sus hermanos - RM (WSS) San Pablo, Brasil.pdf",2009-10-24,RM José dándose a conocer a sus hermanos.,orden_logico,,,0.000000
63a3a82d-dc44-41a4-87fc-a69ff0a244ce,8962534f-e596-4649-ae4f-a3f40078d4c2,"C:\Users\USUARIO\Documents\Downloads\BASE DE DATOS 1974-2018 PDFs. WSS\2009\2009-10-25 El Despertamiento de Israel en el Dia Postrero (WSS) San Pablo, Brasil (movil).pdf",2009-10-25,El Despertamiento de Israel en el Dia Postrero.,orden_logico,,,0.000000
5fe34406-dd3e-4098-b57d-46dd26f86d31,2f3c7fa1-ea3a-405a-ad2e-335b174cb9a1,"C:\Users\USUARIO\Documents\Downloads\BASE DE DATOS 1974-2018 PDFs. WSS\2009\2009-10-27 El Recogimiento por La Gran Trompeta (WSS) Porto Velho, Brasil (movil).pdf",2009-10-27,El Recogimiento por La Gran Trompeta.,orden_logico,,,0.000000
5b4e1109-b9e1-429f-8b09-cf1840739faf,6f49aca3-fa32-446f-a06e-b8dd0fa38f62,"C:\Users\USUARIO\Documents\Downloads\BASE DE DATOS 1974-2018 PDFs. WSS\2009\2009-11-07 Los Santos del Altisimo poseyendo el Reino de Dios (WSS) Franca, Brasil.pdf",2009-11-07,Los Santos del Altisimo poseyendo el Reino de Dios.,orden_logico,,,0.000000
e1af0c2b-56a1-41a0-a874-360cd1321da8,045b918d-3cdc-41ee-aabb-d8d51af3d043,C:\Users\USUARIO\Documents\Downloads\BASE DE DATOS 1974-2018 PDFs. WSS\2009\2009-11-15 La Iglesia con el jubilo del Rey en ella (WSS) Colombia.pdf,2009-11-15,La Iglesia con el Jubilo del Rey en ella.,orden_logico,,,0.000000
769774f8-da1f-4ae9-9f8f-225a4007a47f,932cd9ce-5d2e-4b71-b86d-299211c63bd2,"C:\Users\USUARIO\Documents\Downloads\BASE DE DATOS 1974-2018 PDFs. WSS\2009\2009-11-22 El Angel juntando los escogidos del Dia postrero (WSS) San Felipe, Yaracuy, Venezuela.pdf",2009-11-22,El Angel juntando los escogidos del Dia postrero.,orden_logico,,,0.000000
aa639531-b9b0-4ba1-9d93-a27b279dc5bd,93bef3e4-398e-4534-9a00-245e9a05e791,"C:\Users\USUARIO\Documents\Downloads\BASE DE DATOS 1974-2018 PDFs. WSS\2009\2009-12-03 Poseyendo las puertas del enemigo (WSS) New York, EEUU (movil).pdf",2009-12-03,Poseyendo las puertas del enemigo.,cierre,,,0.000000
0b28f336-3955-44b8-b996-39df732344f9,ffca6cc4-8fb1-410a-8deb-b0aebbc16a4e,"C:\Users\USUARIO\Documents\Downloads\BASE DE DATOS 1974-2018 PDFs. WSS\2009\2009-12-04 La bendicion de los Primogenitos (WSS) Maryland, EEUU.pdf",2009-12-04,La bendicion de los Primogenitos.,orden_logico,,,0.000000
1f4cb023-48d4-4664-b57a-084c7514d031,83817126-2a35-4490-8c00-0aec3db56120,"C:\Users\USUARIO\Documents\Downloads\BASE DE DATOS 1974-2018 PDFs. WSS\2009\2009-12-05 El Hijo del Hombre una Señal para esta generacion (WSS) Austin, Texas, EEUU.pdf",2009-12-05,El Hijo del Hombre una Señal para esta generacion.,orden_logico,,,0.000000
1c463b17-24bd-48d0-8c79-1fdcec62d7f5,2742fd18-15c3-4493-ad31-7cde2567d11f,"C:\Users\USUARIO\Documents\Downloads\BASE DE DATOS 1974-2018 PDFs. WSS\2009\2009-12-07 La bendicion de un Profeta en la Casa de Dios (WSS) Las Cruces, Nuevo Mexico, EEUU (movil).pdf",2009-12-07,La bendicion de un Profeta en la Casa de Dios.,orden_logico,,,0.000000
8e2620e9-121e-4378-bf26-2743701c0e05,b74955ba-3ec1-4ea0-ac1e-290b3e0e0b3e,"C:\Users\USUARIO\Documents\Downloads\BASE DE DATOS 1974-2018 PDFs. WSS\2009\2009-12-08 El Ángel con la Revelación de Jesucristo - RM (WSS) Ciudad Juarez, Mexico.pdf",2009-12-08,RM El Ángel con la Revelación de Jesucristo.,orden_logico,,,0.000000
1d12f355-476a-4a9f-aeaa-41d512659f0b,23074368-f0bc-4964-875c-65154c47f122,"C:\Users\USUARIO\Documents\Downloads\BASE DE DATOS 1974-2018 PDFs. WSS\2009\2009-12-09 La Gracia de Dios su Simiente en su Visitacion (WSS) Monterrey, Mexico.pdf",2009-12-09,La Gracia de Dios su Simiente en su Visitacion.,orden_logico,,,0.000000
8a58a04d-9c96-4980-84d3-821004458ce2,388e4b39-8d98-4ee6-a69b-d00aca27df2a,"C:\Users\USUARIO\Documents\Downloads\BASE DE DATOS 1974-2018 PDFs. WSS\2009\2009-12-10 Ministros en la dispensación del cumplimiento de los tiempos - RM (WSS) Reinosa, Mexico.pdf",2009-12-10,RM Ministros en la dispensación del cumplimiento de los tiempos.,orden_logico,,,0.000000
2248b6d2-5a54-404e-b3c2-5ba519054f90,49e6f630-d90a-4184-8b8b-1289741fd5c8,"C:\Users\USUARIO\Documents\Downloads\BASE DE DATOS 1974-2018 PDFs. WSS\2009\2009-12-12 Los Pastores del Nuevo Pacto con la Revelación del Día Postrero - RM (WSS) Monterrey, Mexico.pdf",2009-12-12,RM Los Pastores del Nuevo Pacto con la Revelación del Día Postrero.,orden_logico,,,0.000000
49b2558a-4107-4fe5-85d9-8a5febb80252,fcd4e5cc-af2c-4dfb-b8e0-0cae5ab124ae,"C:\Users\USUARIO\Documents\Downloads\BASE DE DATOS 1974-2018 PDFs. WSS\2009\2009-12-12 Damas trabajando en el Reino de Dios con la promesa de recibir los galardones más grandes (WSS) Monterrey, Mexico.pdf",2009-12-12,Damas trabajando en el Reino de Dios con la promesa de recibir los galardones más grandes.,orden_logico,,,0.000000
147fe9e1-6da1-4e7b-b7ee-932b778b0458,2d84a09d-338d-40f2-8fbd-4e115f105a22,"C:\Users\USUARIO\Documents\Downloads\BASE DE DATOS 1974-2018 PDFs. WSS\2009\2009-12-13 Estamos Seguros en Dios (WSS) Monterrey, Mexico.pdf",2009-12-13,Estamos Seguros en Dios.,orden_logico,,,0.000000
71120751-f821-47e7-b7fa-dca28d907e1d,7d52dce1-81f1-4c15-b803-18fe6bee316a,"C:\Users\USUARIO\Documents\Downloads\BASE DE DATOS 1974-2018 PDFs. WSS\2009\2009-12-19 El hombre noble - RM (WSS) Villahermosa, Mexico.pdf",2009-12-19,RM El hombre noble.,orden_logico,,,0.000000
dc6cb0ff-a65a-4cf4-a48c-19ecb6c66680,1cd65851-3b7c-4052-bbcb-327f0431302e,"C:\Users\USUARIO\Documents\Downloads\BASE DE DATOS 1974-2018 PDFs. WSS\2009\2009-12-24 El misterio de Dios El Padre y De Cristo (WSS) Cayey, Puerto Rico.pdf",2009-12-24,El misterio de Dios El Padre y De Cristo.,orden_logico,,,0.000000
68927b3f-c559-4762-8377-38a173a886d8,444ac95d-306e-4a59-84ca-4cb89a2b5c53,"C:\Users\USUARIO\Documents\Downloads\BASE DE DATOS 1974-2018 PDFs. WSS\2009\2009-12-27 El principio de la creacion (WSS) Cayey, Puerto Rico.pdf",2009-12-27,El principio de la creacion.,orden_logico,,,0.000000
139a8c22-94a1-4d21-ad99-5f20d61d4d1d,e4491e1b-1934-494a-8902-e3a5fcc6464f,"C:\Users\USUARIO\Documents\Downloads\BASE DE DATOS 1974-2018 PDFs. WSS\2009\2009-12-31 Los Exodos y sus propositos (WSS) Cayey, Puerto Rico.pdf",2009-12-31,Los Exodos y sus propositos.,orden_logico,,,0.000000
91990527-ca49-4a65-aa14-6aef70a46fa2,1ede0b6e-d0a8-4e1a-85c9-16703745c194,"C:\Users\USUARIO\Documents\Downloads\BASE DE DATOS 1974-2018 PDFs. WSS\2010\2010-01-02 RM La Venida del Mesias(WSS) Cayey, Puerto Rico.pdf",2010-01-02,RM La Venida del Mesias.,orden_logico,,,0.000000
e09e1bf7-599a-4664-98bc-1d19fd7df833,1059e898-7fa1-4dd5-b95d-553d9d657449,"C:\Users\USUARIO\Documents\Downloads\BASE DE DATOS 1974-2018 PDFs. WSS\2010\2010-01-03 Recibiendo un Reino inconmovible (WSS) Cayey, Puerto Rico.pdf",2010-01-03,Recibiendo un Reino inconmovible,orden_logico,,,0.000000
70e4c937-5f63-47f2-ae06-27403f9d9d2f,0f4731d0-52b7-4dc7-814e-48e394c4297a,"C:\Users\USUARIO\Documents\Downloads\BASE DE DATOS 1974-2018 PDFs. WSS\2010\2010-01-15 RM Colaboradores en el mega proyecto (WSS) Santiago de Chile, Chile.pdf",2010-01-15,RM Colaboradores en el mega proyecto.,orden_logico,,,0.000000
2dfb0d6c-a4c6-41dc-a5c2-a7fb393a9afb,8695c330-3acd-4935-9609-7ec9cd2f724d,"C:\Users\USUARIO\Documents\Downloads\BASE DE DATOS 1974-2018 PDFs. WSS\2010\2010-01-15 Damas trabajando en los grandes proyectos divinos (WSS) Santiago de Chile, Chile.pdf",2010-01-15,Damas trabajando en los grandes proyectos divinos,orden_logico,,,0.000000
89a66521-1369-47f0-858d-1c02fdca9baa,6e467127-0e64-4fcd-9878-76bdfbc5013b,"C:\Users\USUARIO\Documents\Downloads\BASE DE DATOS 1974-2018 PDFs. WSS\2010\2010-01-19 RM Ministros caminando a la Luz de la Estrella de la mañana (WSS) Quito, Ecuador.pdf",2010-01-19,RM Ministros caminando a la Luz de la Estrella de la mañana.,orden_logico,,,0.000000
275bfe42-065e-471a-8a31-10b485678054,b821daee-fa01-49f0-8aab-29920c34c116,"C:\Users\USUARIO\Documents\Downloads\BASE DE DATOS 1974-2018 PDFs. WSS\2010\2010-01-20 Damas trabajando para Aquel que tiene la Bendicion (WSS) Quito, Ecuador.pdf",2010-01-20,Damas trabajando para Aquel que tiene la Bendicion.,orden_logico,,,0.000000
e7f30212-a8d7-4f9c-a703-cff19809b699,e18841f2-6ad5-4493-8256-180c2a0d962c,"C:\Users\USUARIO\Documents\Downloads\BASE DE DATOS 1974-2018 PDFs. WSS\2010\2010-01-23 RM Ministros sobrios vestidos con la coraza de fe y de amor (WSS) Bogotá, Colombia.pdf",2010-01-23,RM Ministros sobrios vestidos con la coraza de fe y de amor.,orden_logico,,,0.000000
71bbb1ad-0602-467a-8402-68cf33e05b6f,a4b5679c-459c-4bcc-9e68-4907302d5df1,"C:\Users\USUARIO\Documents\Downloads\BASE DE DATOS 1974-2018 PDFs. WSS\2010\2010-01-30 RM Un entrelace dispensacional (WSS) Cali, Colombia.pdf",2010-01-30,RM Un entrelace dispensacional.,orden_logico,,,0.000000
dac2c9a8-edc1-495c-98e1-7b28d337eb01,a4b5679c-459c-4bcc-9e68-4907302d5df1,"C:\Users\USUARIO\Documents\Downloads\BASE DE DATOS 1974-2018 PDFs. WSS\REUNIÓN DE MINISTROS\2010-01-30 Un entrelace dispensacional - RM (WSS) Cali, Colombia.pdf",2010-01-30,RM Un entrelace dispensacional.,orden_logico,,,0.000000
288433d6-309c-4222-aa4b-a41801103b72,2afc4402-e131-492b-8e9a-05e074994a88,"C:\Users\USUARIO\Documents\Downloads\BASE DE DATOS 1974-2018 PDFs. WSS\2010\2010-02-04 Tiempo de levantar nuestras cabezas al Cielo (WSS) Medellin, Colombia.pdf",2010-02-04,Tiempo de levantar nuestras cabezas al Cielo.,orden_logico,,,0.000000
dbf491b4-e360-4a3d-9820-6d34cf62bbd4,5c1b001b-bd08-4f7a-9186-62baf70b570b,"C:\Users\USUARIO\Documents\Downloads\BASE DE DATOS 1974-2018 PDFs. WSS\2010\2010-02-06 RM Los Hijos del Segundo Adan Y La Segunda Eva examinando las Profecias finales (WSS) Barranquilla, Colombia.pdf",2010-02-06,RM Los Hijos del Segundo Adan Y La Segunda Eva examinando las Profecias finales.,orden_logico,,,0.000000
76e97f3a-d838-4b65-99e7-dfc7d3ec299f,2e307482-3186-464a-a281-e59530972031,"C:\Users\USUARIO\Documents\Downloads\BASE DE DATOS 1974-2018 PDFs. WSS\2010\2010-02-20 RM La necesidad de caminar unidos en el Día Postrero (WSS) San Pablo, Brasil.pdf",2010-02-20,RM La necesidad de caminar unidos en el Día Postrero.,orden_logico,,,0.000000
6e486845-78c0-40f2-896a-8180c99c5bed,526cc18f-5b0e-46b1-8557-5531977595df,"C:\Users\USUARIO\Documents\Downloads\BASE DE DATOS 1974-2018 PDFs. WSS\2010\2010-02-24 El Sacerdote de los dos Pactos (WSS) Asunción, Paraguay.pdf",2010-02-24,El Sacerdote de los dos Pactos.,orden_logico,,,0.000000
76e20860-a487-4957-b187-22782355210e,f724c501-f5e3-41e7-ad9f-7cdb322593bd,"C:\Users\USUARIO\Documents\Downloads\BASE DE DATOS 1974-2018 PDFs. WSS\2010\2010-02-24 RM Ministros competentes de un nuevo Pacto (WSS) Asunción, Paraguay.pdf",2010-02-24,RM Ministros competentes de un nuevo Pacto.,orden_logico,,,0.000000
7c799ed2-befd-482f-b8d6-4828a85562a9,64210138-d460-43b8-8dde-697b65878091,"C:\Users\USUARIO\Documents\Downloads\BASE DE DATOS 1974-2018 PDFs. WSS\2010\2010-02-26 Señor venga nosotros tu Reino (WSS) Córdoba, Argentina.pdf",2010-02-26,Señor venga nosotros tu Reino.,orden_logico,,,0.000000
968b497f-eba4-441a-a289-81ece9416399,55263e02-da50-4c15-90cf-09955fa2bfbc,"C:\Users\USUARIO\Documents\Downloads\BASE DE DATOS 1974-2018 PDFs. WSS\2010\2010-02-27 Los ministerios del Día Postrero dando buenos frutos (WSS) Buenos Aires, Argentina.pdf",2010-02-27,Los ministerios del Día Postrero dando buenos frutos.,orden_logico,,,0.000000
0b3a9d5a-21a5-4562-9afe-d0989ce37ac0,55263e02-da50-4c15-90cf-09955fa2bfbc,"C:\Users\USUARIO\Documents\Downloads\BASE DE DATOS 1974-2018 PDFs. WSS\REUNIÓN DE MINISTROS\2010-02-27 Los Ministerios del día postrero dando buenos frutos - RM (WSS) Buenos Aires, Argentina.pdf",2010-02-27,Los ministerios del Día Postrero dando buenos frutos.,orden_logico,,,0.000000
cd477d66-1bee-4b15-b529-36301c75b75c,ba10167d-73bd-44b3-8ebd-914f93c77211,C:\Users\USUARIO\Documents\Downloads\BASE DE DATOS 1974-2018 PDFs. WSS\2010\2010-03-06 La Manifestacion de las señales del tiempo del fin (WSS) Chile.pdf,2010-03-06,RM La manifestación de las señales del tiempo del fin.,orden_logico,,,0.000000
4ab23e7b-9e1f-410f-a4a0-f173dfd9b8db,ff9414d3-501c-41e4-9b14-9188eaa45a94,"C:\Users\USUARIO\Documents\Downloads\BASE DE DATOS 1974-2018 PDFs. WSS\2010\2010-03-08 La Principal preocupacion del Ser Humano (WSS) La Paz, Bolivia.pdf",2010-03-08,La Principal preocupacion del Ser Humano.,orden_logico,,,0.000000
ce25d0a8-5b92-4f55-92e5-5be84b9fd4e0,04a9c1f8-a605-4498-a346-6e72ce16fbe7,"C:\Users\USUARIO\Documents\Downloads\BASE DE DATOS 1974-2018 PDFs. WSS\REUNIÓN DE MINISTROS\2010-03-08 Manteniendo la mirada en el Galardón - RM (WSS) La Paz, Bolivia.pdf",2010-03-08,RM Manteniendo la mirada en el Galardon.,orden_logico,,,0.000000
41930b9e-a040-4b2f-aeb1-6467b4452979,68fc107c-046b-4324-8b94-9560328ff759,"C:\Users\USUARIO\Documents\Downloads\BASE DE DATOS 1974-2018 PDFs. WSS\2010\2010-03-10 RM Siguiendo el liderazgo de Jesucristo para recibir la bendicion de Dios (WSS) Santa Cruz, Bolivia.pdf",2010-03-10,RM Siguiendo el liderazgo de Jesucristo para recibir la bendicion de Dios.,orden_logico,,,0.000000
69573efb-7cdb-47d6-9863-18f83a474ad1,46bd452a-9786-4f28-a6fe-3612b91a414c,"C:\Users\USUARIO\Documents\Downloads\BASE DE DATOS 1974-2018 PDFs. WSS\2010\2010-03-12 Los que temen el Nombre de Dios (WSS) Otuzco, Perú.pdf",2010-03-12,Los que temen el Nombre de Dios.,orden_logico,,,0.000000
3a0091b6-d1a8-494e-ab02-930530e021d3,a3495db8-feee-4aae-89a8-85a9a759948e,"C:\Users\USUARIO\Documents\Downloads\BASE DE DATOS 1974-2018 PDFs. WSS\REUNIÓN DE MINISTROS\2010-03-15 Pastores diligentes conociendo el estado de sus ovejas - RM (WSS) Quito, Ecuador.pdf",2010-03-15,RM Pastores diligentes conociendo el estado de sus ovejas.,orden_logico,,,0.000000
77d3305e-cfcf-4f64-816b-876fe4e6cb05,a3495db8-feee-4aae-89a8-85a9a759948e,"C:\Users\USUARIO\Documents\Downloads\BASE DE DATOS 1974-2018 PDFs. WSS\2010\2010-03-15 RM Pastores diligentes conociendo el estado de sus ovejas (WSS) Quito, Ecuador.pdf",2010-03-15,RM Pastores diligentes conociendo el estado de sus ovejas.,orden_logico,,,0.000000
ee99e867-64bd-4128-8b42-1c3c09f08138,2ac4592d-88d9-4bd3-81b3-d45929f54229,"C:\Users\USUARIO\Documents\Downloads\BASE DE DATOS 1974-2018 PDFs. WSS\2010\2010-03-16 Damas Hombres y Jovenes diligentes luchando por su bendicion (WSS) Santo Domingo, Ecuador.pdf",2010-03-16,Damas Hombres y Jovenes diligentes luchando por su bendicion.,orden_logico,,,0.000000
0cc58a64-030f-4be9-939e-d7137422c5ed,2c5fea35-7539-4557-b324-57b869908fd9,"C:\Users\USUARIO\Documents\Downloads\BASE DE DATOS 1974-2018 PDFs. WSS\2010\2010-03-17 Hombres y mujeres de negocios apresurando la obra  esforzondose y siendo Valientes (WSS) Quito, Ecuador.pdf",2010-03-17,Hombres y mujeres de negocios apresurando la obra esforzondose y siendo Valientes.,orden_logico,,,0.000000
9be990ae-2bad-47cf-8aa2-56b6f9d7a07a,099fd1eb-f750-451f-985c-f81d1a30a2f8,"C:\Users\USUARIO\Documents\Downloads\BASE DE DATOS 1974-2018 PDFs. WSS\2010\2010-03-19 RM- La hora de su juicio ha llegado (WSS) Cali, Colombia (MOVIL).pdf",2010-03-19,RM La hora de su juicio ha llegado,cierre,,,0.000000
225898fd-35f3-4567-9e50-80c0072bf811,099fd1eb-f750-451f-985c-f81d1a30a2f8,"C:\Users\USUARIO\Documents\Downloads\BASE DE DATOS 1974-2018 PDFs. WSS\2010\2010-03-19 RM La hora de su juicio ha llegado (WSS) Cali, Colombia.pdf",2010-03-19,RM La hora de su juicio ha llegado,orden_logico,,,0.000000
2668141b-e8b0-4316-ae91-d8a352e92c54,099fd1eb-f750-451f-985c-f81d1a30a2f8,"C:\Users\USUARIO\Documents\Downloads\BASE DE DATOS 1974-2018 PDFs. WSS\REUNIÓN DE MINISTROS\2010-03-19 La hora de su juicio ha llegado - RM (WSS) Cali, Colombia.pdf",2010-03-19,RM La hora de su juicio ha llegado,orden_logico,,,0.000000
0158bb68-dec6-4fb8-a701-1bed6a302b9b,82872d34-ab50-46e7-a9f4-938bf0e65bcd,"C:\Users\USUARIO\Documents\Downloads\BASE DE DATOS 1974-2018 PDFs. WSS\2010\2010-03-20 RM La bendición de edificar sobre la Roca (WSS) Bogotá, Colombia.pdf",2010-03-20,RM La bendición de edificar sobre la Roca.,orden_logico,,,0.000000
a3bb7000-6273-4755-8399-5423cbc16729,82872d34-ab50-46e7-a9f4-938bf0e65bcd,"C:\Users\USUARIO\Documents\Downloads\BASE DE DATOS 1974-2018 PDFs. WSS\REUNIÓN DE MINISTROS\2010-03-20 La Bendición de edificar sobre la roca - RM (WSS) Bogotá, Colombia.pdf",2010-03-20,RM La bendición de edificar sobre la Roca.,orden_logico,,,0.000000
87271aca-afc7-4574-8773-67e1b78247ac,2e481ae7-3f21-47f4-bd83-b648790387f0,"C:\Users\USUARIO\Documents\Downloads\BASE DE DATOS 1974-2018 PDFs. WSS\REUNIÓN DE MINISTROS\2010-03-25 Ministros Competentes del nuevo pacto - RM (WSS) Fe Viva, Valencia, Venezuela.pdf",2010-03-25,Ministros competentes del nuevo Pacto,orden_logico,,,0.000000
dcddb971-1b8e-4cc4-aa3f-12d9db15b93d,2e481ae7-3f21-47f4-bd83-b648790387f0,"C:\Users\USUARIO\Documents\Downloads\BASE DE DATOS 1974-2018 PDFs. WSS\2010\2010-03-25 Ministros competentes del nuevo Pacto (WSS) Valencia, Venezuela.pdf",2010-03-25,Ministros competentes del nuevo Pacto,orden_logico,,,0.000000
f2d95b88-2af3-4e20-802c-0135d8a66f2c,2e481ae7-3f21-47f4-bd83-b648790387f0,"C:\Users\USUARIO\Documents\Downloads\BASE DE DATOS 1974-2018 PDFs. WSS\2010\2010-03-25 RM Ministros competentes del nuevo pacto (WSS) Fe viva, Valencia, Venezuela.pdf",2010-03-25,Ministros competentes del nuevo Pacto,orden_logico,,,0.000000
161d0969-6a2e-4597-94ee-35e20bb0bd37,871bd02f-1311-4bd8-850b-afebe4da210c,"C:\Users\USUARIO\Documents\Downloads\BASE DE DATOS 1974-2018 PDFs. WSS\2010\2010-03-25 Reunion de Hombres y Mujeres de negocios  Empresarios Visionarios (WSS) Valencia, Venezuela.pdf",2010-03-25,Reunion de Hombres y Mujeres de negocios Empresarios Visionarios.,orden_logico,,,0.000000
863c34ab-a4c5-4026-8c15-2934c0ee0cb9,cf9b6051-d520-447a-bf0c-8b47dc334434,"C:\Users\USUARIO\Documents\Downloads\BASE DE DATOS 1974-2018 PDFs. WSS\2010\2010-03-25 Los negocios de mi Padre (WSS) Valencia, Venezuela.pdf",2010-03-25,Los negocios de mi Padre.,orden_logico,,,0.000000
66ed2ef1-f76d-44b6-841a-2a89c34eb4e9,8941b0f4-a630-441e-b39c-5801f7c17a4d,"C:\Users\USUARIO\Documents\Downloads\BASE DE DATOS 1974-2018 PDFs. WSS\2010\2010-03-26 Evangelistas uniendonos para la cosecha final (WSS) Valencia, Venezuela (movil).pdf",2010-03-26,Evangelistas uniendonos para la cosecha final.,orden_logico,,,0.000000
2cf9a2d1-1fdc-4f7b-8679-1c4abbc0a9d4,f8bb44e7-c054-4da1-8611-37575211d808,"C:\Users\USUARIO\Documents\Downloads\BASE DE DATOS 1974-2018 PDFs. WSS\2010\2010-03-28 Jesucristo el Unico Fundamento de la Obra de Dios (WSS) Valencia, Venezuela (movil).pdf",2010-03-28,Jesucristo el Unico Fundamento de la Obra de Dios.,cierre,,,0.000000
f621b80e-debb-482e-86f7-f083caecaabd,7af2604c-9502-4896-86ad-831d73bd57a3,"C:\Users\USUARIO\Documents\Downloads\BASE DE DATOS 1974-2018 PDFs. WSS\2010\2010-04-03 RM Cristo en el infierno y luego en el seno de Abraham (WSS) Cayey, Puerto Rico.pdf",2010-04-03,RM Cristo en el infierno y luego en el seno de Abraham.,orden_logico,,,0.000000
0fe0d5f7-aeb7-4980-80b3-81bcb2f177ff,bfa81270-0808-4216-b13f-8a118c96fd91,"C:\Users\USUARIO\Documents\Downloads\BASE DE DATOS 1974-2018 PDFs. WSS\2010\2010-04-13 La introduccion del Reino de Dios en la tierra(WSS) Ciudad Juarez, Chihuahua, México.pdf",2010-04-13,La introduccion del Reino de Dios en la tierra.,orden_logico,,,0.000000
c35cd26d-e6ee-467c-8ce7-4270376b38fc,aeac77b0-c0aa-472f-b3d4-5bfa7f94bc4c,C:\Users\USUARIO\Documents\Downloads\BASE DE DATOS 1974-2018 PDFs. WSS\2010\2010-04-17 RM Damas Elegidas unidas con el Ángel de Jesucristo en la Vision de la La Gran Carpa Catedral Pastores Ministros con la Certeza de los frutos de la tierra_ Esfrozados.pdf,2010-04-17,RM Damas Elegidas unidas con el Ángel de Jesucristo en la Vision de la La Gran Carpa Catedral Pastores Ministros con la Certeza de los frutos de la tierra Esfrozados.,orden_logico,,,0.000000
2c496cb0-dc22-4d4c-9a32-77f40d37cd7d,93de1ef0-e0d4-4972-872e-8ea3549472ad,"C:\Users\USUARIO\Documents\Downloads\BASE DE DATOS 1974-2018 PDFs. WSS\2010\2010-04-20 El Ultimo Mensajero del Señor Jesucristo (WSS) Acapulco, Guerrero, México (movil).pdf",2010-04-20,El Ultimo Mensajero del Señor Jesucristo.,orden_logico,,,0.000000
42658bbc-6762-443d-bac6-42c48eb124bb,d2458627-b38b-4841-8f89-d78cc4224fa6,"C:\Users\USUARIO\Documents\Downloads\BASE DE DATOS 1974-2018 PDFs. WSS\2010\2010-04-20 Damas y Ministros trabajando unidos en Amor en la  Gran Carpa (WSS) Acapulco, México.pdf",2010-04-20,Damas y Ministros trabajando unidos en Amor en la Gran Carpa.,orden_logico,,,0.000000
cc077e8a-9571-4ebf-bdbf-1093ea5ddc4b,4170671a-d9ed-46db-a4fc-1dbf7329eece,C:\Users\USUARIO\Documents\Downloads\BASE DE DATOS 1974-2018 PDFs. WSS\2010\2010-04-24 Cartas de Cristo escritas por el Espiritu del Dios vivo (WSS) Mexico.pdf,2010-04-24,Cartas de Cristo escritas por el Espiritu del Dios Vivo.,orden_logico,,,0.000000
7fe156b0-e81e-478c-b2ab-44730ec0d514,a699ca67-d5d0-4721-94da-872e6c1186bd,"C:\Users\USUARIO\Documents\Downloads\BASE DE DATOS 1974-2018 PDFs. WSS\2010\2010-04-25 El mandamiento de Oir la Voz de Dios (WSS) RFeynosa, Tamaulipas, México.pdf",2010-04-25,El mandamiento de Oir la Voz de Dios.,orden_logico,,,0.000000
a3e24044-3061-433d-8edf-ec132deb5ecd,48eb7e52-3e63-48b8-a733-7930e3ea73a0,"C:\Users\USUARIO\Documents\Downloads\BASE DE DATOS 1974-2018 PDFs. WSS\2010\2010-04-30 El misterio de la Resurreccion transformacion y Rapto (WSS) San Luis, Potosí, México.pdf",2010-04-30,El misterio de la Resurreccion transformacion y Rapto.,orden_logico,,,0.000000
ca4cdd63-451c-42ef-b164-f3259a37a21e,af370914-34f4-40f8-9960-eaf6b565966d,"C:\Users\USUARIO\Documents\Downloads\BASE DE DATOS 1974-2018 PDFs. WSS\REUNIÓN DE MINISTROS\2010-04-30 La ley del Amor - RM (WSS) San Luis Potosí, México.pdf",2010-04-30,Rm La Ley del Amor.,orden_logico,,,0.000000
e15dd20c-5750-4106-9737-0215fd49c8a2,af370914-34f4-40f8-9960-eaf6b565966d,"C:\Users\USUARIO\Documents\Downloads\BASE DE DATOS 1974-2018 PDFs. WSS\2010\2010-04-30 Rm La Ley del Amor (WSS) San Luis, Potosí, México.pdf",2010-04-30,Rm La Ley del Amor.,orden_logico,,,0.000000
c6b9c1f0-ddea-44ec-b0a8-111c0046ba70,9a466823-f0aa-4eda-8175-480cd108e08b,C:\Users\USUARIO\Documents\Downloads\BASE DE DATOS 1974-2018 PDFs. WSS\2010\2010-05-01 RM Los Obreros Aprobados en la hora undecima Las Damas elegidas por Dios para llevar mucho Fruto La presencia de Jesucristo en la vida de los Niños en el dia postrero.pdf,2010-05-01,RM Los Obreros Aprobados en la hora undecima Las Damas elegidas por Dios para llevar mucho Fruto La presencia de Jesucristo en la vida de los Niños en el dia postrero.,orden_logico,,,0.000000
2adb99ff-f25c-4cd8-a1db-a9f43c98fdff,68ced2d1-2bac-4f2a-94ce-cb56ed306235,"C:\Users\USUARIO\Documents\Downloads\BASE DE DATOS 1974-2018 PDFs. WSS\REUNIÓN DE MINISTROS\2010-05-04 Ministros en pie delante del Hijo del Hombre revelado - RM (WSS) Xalapa, Veracruz, México.pdf",2010-05-04,RM Ministros en pie delante del Hijo del Hombre Revelado.,orden_logico,,,0.000000
85a0675b-18ea-4a93-9cde-da9c53b46f53,68ced2d1-2bac-4f2a-94ce-cb56ed306235,"C:\Users\USUARIO\Documents\Downloads\BASE DE DATOS 1974-2018 PDFs. WSS\2010\2010-05-04 RM Ministros en pie delante del Hijo del Hombre Revelado (WSS) Xalapa, México.pdf",2010-05-04,RM Ministros en pie delante del Hijo del Hombre Revelado.,orden_logico,,,0.000000
dde15eb4-154a-4e2c-b3e0-8d8aa6d178e2,145d723c-dbf9-4215-a3b7-23fda8b4124c,"C:\Users\USUARIO\Documents\Downloads\BASE DE DATOS 1974-2018 PDFs. WSS\2010\2010-05-05 La Roca Inconmovible en la hora del Sexto Sello (WSS) Veracruz, México (movil).pdf",2010-05-05,La Roca Inconmovible en la hora del Sexto Sello.,cierre,,,0.000000
b5596629-e30e-4010-8b16-56fdb272b8c9,e9a6fbec-4345-4aca-8958-fa94763eaafe,"C:\Users\USUARIO\Documents\Downloads\BASE DE DATOS 1974-2018 PDFs. WSS\2010\2010-05-06 Un Nuevo amanecer (WSS) Mapachapa, Veracruz, México.pdf",2010-05-06,Un Nuevo amanecer.,orden_logico,,,0.000000
fe143280-337e-4cec-8342-1ae5cf2df031,04e4aca0-a728-4bcf-b3d4-3beeb171e9c3,"C:\Users\USUARIO\Documents\Downloads\BASE DE DATOS 1974-2018 PDFs. WSS\2010\2010-05-14 La Importancia de Oir la Voz de Dios a traves de su Angel (WSS) Cancún, Quintana Roo, México (movil).pdf",2010-05-14,La Importancia de Oir la Voz de Dios a traves de su Angel.,cierre,,,0.000000
a3321f95-ff1d-4f93-a019-24c472de37fd,431efb63-0a4c-49b2-8ea6-4b7e7d6056d6,C:\Users\USUARIO\Documents\Downloads\BASE DE DATOS 1974-2018 PDFs. WSS\2010\2010-05-15 RM Pastores y Ovejas buscando la unidad en el Amor Divino (WSS) Guatemala.pdf,2010-05-15,RM Pastores y Ovejas buscando la unidad en el Amor Divino.,orden_logico,,,0.000000
e898ee14-d77d-4b74-a87f-a39f82535d81,fb2be1cb-e102-4218-a190-eaf0e3b46ed5,"C:\Users\USUARIO\Documents\Downloads\BASE DE DATOS 1974-2018 PDFs. WSS\2010\2010-05-30 La Fiesta de los panes sin Levadura(WSS) San Pablo, Brasil.pdf",2010-05-30,La Fiesta de los panes sin Levadura.,orden_logico,,,0.000000
b0d9ca01-0e4e-44eb-816a-48f5ee493d71,21e613f2-97c2-4e53-bfec-214f33e5c752,"C:\Users\USUARIO\Documents\Downloads\BASE DE DATOS 1974-2018 PDFs. WSS\2010\2010-06-13 Dios despertando el Espiritu de su pueblo para hacer La Obra del Dia Postrero (WSS) Jerusalén, Israel (movil).pdf",2010-06-13,Dios despertando el Espiritu de su pueblo para hacer La Obra del Dia Postrero.,orden_logico,,,0.000000
f7a76f8c-9be0-471f-b255-81fd86db73d0,cca996c4-9264-452c-a5bc-7eece9aa8793,"C:\Users\USUARIO\Documents\Downloads\BASE DE DATOS 1974-2018 PDFs. WSS\2010\2010-06-20 La Voz de la Trompeta que despierta al pueblo (WSS) Goiania GO, Brasil (movil).pdf",2010-06-20,La Voz de la Trompeta que despierta al pueblo.,orden_logico,,,0.000000
878a2cf3-b03e-493a-9dbe-18be7fe1bec7,2c4415d9-c32b-4f95-90f5-9c49f72bc06e,"C:\Users\USUARIO\Documents\Downloads\BASE DE DATOS 1974-2018 PDFs. WSS\2010\2010-07-01 La respuesta a la angustia existencial del Ser humano (WSS) Medellin, Colombia (movil).pdf",2010-07-01,La respuesta a la angustia existencial del Ser humano.,duplicacion,Jaccard 8-gramas=0.575114,6bd4c57e-040d-40c1-a6b1-64289b1b871a,0.575114
abde9438-e30f-4897-b29b-835cfa06e451,454d2701-b62c-4e72-8bf9-d789972cc86e,"C:\Users\USUARIO\Documents\Downloads\BASE DE DATOS 1974-2018 PDFs. WSS\2010\2010-07-01 La Iglesia sobrenatural -RM (WSS) Medellin, Colombia.pdf",2010-07-01,RM La Iglesia Sobrenatural.,orden_logico,,,0.000000
dac1da08-4291-4087-91b5-f7dcc5863c09,463f2949-fd38-48a4-b075-7714bd692001,"C:\Users\USUARIO\Documents\Downloads\BASE DE DATOS 1974-2018 PDFs. WSS\2010\2010-07-02 El Angel del Pacto viniendo a Su Templo en el Dia Postrero (WSS) Cali, Colombia.pdf",2010-07-02,El Angel del Pacto viniendo a Su Templo en el Dia Postrero.,orden_logico,,,0.000000
0f7b313a-03de-4ebe-be49-f6312141a46d,532bd8c2-3438-462a-a6dd-cc107357bcb4,C:\Users\USUARIO\Documents\Downloads\BASE DE DATOS 1974-2018 PDFs. WSS\2010\2010-07-02 RM La semana mesianica - Booklet.pdf,2010-07-02,RM La Semana Mesiánica.,orden_logico,,,0.000000
2cecec38-278b-4558-a2f8-98353a55e97d,094bf958-af00-43aa-a25a-9739c789149a,"C:\Users\USUARIO\Documents\Downloads\BASE DE DATOS 1974-2018 PDFs. WSS\2010\2010-07-04 El que quiera tome del agua de la Vida gratuitamente (WSS) Bogotá, Colombia.pdf",2010-07-04,El que quiera tome del agua de la Vida gratuitamente.,orden_logico,,,0.000000
a770d740-d5ad-4c31-9f68-7b7b6a8fa7af,5e65de9f-4512-4171-8c7d-6acfc9e5c5d9,"C:\Users\USUARIO\Documents\Downloads\BASE DE DATOS 1974-2018 PDFs. WSS\2010\2010-07-05 Rios de agua Viva (WSS) Riobamba, Ecuador.pdf",2010-07-05,Rios de agua Viva.,orden_logico,,,0.000000
f59e0c64-29e6-4b16-974e-84489b62d59b,50a9de1c-35f4-41fe-8186-8f5bc8f7aa23,"C:\Users\USUARIO\Documents\Downloads\BASE DE DATOS 1974-2018 PDFs. WSS\2010\2010-07-06 Un Clamor Celestial (WSS) Quito, Ecuador (movil).pdf",2010-07-06,Un Clamor Celestial.,cierre,,,0.000000
3169d7f6-782e-42ba-8cf8-e34960c2ef0d,27001d1d-6ea4-4d5b-85e8-bee283b4e335,"C:\Users\USUARIO\Documents\Downloads\BASE DE DATOS 1974-2018 PDFs. WSS\2010\2010-07-06 Pastores y sus Congregaciones preparndonos para la Transformación (WSS) Quito, Ecuador.pdf",2010-07-06,Pastores y sus Congregaciones preparndonos para la Transformacion.,orden_logico,,,0.000000
90de5995-1d39-4a2b-9a62-6c1a2b578623,8938d1ba-df95-46f4-8e18-194e94e35436,"C:\Users\USUARIO\Documents\Downloads\BASE DE DATOS 1974-2018 PDFs. WSS\2010\2010-07-08 El Ungido de Dios enviado para despertar a Israel (WSS) Lima, Perú.pdf",2010-07-08,El Ungido de Dios enviado para despertar a Israel.,orden_logico,,,0.000000
f211288d-b859-4903-9d9e-a7ba76edd9b3,5465b5d6-fe93-46f4-9d98-b71e0f329caa,"C:\Users\USUARIO\Documents\Downloads\BASE DE DATOS 1974-2018 PDFs. WSS\2010\2010-07-16 Palabras de Saludos Ministros y obreros que trabajan por La Gran Carpa Catedral (WSS) Lo Prado, Santiago de Chile, Chile.pdf",2010-07-16,Palabras de Saludos Ministros y obreros que trabajan por La Gran Carpa Catedral.,orden_logico,,,0.000000
2b0d8f49-2e98-434d-9e27-8d57516ba14c,d6be9836-d6e9-43a9-94f3-a2b5339d6ac1,"C:\Users\USUARIO\Documents\Downloads\BASE DE DATOS 1974-2018 PDFs. WSS\2010\2010-07-17 Los Valientes del Hijo de David haciendo un trabajo mayor (WSS) Santiago de Chile, Chile.pdf",2010-07-17,Los Valientes del Hijo de David haciendo un trabajo mayor.,orden_logico,,,0.000000
cdc8b4a5-eeea-4294-975a-049457d137d0,baaae8d5-fedf-4f78-b862-3badc94d2ba0,"C:\Users\USUARIO\Documents\Downloads\BASE DE DATOS 1974-2018 PDFs. WSS\2010\2010-07-19 Y aun hay lugar (WSS) Buenos Aires, Argentina.pdf",2010-07-19,Y aun hay lugar.,orden_logico,,,0.000000
944d5a9c-ed45-4a3a-8619-41983308684e,4dc50337-eb9d-4ad8-94fe-ee811833c62c,"C:\Users\USUARIO\Documents\Downloads\BASE DE DATOS 1974-2018 PDFs. WSS\2010\2010-07-22 El Amor de Dios que excede todo Conocimiento (WSS) Asunción, Paraguay.pdf",2010-07-22,El Amor de Dios que excede todo Conocimiento.,orden_logico,,,0.000000
1636c92b-ab5c-4502-8556-f57ca86b6f13,fb00f8db-dd19-4263-9881-7447b5297ec7,"C:\Users\USUARIO\Documents\Downloads\BASE DE DATOS 1974-2018 PDFs. WSS\2010\2010-07-22 RM Dios poniendo Sabidurìa e inteligencia en el Corazòn de sus hijos (WSS) Asunción, Paraguay.pdf",2010-07-22,RM Dios poniendo Sabidurìa e inteligencia en el Corazòn de sus hijos.,orden_logico,,,0.000000
9dac1c7c-4897-4e79-b0b9-2c97139c4695,2751251e-aba5-4aa2-a332-c72155082f21,"C:\Users\USUARIO\Documents\Downloads\BASE DE DATOS 1974-2018 PDFs. WSS\2010\2010-07-23 Jovenes luchando contra el enemigo invisible (WSS) San Pablo, Brasil (movil).pdf",2010-07-23,Jovenes Luchando contra el enemigo invisible.,orden_logico,,,0.000000
f8c5188d-feae-489d-8d4a-b9a6089381c5,0c973c8e-1bd2-4022-b741-7f1ff739a68c,"C:\Users\USUARIO\Documents\Downloads\BASE DE DATOS 1974-2018 PDFs. WSS\2010\2010-07-24 RM Ministros guiados con la uncion de la columna de fuego (WSS) San Pablo, Brasil.pdf",2010-07-24,RM Ministros guiados con la uncion de la columna de fuego.,orden_logico,,,0.000000
a1921faf-91c5-4795-874b-791f9a328f51,eb644b90-afe0-42dd-985e-01ea5690bb91,"C:\Users\USUARIO\Documents\Downloads\BASE DE DATOS 1974-2018 PDFs. WSS\2010\2010-07-24 Como obtener el mayor fruto en la Obra de Dios (WSS) San Pablo, Brasil.pdf",2010-07-24,Como obtener el mayor fruto en la Obra de Dios.,orden_logico,,,0.000000
c1c914c5-56fe-414b-a032-c08319c94e39,6e9e2ba8-29c6-46fb-ac4b-3990c295c8c8,"C:\Users\USUARIO\Documents\Downloads\BASE DE DATOS 1974-2018 PDFs. WSS\2010\2010-07-24 Los Jovenes actuando en la Perfecta Voluntad de Dios (WSS) San Pablo, Brasil.pdf",2010-07-24,Los Jovenes actuando en la Perfecta Voluntad de Dios.,orden_logico,,,0.000000
8916f5ca-1925-477d-9624-d3993c78ced9,74dc959e-d6fc-4cd2-a6e1-36d95e395ded,"C:\Users\USUARIO\Documents\Downloads\BASE DE DATOS 1974-2018 PDFs. WSS\2010\2010-08-01 La Esposa despierta recibiendo al Esposo (WSS) Santiago de Chile, Chile.pdf",2010-08-01,La Esposa despierta recibiendo al Esposo.,orden_logico,,,0.000000
e2da4ea2-5051-4ec1-ae86-3e5dbfd49ad8,a2b556c8-1f55-4583-bcbb-c55eca863b5b,"C:\Users\USUARIO\Documents\Downloads\BASE DE DATOS 1974-2018 PDFs. WSS\2010\2010-08-01 La esposa obediente -RM (WSS) Santiago de Chile, Chile.pdf",2010-08-01,RM La Esposa Obediente.,orden_logico,,,0.000000
c35950b2-4026-445f-91af-12888a2023d5,8870cce7-f0ce-4ea5-b4d7-10a0be1bcbf7,"C:\Users\USUARIO\Documents\Downloads\BASE DE DATOS 1974-2018 PDFs. WSS\2010\2010-08-06 El Ser Humano la Corona de la Creacion de Dios (WSS) Bogotá, Colombia.pdf",2010-08-06,El Ser Humano la Corona de la Creacion de Dios.,orden_logico,,,0.000000
1bf567e0-e15e-42ad-a7fd-fb427fb89a0b,21f336ed-0ef2-40ee-8912-6cbe11209b0a,"C:\Users\USUARIO\Documents\Downloads\BASE DE DATOS 1974-2018 PDFs. WSS\2010\2010-08-07 RM La Rama que produce fruto desde la Raiz del Arbol Novia (WSS) Bogotá, Colombia.pdf",2010-08-07,RM La Rama que produce fruto desde la Raiz del Arbol Novia.,orden_logico,,,0.000000
414917e0-396f-4a7b-a4a2-7646aea798cc,647203d4-d31e-455d-b17b-0d3f0421e5ed,"C:\Users\USUARIO\Documents\Downloads\BASE DE DATOS 1974-2018 PDFs. WSS\2010\2010-08-09 El Verdadero Profeta que Dios envia (WSS) Zihuatanejo, Guerrero, México.pdf",2010-08-09,El Verdadero Profeta que Dios envia.,orden_logico,,,0.000000
9759d759-403f-428c-9c11-83aee9b8cee2,6168dec7-3fc5-4634-a893-280309500efd,"C:\Users\USUARIO\Documents\Downloads\BASE DE DATOS 1974-2018 PDFs. WSS\2010\2010-08-09 El Varón con el tintero en la cintura (WSS) Zihuatanejo, Guerrero, México.pdf",2010-08-09,El Varon con el tintero en la cintura.,orden_logico,,,0.000000
ca036cb4-3cc8-4da0-ba8a-c0a876948e0a,2abcf3c4-77f2-4c4e-b132-735266e37c2e,"C:\Users\USUARIO\Documents\Downloads\BASE DE DATOS 1974-2018 PDFs. WSS\2010\2010-08-10 Padre Nuestro (WSS) Chilpancingo, Guerrero, México.pdf",2010-08-10,Padre Nuestro.,orden_logico,,,0.000000
f016e028-cf65-4a0b-bf82-3a48aeec5ff5,921851a0-b634-48ec-8b0c-1cda4bfa89ff,"C:\Users\USUARIO\Documents\Downloads\BASE DE DATOS 1974-2018 PDFs. WSS\2010\2010-08-11 La Gloriosa bendicion del trabajo de los Pastores y Damas en La Gran Carpa Catedral (WSS) Acapulco, México.pdf",2010-08-11,La Gloriosa bendicion del trabajo de los Pastores y Damas en La Gran Carpa Catedral.,orden_logico,,,0.000000
192fa9b5-00d6-4a55-9eca-187b9d3df41e,9d8c7dad-b913-4d2e-9d6e-55ebbd2c22a3,"C:\Users\USUARIO\Documents\Downloads\BASE DE DATOS 1974-2018 PDFs. WSS\2010\2010-08-13 Una profecia para el tiempo del fin (WSS) Topochico, NL, México.pdf",2010-08-13,Una profecia para el tiempo del fin.,orden_logico,,,0.000000
80b8bbc9-b100-4ade-b6d0-ae5f38bbfb10,4579d7c1-81a3-4c37-8a97-e68d32b871a6,"C:\Users\USUARIO\Documents\Downloads\BASE DE DATOS 1974-2018 PDFs. WSS\REUNIÓN DE MINISTROS\2010-08-14 Ministros trabajando unidos para que se cumplan las promesas divinas - RM (WSS) Monterrey, México.pdf",2010-08-14,RM Ministros Trabajando Unidos para que se cumplan las Promesas Divinas.,orden_logico,,,0.000000
79a74e22-1605-4340-883b-4b0c37a2f144,4579d7c1-81a3-4c37-8a97-e68d32b871a6,"C:\Users\USUARIO\Documents\Downloads\BASE DE DATOS 1974-2018 PDFs. WSS\2010\2010-08-14 RM Ministros Trabajando Unidos para que se cumplan las Promesas Divinas (WSS) Monterrey, México.pdf",2010-08-14,RM Ministros Trabajando Unidos para que se cumplan las Promesas Divinas.,orden_logico,,,0.000000
5fc0eace-b085-47a4-b85c-343ed305be71,fe344ff2-30e9-4ace-a5e7-da3d9c5f55c8,"C:\Users\USUARIO\Documents\Downloads\BASE DE DATOS 1974-2018 PDFs. WSS\2010\2010-08-15 La Promesa de Dios para hoy (WSS) Monterrey, NL, México.pdf",2010-08-15,La Promesa de Dios para hoy.,orden_logico,,,0.000000
abd8182b-12dd-497e-9a65-9feb63f1247c,4a4aacb7-6cd5-4404-958a-c8c47a060715,"C:\Users\USUARIO\Documents\Downloads\BASE DE DATOS 1974-2018 PDFs. WSS\2010\2010-08-15 El bautismo de Jesus y el Cielo Abierto (WSS) Saltillo, Coahuila, México.pdf",2010-08-15,El bautismo de Jesus y el Cielo Abierto.,orden_logico,,,0.000000
4aad264a-3fdc-4b75-9966-413f1da83a15,7e21ae08-cf8d-4f33-98ac-594925b0cdaf,"C:\Users\USUARIO\Documents\Downloads\BASE DE DATOS 1974-2018 PDFs. WSS\2010\2010-08-16 La piedra del angulo, escogida y preciosa (WSS) Mexico.pdf",2010-08-16,La Piedra del Angulo escogida y preciosa.,orden_logico,,,0.000000
bc3c8399-bb54-4c34-b56a-34bcf9102718,73f89eec-37b8-4fef-84e1-aad358b7d49b,"C:\Users\USUARIO\Documents\Downloads\BASE DE DATOS 1974-2018 PDFs. WSS\2010\2010-08-21 RM El ministerio de entender la Palabra para producir el Fruto (WSS) Santa Martha, México.pdf",2010-08-21,RM El ministerio de entender la Palabra para producir el Fruto.,orden_logico,,,0.000000
d213e770-e441-450a-a3d3-c57a97b049c6,cbedf293-b917-4d63-a442-f03975b4ce73,"C:\Users\USUARIO\Documents\Downloads\BASE DE DATOS 1974-2018 PDFs. WSS\2010\2010-08-24 RM La Bienaventuranza de recibir la Bendicion de un Profeta (WSS) Xapala, Verzcruz, México.pdf",2010-08-24,RM La Bienaventuranza de recibir la Bendicion de un Profeta.,orden_logico,,,0.000000
631769c1-0f51-431c-8af3-2778ecb1f021,a79017a0-3d70-47d0-8854-787c70122b9a,"C:\Users\USUARIO\Documents\Downloads\BASE DE DATOS 1974-2018 PDFs. WSS\2010\2010-08-25 El Angel y sus maravillosos Ayudantes construyendo la Gran Carpa Catedral- Veracruz, México.pdf",2010-08-25,El Angel y sus maravillosos Ayudantes construyendo la Gran Carpa Catedral.,orden_logico,,,0.000000
062dc9b6-7647-4459-9843-04b91eab43c6,dc1247c6-d6c8-4ffd-8c8f-f69e9bb74bd4,"C:\Users\USUARIO\Documents\Downloads\BASE DE DATOS 1974-2018 PDFs. WSS\2010\2010-08-29 El Dia de venganza de temer y dar Gloria al Dios Nuestro (WSS) Villahermosa, Tabasco, México (movil).pdf",2010-08-29,El Dia de venganza de temer y dar Gloria al Dios Nuestro.,cierre,,,0.000000
6cb3b0e3-61bd-448d-a76d-be781c4a7a68,dc1247c6-d6c8-4ffd-8c8f-f69e9bb74bd4,"C:\Users\USUARIO\Documents\Downloads\BASE DE DATOS 1974-2018 PDFs. WSS\2010\2010-08-29 El día de venganza, de temer y dar gloria al Dios Nuestro (WSS) México.pdf",2010-08-29,El Dia de venganza de temer y dar Gloria al Dios Nuestro.,orden_logico,,,0.000000
1ebe5bb1-bf9b-479a-bcb0-73d72856b1f0,b5480074-69a0-4720-87ba-db89159b643b,"C:\Users\USUARIO\Documents\Downloads\BASE DE DATOS 1974-2018 PDFs. WSS\2010\2010-09-05 El Cumplimiento del Dia del Señor (WSS) Cayey, Puerto Rico.pdf",2010-09-05,El Cumplimiento del Dia del Señor.,orden_logico,,,0.000000
2f3c1624-cbf8-415c-9e5f-a7ad6f999b43,de5a3dd3-844f-44f8-9300-f46936732b9f,"C:\Users\USUARIO\Documents\Downloads\BASE DE DATOS 1974-2018 PDFs. WSS\2010\2010-09-17 La Venida del Hijo del Hombre como en los de Lot (WSS) Cuiabá, Mato Grosso, Brasil.pdf",2010-09-17,La Venida del Hijo del Hombre como en los de Lot.,orden_logico,,,0.000000
71476872-ee91-4c2a-abe7-bc0530d32fb6,3030611b-abb3-49b6-819d-fefa7b24b89b,"C:\Users\USUARIO\Documents\Downloads\BASE DE DATOS 1974-2018 PDFs. WSS\2010\2010-09-18 RM La Bendicion de seguir el Consejo de Dios en nuestro Tiempo (WSS) Porto Velho, Rondonia, Brasil.pdf",2010-09-18,RM La Bendicion de seguir el Consejo de Dios en nuestro Tiempo.,orden_logico,,,0.000000
7ea3e2db-a8dd-485a-8f39-94bd15064381,3030611b-abb3-49b6-819d-fefa7b24b89b,"C:\Users\USUARIO\Documents\Downloads\BASE DE DATOS 1974-2018 PDFs. WSS\REUNIÓN DE MINISTROS\2010-09-18 La bendición de seguir el consejo de Dios en nuestro tiempo - RM (WSS) Portho Velho, Brasil.pdf",2010-09-18,RM La Bendicion de seguir el Consejo de Dios en nuestro Tiempo.,orden_logico,,,0.000000
0d9f78a1-53ac-4954-a9af-239c39f739bf,208284cb-e667-4127-ac0b-1df575a35d88,"C:\Users\USUARIO\Documents\Downloads\BASE DE DATOS 1974-2018 PDFs. WSS\2010\2010-09-19 El nacimiento del Hijo Primogenito de Dios (WSS) Portho Velho, Brasil.pdf",2010-09-19,El nacimiento del Hijo Primogenito de Dios.,orden_logico,,,0.000000
118badcc-cd7a-4ba7-a4f4-49da9cfac897,ce8185db-2177-4156-b789-5e383c720093,"C:\Users\USUARIO\Documents\Downloads\BASE DE DATOS 1974-2018 PDFs. WSS\2010\2010-09-20 y 21 Reunion de delegados de Amisrael (WSS) Rio de Janeiro, Brasil.pdf",2010-09-20,y 21 Reunion de delegados de Amisrael.,orden_logico,,,0.000000
8bc8cea2-002a-4f3e-8c6f-e47ac09b224d,41c4bf92-2c99-42dd-af85-daa3fc28113c,"C:\Users\USUARIO\Documents\Downloads\BASE DE DATOS 1974-2018 PDFs. WSS\2010\2010-09-24 El Evangelismo del tiempo del Fin (WSS) Topochico, NL, México.pdf",2010-09-24,El Evangelismo del tiempo del Fin.,orden_logico,,,0.000000
5bb7f00b-3e40-477c-9caa-80c1df1f6042,8a86b600-184c-4126-98ba-39da51977584,"C:\Users\USUARIO\Documents\Downloads\BASE DE DATOS 1974-2018 PDFs. WSS\2010\2010-09-26 Donde estas Tu (WSS) Monterrey, NL, México.pdf",2010-09-26,Donde estas Tu.,orden_logico,,,0.000000
58827044-cfbc-4e3b-9299-5eb1de509bed,cfcf02d2-03eb-4e2f-8893-b51c4c219c15,"C:\Users\USUARIO\Documents\Downloads\BASE DE DATOS 1974-2018 PDFs. WSS\2010\2010-09-27 RM La Visita de Elohim a la Simiente de Abraham y su Proposito (WSS) Torreón, Coahuila, México.pdf",2010-09-27,RM La Visita de Elohim a la Simiente de Abraham y su Proposito.,orden_logico,,,0.000000
ed65c0f6-d4ad-4eaa-a2ec-c3971539e929,cfcf02d2-03eb-4e2f-8893-b51c4c219c15,C:\Users\USUARIO\Documents\Downloads\BASE DE DATOS 1974-2018 PDFs. WSS\2010\2010-09-27 La visita de Elohim a la Simiente de Abraham y su Proposito - RM (WSS) Mexico.pdf,2010-09-27,RM La Visita de Elohim a la Simiente de Abraham y su Proposito.,orden_logico,,,0.000000
8c999eae-2b35-4df4-a14d-00d20ae76860,62b2ccca-9555-49e8-a24f-b75ca8f35330,"C:\Users\USUARIO\Documents\Downloads\BASE DE DATOS 1974-2018 PDFs. WSS\2010\2010-09-29 Heme aqui enviame a mi el Enviado del Dios de Israel (WSS) Ciudad México, DF., México.pdf",2010-09-29,Heme aqui enviame a mi el Enviado del Dios de Israel.,orden_logico,,,0.000000
b70bfd26-abd7-4e58-a2a4-600905b69933,99d758a8-9a20-4568-bcf5-58ce61c54570,"C:\Users\USUARIO\Documents\Downloads\BASE DE DATOS 1974-2018 PDFs. WSS\2010\2010-10-01 El Corazon del pueblo dispuesto caminar en la Voluntad de Dios (WSS) Estación de Juarez, Chiapas, México.pdf",2010-10-01,El Corazon del pueblo dispuesto caminar en la Voluntad de Dios.,orden_logico,,,0.000000
8b479811-be04-4e2e-a820-493178a14ff7,bbfdd3fc-e991-4cd4-b894-bf6261562d65,"C:\Users\USUARIO\Documents\Downloads\BASE DE DATOS 1974-2018 PDFs. WSS\2010\2010-10-10 El Mesias Reinara sobre Israel y el mundo entero (WSS) Goiania GO, Brasil (movil).pdf",2010-10-10,El Mesias Reinara sobre Israel y el mundo entero.,orden_logico,,,0.000000
98ea4e30-6374-4cae-a5da-04f90112997c,12273dd3-98b3-48ff-808a-7fbb8ea2ddb1,"C:\Users\USUARIO\Documents\Downloads\BASE DE DATOS 1974-2018 PDFs. WSS\2010\2010-10-31 La Edad Eterna (WSS) Cayey, Puerto Rico.pdf",2010-10-31,La Edad Eterna.,orden_logico,,,0.000000
88489081-5d11-4e92-b9c8-4efc5bb6dd15,a3983a99-3875-4592-80e3-7d9848612e4f,"C:\Users\USUARIO\Documents\Downloads\BASE DE DATOS 1974-2018 PDFs. WSS\2010\2010-11-06 La Revelación de Jesucristo La profecia de los dos olivos (WSS) Cayey, Puerto Rico.pdf",2010-11-06,La Revelación de Jesucristo La profecia de los dos olivos,orden_logico,,,0.000000
b52ca200-8f6d-43f4-84d8-edd8da82c044,a3983a99-3875-4592-80e3-7d9848612e4f,"C:\Users\USUARIO\Documents\Downloads\BASE DE DATOS 1974-2018 PDFs. WSS\REUNIÓN DE MINISTROS\2010-11-06 La revelación de Jesucristo, la Profecía de los Dos Olivos - RM (WSS) Cayey, Puerto Rico.pdf",2010-11-06,La Revelación de Jesucristo La profecia de los dos olivos,orden_logico,,,0.000000
9ab2f889-a3c5-42df-a115-19f6ae798466,7c8ee27c-fc25-4bd0-a829-be70ec44f0ab,"C:\Users\USUARIO\Documents\Downloads\BASE DE DATOS 1974-2018 PDFs. WSS\2010\2010-11-07 El establecimiento de la Teocracia (WSS) Cayey, Puerto Rico.pdf",2010-11-07,El establecimiento de la Teocracia.,orden_logico,,,0.000000
692153db-9ff9-419b-af25-b968a881acd2,95d996bf-0063-4aef-a926-b1d31e7817d5,"C:\Users\USUARIO\Documents\Downloads\BASE DE DATOS 1974-2018 PDFs. WSS\2010\2010-11-10 La familia unida trabajando bajo una sola visión (WSS) Santiago de Chile, Chile.pdf",2010-11-10,La familia unida trabajando bajo una sola vision.,orden_logico,,,0.000000
fbcc89d3-41ea-44d9-8004-20deced45336,0b7268a1-5d3f-43b4-9497-2aaefe34f9f8,"C:\Users\USUARIO\Documents\Downloads\BASE DE DATOS 1974-2018 PDFs. WSS\2010\2010-11-13 RM El Ministerio prometido para trabajar con dos pueblos (WSS) Santiago de Chile, Chile.pdf",2010-11-13,RM El Ministerio prometido para trabajar con dos pueblos.,orden_logico,,,0.000000
6958529c-0621-4c71-a05c-3098d2b896e8,1f2b8e16-9d99-4d84-9ba5-53973798acf1,"C:\Users\USUARIO\Documents\Downloads\BASE DE DATOS 1974-2018 PDFs. WSS\2010\2010-11-14 La misericordia de Dios expresada una vez mas (WSS) La Florida, Santiago, Chile.pdf",2010-11-14,La misericordia de Dios expresada una vez mas.,orden_logico,,,0.000000
b10b8f8c-8a7b-45b1-8b6e-2609ba828958,280a5ebc-1599-49ea-ab8f-b88d4845fddf,"C:\Users\USUARIO\Documents\Downloads\BASE DE DATOS 1974-2018 PDFs. WSS\2010\2010-11-16 En Jesucristo ha estado esta y estar la Vida eterna (WSS) Buenos Aires, Argentina.pdf",2010-11-16,En Jesucristo ha estado esta y estar la Vida eterna.,orden_logico,,,0.000000
c48834ae-dffe-4e5d-93d3-6503a5649da3,7a747c10-af91-4309-88c7-a640d5593745,"C:\Users\USUARIO\Documents\Downloads\BASE DE DATOS 1974-2018 PDFs. WSS\2010\2010-11-18 La Libertad Gloriosa de los hijos de Dios (WSS) Asunción, Paraguay.pdf",2010-11-18,La Libertad Gloriosa de los hijos de Dios.,orden_logico,,,0.000000
5d73dfe2-81f7-4c2f-afee-0fd44d7ea15b,11afd55c-2a7c-499f-b18c-c7afcc7ad113,"C:\Users\USUARIO\Documents\Downloads\BASE DE DATOS 1974-2018 PDFs. WSS\REUNIÓN DE MINISTROS\2010-11-20 El que revela las cosas secretas - RM (WSS) San Pablo, Brasil.pdf",2010-11-20,RM El que Revela las cosas Secretas.,orden_logico,,,0.000000
a7f5abed-97ad-41c8-9603-c5a02ac3c3de,11afd55c-2a7c-499f-b18c-c7afcc7ad113,"C:\Users\USUARIO\Documents\Downloads\BASE DE DATOS 1974-2018 PDFs. WSS\2010\2010-11-20 RM El que Revela las cosas Secretas (WSS) San Pablo, Brasil.pdf",2010-11-20,RM El que Revela las cosas Secretas.,orden_logico,,,0.000000
ba0ce95c-ae7c-4918-90cd-276dc74d6928,5d15e11e-eb35-4538-860e-12b3ab0bb901,"C:\Users\USUARIO\Documents\Downloads\BASE DE DATOS 1974-2018 PDFs. WSS\2010\2010-11-21 Despertando la Realidad del Dia Postrero (WSS) San Pablo, Brasil.pdf",2010-11-21,Despertando la Realidad del Dia Postrero.,orden_logico,,,0.000000
0d22d1a9-af88-4bd3-8da8-fb859ffc8166,9a71b13c-1558-4840-87f1-12602dbc41ec,"C:\Users\USUARIO\Documents\Downloads\BASE DE DATOS 1974-2018 PDFs. WSS\2010\2010-11-28 La Voz del Espiritu Santo hablandole a las Iglesias (WSS) Goiania GO, Brasil.pdf",2010-11-28,La Voz del Espiritu Santo hablandole a las Iglesias.,orden_logico,,,0.000000
0a930107-4f19-4f39-be8f-b42ccf6066be,6298e137-ffaf-41d7-ba0f-21650ba44582,"C:\Users\USUARIO\Documents\Downloads\BASE DE DATOS 1974-2018 PDFs. WSS\2010\2010-12-12 El tiempo del trigo madurar (WSS) Cayey, Puerto Rico.pdf",2010-12-12,El tiempo del trigo madurar.,orden_logico,,,0.000000
97980a9d-cb8c-4b54-b51c-4844530d2af3,798869d4-5e87-48be-9117-51605e016323,"C:\Users\USUARIO\Documents\Downloads\BASE DE DATOS 1974-2018 PDFs. WSS\2010\2010-12-24 RM La Ley de la Repeteción (WSS) Cayey, Puerto Rico.pdf",2010-12-24,RM La Ley de la Repeteción.,orden_logico,,,0.000000
e3d2438b-f19d-4545-a21b-9304b0416650,66d0821a-5f90-4a33-920d-e8bb406de768,"C:\Users\USUARIO\Documents\Downloads\BASE DE DATOS 1974-2018 PDFs. WSS\2010\2010-12-31 Su Estrella hemos visto en el Oriente (WSS) Cayey, Puerto Rico .pdf",2010-12-31,Su Estrella hemos visto en el Oriente.,orden_logico,,,0.000000
f4516847-39f8-4e93-8bfc-4dc679d49708,5b82af50-a0e2-43d9-9a19-a1f8f2e838f2,"C:\Users\USUARIO\Documents\Downloads\BASE DE DATOS 1974-2018 PDFs. WSS\2011\2011-01-02 El año del Jubileo (WSS) Cayey, Puerto Rico.pdf",2011-01-02,El año del Jubileo.,orden_logico,,,0.000000
1aa34a74-aaf2-4cd8-97b8-40cf1a73570d,69bde0d0-991b-4ec5-97d2-051647e981cc,"C:\Users\USUARIO\Documents\Downloads\BASE DE DATOS 1974-2018 PDFs. WSS\2011\2011-01-23 Discernir la Palabra (WSS) Cayey, Puerto Rico.pdf",2011-01-23,Discernir la Palabra.,orden_logico,,,0.000000
63c31c98-2627-488e-ade1-68da8f280524,ff425c67-b695-46b5-87d0-d472ab0051db,"C:\Users\USUARIO\Documents\Downloads\BASE DE DATOS 1974-2018 PDFs. WSS\2011\2011-01-25 Reconciliados con Dios (WSS) Villahermosa, México.pdf",2011-01-25,Reconciliados con Dios.,orden_logico,,,0.000000
eb3b0368-04c5-406b-b5e1-daae2dabff8b,c282358a-13b2-4716-9930-3b912a6fd6f8,"C:\Users\USUARIO\Documents\Downloads\BASE DE DATOS 1974-2018 PDFs. WSS\2011\2011-01-26 La voz del Espíritu Santo y la esposa del Señor - RM (WSS) Ciudad de Mexico, México.pdf",2011-01-26,RM La voz del espíritu santo y la esposa del señor,orden_logico,,,0.000000
874b1d12-e07f-4bf9-96c5-a1fe370671c1,72addac6-0364-4bb4-a780-d866ec1f3448,"C:\Users\USUARIO\Documents\Downloads\BASE DE DATOS 1974-2018 PDFs. WSS\2011\2011-02-05 El Corazon del Sabio discierne el tiempo y el Juicio (WSS) Monterrey, México.pdf",2011-02-05,El Corazon del Sabio discierne el tiempo y el Juicio.,orden_logico,,,0.000000
8b679219-3ccc-4f0e-b932-8de289f20447,b622ef21-0d31-4a04-8b57-5cc412149fb3,"C:\Users\USUARIO\Documents\Downloads\BASE DE DATOS 1974-2018 PDFs. WSS\2011\2011-02-06 Que haremos para obtener la salvacion y la vida eterna (WSS) Monterrey, México.pdf",2011-02-06,Que haremos para obtener la salvacion y la vida eterna.,orden_logico,,,0.000000
c09d6d7c-65bf-4e8b-9d8f-9906878acfc7,808634b7-6ace-42a0-ac4c-1b8cf370faac,"C:\Users\USUARIO\Documents\Downloads\BASE DE DATOS 1974-2018 PDFs. WSS\2011\2011-02-12 Adoracion y Servicio a Dios (WSS) Villahermosa, México.pdf",2011-02-12,Adoracion y Servicio a Dios.,orden_logico,,,0.000000
7ed71eb0-e211-4699-82c9-ebc9e250fd59,10aac8d5-1b77-4362-8b62-7a4b1ae5f65c,"C:\Users\USUARIO\Documents\Downloads\BASE DE DATOS 1974-2018 PDFs. WSS\2011\2011-02-13 Las Profecias del Fin de Tiempo siendo abiertas (WSS) Villahermosa, México.pdf",2011-02-13,Las Profecias del Fin de Tiempo siendo abiertas.,orden_logico,,,0.000000
9507b477-3489-490e-a10f-fc83f4b87597,f9830f94-01f9-47fe-8387-f25edc214425,"C:\Users\USUARIO\Documents\Downloads\BASE DE DATOS 1974-2018 PDFs. WSS\2011\2011-02-13 El Poder de la Resurreccion (WSS) Ocuiltzapotlan, México.pdf",2011-02-13,El Poder de la Resurreccion.,orden_logico,,,0.000000
925a7301-ff5a-4a1f-84df-e6e13c5da6ac,63fda7b6-7002-418d-8d15-a8c3adfbd27c,"C:\Users\USUARIO\Documents\Downloads\BASE DE DATOS 1974-2018 PDFs. WSS\2011\2011-02-20 Nosotros tenemos la Mente de Cristo (WSS) Villahermosa, México (movil).pdf",2011-02-20,Nosotros tenemos la Mente de Cristo.,cierre,,,0.000000
ff7b000b-cdb3-4d87-97c1-807eabcea904,ce97d8aa-fd7f-4e99-b605-5187670012fb,"C:\Users\USUARIO\Documents\Downloads\BASE DE DATOS 1974-2018 PDFs. WSS\2011\2011-02-27 Nosotros somos el Cuerpo de Cristo (WSS) Villahermosa, México.pdf",2011-02-27,Nosotros somos el cuerpo de Cristo.,orden_logico,,,0.000000
d2388b0f-0317-42b4-8728-aad753db5e95,1c2c94dc-8f24-462b-8e9a-4855edf0118e,"C:\Users\USUARIO\Documents\Downloads\BASE DE DATOS 1974-2018 PDFs. WSS\2011\2011-03-02 Ven y ve (WSS) Paraiso, México.pdf",2011-03-02,Ven y ve.,orden_logico,,,0.000000
8a1385df-6dd6-4d92-965b-fe3c4ae44e2f,b31d774c-ffe2-4389-a74a-59790e9fd3eb,"C:\Users\USUARIO\Documents\Downloads\BASE DE DATOS 1974-2018 PDFs. WSS\2011\2011-03-03 A El Oid (WSS) Cunduacan, México.pdf",2011-03-03,A El Oid.,orden_logico,,,0.000000
e65692c7-9df7-4060-9390-d0eaf43d92dd,db6701fc-f88c-41a5-a251-5106b87fb429,"C:\Users\USUARIO\Documents\Downloads\BASE DE DATOS 1974-2018 PDFs. WSS\2011\2011-03-04 Crees tu en el Hijo de Dios (WSS) Reforma, México.pdf",2011-03-04,Crees tu en el Hijo de Dios.,orden_logico,,,0.000000
710553be-8199-44e0-8664-23c0380eab20,a71072c3-cf92-45df-ba14-e638bc626f22,"C:\Users\USUARIO\Documents\Downloads\BASE DE DATOS 1974-2018 PDFs. WSS\2011\2011-03-05 Tiempo peligrosos - RM (WSS) Villahermosa, México.pdf",2011-03-05,RM Tiempo peligrosos.,orden_logico,,,0.000000
77804d7e-3a19-4760-a9d3-b6ec63e20924,be042850-c99b-49e0-865c-2ab49e333e0f,"C:\Users\USUARIO\Documents\Downloads\BASE DE DATOS 1974-2018 PDFs. WSS\2011\2011-03-06 Las aguilas de Dios juntadas en el occidente (WSS) Villahermosa, México.pdf",2011-03-06,Las aguilas de Dios juntadas en el occidente.,orden_logico,,,0.000000
587101e7-696d-4fcf-8825-a8d943ee17da,58714b50-999e-4701-b786-2e537ff0d178,"C:\Users\USUARIO\Documents\Downloads\BASE DE DATOS 1974-2018 PDFs. WSS\2011\2011-03-13 La bendicion de recibir al profeta de Dios (WSS) Santa Cruz, Bolivia.pdf",2011-03-13,La bendicion de recibir al profeta de Dios.,orden_logico,,,0.000000
573943b6-15fd-4281-a23f-075524ff1b19,e35c0caa-0c49-430d-bbe4-ced64ea8f8bc,"C:\Users\USUARIO\Documents\Downloads\BASE DE DATOS 1974-2018 PDFs. WSS\2011\2011-03-19 La Seguridad del Ungido de Dios - RM (WSS) Lima, Perú.pdf",2011-03-19,RM La Seguridad del Ungido de Dios,orden_logico,,,0.000000
f2083740-3054-4224-8aca-9b92699e0172,c03bed67-9ee5-455d-921f-f8b40d41b4c2,"C:\Users\USUARIO\Documents\Downloads\BASE DE DATOS 1974-2018 PDFs. WSS\2011\2011-03-20 Jesucristo el fundamento de Dios (WSS) Shangrila, Lima, Peru.pdf",2011-03-20,Jesucristo el fundamento de Dios.,orden_logico,,,0.000000
5a31bbac-973a-4ef9-acd2-834844745b51,36a43cdb-ed3d-460f-8de1-e845cf287e4a,"C:\Users\USUARIO\Documents\Downloads\BASE DE DATOS 1974-2018 PDFs. WSS\2011\2011-03-27 Mas que Vencedores (WSS) Villahermosa, México (movil).pdf",2011-03-27,Mas que Vencedores.,cierre,,,0.000000
fcec3081-dce8-4c62-911a-ec6f1fb2d559,36a43cdb-ed3d-460f-8de1-e845cf287e4a,"C:\Users\USUARIO\Documents\Downloads\BASE DE DATOS 1974-2018 PDFs. WSS\2011\2011-03-27 Más que vencedores (WSS) Villahermosa, Tabasco, México.pdf",2011-03-27,Mas que Vencedores.,orden_logico,,,0.000000
7da3ab98-b2aa-47c3-8e3b-6a4f07b718bc,68742f3e-c176-4398-803d-cbe302058770,"C:\Users\USUARIO\Documents\Downloads\BASE DE DATOS 1974-2018 PDFs. WSS\2011\2011-04-02 La identificacion de los discipulos del Señor Jesucristo (WSS) Bogota, Colombia.pdf",2011-04-02,La identificacion de los discipulos del Señor Jesucristo.,orden_logico,,,0.000000
5a7d0ca2-d659-490c-a607-85c39540fb8a,b21c1eaa-4134-47c7-9426-38c57c709099,"C:\Users\USUARIO\Documents\Downloads\BASE DE DATOS 1974-2018 PDFs. WSS\2011\2011-04-10 La Cosecha en el fin del siglo en el Reino de Dios (WSS) Cayey, Puerto Rico.pdf",2011-04-10,La Cosecha en el fin del siglo en el Reino de Dios.,orden_logico,,,0.000000
b76e4cf8-8bc9-4195-92af-ee1f02bc5a51,065d5d41-f816-4854-b0d9-afc2bebb2080,"C:\Users\USUARIO\Documents\Downloads\BASE DE DATOS 1974-2018 PDFs. WSS\2011\2011-04-17 El Rey cabalgando sobre un pollino (WSS) Cayey, Puerto Rico.pdf",2011-04-17,El Rey cabalgando sobre un pollino.,orden_logico,,,0.000000
2814c0a3-4202-4a6a-8abf-46526d842665,9fdcf092-3c25-47a7-aeaa-f8fa5eab70ef,"C:\Users\USUARIO\Documents\Downloads\BASE DE DATOS 1974-2018 PDFs. WSS\2011\2011-04-22 Cristo murio por nuestros pecados conforme a las escrituras (WSS) Villahermosa, México.pdf",2011-04-22,Cristo murio por nuestros pecados conforme a las escrituras.,orden_logico,,,0.000000
47720412-813e-416f-a58d-47259e72fc76,a971648b-08dd-4a42-9907-aee7489fe379,"C:\Users\USUARIO\Documents\Downloads\BASE DE DATOS 1974-2018 PDFs. WSS\2011\2011-04-23 Cristo predicando a las almas encarceladas que fueron desobedientes en el tiempo de Noe - RM (WSS) Villahermosa, México (movil).pdf",2011-04-23,RM Cristo predicando a las almas encarceladas que fueron desobedientes en el tiempo de Noe.,orden_logico,,,0.000000
4b756b15-40b5-4a96-a69a-1abfd57165ea,96a41d66-81c7-46f7-835e-066e374190f7,"C:\Users\USUARIO\Documents\Downloads\BASE DE DATOS 1974-2018 PDFs. WSS\2011\2011-04-24 Jesucristo ha Resucitado (WSS) Villahermosa, México.pdf",2011-04-24,Jesucristo ha Resucitado.,orden_logico,,,0.000000
96666c1b-2d9b-4eba-a343-022fa3dd3b61,5c3d3839-f907-45ea-babe-84551fd355a5,C:\Users\USUARIO\Documents\Downloads\BASE DE DATOS 1974-2018 PDFs. WSS\2011\2011-04-29 Tiempo de Expectación para Salvación o para Juicio (WSS) México.pdf,2011-04-29,Tiempo de expectacion para salvacion o para juicio.,orden_logico,,,0.000000
be347e02-bf41-47a2-bb34-997bb4246596,5c3d3839-f907-45ea-babe-84551fd355a5,"C:\Users\USUARIO\Documents\Downloads\BASE DE DATOS 1974-2018 PDFs. WSS\2011\2011-04-29 Tiempo de expectación para Salvación o para Juicio (WSS) Monterrey, México.pdf",2011-04-29,Tiempo de expectacion para salvacion o para juicio.,orden_logico,,,0.000000
3ea4809b-f184-4137-9edd-4b0b095119d9,be45a826-d370-4668-ae26-1cb649a7a3aa,"C:\Users\USUARIO\Documents\Downloads\BASE DE DATOS 1974-2018 PDFs. WSS\2011\2011-04-30 La Coronacion del Ministerio, el Mensajero y la Iglesia del Señor Jesucristo (WSS) Mexico.pdf",2011-04-30,La Coronacion del Ministerio el Mensajero y la Iglesia del Señor Jesucristo.,orden_logico,,,0.000000
75354922-f93e-414a-9853-155bc8d12e5e,be45a826-d370-4668-ae26-1cb649a7a3aa,"C:\Users\USUARIO\Documents\Downloads\BASE DE DATOS 1974-2018 PDFs. WSS\REUNIÓN DE MINISTROS\2011-04-30 La coronación del Ministerio, el Mensajero y la Iglesia del Señor Jesucristo - RM (WSS) Monterrey, México.pdf",2011-04-30,La Coronacion del Ministerio el Mensajero y la Iglesia del Señor Jesucristo.,orden_logico,,,0.000000
54e64976-05f9-467c-85e6-5d1d4db09a69,274cdb32-b69c-44b1-9c4f-738409f0fe2c,"C:\Users\USUARIO\Documents\Downloads\BASE DE DATOS 1974-2018 PDFs. WSS\2011\2011-05-08 El Espíritu de Dios y el espíritu del anticristo (WSS) Cayey, Puerto Rico.pdf",2011-05-08,El Espiritu de Dios y el espiritu del anticristo.,orden_logico,,,0.000000
892f8523-1b8a-4312-aed4-03314a6c151e,17ae624c-631f-477e-a304-0bbf20059cb7,"C:\Users\USUARIO\Documents\Downloads\BASE DE DATOS 1974-2018 PDFs. WSS\2011\2011-05-13 Tiempo de Madurar a la Luz de la Palabra segunda parte - RM (WSS) Talcahuano, Chile (movil).pdf",2011-05-13,RM Tiempo de Madurar a la Luz de la Palabra segunda parte.,orden_logico,,,0.000000
21303fc7-1fc1-4641-8b84-8df047ed0777,b36fb3fc-4048-44f8-8fc7-68de88c1286a,"C:\Users\USUARIO\Documents\Downloads\BASE DE DATOS 1974-2018 PDFs. WSS\2011\2011-05-15 Conmemoracion de la Independencia del Estado de Israel en su 63 Aniversario (WSS) Santiago de Chile, Chile.pdf",2011-05-15,Conmemoracion de la Independencia del Estado de Israel en su 63 Aniversario.,orden_logico,,,0.000000
28d40e0a-867c-425c-8b6f-e05554aa20b6,7ec24894-136c-494d-8594-dfe1f1cd65cc,"C:\Users\USUARIO\Documents\Downloads\BASE DE DATOS 1974-2018 PDFs. WSS\2011\2011-05-20 Los obreros de la ultima hora (WSS) Villahermosa, México.pdf",2011-05-20,Los obreros de la ultima hora.,orden_logico,,,0.000000
90ee75ca-00c1-4afc-809e-840eae1c825b,c0497046-1714-42e9-9ce7-c978b25a6f8e,"C:\Users\USUARIO\Documents\Downloads\BASE DE DATOS 1974-2018 PDFs. WSS\2011\2011-05-22 El Reino de Dios para los hijos de Dios y el infierno para el diablo y sus angeles (WSS) Villahermosa, México.pdf",2011-05-22,El Reino de Dios para los hijos de Dios y el infierno para el diablo y sus angeles.,orden_logico,,,0.000000
e0583b69-e01b-4075-b28f-327333e4bb8c,b8e4409d-3a44-4117-a220-811798487edd,"C:\Users\USUARIO\Documents\Downloads\BASE DE DATOS 1974-2018 PDFs. WSS\2011\2011-05-25 El Siervo bueno y el siervo malo, y sus recompensas - RM (WSS) Ciudad de Mexico, Mexico.pdf",2011-05-25,"RM El Siervo bueno y el siervo malo, y sus recompensas.",orden_logico,,,0.000000
2209b2d5-e0ee-465f-bf15-f5f2051c13c3,8c50741e-90ae-40f6-abaa-c1acb9266b9f,"C:\Users\USUARIO\Documents\Downloads\BASE DE DATOS 1974-2018 PDFs. WSS\2011\2011-05-25 Palabras de Saludo en Reunion General (WSS) Ciudad de Mexico, Mexico.pdf",2011-05-25,Palabras de Saludo en Reunion General.,orden_logico,,,0.000000
857c9e38-afeb-43cc-acd5-c27f651e2268,21af103d-b727-4409-8c11-f235ef4623af,"C:\Users\USUARIO\Documents\Downloads\BASE DE DATOS 1974-2018 PDFs. WSS\2011\2011-05-30 La Iglesia del Senor Jesucristo siendo guiada por Dios - RM (WSS) Santa Martha, Colombia.pdf",2011-05-30,RM La Iglesia del Senor Jesucristo siendo guiada por Dios.,orden_logico,,,0.000000
1931ee8c-4f8c-4267-b277-5811d552776a,e6c54135-b940-4c2a-bcde-e876619ef871,C:\Users\USUARIO\Documents\Downloads\BASE DE DATOS 1974-2018 PDFs. WSS\2011\2011-06-02 Por decreto divino Dios da la victoria a su ungido - Booklet.pdf,2011-06-02,Por decreto Divino Dios da la Victoria a su Ungido.,orden_logico,,,0.000000
462d997a-6147-413f-9889-958d217637af,e6c54135-b940-4c2a-bcde-e876619ef871,"C:\Users\USUARIO\Documents\Downloads\BASE DE DATOS 1974-2018 PDFs. WSS\2011\2011-06-02 Por decreto Divino Dios da la Victoria a su Ungido (WSS) Bogota, Colombia.pdf",2011-06-02,Por decreto Divino Dios da la Victoria a su Ungido.,orden_logico,,,0.000000
a80f17a4-8b3a-4fa0-9018-cbb404ba0dd2,673cd45d-5b8d-4b41-b93c-4fa7cfcb67fd,"C:\Users\USUARIO\Documents\Downloads\BASE DE DATOS 1974-2018 PDFs. WSS\REUNIÓN DE MINISTROS\2011-06-04 Tiempo de Recoger con el Señor - RM (WSS) Bogotá, Colombia.pdf",2011-06-04,Tiempo de Recoger con El Señor.,orden_logico,,,0.000000
f2b44ce7-7792-4c30-ab8b-26d5ebe7077e,1b06e887-f2c5-4317-b76e-e3fda24d5bf3,"C:\Users\USUARIO\Documents\Downloads\BASE DE DATOS 1974-2018 PDFs. WSS\2011\2011-06-19 Respeto a Dios y a Su Obra (WSS) Cayey, Puerto Rico.pdf",2011-06-19,Respeto a Dios y a su Obra.,orden_logico,,,0.000000
fc0c6684-3562-4902-84ac-d3184dc0da5d,0e88b97a-11a8-4f16-ba99-cc078edffbe4,"C:\Users\USUARIO\Documents\Downloads\BASE DE DATOS 1974-2018 PDFs. WSS\2011\2011-07-02 Tiempo de expectacion y de liberacion (WSS) Cayey, Puerto Rico.pdf",2011-07-02,Tiempo de expectacion y de liberacion.,orden_logico,,,0.000000
18b0c360-8438-4c50-949a-b49cbf0832aa,db65e9b0-604f-40d8-b99a-bd56159adf1d,"C:\Users\USUARIO\Documents\Downloads\BASE DE DATOS 1974-2018 PDFs. WSS\2011\2011-07-08 Palabras de Saludo a la Congregacion (WSS) Veracruz, Mexico.pdf",2011-07-08,Palabras de Saludo a la Congregacion.,orden_logico,,,0.000000
447d8362-1da6-4a84-a179-c9dab7b51840,672efb99-c6ad-48fd-a7b2-8e3c4b08686f,"C:\Users\USUARIO\Documents\Downloads\BASE DE DATOS 1974-2018 PDFs. WSS\2011\2011-07-09 Nosotros tenemos la mente de Cristo (WSS) Veracruz, Mexico.pdf",2011-07-09,Nosotros tenemos la mente de Cristo.,orden_logico,,,0.000000
c182e409-fd36-4ba0-bac9-2ea4f8b4a246,3716564f-5d39-4de8-89d6-b2e1e6f0d14b,"C:\Users\USUARIO\Documents\Downloads\BASE DE DATOS 1974-2018 PDFs. WSS\2011\2011-07-11 Los Enviados a Evangelizar (WSS) Villahermosa, México.pdf",2011-07-11,los Enviados a Evangelizar.,orden_logico,,,0.000000
a6c47548-bcf4-4525-b5be-aaa605075699,c330b5bb-5d59-4b58-9e01-ee8b091edc1c,"C:\Users\USUARIO\Documents\Downloads\BASE DE DATOS 1974-2018 PDFs. WSS\2011\2011-07-17 El monte de la transfiguracion actualizado (WSS) Santa Cruz, Bolivia.pdf",2011-07-17,El monte de la transfiguracion actualizado.,orden_logico,,,0.000000
5e214434-abf3-4a28-bcf1-cc2b6f5aecc3,f56aa511-4a97-4907-be04-3c9783d956a6,"C:\Users\USUARIO\Documents\Downloads\BASE DE DATOS 1974-2018 PDFs. WSS\2011\2011-07-19 El Dios proveedor - RM (WSS) Buenos Aires, Argentina.pdf",2011-07-19,RM El Dios Proveedor.,orden_logico,,,0.000000
5c3f0b9c-01fb-4b33-87ca-8bc2ae9c2e9e,8fdf8129-1615-489d-9e6b-cc0e54d0941b,"C:\Users\USUARIO\Documents\Downloads\BASE DE DATOS 1974-2018 PDFs. WSS\2011\2011-07-21 Ministros trabajando en la culminacion del programa divino - RM (WSS) Talcahuano, Chile.pdf",2011-07-21,RM Ministros trabajando en la culminacion del programa divino,orden_logico,,,0.000000
36034485-f07a-4252-9b39-b2deeef765dd,52dbcc3b-9ee2-4ff0-8509-1fc79a776454,"C:\Users\USUARIO\Documents\Downloads\BASE DE DATOS 1974-2018 PDFs. WSS\2011\2011-07-21 Ya es tiempo de estar en el lugar seguro (WSS) Talcahuano, Biobio, Chile.pdf",2011-07-21,Ya es tiempo de estar en el lugar seguro.,orden_logico,,,0.000000
5a0273c2-19fd-4981-8f05-f4d99e8554d8,52dbcc3b-9ee2-4ff0-8509-1fc79a776454,"C:\Users\USUARIO\Documents\Downloads\BASE DE DATOS 1974-2018 PDFs. WSS\2011\2011-07-21 Ya es tiempo de estar en el lugar seguro (WSS) Talcahuano, Chile.pdf",2011-07-21,Ya es tiempo de estar en el lugar seguro.,orden_logico,,,0.000000
eb5b13d4-7785-4990-811d-bc7f7706dc6d,815cf450-7cae-468a-9990-1b4a233437c3,"C:\Users\USUARIO\Documents\Downloads\BASE DE DATOS 1974-2018 PDFs. WSS\2011\2011-07-23 Cristo y Su Iglesia venciendo siempre (WSS) Santiago de Chile, Chile.pdf",2011-07-23,RM Cristo y su Iglesia Venciendo siempre.,orden_logico,,,0.000000
723922fb-70ab-4cc5-aa89-e3df23777125,815cf450-7cae-468a-9990-1b4a233437c3,"C:\Users\USUARIO\Documents\Downloads\BASE DE DATOS 1974-2018 PDFs. WSS\2011\2011-07-23 Cristo y su Iglesia Venciendo siempre - RM (WSS) Santiago de Chile, Chile.pdf",2011-07-23,RM Cristo y su Iglesia Venciendo siempre.,orden_logico,,,0.000000
2c75ae17-fee1-460f-92f1-bf94bf194018,5387fef1-89cf-4c9a-88c3-bda39022d5f1,"C:\Users\USUARIO\Documents\Downloads\BASE DE DATOS 1974-2018 PDFs. WSS\2011\2011-07-24 Escogiendo la Vida (WSS) Santiago de Chile, Chile.pdf",2011-07-24,Escogiendo la Vida.,orden_logico,,,0.000000
6c2e1db1-f750-4f91-8f77-7ce29f222056,5687d86b-d5a8-4f7c-ad87-d1bf22605fc8,"C:\Users\USUARIO\Documents\Downloads\BASE DE DATOS 1974-2018 PDFs. WSS\2011\2011-07-26 La voz que debemos oir hoy - RM (WSS) Lima, Perú.pdf",2011-07-26,RM La Voz que debemos Oir hoy.,orden_logico,,,0.000000
4a2f9f10-d123-4b1b-8da0-c4314ce5ec81,6711c12a-ecca-4828-86bc-573e13f53a82,"C:\Users\USUARIO\Documents\Downloads\BASE DE DATOS 1974-2018 PDFs. WSS\2011\2011-07-28 El Cielo Abierto - RM (WSS) Quito, Ecuador.pdf",2011-07-28,RM El Cielo Abierto.,orden_logico,,,0.000000
4555fdda-c2c7-4ac2-9cc6-029638ce31bb,86cab71a-8f1c-438c-98f5-d376b77c4573,"C:\Users\USUARIO\Documents\Downloads\BASE DE DATOS 1974-2018 PDFs. WSS\2011\2011-07-28 Constituidos para la perfeccion de la Iglesia (WSS) Quito, Ecuador.pdf",2011-07-28,Constituidos para la perfeccion de la Iglesia.,orden_logico,,,0.000000
e1eb0b62-1804-4a3b-ba7d-f5a5c8382f10,95f7235e-7cbd-4576-8108-0f124388a87f,"C:\Users\USUARIO\Documents\Downloads\BASE DE DATOS 1974-2018 PDFs. WSS\2011\2011-07-29 Trabajad entre tanto que el dia dura - RM (WSS) Cali, Colombia.pdf",2011-07-29,RM Trabajad entre tanto que el dia dura.,orden_logico,,,0.000000
e8a9aa52-9ee7-4891-8fa2-c4b472e289b6,07e75dc0-39dd-4e68-8880-4e9d93807abb,"C:\Users\USUARIO\Documents\Downloads\BASE DE DATOS 1974-2018 PDFs. WSS\2011\2011-07-29 Las Señales de la Venida del Mesias (WSS) Cali, Colombia.pdf",2011-07-29,Las Señales de la Venida del Mesias.,orden_logico,,,0.000000
516e0c43-24ba-4ae5-9382-2ab68338b2ec,df5c2044-99c1-47a7-857e-3c0f429be8f9,"C:\Users\USUARIO\Documents\Downloads\BASE DE DATOS 1974-2018 PDFs. WSS\2011\2011-07-30 La uncion que Produce la materializaciomn de la Palabra de Dios - RM (WSS) Bogota, Colombia.pdf",2011-07-30,RM La uncion que Produce la materializaciomn de la Palabra de Dios.,orden_logico,,,0.000000
f456af26-9fb4-4401-9b41-8ca91b4c0ec9,fc201de9-bed1-455d-9775-926ee4a6fd7a,"C:\Users\USUARIO\Documents\Downloads\BASE DE DATOS 1974-2018 PDFs. WSS\2011\2011-07-31 Ocupados por vuestra salvacion con temor y temblor (WSS) Bogota, Colombia.pdf",2011-07-31,Ocupados por vuestra salvacion con temor y temblor.,orden_logico,,,0.000000
f847b82c-6c91-4d5e-975a-2c56a676d65e,c8f0c576-3f71-47d3-b3d0-49ccb59674f1,"C:\Users\USUARIO\Documents\Downloads\BASE DE DATOS 1974-2018 PDFs. WSS\2011\2011-08-09 Dios se mueve a favor de su Obra (WSS) Villahermosa, México.pdf",2011-08-09,Dios se mueve a favor de su Obra.,orden_logico,,,0.000000
829bcf52-a74f-41f4-8923-5027e5df4e65,2a6733b5-b633-476c-9639-9adee396f648,"C:\Users\USUARIO\Documents\Downloads\BASE DE DATOS 1974-2018 PDFs. WSS\2011\2011-08-19 El Poder de la Transformacion (WSS) San Luis, Potosi, México (movil).pdf",2011-08-19,El Poder de la Transformacion.,orden_logico,,,0.000000
2280aece-fb56-469c-8aca-e4c366cdf959,23938788-9fe0-4ab0-acc6-4323e0918bf7,"C:\Users\USUARIO\Documents\Downloads\BASE DE DATOS 1974-2018 PDFs. WSS\2011\2011-08-19 Jehova libra y guarda a los suyos (WSS) San Luis, Potosi, Mexico.pdf",2011-08-19,Jehova libra y guarda a los suyos.,orden_logico,,,0.000000
844269c3-e58c-423c-aac0-44ee9310e2bf,dc7e731c-22c9-4bfd-ab66-ae9f9082af35,"C:\Users\USUARIO\Documents\Downloads\BASE DE DATOS 1974-2018 PDFs. WSS\2011\2011-08-20 Al Señor nuestro Dios serviremos y a su voz obedeceremos (WSS) Monterrey, México.pdf",2011-08-20,Al Señor nuestro Dios serviremos y a su voz obedeceremos.,orden_logico,,,0.000000
07e6233f-e0be-451a-b5e3-ed7687b55171,e52684b5-1116-4e69-b3dd-a520c1048564,C:\Users\USUARIO\Documents\Downloads\BASE DE DATOS 1974-2018 PDFs. WSS\2011\2011-08-27 Siguiendo fielmente la Voz del Angel del Pacto - RM (WSS) Guatemala.pdf,2011-08-27,RM Siguiendo fielmente la Voz del angel del pacto.,orden_logico,,,0.000000
11a74dbf-60e3-471d-9d39-d2c21a6bbadd,9069009c-fe7d-4d7a-943e-a5b29e61f539,C:\Users\USUARIO\Documents\Downloads\BASE DE DATOS 1974-2018 PDFs. WSS\2011\2011-08-28 La Importancia del Septimo Sello en el tiempo del fin (WSS) Guatemala (movil).pdf,2011-08-28,La Importancia del Septimo Sello en el tiempo del fin.,cierre,,,0.000000
9d33d5e5-d679-4f27-bc6f-54411fad6120,9f2d834d-512a-4c78-85d6-e39e2e00e4ce,"C:\Users\USUARIO\Documents\Downloads\BASE DE DATOS 1974-2018 PDFs. WSS\2011\2011-09-03 Libertados para servir (WSS) Villahermosa, México (movil).pdf",2011-09-03,Libertados para servir.,orden_logico,,,0.000000
fee8c8bd-136c-49e0-bca5-88d242ea7f69,76dba6c5-ee67-4dcc-9237-7ac93a4a13ea,"C:\Users\USUARIO\Documents\Downloads\BASE DE DATOS 1974-2018 PDFs. WSS\2011\2011-09-18 Mas por causa de los escogidos aquellos dias seran acortados (WSS) Cayey, Puerto Rico (movil).pdf",2011-09-18,Mas por causa de los escogidos aquellos dias seran acortados.,orden_logico,,,0.000000
a02130b4-319a-4cd9-aad3-fff64faec09b,76dba6c5-ee67-4dcc-9237-7ac93a4a13ea,"C:\Users\USUARIO\Documents\Downloads\BASE DE DATOS 1974-2018 PDFs. WSS\2011\2011-09-18 Mas por causa de los escogidos aquellos dias seran acortados (WSS) Cayey, Puerto Rico.pdf",2011-09-18,Mas por causa de los escogidos aquellos dias seran acortados.,orden_logico,,,0.000000
